{
  "y_test": [
    0.09,
    0.14,
    25.6,
    6.6,
    0.04,
    0.24,
    0.22,
    0.07,
    0.4,
    22.1,
    0.31,
    1.3,
    6.7,
    0.32,
    0.09,
    0.02,
    0.17,
    10.4,
    0.04,
    0.16,
    1.18,
    6.0,
    6.1,
    6.5,
    0.14,
    0.17,
    5.4,
    0.15,
    0.36,
    25.8,
    0.07,
    0.37,
    0.16,
    0.12,
    10.1,
    7.4,
    0.25,
    2.4,
    1.2,
    6.2,
    0.1,
    1.53,
    0.52,
    11.7,
    1.9
  ],
  "y_pred": [
    0.737391304347826,
    0.3634782608695652,
    30.743478260869573,
    7.85217391304348,
    1.2965217391304344,
    0.1956521739130435,
    0.7595652173913044,
    0.7152173913043478,
    0.3478260869565217,
    31.739130434782602,
    0.27,
    1.3669565217391302,
    6.473913043478263,
    0.41782608695652185,
    0.5934782608695652,
    3.9391304347826095,
    0.5347826086956521,
    5.352173913043478,
    0.4660869565217391,
    0.36347826086956536,
    0.36260869565217385,
    5.656521739130435,
    5.547826086956522,
    14.630434782608694,
    0.8534782608695654,
    0.4508695652173912,
    6.311739130434783,
    0.3621739130434783,
    0.17782608695652175,
    30.33043478260869,
    0.27260869565217394,
    0.3869565217391303,
    0.2726086956521739,
    0.27347826086956517,
    27.526086956521734,
    8.42608695652174,
    0.18637681159420283,
    3.3782608695652177,
    0.39217391304347815,
    5.856521739130436,
    0.4134782608695652,
    0.4217391304347825,
    0.20608695652173914,
    6.813043478260868,
    2.6265217391304345
  ],
  "selected_features": [
    "K2O_wt",
    "SiO2_wt",
    "P2O5_tot_wt"
  ],
  "selected_models": [],
  "stacking_used": false,
  "stacked_model": true,
  "number_of_models": 1,
  "final_estimator": "rf",
  "final_estimator_params": {
    "rf_n_estimators": 23,
    "rf_max_depth": 16
  },
  "model_params": {
    "rf": {
      "rf_n_estimators": 23,
      "rf_max_depth": 16
    }
  },
  "use_random_split": true,
  "use_feature_selection": true,
  "model_name": "RF-FS",
  "error_mean": -1.0185378421900162,
  "error_sdev": 3.5036075714067194,
  "uncertainty_median": 15.160869565217384,
  "uncertainty_mad": 9.721459712560383,
  "uncertainty_measure": 64.12204570946055,
  "feature_importance": {
    "K2O_wt": 0.5619878838523905,
    "Fe2O3T_wt": 0.8604850763131708,
    "SiO2_wt": 1.5056224385874761
  }
}