{
  "y_test": [
    0.16,
    34.0,
    29.4,
    0.74,
    0.23,
    24.5,
    0.17,
    4.2,
    0.52,
    2.4,
    0.41,
    3.8,
    0.1,
    0.02,
    8.7,
    0.35,
    0.14,
    0.09,
    22.1,
    38.0,
    0.44,
    5.7,
    25.0,
    0.4,
    1.3,
    0.04,
    25.8,
    0.12,
    0.1,
    4.2,
    0.25,
    0.04,
    0.04,
    7.0,
    1.18,
    0.24,
    25.6,
    3.4,
    0.56,
    1.3,
    0.16,
    4.2,
    0.05,
    0.04,
    0.09
  ],
  "y_pred": [
    1.8515826999053928,
    22.24302832335495,
    17.698102952476596,
    1.3323379621018034,
    0.8448548014736623,
    16.945111055702938,
    -0.2715590158843071,
    5.380194344967244,
    2.399106855844913,
    -0.565029868408498,
    1.5809238999621726,
    4.922752581205984,
    0.9379043567939931,
    0.4018608416356564,
    9.681435823474155,
    3.906342017763997,
    0.420716895767022,
    -0.16393611509497674,
    33.10705318270777,
    5.255641157008988,
    0.10804612665006985,
    3.490103093283331,
    16.878629568753333,
    3.0293308456316517,
    2.1770167041828614,
    -0.19933097540463507,
    24.726743942982537,
    1.254909897793631,
    0.6199420414496544,
    5.6002453449672345,
    2.238382946943169,
    0.0688261713566547,
    -0.20732411884891988,
    7.919857781539633,
    0.3803567174640925,
    2.4763223065424746,
    16.84601737775167,
    5.016053321899598,
    1.653557747061594,
    3.270834454452128,
    0.3944071860782401,
    6.538383038020786,
    2.513173196526921,
    2.940733538764885,
    0.1934347704294339
  ],
  "selected_features": [
    "K2O_wt",
    "Fe2O3T_wt",
    "SiO2_wt",
    "Al2O3_wt",
    "P2O5_tot_wt"
  ],
  "selected_models": [],
  "stacking_used": false,
  "stacked_model": true,
  "number_of_models": 1,
  "final_estimator": "lr",
  "final_estimator_params": {},
  "model_params": {
    "lr": {}
  },
  "use_random_split": true,
  "use_feature_selection": false,
  "model_name": "LR",
  "error_mean": 0.8765093826881893,
  "error_sdev": 6.259447775322701,
  "uncertainty_median": 10.31397634054136,
  "uncertainty_mad": 6.581227330542212,
  "uncertainty_measure": 63.808827102630104,
  "feature_importance": {
    "K2O_wt": 0.006997521692951771,
    "Fe2O3T_wt": 0.05436530386950933,
    "SiO2_wt": 0.6668137921042206,
    "Al2O3_wt": 0.05822372454209712,
    "P2O5_tot_wt": 0.12220745779659976
  }
}