{
  "y_test": [
    1.2,
    0.46,
    0.23,
    34.0,
    3.4,
    6.9,
    0.34,
    22.1,
    0.4,
    0.68,
    0.73,
    0.21,
    0.17,
    0.1,
    0.04,
    0.04,
    0.47,
    1.4,
    0.15,
    8.7,
    0.35,
    2.4,
    0.19,
    1.5,
    5.1,
    3.8,
    0.09,
    0.14,
    1.3,
    0.04,
    10.1,
    29.4,
    8.0,
    0.43,
    0.36,
    0.04,
    0.14,
    0.4,
    1.18,
    0.05,
    4.5,
    6.1,
    1.3,
    1.9,
    0.19
  ],
  "y_pred": [
    0.4893066302631035,
    1.290884536967463,
    0.08157584777048266,
    27.15411060944462,
    2.5294840388596653,
    2.9457417338900966,
    -0.009109829765867161,
    24.027935157066082,
    0.6090739737899762,
    0.7832801853460887,
    0.5546243682165874,
    0.40449457467053573,
    -0.5405845105880611,
    0.11987929350975834,
    -0.184446364764697,
    3.836328625510777,
    0.18558940201908003,
    2.1859220459964437,
    0.9819768307425312,
    6.397231885900569,
    0.7513547526336364,
    1.1427106909470899,
    -0.015262124242123143,
    0.702908162010853,
    4.56612601649833,
    4.011536416786749,
    1.7663801491295565,
    0.08745000047081275,
    1.6702026314210818,
    0.588696941023557,
    7.602954092627927,
    13.444251566118075,
    6.810816191431356,
    1.1277567383614149,
    0.013775725278135642,
    0.18882124810762546,
    1.7245137385995806,
    0.05530214364235864,
    0.740443432629355,
    0.18712952962414287,
    4.7952974586970845,
    5.344260017058502,
    1.7874278673070059,
    1.664644018542013,
    -1.6753124534557595
  ],
  "selected_features": [
    "Al2O3_wt",
    "P2O5_tot_wt"
  ],
  "selected_models": [],
  "stacking_used": false,
  "stacked_model": true,
  "number_of_models": 1,
  "final_estimator": "gpr",
  "final_estimator_params": {
    "gpr_nu": 0.5,
    "gpr_const": 9.124242304520402,
    "gpr_length_scale": 4.050035505702003,
    "gpr_alpha": 1.1278468407375626e-10
  },
  "model_params": {
    "gpr": {
      "gpr_nu": 0.5,
      "gpr_const": 9.124242304520402,
      "gpr_length_scale": 4.050035505702003,
      "gpr_alpha": 1.1278468407375626e-10
    }
  },
  "use_random_split": true,
  "use_feature_selection": true,
  "model_name": "GPR-FS",
  "error_mean": 0.6176114669756978,
  "error_sdev": 2.8166405160161663,
  "uncertainty_median": 12.616632205815977,
  "uncertainty_mad": 5.451252281012293,
  "uncertainty_measure": 43.20687321375185,
  "feature_importance": {
    "K2O_wt": 0.6601033811836702,
    "Fe2O3T_wt": 0.6716627898928713
  }
}