{
  "y_test": [
    0.52,
    0.29,
    0.24,
    0.14,
    0.07,
    0.56,
    0.18,
    6.9,
    0.09,
    0.12,
    6.5,
    0.84,
    6.1,
    1.5,
    0.31,
    8.0,
    1.9,
    0.87,
    0.14,
    0.17,
    0.32,
    0.74,
    0.19,
    0.21,
    0.51,
    0.17,
    1.2,
    0.62,
    5.4,
    0.04,
    0.22,
    6.3,
    25.6,
    0.9,
    25.8,
    0.18,
    1.3,
    0.11,
    6.9,
    0.05,
    0.41,
    0.43,
    0.04,
    2.4,
    0.17
  ],
  "y_pred": [
    0.20476467907428741,
    0.7200292944908142,
    0.9135465621948242,
    1.889952540397644,
    1.033776879310608,
    0.15432967245578766,
    0.13300926983356476,
    0.8892998695373535,
    0.7344560623168945,
    0.7577904462814331,
    9.758086204528809,
    1.0161222219467163,
    4.4500346183776855,
    0.858660876750946,
    1.0677745342254639,
    5.894498348236084,
    4.028269290924072,
    0.7454557418823242,
    0.119388148188591,
    0.975956380367279,
    0.4685063064098358,
    0.4836025834083557,
    0.3591831624507904,
    0.4472956359386444,
    0.27296677231788635,
    0.29700562357902527,
    0.6376520395278931,
    0.4263674020767212,
    4.4879326820373535,
    0.2779482901096344,
    0.3841102719306946,
    5.13857889175415,
    24.744239807128906,
    1.5395869016647339,
    22.295679092407227,
    0.2219417840242386,
    1.3952689170837402,
    0.2719288766384125,
    5.417191982269287,
    0.2407342493534088,
    0.8040103912353516,
    0.06277477741241455,
    0.25041431188583374,
    2.3072760105133057,
    0.2165726125240326
  ],
  "selected_features": [
    "K2O_wt",
    "Fe2O3T_wt",
    "SiO2_wt",
    "Al2O3_wt",
    "P2O5_tot_wt"
  ],
  "selected_models": [],
  "stacking_used": false,
  "stacked_model": true,
  "number_of_models": 1,
  "final_estimator": "xgb",
  "final_estimator_params": {
    "xgb_n_estimators": 258,
    "xgb_lr": 0.012450952129066757,
    "xgb_max_depth": 8,
    "xgb_subsample": 0.6728834351726652,
    "xgb_colsample": 0.6450197730562417
  },
  "model_params": {
    "xgb": {
      "xgb_n_estimators": 258,
      "xgb_lr": 0.012450952129066757,
      "xgb_max_depth": 8,
      "xgb_subsample": 0.6728834351726652,
      "xgb_colsample": 0.6450197730562417
    }
  },
  "use_random_split": true,
  "use_feature_selection": false,
  "model_name": "XGB",
  "error_mean": 0.1301339773999321,
  "error_sdev": 1.3814416850045614,
  "uncertainty_median": 10.074085235595703,
  "uncertainty_mad": 4.190546989440918,
  "uncertainty_measure": 41.597295351781106,
  "feature_importance": {
    "K2O_wt": 0.026267519645808937,
    "Fe2O3T_wt": 0.021077023621771267,
    "SiO2_wt": 0.32868319491304876,
    "Al2O3_wt": 0.03439623539455338,
    "P2O5_tot_wt": 0.6956772859672994
  }
}