{
  "y_test": [
    1.53,
    0.04,
    0.52,
    0.15,
    0.19,
    2.4,
    0.23,
    25.0,
    0.37,
    1.3,
    6.2,
    0.15,
    0.13,
    0.17,
    0.4,
    0.19,
    0.1,
    0.14,
    0.29,
    0.84,
    4.2,
    1.3,
    0.24,
    29.4,
    0.31,
    0.68,
    6.9,
    0.04,
    0.07,
    0.24,
    0.41,
    0.21,
    2.7,
    0.14,
    0.37,
    0.36,
    6.7,
    0.27,
    22.1,
    0.87,
    0.46,
    5.7,
    0.12,
    0.25,
    0.15
  ],
  "y_pred": [
    1.0807043973307429,
    0.7866191995399283,
    0.24695469931302597,
    1.9031118302859524,
    0.15432374001289478,
    2.1653621047910376,
    0.25229156637562045,
    25.63666853254284,
    8.741061781972512,
    1.9239808854959075,
    3.4820142608713036,
    1.1428926317269383,
    0.24168610409357275,
    0.4389475941630088,
    0.17602326800809756,
    0.7022814982416778,
    0.5178713949220143,
    0.16413202653792675,
    1.7184638394551774,
    0.20574902809949255,
    9.7192316038924,
    2.224708705471026,
    0.4664568561335817,
    19.514293862077906,
    7.970440611492272,
    1.0543762218081234,
    4.79180977815318,
    0.1203558575363892,
    0.28079281030189557,
    0.24598271259089693,
    1.2039022772263948,
    0.41389698406616393,
    1.1513602475551807,
    0.2211978730541669,
    0.42997992355595344,
    0.18331370554145848,
    3.561696212099224,
    1.4195450973389576,
    26.607972357656955,
    0.43771468185643764,
    1.9360732996868049,
    3.4598635926349925,
    0.3154502956911909,
    0.32073758644041866,
    0.22227643686113205
  ],
  "selected_features": [
    "K2O_wt",
    "Fe2O3T_wt",
    "SiO2_wt",
    "Al2O3_wt",
    "P2O5_tot_wt"
  ],
  "selected_models": [],
  "stacking_used": false,
  "stacked_model": true,
  "number_of_models": 1,
  "final_estimator": "knn",
  "final_estimator_params": {
    "knn_n": 7,
    "knn_weights": "distance"
  },
  "model_params": {
    "knn": {
      "knn_n": 7,
      "knn_weights": "distance"
    }
  },
  "use_random_split": true,
  "use_feature_selection": false,
  "model_name": "KNN",
  "error_mean": -0.3427682216556172,
  "error_sdev": 2.677280337501471,
  "uncertainty_median": 6.37662688801217,
  "uncertainty_mad": 7.457007783351849,
  "uncertainty_measure": 116.94282752172244,
  "feature_importance": {
    "K2O_wt": 0.0036023042411433624,
    "Fe2O3T_wt": 0.007989091707579837,
    "SiO2_wt": 1.6986026336028266,
    "Al2O3_wt": 0.06772954765223116,
    "P2O5_tot_wt": 0.007588057073094262
  }
}