{
  "y_test": [
    0.13,
    0.29,
    1.5,
    0.04,
    0.12,
    0.34,
    0.27,
    0.17,
    25.8,
    25.0,
    0.37,
    7.0,
    0.21,
    38.0,
    0.51,
    1.3,
    0.16,
    0.37,
    0.15,
    0.34,
    0.19,
    0.14,
    6.7,
    0.14,
    0.44,
    1.18,
    4.2,
    0.29,
    1.3,
    0.23,
    0.09,
    6.6,
    0.15,
    0.03,
    0.36,
    6.5,
    31.8,
    0.17,
    1.47,
    6.1,
    1.44,
    2.6,
    0.15,
    0.19,
    0.24
  ],
  "y_pred": [
    4.1080789625960605,
    0.5043334054708328,
    2.6782137937870747,
    1.0131612054218735,
    4.1827664045274116,
    4.540439536402278,
    5.023905892120517,
    3.349763897583312,
    21.418110125791863,
    13.348664720142025,
    6.007108718380572,
    8.044272813619187,
    4.289299477196819,
    5.898353319490836,
    3.3414364318297043,
    6.753919642659174,
    3.20916094471829,
    2.808646001650139,
    4.9782029578838,
    3.966204185796494,
    2.9227426764175384,
    4.508530410629346,
    9.079087458832982,
    3.861069927131366,
    2.8141758393951815,
    4.449416561375266,
    8.15931422096071,
    4.3220340384230145,
    4.778994116043634,
    3.2110677190015053,
    7.149222223156615,
    7.830698708001437,
    3.070210785997018,
    2.2838636388126314,
    1.5223699755821158,
    9.41280180695377,
    13.974763946603794,
    3.3036799931373952,
    4.376318418552803,
    7.909509480724667,
    0.15905526805546444,
    7.680042384018098,
    4.233108322783817,
    0.5808641266505248,
    2.50055284761328
  ],
  "selected_features": [
    "SiO2_wt",
    "P2O5_tot_wt"
  ],
  "selected_models": [],
  "stacking_used": false,
  "stacked_model": true,
  "number_of_models": 1,
  "final_estimator": "svr",
  "final_estimator_params": {
    "svr_C": 9.555580302618377,
    "svr_epsilon": 0.9776238914939427
  },
  "model_params": {
    "svr": {
      "svr_C": 9.555580302618377,
      "svr_epsilon": 0.9776238914939427
    }
  },
  "use_random_split": true,
  "use_feature_selection": true,
  "model_name": "SVR-FS",
  "error_mean": -1.306389718487161,
  "error_sdev": 6.591098561538423,
  "uncertainty_median": 10.764169951773024,
  "uncertainty_mad": 3.798152378536854,
  "uncertainty_measure": 35.285139453890174,
  "feature_importance": {
    "K2O_wt": 0.40317296199888786,
    "Fe2O3T_wt": 0.09438535078039516
  }
}