{
  "y_test": [
    8.9,
    0.19,
    0.34,
    0.37,
    6.9,
    0.12,
    0.19,
    34.0,
    0.51,
    0.52,
    1.3,
    0.32,
    0.1,
    1.44,
    0.21,
    0.15,
    6.7,
    3.8,
    6.9,
    0.1,
    1.47,
    0.14,
    0.04,
    0.17,
    0.04,
    6.3,
    0.11,
    0.07,
    0.68,
    0.19,
    0.4,
    0.17,
    0.37,
    2.7,
    0.02,
    0.04,
    0.07,
    0.73,
    0.24,
    0.35,
    1.2,
    0.43,
    0.15,
    0.4,
    25.8
  ],
  "y_pred": [
    7.1811137016053825,
    0.6689389673431826,
    0.7010059608072349,
    0.6689389673431826,
    7.1811137016053825,
    0.6689389673431826,
    0.6689389673431826,
    27.571545913237088,
    0.6689389673431826,
    0.6689389673431826,
    0.7884987573225227,
    0.6689389673431826,
    0.6689389673431826,
    0.6689389673431826,
    0.6689389673431826,
    0.6689389673431826,
    7.1811137016053825,
    7.1811137016053825,
    0.7884987573225227,
    0.6689389673431826,
    0.7010059608072349,
    2.2827701220272787,
    0.6689389673431826,
    0.6689389673431826,
    0.6689389673431826,
    7.1811137016053825,
    1.3702407102625727,
    0.7010059608072349,
    0.7010059608072349,
    0.6689389673431826,
    0.6689389673431826,
    0.6689389673431826,
    0.6689389673431826,
    1.2632062084894071,
    1.2311392150253548,
    0.7564317638584704,
    0.6689389673431826,
    0.6689389673431826,
    0.6689389673431826,
    0.6689389673431826,
    0.6689389673431826,
    0.6689389673431826,
    0.7010059608072349,
    0.6689389673431826,
    23.814706815279074
  ],
  "selected_features": [
    "K2O_wt",
    "Fe2O3T_wt",
    "SiO2_wt",
    "Al2O3_wt",
    "P2O5_tot_wt"
  ],
  "selected_models": [],
  "stacking_used": false,
  "stacked_model": true,
  "number_of_models": 1,
  "final_estimator": "rf",
  "final_estimator_params": {
    "rf_n_estimators": 34,
    "rf_max_depth": 2
  },
  "model_params": {
    "rf": {
      "rf_n_estimators": 34,
      "rf_max_depth": 2
    }
  },
  "use_random_split": true,
  "use_feature_selection": false,
  "model_name": "RF",
  "error_mean": -0.029556660573558328,
  "error_sdev": 1.619770007892384,
  "uncertainty_median": 10.30170019879674,
  "uncertainty_mad": 4.766383922665426,
  "uncertainty_measure": 46.267934716466996,
  "feature_importance": {
    "K2O_wt": 0.028529285859504778,
    "Fe2O3T_wt": 0.004043434977122309,
    "SiO2_wt": 0.7865367714523431,
    "Al2O3_wt": 0.021206966659009528,
    "P2O5_tot_wt": 0.3188211398139523
  }
}