{
  "y_test": [
    1.4,
    25.0,
    1.18,
    0.04,
    2.4,
    0.04,
    25.6,
    38.0,
    0.73,
    0.16,
    2.4,
    0.12,
    3.4,
    0.15,
    0.44,
    0.21,
    0.14,
    0.14,
    0.37,
    0.37,
    0.87,
    6.9,
    0.24,
    0.17,
    22.1,
    0.22,
    0.15,
    0.03,
    0.07,
    0.52,
    0.84,
    0.56,
    0.1,
    0.19,
    6.5,
    0.23,
    8.7,
    4.2,
    0.04,
    0.15,
    6.6,
    1.5,
    0.17,
    6.7,
    0.14
  ],
  "y_pred": [
    2.860591463334979,
    24.56974224560219,
    0.5966695100258392,
    0.0344767672099064,
    0.7173269144018151,
    -0.3326996709405488,
    22.98703811930454,
    3.036599426172185,
    0.33884541028727394,
    0.6238625435271499,
    0.16963661135883118,
    2.5655556663634926,
    3.773642348154987,
    -0.026698925541694105,
    -0.6943239936636973,
    -0.5295925312877361,
    -0.19714215941838692,
    0.14991136447464054,
    0.47642247070888505,
    2.245631782649005,
    1.1387120728752422,
    6.156744089743256,
    -0.8464927168813872,
    0.06324393941751479,
    37.522353375625805,
    0.5143840939876498,
    0.09092234123904537,
    -0.455699469089399,
    0.2678574688180188,
    0.5654286078219735,
    -1.0239682098582992,
    1.0694558839341348,
    0.16222823220710086,
    -0.3195353886117967,
    10.31649210121751,
    -0.08838969991189276,
    10.341082689288601,
    3.9960624640030686,
    -0.5563843912003246,
    0.26038479800557685,
    8.5490935608091,
    -0.14480752118724244,
    -0.76873091976509,
    6.22361470116502,
    1.8373666494618086
  ],
  "selected_features": [
    "K2O_wt",
    "Fe2O3T_wt",
    "SiO2_wt",
    "Al2O3_wt",
    "P2O5_tot_wt"
  ],
  "selected_models": [],
  "stacking_used": false,
  "stacked_model": true,
  "number_of_models": 1,
  "final_estimator": "ann",
  "final_estimator_params": {
    "ann_hidden": 100,
    "ann_alpha": 2.5469738479065757e-05
  },
  "model_params": {
    "ann": {
      "ann_hidden": 100,
      "ann_alpha": 2.5469738479065757e-05
    }
  },
  "use_random_split": true,
  "use_feature_selection": false,
  "model_name": "ANN",
  "error_mean": 0.487624130759141,
  "error_sdev": 5.864880806696084,
  "uncertainty_median": 17.629854918097458,
  "uncertainty_mad": 11.981027513219155,
  "uncertainty_measure": 67.95874140132798,
  "feature_importance": {
    "K2O_wt": 0.06306830338503841,
    "Fe2O3T_wt": 0.04533044969822769,
    "SiO2_wt": 0.6664987356422388,
    "Al2O3_wt": 0.48483839870392403,
    "P2O5_tot_wt": 0.4747879738092004
  }
}