{
  "y_test": [
    0.04,
    2.4,
    0.29,
    0.29,
    0.42,
    1.4,
    0.1,
    6.6,
    0.36,
    0.07,
    0.04,
    0.31,
    4.5,
    38.0,
    2.6,
    0.52,
    3.8,
    0.27,
    6.2,
    11.7,
    0.16,
    0.14,
    1.44,
    0.4,
    0.04,
    2.4,
    5.1,
    0.21,
    0.05,
    0.07,
    1.47,
    0.09,
    0.56,
    25.6,
    0.44,
    0.57,
    0.37,
    6.0,
    0.19,
    10.1,
    0.17,
    6.2,
    1.5,
    5.4,
    6.7
  ],
  "y_pred": [
    0.12820212543010712,
    1.364494800567627,
    0.08852867037057877,
    2.0759263038635254,
    0.6332505941390991,
    1.5368720293045044,
    0.22819003462791443,
    6.513636112213135,
    0.11740314215421677,
    0.24729150533676147,
    0.29260286688804626,
    0.5509372353553772,
    7.374692440032959,
    3.1605052947998047,
    1.049818754196167,
    0.32906612753868103,
    4.846844673156738,
    1.0662981271743774,
    7.597160816192627,
    12.970816612243652,
    0.12856808304786682,
    0.15785685181617737,
    0.08852867037057877,
    0.14001776278018951,
    0.12553344666957855,
    2.487407922744751,
    4.654514312744141,
    0.08852867037057877,
    17.995302200317383,
    1.0109310150146484,
    0.7465165853500366,
    -0.026571424677968025,
    0.049444377422332764,
    28.045997619628906,
    0.12820212543010712,
    0.22594332695007324,
    0.33086833357810974,
    5.0099663734436035,
    0.04995563626289368,
    6.7860283851623535,
    0.23963060975074768,
    4.47373104095459,
    1.0709022283554077,
    4.62465238571167,
    7.207207202911377
  ],
  "selected_features": [
    "Fe2O3T_wt",
    "SiO2_wt",
    "Al2O3_wt",
    "P2O5_tot_wt"
  ],
  "selected_models": [],
  "stacking_used": false,
  "stacked_model": true,
  "number_of_models": 1,
  "final_estimator": "xgb",
  "final_estimator_params": {
    "xgb_n_estimators": 99,
    "xgb_lr": 0.10826167552940706,
    "xgb_max_depth": 3,
    "xgb_subsample": 0.6217431196756849,
    "xgb_colsample": 0.8601329307873593
  },
  "model_params": {
    "xgb": {
      "xgb_n_estimators": 99,
      "xgb_lr": 0.10826167552940706,
      "xgb_max_depth": 3,
      "xgb_subsample": 0.6217431196756849,
      "xgb_colsample": 0.8601329307873593
    }
  },
  "use_random_split": true,
  "use_feature_selection": true,
  "model_name": "XGB-FS",
  "error_mean": 0.3837288442734216,
  "error_sdev": 5.984497215989483,
  "uncertainty_median": 9.281512260437012,
  "uncertainty_mad": 6.422570705413818,
  "uncertainty_measure": 69.19745969404578,
  "feature_importance": {
    "K2O_wt": 0.018853055019404024,
    "Fe2O3T_wt": 0.3051060613088902,
    "SiO2_wt": 0.01894474970979705,
    "Al2O3_wt": 0.21584550567972063
  }
}