{
  "y_test": [
    0.09,
    4.2,
    1.3,
    7.4,
    0.15,
    6.9,
    1.9,
    0.1,
    38.0,
    11.7,
    0.03,
    6.6,
    5.7,
    0.44,
    0.17,
    6.7,
    0.84,
    6.3,
    0.22,
    1.3,
    0.14,
    0.25,
    0.12,
    0.05,
    0.14,
    0.04,
    0.4,
    0.04,
    0.12,
    5.4,
    0.11,
    2.4,
    8.9,
    6.1,
    0.09,
    1.4,
    1.53,
    0.68,
    0.18,
    3.4,
    1.8,
    0.15,
    6.2,
    2.6,
    0.12
  ],
  "y_pred": [
    11.910660524460425,
    5.720818419228557,
    1.6350985284380641,
    8.801433421772941,
    0.24016556848867054,
    1.9332227721711703,
    3.0923330700527103,
    0.6136529801717785,
    6.051901572285502,
    9.667360260738079,
    -0.029009777056394626,
    7.425097135514161,
    2.7320492992440855,
    0.5155985715849596,
    -0.8123471046750552,
    2.3815149184174587,
    -1.1741806417232752,
    5.45124032288356,
    0.14531047611266246,
    4.574978274491091,
    -3.102813427632505,
    2.962074000325238,
    -2.433190221138851,
    -0.48955437003374414,
    0.04984408115134187,
    -0.52943236617255,
    0.23275087777268766,
    -0.6472842989928864,
    4.944442344630353,
    5.272864115666373,
    -2.154118746550786,
    1.169424263113548,
    1.204637163739882,
    6.529441888477763,
    0.013412972884857766,
    4.336807235005985,
    4.611170776898348,
    -0.5581325895276734,
    2.209826502359995,
    5.657692916295041,
    0.964259713726868,
    2.937934928632881,
    -0.49409384955973934,
    2.8644656643395408,
    1.8223885348833804
  ],
  "selected_features": [
    "Fe2O3T_wt",
    "SiO2_wt",
    "Al2O3_wt"
  ],
  "selected_models": [],
  "stacking_used": false,
  "stacked_model": true,
  "number_of_models": 1,
  "final_estimator": "lr",
  "final_estimator_params": {},
  "model_params": {
    "lr": {}
  },
  "use_random_split": true,
  "use_feature_selection": true,
  "model_name": "LR-FS",
  "error_mean": 0.7588507399356332,
  "error_sdev": 5.668841756271045,
  "uncertainty_median": 0.5188990512319691,
  "uncertainty_mad": 5.530027613708421,
  "uncertainty_measure": 1065.723207737428,
  "feature_importance": {
    "K2O_wt": 0.04900744357154245,
    "Fe2O3T_wt": 1.263760817230345,
    "SiO2_wt": 0.3088563757965726
  }
}