{
  "y_test": [
    8.7,
    6.6,
    0.04,
    0.14,
    1.53,
    0.25,
    0.04,
    0.11,
    0.23,
    6.0,
    0.19,
    4.2,
    1.3,
    7.4,
    0.74,
    0.25,
    4.2,
    1.3,
    0.21,
    2.4,
    0.37,
    0.36,
    1.18,
    38.0,
    1.9,
    0.51,
    6.5,
    0.17,
    5.4,
    0.14,
    0.15,
    0.56,
    22.1,
    0.04,
    0.73,
    0.15,
    0.87,
    2.4,
    0.24,
    0.18,
    0.4,
    1.8,
    0.19,
    2.4,
    0.12
  ],
  "y_pred": [
    11.69357839631542,
    9.769185831409889,
    -0.3076082655822532,
    4.753509028476767,
    4.048151955158499,
    0.9138352376328527,
    3.56777226750901,
    -1.6237995237681844,
    0.5717519943387614,
    6.392376896411282,
    -0.6942661276126358,
    6.212011488866796,
    3.4844114854353734,
    10.993745921014881,
    1.2155694693839294,
    2.378124450920481,
    6.633551603662134,
    1.877057454239953,
    -3.1234589304395755,
    -0.8357654364911227,
    0.277008239914764,
    0.26475884592175447,
    -0.34162475072187704,
    6.417355264726126,
    9.512361120056173,
    1.6333201414673866,
    12.05454077068607,
    -0.7059180707555228,
    5.3190117927746705,
    -0.8030935868757751,
    -0.47750703293922214,
    1.7630158086007484,
    42.05939429655207,
    -0.5763724937408199,
    -0.2325891408244658,
    2.8392677200569523,
    1.5131014768722153,
    0.4741396276347132,
    -3.23629730946665,
    2.112436381068978,
    0.28365516256746304,
    1.8643086941648193,
    -2.8624862164184606,
    -1.6919437403989406,
    3.398767089347295
  ],
  "selected_features": [
    "K2O_wt",
    "Fe2O3T_wt",
    "SiO2_wt",
    "Al2O3_wt",
    "P2O5_tot_wt"
  ],
  "selected_models": [],
  "stacking_used": false,
  "stacked_model": true,
  "number_of_models": 1,
  "final_estimator": "lr",
  "final_estimator_params": {},
  "model_params": {
    "lr": {}
  },
  "feature_names": [
    "K2O_wt",
    "Fe2O3T_wt",
    "SiO2_wt",
    "Al2O3_wt",
    "P2O5_tot_wt"
  ],
  "use_random_split": true,
  "use_feature_selection": true,
  "model_name": "LR-FS",
  "error_mean": -0.3575187841589494,
  "error_sdev": 6.159475946435782,
  "uncertainty_median": 15.925830090966423,
  "uncertainty_mad": 8.638758526530049,
  "uncertainty_measure": 54.24369390597853,
  "feature_importance": {
    "K2O_wt": 0.00524874768828408,
    "Fe2O3T_wt": 0.12045719753230481,
    "SiO2_wt": 0.6320517777433523,
    "Al2O3_wt": 0.03141891331122694,
    "P2O5_tot_wt": -0.06304376861048121
  },
  "run": 2
}