{
  "y_test": [
    7.0,
    0.03,
    6.5,
    0.56,
    0.14,
    1.3,
    0.04,
    2.6,
    0.07,
    0.24,
    0.17,
    0.52,
    1.18,
    0.04,
    0.36,
    0.05,
    6.9,
    0.17,
    2.7,
    0.9,
    1.4,
    0.1,
    5.4,
    4.2,
    0.27,
    34.0,
    1.9,
    6.7,
    1.3,
    2.4,
    6.0,
    0.37,
    0.16,
    0.15,
    0.02,
    0.23,
    22.1,
    0.34,
    1.2,
    0.68,
    0.17,
    6.7,
    31.8,
    0.46,
    6.1
  ],
  "y_pred": [
    7.492907310597268,
    0.2114680707279728,
    8.911090107524942,
    0.530656265997659,
    0.0934891743551125,
    0.43555583402252784,
    0.04391128493739194,
    2.063576095117444,
    0.9261485011327477,
    1.8238402502090114,
    0.33941100374690514,
    0.1590942316910695,
    0.930904713347231,
    1.8430472639303712,
    0.1987068791651474,
    0.07241535292663048,
    4.367501756470027,
    0.4336282959419475,
    1.5837011379535615,
    0.7022001272682661,
    1.4027238151646784,
    1.1547301154201715,
    1.6366751426537478,
    8.146850087073188,
    -0.06221450238565529,
    25.113528717816454,
    1.1751457083572618,
    4.477328622685664,
    1.4254961138043618,
    3.005082900602536,
    2.9834680153060056,
    0.17116647716155287,
    0.37511431220014924,
    -0.06103088475513774,
    2.977260921455616,
    0.11101555543062469,
    23.477861979071786,
    -0.0857360582684219,
    0.5121608611296966,
    1.0598307376607572,
    -0.12324436997381705,
    5.58885167103365,
    25.769301268201662,
    0.36065221036082296,
    6.041055322009735
  ],
  "selected_features": [
    "Al2O3_wt",
    "P2O5_tot_wt"
  ],
  "selected_models": [],
  "stacking_used": false,
  "stacked_model": true,
  "number_of_models": 1,
  "final_estimator": "gpr",
  "final_estimator_params": {
    "gpr_nu": 0.5,
    "gpr_const": 7.762864827618705,
    "gpr_length_scale": 1.7468006514062713,
    "gpr_alpha": 0.007173956986593366
  },
  "model_params": {
    "gpr": {
      "gpr_nu": 0.5,
      "gpr_const": 7.762864827618705,
      "gpr_length_scale": 1.7468006514062713,
      "gpr_alpha": 0.007173956986593366
    }
  },
  "feature_names": [
    "K2O_wt",
    "Fe2O3T_wt",
    "SiO2_wt",
    "Al2O3_wt",
    "P2O5_tot_wt"
  ],
  "use_random_split": true,
  "use_feature_selection": true,
  "model_name": "GPR-FS",
  "error_mean": 0.35163714674932617,
  "error_sdev": 2.0793424420765563,
  "uncertainty_median": 14.713542126550577,
  "uncertainty_mad": 7.2688043593110825,
  "uncertainty_measure": 49.40213781829278,
  "feature_importance": {
    "K2O_wt": 1.1000927655922847,
    "Fe2O3T_wt": 0.615503998844531
  },
  "run": 6
}