{
  "y_test": [
    11.7,
    6.6,
    3.8,
    0.04,
    0.15,
    0.04,
    2.4,
    8.7,
    6.7,
    24.5,
    1.9,
    1.4,
    2.7,
    0.24,
    0.14,
    3.4,
    34.0,
    0.04,
    0.04,
    4.2,
    0.15,
    1.47,
    0.18,
    0.37,
    7.4,
    0.19,
    0.04,
    25.6,
    0.34,
    1.5,
    0.15,
    1.53,
    0.09,
    0.35,
    0.05,
    0.14,
    0.37,
    4.2,
    1.44,
    25.6,
    0.23,
    0.57,
    0.43,
    0.17,
    0.17
  ],
  "y_pred": [
    9.624229811452516,
    4.784009344077855,
    6.342320332045907,
    2.3739450211106146,
    1.427365192025366,
    0.34120758687971514,
    1.0053583753916244,
    6.725944970374632,
    5.690426443950697,
    15.666896701507824,
    4.653507205369808,
    5.28671296940991,
    1.9684238964646708,
    -0.5055604459730658,
    -1.1086000836285097,
    6.380682795878778,
    18.804225142329724,
    -1.2846299672949508,
    1.1934614301286748,
    7.4475101779800665,
    0.4657850696477224,
    1.4377585018059518,
    1.4548961231048307,
    0.6388956445291318,
    6.656005653800781,
    1.9686031839062055,
    2.960162438855141,
    19.413322158218666,
    0.7284434744723247,
    0.05008388340192821,
    2.524951833535349,
    3.714243395654872,
    1.8119283502960817,
    3.1897632283824358,
    12.523797452715106,
    1.7558766700448272,
    0.6247957764889447,
    6.797967492603361,
    -0.20649181456646754,
    15.824780965212701,
    1.3177768151484608,
    0.1571494632164539,
    0.3737590482021405,
    1.7779661624338752,
    0.2596713050568498
  ],
  "selected_features": [
    "K2O_wt",
    "SiO2_wt"
  ],
  "selected_models": [],
  "stacking_used": false,
  "stacked_model": true,
  "number_of_models": 1,
  "final_estimator": "ann",
  "final_estimator_params": {
    "ann_hidden": 42,
    "ann_alpha": 0.0012313903970957206
  },
  "model_params": {
    "ann": {
      "ann_hidden": 42,
      "ann_alpha": 0.0012313903970957206
    }
  },
  "feature_names": [
    "K2O_wt",
    "Fe2O3T_wt",
    "SiO2_wt",
    "Al2O3_wt",
    "P2O5_tot_wt"
  ],
  "use_random_split": true,
  "use_feature_selection": true,
  "model_name": "ANN-FS",
  "error_mean": 0.008459351652232655,
  "error_sdev": 4.067990546970645,
  "uncertainty_median": 5.532796118639816,
  "uncertainty_mad": 5.728462146693137,
  "uncertainty_measure": 103.53647638296536,
  "feature_importance": {
    "K2O_wt": 0.05008294004169242,
    "Fe2O3T_wt": 1.078587180711359
  },
  "run": 3
}