{
  "y_test": [
    8.7,
    6.6,
    0.04,
    0.14,
    1.53,
    0.25,
    0.04,
    0.11,
    0.23,
    6.0,
    0.19,
    4.2,
    1.3,
    7.4,
    0.74,
    0.25,
    4.2,
    1.3,
    0.21,
    2.4,
    0.37,
    0.36,
    1.18,
    38.0,
    1.9,
    0.51,
    6.5,
    0.17,
    5.4,
    0.14,
    0.15,
    0.56,
    22.1,
    0.04,
    0.73,
    0.15,
    0.87,
    2.4,
    0.24,
    0.18,
    0.4,
    1.8,
    0.19,
    2.4,
    0.12
  ],
  "y_pred": [
    7.979849649049857,
    5.114164824108661,
    0.4178198613511155,
    1.3714004354649179,
    -0.0256535649880405,
    3.002186816342615,
    -0.028246282837315118,
    0.7387163753062351,
    0.6600508183488554,
    6.374782760742269,
    0.33675202507561597,
    5.8772465382882055,
    2.6153792264919598,
    7.532595940273591,
    0.8467589886694626,
    0.796262324559764,
    5.451171634282201,
    -0.1306198395544187,
    0.8515753662240653,
    2.0245599365459914,
    0.523314282402362,
    -0.03758342067848908,
    0.909526229920623,
    1.671328180529192,
    8.758809801428422,
    -0.06308660484115824,
    8.832383905750262,
    0.15829409263734062,
    2.9911650981285725,
    0.342991777937935,
    0.21862647692007053,
    0.7511216157069605,
    31.464448579496196,
    0.04304178807536552,
    0.701421267683255,
    2.59747399932151,
    1.2095257657282246,
    0.9731730615281156,
    0.41173776199656764,
    0.1487607817476464,
    2.3968892033011553,
    2.1425520508004166,
    0.11151624995838194,
    1.9937396536922556,
    0.9147352961859103
  ],
  "selected_features": [
    "K2O_wt",
    "Fe2O3T_wt",
    "SiO2_wt",
    "P2O5_tot_wt"
  ],
  "selected_models": [],
  "stacking_used": false,
  "stacked_model": true,
  "number_of_models": 1,
  "final_estimator": "gpr",
  "final_estimator_params": {
    "gpr_nu": 0.5,
    "gpr_const": 6.6090066564207195,
    "gpr_length_scale": 5.438894288489897,
    "gpr_alpha": 8.017751442530417e-09
  },
  "model_params": {
    "gpr": {
      "gpr_nu": 0.5,
      "gpr_const": 6.6090066564207195,
      "gpr_length_scale": 5.438894288489897,
      "gpr_alpha": 8.017751442530417e-09
    }
  },
  "feature_names": [
    "K2O_wt",
    "Fe2O3T_wt",
    "SiO2_wt",
    "Al2O3_wt",
    "P2O5_tot_wt"
  ],
  "use_random_split": true,
  "use_feature_selection": true,
  "model_name": "GPR-FS",
  "error_mean": 0.23816309490882887,
  "error_sdev": 5.840896023451603,
  "uncertainty_median": 9.870409597148416,
  "uncertainty_mad": 9.662820689032339,
  "uncertainty_measure": 97.89685619352564,
  "feature_importance": {
    "K2O_wt": -0.013812876013544131,
    "Fe2O3T_wt": 0.011099850312027055,
    "SiO2_wt": 0.5511486096509497,
    "Al2O3_wt": 0.055361255543215686
  },
  "run": 2
}