{
  "y_test": [
    0.52,
    0.29,
    0.24,
    0.14,
    0.07,
    0.56,
    0.18,
    6.9,
    0.09,
    0.12,
    6.5,
    0.84,
    6.1,
    1.5,
    0.31,
    8.0,
    1.9,
    0.87,
    0.14,
    0.17,
    0.32,
    0.74,
    0.19,
    0.21,
    0.51,
    0.17,
    1.2,
    0.62,
    5.4,
    0.04,
    0.22,
    6.3,
    25.6,
    0.9,
    25.8,
    0.18,
    1.3,
    0.11,
    6.9,
    0.05,
    0.41,
    0.43,
    0.04,
    2.4,
    0.17
  ],
  "y_pred": [
    0.23857822028538297,
    0.33568965651655486,
    0.10731062744016537,
    1.8348594811445684,
    4.502466579222504,
    0.3872765676764242,
    0.29593273879928245,
    0.4193987921484297,
    0.19747799364999485,
    1.466406588813106,
    8.423556287543125,
    0.32565527094533625,
    4.3499675780260025,
    0.3661656931213357,
    2.258011430090698,
    4.341744140859673,
    7.365141087122502,
    0.5679593482343449,
    0.12305661853291602,
    0.38725211890981687,
    0.2729600920338079,
    0.2122923629018253,
    0.23578033960266778,
    0.6392570237382437,
    0.48434085075532257,
    0.42457876750221596,
    0.6959088740656503,
    0.4786657994571012,
    2.2179522888802046,
    0.3384185351563979,
    0.4253758756270115,
    4.718613188450135,
    25.357425439939313,
    2.352264178599633,
    26.653428746488615,
    0.40057075656007407,
    2.3216413231724813,
    0.5502473920556438,
    4.905633968262519,
    0.18842934409214135,
    2.024513892548914,
    0.12020396872443444,
    0.07192939936327744,
    0.9786934487544667,
    0.2840111540238073
  ],
  "selected_features": [
    "K2O_wt",
    "Fe2O3T_wt",
    "SiO2_wt",
    "P2O5_tot_wt"
  ],
  "selected_models": [],
  "stacking_used": false,
  "stacked_model": true,
  "number_of_models": 1,
  "final_estimator": "knn",
  "final_estimator_params": {
    "knn_n": 4,
    "knn_weights": "distance"
  },
  "model_params": {
    "knn": {
      "knn_n": 4,
      "knn_weights": "distance"
    }
  },
  "use_random_split": true,
  "use_feature_selection": true,
  "model_name": "KNN-FS",
  "error_mean": 6.569267026527714e-05,
  "error_sdev": 1.8368750744575637,
  "uncertainty_median": 5.652022221580808,
  "uncertainty_mad": 8.486424009740732,
  "uncertainty_measure": 150.14845442994692,
  "feature_importance": {
    "K2O_wt": 0.003004990512010759,
    "Fe2O3T_wt": 0.02145129755910995,
    "SiO2_wt": 1.9209191233626068,
    "Al2O3_wt": 0.02725777195090227
  }
}