{
  "y_test": [
    8.7,
    0.46,
    2.4,
    1.3,
    3.8,
    0.27,
    0.19,
    4.5,
    0.37,
    6.7,
    0.15,
    1.8,
    0.36,
    25.6,
    1.18,
    0.04,
    1.2,
    6.2,
    0.07,
    0.25,
    31.8,
    11.7,
    1.5,
    0.34,
    0.19,
    7.4,
    1.47,
    0.52,
    0.12,
    0.4,
    4.2,
    0.19,
    34.0,
    0.03,
    0.4,
    0.14,
    0.17,
    0.14,
    0.41,
    0.35,
    0.4,
    0.15,
    0.12,
    2.4,
    1.44
  ],
  "y_pred": [
    11.033228874206543,
    0.651151716709137,
    1.3328132629394531,
    1.6372499465942383,
    5.219088554382324,
    0.33071208000183105,
    0.3211785554885864,
    6.633079528808594,
    0.9441494941711426,
    5.7906813621521,
    1.1613198518753052,
    10.727394104003906,
    0.24292834103107452,
    22.762887954711914,
    0.8367104530334473,
    0.25056731700897217,
    0.5597402453422546,
    7.06157922744751,
    0.197767972946167,
    0.5557317137718201,
    25.46211814880371,
    7.774118900299072,
    1.2760708332061768,
    1.1207239627838135,
    0.24301595985889435,
    8.730199813842773,
    0.9226624965667725,
    0.26186519861221313,
    0.3209708333015442,
    0.2410632222890854,
    12.664787292480469,
    0.3163880705833435,
    25.236597061157227,
    0.21670475602149963,
    0.8691399693489075,
    0.2568579316139221,
    0.22313232719898224,
    4.860024929046631,
    0.35995060205459595,
    1.138272762298584,
    0.22313232719898224,
    0.17223712801933289,
    2.7187411785125732,
    2.2935075759887695,
    0.6310769319534302
  ],
  "selected_features": [
    "K2O_wt",
    "Fe2O3T_wt",
    "SiO2_wt",
    "Al2O3_wt",
    "P2O5_tot_wt"
  ],
  "selected_models": [],
  "stacking_used": false,
  "stacked_model": true,
  "number_of_models": 1,
  "final_estimator": "xgb",
  "final_estimator_params": {
    "xgb_n_estimators": 66,
    "xgb_lr": 0.05638100480960459,
    "xgb_max_depth": 3,
    "xgb_subsample": 0.7822411314395755,
    "xgb_colsample": 0.6931451302365199
  },
  "model_params": {
    "xgb": {
      "xgb_n_estimators": 66,
      "xgb_lr": 0.05638100480960459,
      "xgb_max_depth": 3,
      "xgb_subsample": 0.7822411314395755,
      "xgb_colsample": 0.6931451302365199
    }
  },
  "use_random_split": true,
  "use_feature_selection": false,
  "model_name": "XGB",
  "error_mean": -0.25029601710372495,
  "error_sdev": 2.777340318903744,
  "uncertainty_median": 12.110503196716309,
  "uncertainty_mad": 4.97283935546875,
  "uncertainty_measure": 41.062202574845166,
  "feature_importance": {
    "K2O_wt": 0.12005789948759776,
    "Fe2O3T_wt": 0.06433524535923327,
    "SiO2_wt": 0.2314664499659142,
    "Al2O3_wt": 0.005885012938021822,
    "P2O5_tot_wt": 0.8584359021279231
  }
}