{
  "y_test": [
    25.0,
    0.87,
    11.7,
    1.3,
    1.47,
    6.0,
    0.14,
    1.2,
    0.15,
    0.41,
    0.04,
    0.74,
    0.09,
    0.15,
    0.04,
    0.62,
    34.0,
    0.4,
    0.19,
    0.05,
    1.18,
    6.2,
    5.1,
    0.23,
    0.47,
    6.5,
    1.5,
    0.37,
    0.25,
    0.73,
    0.15,
    0.17,
    0.44,
    2.4,
    2.4,
    1.3,
    22.1,
    6.7,
    0.09,
    0.36,
    0.32,
    0.34,
    0.44,
    4.2,
    0.31
  ],
  "y_pred": [
    24.690104325699792,
    2.529246183206106,
    11.480263994910954,
    0.8067660803996687,
    1.546701017811705,
    5.919031806615772,
    0.20333761499314917,
    0.3784936445022326,
    0.25825445292620836,
    0.37429198473282443,
    0.39031298546661125,
    0.75164631043257,
    0.6602449109414764,
    0.5138216522663088,
    0.305467067919358,
    0.44598252150733053,
    26.48214631043259,
    0.5134717072579665,
    0.18758269720101764,
    11.32032951653944,
    0.7089980916030538,
    7.214510178117048,
    5.553054707379131,
    0.3187095743527039,
    0.21509020962074404,
    8.459544529262091,
    1.9541189567430004,
    1.6572295948326476,
    0.21802725953012228,
    0.5220219617108933,
    0.5697404580152666,
    0.33572551123600747,
    0.30148351902550374,
    3.3026959287531787,
    3.0246329516539427,
    1.5848409669211185,
    26.610762086514054,
    7.227678117048346,
    0.34702986326650503,
    0.17129059130013324,
    0.5144130316248637,
    0.22832853342586154,
    0.22694347181656335,
    8.667039440203572,
    0.9255307745689422
  ],
  "selected_features": [
    "K2O_wt",
    "SiO2_wt",
    "P2O5_tot_wt"
  ],
  "selected_models": [],
  "stacking_used": false,
  "stacked_model": true,
  "number_of_models": 1,
  "final_estimator": "et",
  "final_estimator_params": {
    "et_n_estimators": 262,
    "et_max_depth": 15,
    "et_min_samples_split": 7,
    "et_min_samples_leaf": 1,
    "et_bootstrap": false
  },
  "model_params": {
    "et": {
      "et_n_estimators": 262,
      "et_max_depth": 15,
      "et_min_samples_split": 7,
      "et_min_samples_leaf": 1,
      "et_bootstrap": false
    }
  },
  "use_random_split": true,
  "use_feature_selection": true,
  "model_name": "ET-FS",
  "error_mean": -0.4845986020952973,
  "error_sdev": 2.2736205418133264,
  "uncertainty_median": 14.951148218829523,
  "uncertainty_mad": 5.839540325881349,
  "uncertainty_measure": 39.05747063979349,
  "feature_importance": {
    "K2O_wt": 0.05071758147349593,
    "Fe2O3T_wt": 0.8280424085582218,
    "SiO2_wt": 0.3276680310155004
  }
}