{
  "y_test": [
    6.5,
    1.47,
    2.4,
    1.9,
    0.14,
    10.1,
    0.05,
    1.4,
    38.0,
    6.9,
    0.37,
    0.56,
    0.27,
    1.3,
    0.07,
    4.2,
    0.19,
    0.15,
    22.1,
    0.22,
    0.47,
    0.31,
    0.36,
    1.3,
    0.12,
    0.37,
    0.18,
    0.04,
    0.57,
    0.19,
    1.53,
    0.05,
    34.0,
    8.0,
    2.4,
    8.7,
    0.16,
    6.3,
    0.14,
    0.04,
    1.2,
    0.15,
    0.44,
    0.14,
    0.21
  ],
  "y_pred": [
    6.976923076923078,
    0.9080769230769233,
    1.2665384615384618,
    1.6730769230769231,
    0.3215384615384615,
    6.876923076923077,
    19.857307692307685,
    1.3680769230769232,
    5.9192307692307695,
    6.28076923076923,
    0.25499999999999995,
    0.22038461538461537,
    0.9938461538461539,
    1.3796153846153845,
    0.9134615384615383,
    2.669230769230769,
    0.3657692307692307,
    0.45576923076923087,
    26.246153846153845,
    0.6169230769230769,
    0.32923076923076927,
    0.2769230769230769,
    0.22192307692307695,
    0.44769230769230783,
    0.19769230769230772,
    0.5146153846153847,
    0.16884615384615384,
    0.27230769230769225,
    0.21230769230769228,
    0.5103846153846152,
    0.2276923076923076,
    0.30692307692307685,
    29.357692307692307,
    6.007692307692308,
    2.4657692307692303,
    7.100000000000002,
    1.7457692307692303,
    6.765384615384615,
    0.27807692307692305,
    0.40423076923076917,
    0.4665384615384618,
    0.2030769230769231,
    0.12192307692307694,
    4.247307692307691,
    0.5884615384615383
  ],
  "selected_features": [
    "K2O_wt",
    "Fe2O3T_wt",
    "SiO2_wt",
    "Al2O3_wt",
    "P2O5_tot_wt"
  ],
  "selected_models": [],
  "stacking_used": false,
  "stacked_model": true,
  "number_of_models": 1,
  "final_estimator": "rf",
  "final_estimator_params": {
    "rf_n_estimators": 26,
    "rf_max_depth": 19
  },
  "model_params": {
    "rf": {
      "rf_n_estimators": 26,
      "rf_max_depth": 19
    }
  },
  "use_random_split": true,
  "use_feature_selection": false,
  "model_name": "RF",
  "error_mean": 0.37015384615384633,
  "error_sdev": 5.840052832103865,
  "uncertainty_median": 7.8923076923076945,
  "uncertainty_mad": 6.700439179487177,
  "uncertainty_measure": 84.8983521767381,
  "feature_importance": {
    "K2O_wt": 0.0037479858333558424,
    "Fe2O3T_wt": 0.049637543946140825,
    "SiO2_wt": 0.5909538564967248,
    "Al2O3_wt": 0.011002131087047652,
    "P2O5_tot_wt": 0.25343629091716396
  }
}