{
  "y_test": [
    1.3,
    24.5,
    0.51,
    0.25,
    0.04,
    6.2,
    1.53,
    0.17,
    0.07,
    0.1,
    0.19,
    1.4,
    0.04,
    10.4,
    0.18,
    0.36,
    0.09,
    0.14,
    0.27,
    0.14,
    0.07,
    0.22,
    6.9,
    0.14,
    0.05,
    0.15,
    2.4,
    31.8,
    0.29,
    1.44,
    38.0,
    1.5,
    0.12,
    1.18,
    0.14,
    0.29,
    6.2,
    1.2,
    2.4,
    1.3,
    1.9,
    2.7,
    1.8,
    6.5,
    8.7
  ],
  "y_pred": [
    0.7140818205567158,
    27.513589547923942,
    0.4947154269432851,
    0.3382324874649939,
    0.9281759437009157,
    2.782121489900207,
    0.6127484703124356,
    0.3709849263324628,
    1.2168635065075235,
    0.24318041636658594,
    -1.659030430264265,
    2.594014647601982,
    -0.48243159829776017,
    4.178037444424298,
    0.5348820873800243,
    0.6312946890804284,
    0.14271436345122768,
    0.857935681680354,
    1.2413336726850424,
    0.619603578467634,
    0.7448298364925293,
    0.3920218603724642,
    1.0920723346337957,
    1.191971151113497,
    1.2303190223799887,
    -0.5532265548117671,
    0.12228309788058456,
    26.245235700755927,
    1.5598037596893284,
    1.3381395348356633,
    2.932995753333221,
    0.1485426327665721,
    -0.4207557812845252,
    0.5449333739360697,
    1.208084355678403,
    0.3105354076621204,
    10.830972066497269,
    0.5547825717256615,
    0.5192926548573823,
    3.054865569073852,
    4.700692150373687,
    0.801129936939924,
    3.0952843739624547,
    10.282302417714684,
    10.404800026044196
  ],
  "selected_features": [
    "K2O_wt",
    "Fe2O3T_wt",
    "SiO2_wt",
    "Al2O3_wt",
    "P2O5_tot_wt"
  ],
  "selected_models": [],
  "stacking_used": false,
  "stacked_model": true,
  "number_of_models": 1,
  "final_estimator": "ann",
  "final_estimator_params": {
    "ann_hidden": 100,
    "ann_alpha": 0.0044178291980270104
  },
  "model_params": {
    "ann": {
      "ann_hidden": 100,
      "ann_alpha": 0.0044178291980270104
    }
  },
  "use_random_split": true,
  "use_feature_selection": false,
  "model_name": "ANN",
  "error_mean": 0.8681121016701997,
  "error_sdev": 5.646769195163465,
  "uncertainty_median": 7.366722741480519,
  "uncertainty_mad": 6.709366437019079,
  "uncertainty_measure": 91.07667917566654,
  "feature_importance": {
    "K2O_wt": 0.06781901247762426,
    "Fe2O3T_wt": 0.020179241410124872,
    "SiO2_wt": 0.11587433372111917,
    "Al2O3_wt": 0.6180243243785128,
    "P2O5_tot_wt": 0.14643213018013815
  }
}