{
  "y_test": [
    7.0,
    0.03,
    6.5,
    0.56,
    0.14,
    1.3,
    0.04,
    2.6,
    0.07,
    0.24,
    0.17,
    0.52,
    1.18,
    0.04,
    0.36,
    0.05,
    6.9,
    0.17,
    2.7,
    0.9,
    1.4,
    0.1,
    5.4,
    4.2,
    0.27,
    34.0,
    1.9,
    6.7,
    1.3,
    2.4,
    6.0,
    0.37,
    0.16,
    0.15,
    0.02,
    0.23,
    22.1,
    0.34,
    1.2,
    0.68,
    0.17,
    6.7,
    31.8,
    0.46,
    6.1
  ],
  "y_pred": [
    6.822015762329102,
    0.2371191829442978,
    13.656416893005371,
    0.474982887506485,
    0.14605996012687683,
    0.35945188999176025,
    0.26498943567276,
    0.9737508296966553,
    0.5281067490577698,
    0.261061429977417,
    0.25303128361701965,
    0.22598779201507568,
    0.5994080305099487,
    0.4321742355823517,
    0.35870084166526794,
    0.24891825020313263,
    4.198935031890869,
    0.5246936678886414,
    2.1786904335021973,
    1.1935209035873413,
    1.2897416353225708,
    0.2725239098072052,
    5.060842514038086,
    9.273815155029297,
    0.20722372829914093,
    25.714370727539062,
    3.6522083282470703,
    4.235804557800293,
    1.2925993204116821,
    2.5845437049865723,
    3.6320526599884033,
    5.565989971160889,
    0.4275251030921936,
    0.3876552879810333,
    1.7818498611450195,
    0.3222808837890625,
    21.944252014160156,
    0.35843315720558167,
    0.31849396228790283,
    0.35326388478279114,
    0.32244470715522766,
    4.961643218994141,
    25.714370727539062,
    0.36313197016716003,
    4.207403182983398
  ],
  "selected_features": [
    "K2O_wt",
    "Fe2O3T_wt",
    "SiO2_wt",
    "Al2O3_wt",
    "P2O5_tot_wt"
  ],
  "selected_models": [],
  "stacking_used": false,
  "stacked_model": true,
  "number_of_models": 1,
  "final_estimator": "xgb",
  "final_estimator_params": {
    "xgb_n_estimators": 53,
    "xgb_lr": 0.07550814710306858,
    "xgb_max_depth": 9,
    "xgb_subsample": 0.9171592037888227,
    "xgb_colsample": 0.9561052042281689
  },
  "model_params": {
    "xgb": {
      "xgb_n_estimators": 53,
      "xgb_lr": 0.07550814710306858,
      "xgb_max_depth": 9,
      "xgb_subsample": 0.9171592037888227,
      "xgb_colsample": 0.9561052042281689
    }
  },
  "feature_names": [
    "K2O_wt",
    "Fe2O3T_wt",
    "SiO2_wt",
    "Al2O3_wt",
    "P2O5_tot_wt"
  ],
  "use_random_split": true,
  "use_feature_selection": false,
  "model_name": "XGB",
  "error_mean": 0.1652782296737036,
  "error_sdev": 2.366523310804062,
  "uncertainty_median": 10.147286415100098,
  "uncertainty_mad": 5.485444068908691,
  "uncertainty_measure": 54.058236305874296,
  "feature_importance": {
    "K2O_wt": 0.15948481242954834,
    "Fe2O3T_wt": 0.04233178163722439,
    "SiO2_wt": 0.33239520005010265,
    "Al2O3_wt": -0.007123564693485238,
    "P2O5_tot_wt": 0.9352916956775311
  },
  "run": 6
}