{
  "y_test": [
    6.5,
    1.47,
    2.4,
    1.9,
    0.14,
    10.1,
    0.05,
    1.4,
    38.0,
    6.9,
    0.37,
    0.56,
    0.27,
    1.3,
    0.07,
    4.2,
    0.19,
    0.15,
    22.1,
    0.22,
    0.47,
    0.31,
    0.36,
    1.3,
    0.12,
    0.37,
    0.18,
    0.04,
    0.57,
    0.19,
    1.53,
    0.05,
    34.0,
    8.0,
    2.4,
    8.7,
    0.16,
    6.3,
    0.14,
    0.04,
    1.2,
    0.15,
    0.44,
    0.14,
    0.21
  ],
  "y_pred": [
    7.889161369630299,
    0.8299777892125384,
    0.08638125319218082,
    3.3264812994583255,
    0.05143942842622318,
    7.44864491754079,
    17.105104317006163,
    1.5572686132960805,
    1.3330085297161736,
    6.074009422006889,
    1.0126497589874996,
    0.26551585366366615,
    0.9973776317041283,
    1.637345576549001,
    3.1225710120256256,
    5.526069103830445,
    0.13012442412435377,
    1.5856765762110765,
    26.440442132939626,
    0.8424121578004389,
    0.30916672287057834,
    0.7513223365376889,
    0.12286883202466692,
    0.9610963557592118,
    0.2865868016775841,
    0.908163946031435,
    0.2687175586107875,
    0.25171598765195347,
    0.5107425835738257,
    -0.17709579457656766,
    0.3306478706503184,
    0.1629474983521466,
    30.62040109376881,
    5.0236528785159,
    2.4737326967504365,
    8.14386814132055,
    0.40580054042790614,
    4.999449188794138,
    0.874636966436841,
    0.1949838559816457,
    1.0931522861191318,
    0.16819543463349573,
    0.2915599476707005,
    0.12522774151407345,
    0.6120309708915421
  ],
  "selected_features": [
    "K2O_wt",
    "Fe2O3T_wt",
    "SiO2_wt",
    "Al2O3_wt",
    "P2O5_tot_wt"
  ],
  "selected_models": [],
  "stacking_used": false,
  "stacked_model": true,
  "number_of_models": 1,
  "final_estimator": "gpr",
  "final_estimator_params": {
    "gpr_nu": 1.5,
    "gpr_const": 1.4656527442670568,
    "gpr_length_scale": 7.157052338146178,
    "gpr_alpha": 0.009895458950810081
  },
  "model_params": {
    "gpr": {
      "gpr_nu": 1.5,
      "gpr_const": 1.4656527442670568,
      "gpr_length_scale": 7.157052338146178,
      "gpr_alpha": 0.009895458950810081
    }
  },
  "use_random_split": true,
  "use_feature_selection": false,
  "model_name": "GPR",
  "error_mean": 0.41521703090421497,
  "error_sdev": 6.223172511237615,
  "uncertainty_median": 12.041152961117497,
  "uncertainty_mad": 8.660159227728188,
  "uncertainty_measure": 71.92134553637021,
  "feature_importance": {
    "K2O_wt": -0.0024675688054948165,
    "Fe2O3T_wt": 0.050419669412200975,
    "SiO2_wt": 0.7874369200527398,
    "Al2O3_wt": -0.012505887148416509,
    "P2O5_tot_wt": 0.12417727928266212
  }
}