{
  "y_test": [
    7.0,
    0.03,
    6.5,
    0.56,
    0.14,
    1.3,
    0.04,
    2.6,
    0.07,
    0.24,
    0.17,
    0.52,
    1.18,
    0.04,
    0.36,
    0.05,
    6.9,
    0.17,
    2.7,
    0.9,
    1.4,
    0.1,
    5.4,
    4.2,
    0.27,
    34.0,
    1.9,
    6.7,
    1.3,
    2.4,
    6.0,
    0.37,
    0.16,
    0.15,
    0.02,
    0.23,
    22.1,
    0.34,
    1.2,
    0.68,
    0.17,
    6.7,
    31.8,
    0.46,
    6.1
  ],
  "y_pred": [
    9.144300957751145,
    -1.225958376808407,
    11.900606842109,
    1.7664226270702095,
    -2.045886839683444,
    4.559603329989603,
    3.9050701300805777,
    3.1266098469393704,
    -1.3348413640005816,
    -3.316824318541901,
    -0.14454444178342385,
    2.492507203163221,
    1.8857654453783574,
    -1.9232376076490958,
    0.14042656873395742,
    -2.396289744807067,
    8.074529941249875,
    -1.2468157892527074,
    1.587343195203509,
    2.929971477934764,
    4.882075411212718,
    -0.2828996114086415,
    5.5888358502960855,
    7.635384451456741,
    3.7036987695659818,
    25.319134116345104,
    9.555581723968235,
    8.4016815727765,
    4.9434492827156475,
    0.2328222844660992,
    7.191000115881685,
    6.5553026530282885,
    0.2599873579596199,
    1.4319839833762948,
    -0.7476456265660367,
    1.1517011014741207,
    39.968670037193505,
    2.1307868294094696,
    3.5422770568285777,
    2.0177142241943535,
    2.212787624660759,
    9.895409833104065,
    23.21360150706529,
    1.277628201847147,
    7.388165534353298
  ],
  "selected_features": [
    "K2O_wt",
    "Fe2O3T_wt",
    "SiO2_wt",
    "P2O5_tot_wt"
  ],
  "selected_models": [],
  "stacking_used": false,
  "stacked_model": true,
  "number_of_models": 1,
  "final_estimator": "lr",
  "final_estimator_params": {},
  "model_params": {
    "lr": {}
  },
  "feature_names": [
    "K2O_wt",
    "Fe2O3T_wt",
    "SiO2_wt",
    "Al2O3_wt",
    "P2O5_tot_wt"
  ],
  "use_random_split": true,
  "use_feature_selection": true,
  "model_name": "LR-FS",
  "error_mean": -1.1050642970729305,
  "error_sdev": 3.9997708487243115,
  "uncertainty_median": 16.920858004392944,
  "uncertainty_mad": 7.751482899945995,
  "uncertainty_measure": 45.810223677390226,
  "feature_importance": {
    "K2O_wt": 0.07109978161902801,
    "Fe2O3T_wt": 0.10966631768842003,
    "SiO2_wt": 0.9907828209004315,
    "Al2O3_wt": 0.06349521639764925
  },
  "run": 6
}