{
  "y_test": [
    0.21,
    0.07,
    0.44,
    1.2,
    6.9,
    11.7,
    0.04,
    8.9,
    6.7,
    2.4,
    0.17,
    0.24,
    6.1,
    6.2,
    0.16,
    6.6,
    6.9,
    24.5,
    0.9,
    0.21,
    31.8,
    0.04,
    1.44,
    4.5,
    0.18,
    8.0,
    0.56,
    0.35,
    4.2,
    0.37,
    0.19,
    1.8,
    5.7,
    1.44,
    0.14,
    1.9,
    10.1,
    1.4,
    0.14,
    0.47,
    5.1,
    8.7,
    1.47,
    0.1,
    7.4
  ],
  "y_pred": [
    -2.1925866402467022,
    1.510072155642483,
    0.06438944094238508,
    1.447280214555132,
    -0.48956826371283313,
    9.615028256976387,
    0.36397420745999653,
    1.6959667351211536,
    3.2264686581642046,
    -0.5814382468968873,
    2.013915610920229,
    3.047757062474272,
    5.9846513055646895,
    3.6359089790153334,
    2.0523283759939908,
    8.08910705835127,
    2.824672448005618,
    20.468582891663516,
    2.350772157985187,
    -0.1849661601209256,
    24.28958610634834,
    4.177704132950399,
    0.27037656013547107,
    2.7175319157075286,
    0.6938903176971358,
    3.1993191454448215,
    2.148096500592338,
    4.735181786672992,
    5.72738333267332,
    0.3909866244381135,
    -0.4073773273903889,
    0.9798078787736983,
    2.6109279889613966,
    -0.8459206662887411,
    3.101842751892132,
    3.1304308979847946,
    10.547256158149171,
    3.6802079330103226,
    -1.3364899722458432,
    0.6811301688625306,
    4.998668518599224,
    9.655257278921397,
    -0.14282797005741088,
    0.871292953558811,
    9.239642234869432
  ],
  "selected_features": [
    "K2O_wt",
    "Fe2O3T_wt",
    "SiO2_wt",
    "Al2O3_wt",
    "P2O5_tot_wt"
  ],
  "selected_models": [],
  "stacking_used": false,
  "stacked_model": true,
  "number_of_models": 1,
  "final_estimator": "lr",
  "final_estimator_params": {},
  "model_params": {
    "lr": {}
  },
  "use_random_split": true,
  "use_feature_selection": false,
  "model_name": "LR",
  "error_mean": 0.6216395222640115,
  "error_sdev": 2.812468932465142,
  "uncertainty_median": 6.524818749279673,
  "uncertainty_mad": 6.3230383124453065,
  "uncertainty_measure": 96.90749360882029,
  "feature_importance": {
    "K2O_wt": -0.003006018513472407,
    "Fe2O3T_wt": 0.012014651134942626,
    "SiO2_wt": 1.4818708305458734,
    "Al2O3_wt": 0.19967544820392694,
    "P2O5_tot_wt": 0.044227364774615925
  }
}