{
  "y_test": [
    0.23,
    0.22,
    0.4,
    6.9,
    8.9,
    0.4,
    0.62,
    0.15,
    7.4,
    0.02,
    0.04,
    0.12,
    0.14,
    10.4,
    0.04,
    1.3,
    0.42,
    6.5,
    1.53,
    0.14,
    1.3,
    0.14,
    25.6,
    0.1,
    0.51,
    0.32,
    4.2,
    0.16,
    0.4,
    6.2,
    0.73,
    11.7,
    0.11,
    6.3,
    2.4,
    0.21,
    0.14,
    2.7,
    1.5,
    6.1,
    0.04,
    10.1,
    24.5,
    0.09,
    0.87
  ],
  "y_pred": [
    -0.022898843381028655,
    -0.18489444394886867,
    -0.5388613972540188,
    5.9328722887507475,
    3.796613686074931,
    0.2461402241085917,
    0.20363247393069273,
    0.9995021012764385,
    7.531455917260159,
    0.4553046997741408,
    0.8509282997440808,
    0.6687461061770428,
    1.2421550862615387,
    3.9624995115003356,
    0.02264048885081671,
    1.3756810303794982,
    1.308550130210187,
    8.733038356205824,
    0.9063645381559411,
    -1.3313506364498444,
    1.8519931441475208,
    -0.4989834869476901,
    7.245865570237193,
    0.17496723159148075,
    0.08534354009030132,
    -0.24472888356284095,
    3.2519114960668416,
    -0.8125057982053541,
    0.6727467366005309,
    8.138039492914817,
    0.1717376714686445,
    5.82509820696132,
    -1.4916151238807132,
    6.902868573293816,
    0.4625596741980349,
    -1.7292757280669449,
    -0.543565905854388,
    0.8382066278801812,
    -0.07741850615450474,
    3.293315557919943,
    -0.4434379394312842,
    9.227082616075794,
    7.501257172342548,
    2.852647125565178,
    0.7270073978770144
  ],
  "selected_features": [
    "K2O_wt",
    "Fe2O3T_wt",
    "SiO2_wt",
    "Al2O3_wt",
    "P2O5_tot_wt"
  ],
  "selected_models": [],
  "stacking_used": false,
  "stacked_model": true,
  "number_of_models": 1,
  "final_estimator": "svr",
  "final_estimator_params": {
    "svr_C": 3.8367460236582627,
    "svr_epsilon": 0.009632579876175103
  },
  "model_params": {
    "svr": {
      "svr_C": 3.8367460236582627,
      "svr_epsilon": 0.009632579876175103
    }
  },
  "feature_names": [
    "K2O_wt",
    "Fe2O3T_wt",
    "SiO2_wt",
    "Al2O3_wt",
    "P2O5_tot_wt"
  ],
  "use_random_split": true,
  "use_feature_selection": false,
  "model_name": "SVR",
  "error_mean": 1.3944614204276744,
  "error_sdev": 3.9732146392562875,
  "uncertainty_median": 4.637365887869641,
  "uncertainty_mad": 2.508672563751406,
  "uncertainty_measure": 54.09692968832927,
  "feature_importance": {
    "K2O_wt": 0.005948123582376707,
    "Fe2O3T_wt": -0.01429301922661868,
    "SiO2_wt": 0.3783305493541301,
    "Al2O3_wt": 0.00740578695585596,
    "P2O5_tot_wt": 0.3268290862713789
  },
  "run": 4
}