{
  "y_test": [
    0.03,
    1.3,
    0.23,
    0.04,
    1.9,
    0.36,
    2.4,
    1.18,
    0.37,
    0.41,
    38.0,
    0.02,
    11.7,
    2.4,
    0.35,
    25.8,
    0.07,
    0.1,
    0.52,
    6.9,
    24.5,
    0.14,
    0.27,
    0.4,
    0.29,
    8.0,
    2.7,
    0.68,
    0.25,
    0.12,
    0.14,
    3.4,
    1.44,
    1.8,
    1.5,
    1.4,
    0.37,
    0.34,
    0.57,
    1.3,
    8.7,
    6.7,
    29.4,
    0.14,
    0.43
  ],
  "y_pred": [
    1.2187114165072792,
    4.069856034799098,
    1.7392583942961668,
    0.8031581533279812,
    3.675427523861238,
    1.8522737868044246,
    1.996569010969015,
    2.1389922518449964,
    1.6808273440837347,
    2.210139328574103,
    4.051410565577195,
    1.7582465236066014,
    7.031571995564613,
    1.5813456849610823,
    3.005828808990591,
    16.58133712731771,
    1.9295513347664262,
    1.715856517762198,
    1.2412431424455423,
    6.0737974176239735,
    8.899979467702035,
    3.2153650062522363,
    2.6968552392891407,
    2.8012009375274243,
    0.3669940804809446,
    5.33378510134601,
    2.2130908407385146,
    2.13198146109851,
    1.9881064806487103,
    1.7783131850802736,
    0.14557852427454776,
    4.563960659425176,
    0.07343635911163915,
    3.103842911764863,
    1.3690017267227113,
    3.743832200361112,
    2.076476444757553,
    2.337874361860962,
    1.5900353891958545,
    3.9942230623877286,
    7.253995533912932,
    7.505274397328239,
    12.726643785178407,
    0.9281460261162415,
    1.1140317461557725
  ],
  "selected_features": [
    "K2O_wt",
    "Fe2O3T_wt",
    "SiO2_wt",
    "Al2O3_wt",
    "P2O5_tot_wt"
  ],
  "selected_models": [],
  "stacking_used": false,
  "stacked_model": true,
  "number_of_models": 1,
  "final_estimator": "svr",
  "final_estimator_params": {
    "svr_C": 4.949690163594273,
    "svr_epsilon": 0.12676918631805226
  },
  "model_params": {
    "svr": {
      "svr_C": 4.949690163594273,
      "svr_epsilon": 0.12676918631805226
    }
  },
  "use_random_split": true,
  "use_feature_selection": false,
  "model_name": "SVR",
  "error_mean": 0.8611682823910776,
  "error_sdev": 6.492066409689509,
  "uncertainty_median": 8.253035811024494,
  "uncertainty_mad": 3.7330623762550936,
  "uncertainty_measure": 45.23259636494523,
  "feature_importance": {
    "K2O_wt": 0.006509919740645578,
    "Fe2O3T_wt": -0.026906049436878784,
    "SiO2_wt": 0.291609447771529,
    "Al2O3_wt": 0.001935070187648964,
    "P2O5_tot_wt": 0.25882023160943324
  }
}