{
  "y_test": [
    0.4,
    7.4,
    6.6,
    6.2,
    0.57,
    0.47,
    0.14,
    0.29,
    0.36,
    8.9,
    1.4,
    6.7,
    2.4,
    5.7,
    0.05,
    1.8,
    0.9,
    6.3,
    1.53,
    34.0,
    0.02,
    4.2,
    4.2,
    1.3,
    6.9,
    0.87,
    29.4,
    0.04,
    6.5,
    1.9,
    0.09,
    0.52,
    1.47,
    0.17,
    0.04,
    0.18,
    4.5,
    0.07,
    31.8,
    0.25,
    0.19,
    0.23,
    0.15,
    25.6,
    1.44
  ],
  "y_pred": [
    1.3647894657839241,
    7.100531133109603,
    6.271690842356738,
    6.986773956079641,
    0.01891616395163309,
    0.32155298522783804,
    0.21744209777640933,
    -0.7545395743317007,
    0.3276566137432595,
    3.4672802071965023,
    3.3700332289640498,
    8.442543062354382,
    2.6491081407400268,
    3.9177574561546313,
    14.24657340515104,
    1.3763611838981356,
    3.39267250895629,
    6.350087327948668,
    2.2226148759296143,
    4.444827217835357,
    1.2350212919100803,
    4.103941354791688,
    5.754875135779965,
    3.098013868032238,
    6.095237688513068,
    1.7976643171858335,
    16.79195186226268,
    -0.4289572997443516,
    7.831105515465871,
    3.518570281856486,
    1.8024912049614676,
    0.9882732625015946,
    1.9411662320376672,
    -0.20493628020008092,
    -0.5316072414347164,
    0.5327061676586724,
    5.6600816279451465,
    1.7232225042038167,
    6.023601576851162,
    1.206795913624715,
    0.5409111793484054,
    0.9936611416473204,
    1.623371108555358,
    6.584238661362488,
    -0.7288813200819773
  ],
  "selected_features": [
    "K2O_wt",
    "Fe2O3T_wt",
    "SiO2_wt",
    "Al2O3_wt",
    "P2O5_tot_wt"
  ],
  "selected_models": [],
  "stacking_used": false,
  "stacked_model": true,
  "number_of_models": 1,
  "final_estimator": "svr",
  "final_estimator_params": {
    "svr_C": 1.7249717425011575,
    "svr_epsilon": 0.5276646772792823
  },
  "model_params": {
    "svr": {
      "svr_C": 1.7249717425011575,
      "svr_epsilon": 0.5276646772792823
    }
  },
  "use_random_split": true,
  "use_feature_selection": true,
  "model_name": "SVR-FS",
  "error_mean": 1.3433957321364305,
  "error_sdev": 7.1642058670193025,
  "uncertainty_median": 11.419238446178749,
  "uncertainty_mad": 3.843638912911505,
  "uncertainty_measure": 33.65932790551118,
  "feature_importance": {
    "K2O_wt": 0.007568905900629916,
    "Fe2O3T_wt": -0.039835358994411506,
    "SiO2_wt": 0.14135031174057758,
    "Al2O3_wt": -0.0016493280974748037,
    "P2O5_tot_wt": 0.2135051462272001
  }
}