{
  "y_test": [
    0.16,
    0.4,
    0.29,
    5.7,
    0.15,
    0.17,
    0.73,
    0.04,
    0.47,
    0.04,
    0.21,
    0.07,
    0.27,
    0.12,
    0.21,
    0.32,
    1.4,
    0.03,
    6.2,
    0.87,
    0.02,
    0.16,
    1.44,
    25.8,
    25.0,
    0.74,
    0.24,
    0.31,
    4.2,
    2.7,
    0.51,
    4.5,
    1.4,
    7.4,
    0.52,
    1.8,
    1.3,
    0.14,
    31.8,
    1.3,
    1.2,
    0.36,
    0.19,
    25.6,
    1.47
  ],
  "y_pred": [
    0.008381549585449122,
    1.1571621835401555,
    0.21885169451875952,
    3.5848083941421534,
    0.7648620895520016,
    0.5749233706033103,
    1.2493002849311163,
    0.4096226942253942,
    0.9897130995414323,
    1.4081129302413151,
    0.14274753635821047,
    0.43348256780008,
    1.0716953489085157,
    1.829150224641642,
    1.818687186058564,
    1.213609104239015,
    2.295714773447687,
    0.5776284415840114,
    2.658997652893529,
    1.537929299962277,
    1.4908532482848482,
    0.6686594357638349,
    1.8799938659518425,
    22.809992514805536,
    6.793705511039426,
    1.3783404806181283,
    1.2774321521367873,
    1.2661226966127943,
    5.725763862826296,
    2.278098668143709,
    0.7566917216501826,
    5.180375798154908,
    2.3465157779292567,
    6.665512698223927,
    1.0023327151959707,
    2.2930392153702384,
    1.818014556916371,
    1.4847534451276845,
    4.693260264160691,
    2.0912523072425637,
    1.6242300511303667,
    0.2525565287397924,
    1.0998024941380162,
    3.7654374070392382,
    1.7684032378227257
  ],
  "selected_features": [
    "K2O_wt",
    "Fe2O3T_wt",
    "SiO2_wt",
    "Al2O3_wt",
    "P2O5_tot_wt"
  ],
  "selected_models": [],
  "stacking_used": false,
  "stacked_model": true,
  "number_of_models": 1,
  "final_estimator": "svr",
  "final_estimator_params": {
    "svr_C": 0.6474794544832306,
    "svr_epsilon": 0.10111474971500187
  },
  "model_params": {
    "svr": {
      "svr_C": 0.6474794544832306,
      "svr_epsilon": 0.10111474971500187
    }
  },
  "use_random_split": true,
  "use_feature_selection": false,
  "model_name": "SVR",
  "error_mean": 1.1465217537377834,
  "error_sdev": 5.908169989573575,
  "uncertainty_median": 11.793923741012264,
  "uncertainty_mad": 5.027233403130887,
  "uncertainty_measure": 42.6256224266497,
  "feature_importance": {
    "K2O_wt": 0.014393900305949453,
    "Fe2O3T_wt": 0.012451491109961212,
    "SiO2_wt": 0.06387149681437782,
    "Al2O3_wt": -0.031338857155746365,
    "P2O5_tot_wt": 0.4917155992539761
  }
}