{
  "y_test": [
    1.5,
    2.4,
    3.8,
    0.41,
    0.07,
    0.42,
    0.4,
    0.44,
    0.04,
    6.7,
    5.1,
    0.36,
    0.47,
    1.3,
    25.6,
    6.5,
    0.04,
    2.4,
    0.14,
    6.3,
    0.22,
    0.14,
    0.03,
    0.11,
    6.9,
    8.0,
    1.8,
    0.15,
    0.1,
    0.52,
    1.9,
    2.7,
    34.0,
    0.09,
    0.51,
    0.05,
    7.4,
    25.0,
    0.15,
    0.14,
    0.73,
    38.0,
    1.2,
    0.12,
    0.23
  ],
  "y_pred": [
    1.026307225227356,
    2.5033464431762695,
    4.915336608886719,
    0.8902513980865479,
    1.4411916732788086,
    0.35509249567985535,
    0.4339480996131897,
    0.19285178184509277,
    0.06422267854213715,
    5.029818534851074,
    4.996932029724121,
    0.197628453373909,
    0.4795328676700592,
    1.2781858444213867,
    28.05577850341797,
    10.284759521484375,
    0.3780091404914856,
    2.0262625217437744,
    0.1831333041191101,
    5.448470592498779,
    0.33990678191185,
    1.1720350980758667,
    0.20741213858127594,
    1.0250544548034668,
    1.2976818084716797,
    5.639074802398682,
    5.972422122955322,
    1.3259971141815186,
    0.2655252516269684,
    0.26675769686698914,
    5.539822578430176,
    2.481069326400757,
    28.439176559448242,
    0.5409857630729675,
    0.23477469384670258,
    16.173168182373047,
    6.436253070831299,
    27.066204071044922,
    0.31338104605674744,
    0.23270972073078156,
    0.7158235311508179,
    3.7448511123657227,
    0.7446675300598145,
    0.14990533888339996,
    0.2810877859592438
  ],
  "selected_features": [
    "K2O_wt",
    "SiO2_wt",
    "Al2O3_wt",
    "P2O5_tot_wt"
  ],
  "selected_models": [],
  "stacking_used": false,
  "stacked_model": true,
  "number_of_models": 1,
  "final_estimator": "xgb",
  "final_estimator_params": {
    "xgb_n_estimators": 50,
    "xgb_lr": 0.16276239919734342,
    "xgb_max_depth": 5,
    "xgb_subsample": 0.9463440053260042,
    "xgb_colsample": 0.8616623750226655
  },
  "model_params": {
    "xgb": {
      "xgb_n_estimators": 50,
      "xgb_lr": 0.16276239919734342,
      "xgb_max_depth": 5,
      "xgb_subsample": 0.9463440053260042,
      "xgb_colsample": 0.8616623750226655
    }
  },
  "use_random_split": true,
  "use_feature_selection": true,
  "model_name": "XGB-FS",
  "error_mean": 0.3065153933631049,
  "error_sdev": 5.963331740789021,
  "uncertainty_median": 9.368637084960938,
  "uncertainty_mad": 5.153944492340088,
  "uncertainty_measure": 55.01274567048274,
  "feature_importance": {
    "K2O_wt": 0.02826778852958112,
    "Fe2O3T_wt": 0.22871803494674353,
    "SiO2_wt": 0.0349527496825377,
    "Al2O3_wt": 0.24881508148383893
  }
}