{
  "y_test": [
    1.8,
    1.44,
    0.14,
    0.42,
    0.09,
    0.27,
    0.09,
    0.9,
    1.5,
    25.6,
    0.14,
    0.4,
    10.1,
    0.57,
    1.0,
    38.0,
    0.1,
    3.4,
    0.24,
    0.15,
    6.6,
    24.5,
    0.13,
    0.11,
    6.1,
    0.25,
    22.1,
    0.43,
    0.27,
    0.24,
    0.1,
    0.04,
    11.7,
    0.17,
    1.53,
    0.16,
    1.9,
    6.0,
    0.21,
    0.19,
    0.15,
    7.0,
    0.34,
    0.21,
    0.62
  ],
  "y_pred": [
    1.6479120321762146,
    3.205472959260789,
    0.437413907439357,
    2.6295303569414816,
    0.19612071689747645,
    0.3255024638050981,
    5.833267039435515,
    3.43074684940077,
    0.3165775905932812,
    29.004525588365087,
    2.3056307981611575,
    0.9757843726513759,
    6.92407918822937,
    0.300454391819282,
    2.703091808313168,
    2.1711986146666997,
    0.2793471421684312,
    3.377086449976761,
    0.44034254347259544,
    0.18163342458735895,
    2.9188558574756773,
    26.107052254913373,
    0.38088401629460217,
    0.44455884526720946,
    3.7869623765948686,
    0.4694726913524748,
    29.158207552159098,
    0.0767195002312335,
    0.4845265227100236,
    0.25464106411556414,
    0.2872790619389719,
    0.48930580727800893,
    5.310227192846455,
    0.3673787398867691,
    1.0172853651092972,
    0.23573205814513198,
    5.022235937637878,
    3.7959582810969894,
    0.4924667638826718,
    0.09896708082008643,
    1.678701959162879,
    4.588834287993535,
    0.5982071484012782,
    1.233810956436303,
    1.0293182571711599
  ],
  "selected_features": [
    "K2O_wt",
    "Fe2O3T_wt",
    "SiO2_wt",
    "Al2O3_wt",
    "P2O5_tot_wt"
  ],
  "selected_models": [],
  "stacking_used": false,
  "stacked_model": true,
  "number_of_models": 1,
  "final_estimator": "knn",
  "final_estimator_params": {
    "knn_n": 6,
    "knn_weights": "distance"
  },
  "model_params": {
    "knn": {
      "knn_n": 6,
      "knn_weights": "distance"
    }
  },
  "use_random_split": true,
  "use_feature_selection": false,
  "model_name": "KNN",
  "error_mean": 0.45303760406038196,
  "error_sdev": 5.8198815141548055,
  "uncertainty_median": 5.570993861782334,
  "uncertainty_mad": 9.295642470438208,
  "uncertainty_measure": 166.85788390842427,
  "feature_importance": {
    "K2O_wt": 0.001492859958288284,
    "Fe2O3T_wt": 0.010397665281737972,
    "SiO2_wt": 1.1622116982329371,
    "Al2O3_wt": 0.008409436268834565,
    "P2O5_tot_wt": 0.006438080425249004
  }
}