{
  "y_test": [
    0.19,
    0.04,
    1.44,
    5.4,
    0.12,
    0.35,
    0.47,
    0.19,
    10.4,
    6.7,
    0.16,
    0.04,
    0.25,
    0.27,
    34.0,
    0.04,
    2.4,
    0.04,
    6.9,
    0.21,
    4.2,
    0.34,
    0.43,
    6.3,
    6.2,
    3.4,
    4.5,
    0.12,
    1.4,
    31.8,
    0.62,
    1.0,
    0.07,
    0.57,
    0.68,
    2.6,
    0.07,
    0.18,
    1.5,
    0.15,
    0.04,
    0.04,
    0.17,
    0.15,
    0.05
  ],
  "y_pred": [
    0.7023320988177838,
    1.0266518326540814,
    0.7023320988177838,
    7.150028993591063,
    0.7023320988177838,
    0.7023320988177838,
    0.7023320988177838,
    0.7162867500242079,
    7.6122128104782485,
    7.709306705611608,
    0.7023320988177838,
    0.7023320988177838,
    0.7023320988177838,
    1.0406064838605058,
    24.288024446238992,
    0.7023320988177838,
    1.0406064838605058,
    0.7023320988177838,
    7.709306705611608,
    0.7023320988177838,
    7.150028993591063,
    0.7023320988177838,
    0.7023320988177838,
    8.049469612879781,
    7.490191900859233,
    1.1239858561905824,
    7.709306705611608,
    0.7162867500242079,
    1.0406064838605058,
    24.278500636715183,
    0.7023320988177838,
    0.7162867500242079,
    0.7023320988177838,
    0.7023320988177838,
    0.7162867500242079,
    0.7162867500242079,
    0.7162867500242079,
    0.7023320988177838,
    1.0266518326540814,
    0.7023320988177838,
    0.7023320988177838,
    0.7023320988177838,
    0.7023320988177838,
    0.7023320988177838,
    19.28649513583135
  ],
  "selected_features": [
    "K2O_wt",
    "Fe2O3T_wt",
    "SiO2_wt",
    "P2O5_tot_wt"
  ],
  "selected_models": [],
  "stacking_used": false,
  "stacked_model": true,
  "number_of_models": 1,
  "final_estimator": "rf",
  "final_estimator_params": {
    "rf_n_estimators": 84,
    "rf_max_depth": 2
  },
  "model_params": {
    "rf": {
      "rf_n_estimators": 84,
      "rf_max_depth": 2
    }
  },
  "use_random_split": true,
  "use_feature_selection": true,
  "model_name": "RF-FS",
  "error_mean": -0.40646685098303315,
  "error_sdev": 3.597418734213867,
  "uncertainty_median": 9.78433539946732,
  "uncertainty_mad": 5.384033797896776,
  "uncertainty_measure": 55.027077242158875,
  "feature_importance": {
    "K2O_wt": 0.04945457041258182,
    "Fe2O3T_wt": -0.01257595033530834,
    "SiO2_wt": 0.6738169820086232,
    "Al2O3_wt": 0.42164089398383425
  }
}