{
  "y_test": [
    1.47,
    0.29,
    0.02,
    0.27,
    1.44,
    0.07,
    24.5,
    0.15,
    1.3,
    10.4,
    0.05,
    0.84,
    0.73,
    0.04,
    0.09,
    4.2,
    6.7,
    25.0,
    0.21,
    0.18,
    25.8,
    6.5,
    0.43,
    0.17,
    0.14,
    0.12,
    1.44,
    0.36,
    0.16,
    0.74,
    4.2,
    0.1,
    0.12,
    0.68,
    0.51,
    0.04,
    6.9,
    0.37,
    1.3,
    0.62,
    0.42,
    0.44,
    8.7,
    0.24,
    6.9
  ],
  "y_pred": [
    1.5165802693355945,
    0.16045180338639467,
    0.23821668585103276,
    0.4770326415669933,
    0.15526334810670214,
    0.2120863674367457,
    26.9106462785467,
    1.9535838875115124,
    2.5328711447343704,
    5.927349803687936,
    0.11932012004566069,
    0.2367036569088975,
    0.3881133120321962,
    0.2649430551321554,
    0.2131497396532209,
    4.606819677708957,
    4.766634885334931,
    27.95208567100646,
    1.5716082088999497,
    0.18453624478059255,
    26.45751023221281,
    7.699733411094945,
    0.08910527971869989,
    0.35951973287346145,
    16.350904520489422,
    8.660313729729824,
    3.594315226074425,
    0.21273991249098267,
    0.10863519559553425,
    1.3881328637283163,
    12.552443524282053,
    0.2767293678093696,
    0.8407449266643743,
    1.2895208940435599,
    0.2722807806239751,
    0.0964172926275868,
    5.042654187602619,
    0.26633221414985747,
    2.3895934126100506,
    0.3839685918056132,
    10.25258055355495,
    0.24546763797660953,
    7.543068198386917,
    0.38496824240317923,
    1.081566014592669
  ],
  "selected_features": [
    "K2O_wt",
    "Fe2O3T_wt",
    "SiO2_wt",
    "Al2O3_wt",
    "P2O5_tot_wt"
  ],
  "selected_models": [],
  "stacking_used": false,
  "stacked_model": true,
  "number_of_models": 1,
  "final_estimator": "knn",
  "final_estimator_params": {
    "knn_n": 5,
    "knn_weights": "distance"
  },
  "model_params": {
    "knn": {
      "knn_n": 5,
      "knn_weights": "distance"
    }
  },
  "use_random_split": true,
  "use_feature_selection": false,
  "model_name": "KNN",
  "error_mean": -0.9528276165513069,
  "error_sdev": 3.5571865387269495,
  "uncertainty_median": 5.3849572419520495,
  "uncertainty_mad": 7.604468069626586,
  "uncertainty_measure": 141.2168700316358,
  "feature_importance": {
    "K2O_wt": -0.01018679800321662,
    "Fe2O3T_wt": -0.0035757077139190662,
    "SiO2_wt": 1.7945484748391427,
    "Al2O3_wt": -0.09060930091329192,
    "P2O5_tot_wt": 0.012310477093871237
  }
}