{
  "y_test": [
    0.36,
    0.14,
    6.9,
    0.18,
    8.7,
    38.0,
    6.5,
    0.04,
    0.1,
    0.09,
    7.4,
    1.44,
    0.14,
    0.19,
    0.15,
    0.03,
    25.8,
    0.07,
    1.47,
    0.09,
    25.0,
    0.09,
    0.14,
    34.0,
    1.4,
    1.3,
    0.14,
    0.37,
    0.56,
    1.2,
    6.6,
    0.34,
    0.44,
    3.4,
    0.04,
    6.7,
    1.9,
    0.36,
    0.87,
    0.31,
    0.51,
    0.19,
    4.2,
    0.07,
    0.14
  ],
  "y_pred": [
    0.6571828830340849,
    0.42834143252468104,
    1.1688250147590378,
    0.19903830070657902,
    6.440670247619219,
    1.7588213027032031,
    6.453192794548923,
    1.0028749429327752,
    0.6096818226688073,
    0.5835560480506505,
    5.533788973648762,
    1.3116508236557134,
    -0.16073854802826326,
    0.691728252153032,
    0.6524329716972188,
    0.3644461267182507,
    19.293931810134037,
    0.9562783761063962,
    1.213142011958898,
    0.427699060216702,
    5.406621953129328,
    0.9577090216852729,
    0.47815670761827755,
    2.9237381067660544,
    1.620559218847705,
    1.0906075362882577,
    0.6155500247156279,
    0.7967947769797132,
    0.6627696080271032,
    0.9897220605779751,
    5.357977327000562,
    0.43114011557343934,
    0.44318482096294187,
    1.8974552908784057,
    0.1926456449376941,
    5.088767330836482,
    1.8908804676835596,
    0.16420463673518826,
    1.0567419489963437,
    0.8570129033987048,
    0.44098092944242584,
    -0.07654888128475612,
    2.2262587178417843,
    0.3424433879816251,
    0.8848243082709946
  ],
  "selected_features": [
    "K2O_wt",
    "SiO2_wt",
    "Al2O3_wt",
    "P2O5_tot_wt"
  ],
  "selected_models": [],
  "stacking_used": false,
  "stacked_model": true,
  "number_of_models": 1,
  "final_estimator": "svr",
  "final_estimator_params": {
    "svr_C": 0.2350483443194368,
    "svr_epsilon": 0.29998146682825705
  },
  "model_params": {
    "svr": {
      "svr_C": 0.2350483443194368,
      "svr_epsilon": 0.29998146682825705
    }
  },
  "use_random_split": true,
  "use_feature_selection": true,
  "model_name": "SVR-FS",
  "error_mean": 2.2607390530733467,
  "error_sdev": 7.587286804742262,
  "uncertainty_median": 9.890189209003568,
  "uncertainty_mad": 4.618780725095319,
  "uncertainty_measure": 46.7006305692372,
  "feature_importance": {
    "K2O_wt": 0.003934349782873519,
    "Fe2O3T_wt": 0.02939397991685346,
    "SiO2_wt": -0.014465574069549953,
    "Al2O3_wt": 0.37452634524306333
  }
}