{
  "y_test": [
    0.27,
    0.9,
    0.13,
    0.37,
    10.4,
    6.0,
    0.36,
    0.51,
    11.7,
    38.0,
    0.42,
    0.52,
    0.04,
    0.07,
    0.07,
    0.24,
    10.1,
    0.1,
    8.0,
    1.9,
    2.6,
    4.2,
    0.05,
    0.19,
    0.17,
    5.7,
    0.37,
    0.04,
    0.25,
    4.2,
    0.29,
    6.9,
    0.15,
    0.31,
    0.19,
    0.73,
    0.12,
    2.7,
    8.9,
    1.3,
    1.47,
    0.44,
    0.68,
    25.6,
    25.0
  ],
  "y_pred": [
    1.3532384634017944,
    1.0318636894226074,
    0.21630756556987762,
    0.25923821330070496,
    5.3416666984558105,
    4.955506324768066,
    0.07547298073768616,
    0.19519002735614777,
    5.44993257522583,
    3.074558734893799,
    1.1738834381103516,
    0.4077150523662567,
    0.2752440273761749,
    0.07357326149940491,
    0.7520620822906494,
    0.6135488748550415,
    7.636743068695068,
    0.26705124974250793,
    6.196877479553223,
    2.9109957218170166,
    1.6204922199249268,
    3.4079267978668213,
    0.7572610974311829,
    0.5582740306854248,
    0.27519604563713074,
    4.7513041496276855,
    0.4114595651626587,
    0.23136001825332642,
    0.20276115834712982,
    6.601866245269775,
    0.08155670762062073,
    0.9299959540367126,
    0.3881828188896179,
    0.5184866786003113,
    0.45858269929885864,
    0.46645718812942505,
    0.871523380279541,
    2.3548743724823,
    4.940725803375244,
    1.6214324235916138,
    1.1443647146224976,
    0.14488795399665833,
    0.7651486396789551,
    25.526269912719727,
    23.923851013183594
  ],
  "selected_features": [
    "K2O_wt",
    "Fe2O3T_wt",
    "SiO2_wt",
    "Al2O3_wt",
    "P2O5_tot_wt"
  ],
  "selected_models": [],
  "stacking_used": false,
  "stacked_model": true,
  "number_of_models": 1,
  "final_estimator": "xgb",
  "final_estimator_params": {
    "xgb_n_estimators": 92,
    "xgb_lr": 0.06998591463009668,
    "xgb_max_depth": 5,
    "xgb_subsample": 0.6012575758296658,
    "xgb_colsample": 0.6737798830290695
  },
  "model_params": {
    "xgb": {
      "xgb_n_estimators": 92,
      "xgb_lr": 0.06998591463009668,
      "xgb_max_depth": 5,
      "xgb_subsample": 0.6012575758296658,
      "xgb_colsample": 0.6737798830290695
    }
  },
  "use_random_split": true,
  "use_feature_selection": false,
  "model_name": "XGB",
  "error_mean": 1.276335308485561,
  "error_sdev": 5.410255484397469,
  "uncertainty_median": 5.465291976928711,
  "uncertainty_mad": 3.3908541202545166,
  "uncertainty_measure": 62.04342118534076,
  "feature_importance": {
    "K2O_wt": 0.004740731446504144,
    "Fe2O3T_wt": -0.005745804955973922,
    "SiO2_wt": 0.3047202439453477,
    "Al2O3_wt": 0.007180147289301271,
    "P2O5_tot_wt": 0.21887094899651843
  }
}