{
  "y_test": [
    1.2,
    0.46,
    0.23,
    34.0,
    3.4,
    6.9,
    0.34,
    22.1,
    0.4,
    0.68,
    0.73,
    0.21,
    0.17,
    0.1,
    0.04,
    0.04,
    0.47,
    1.4,
    0.15,
    8.7,
    0.35,
    2.4,
    0.19,
    1.5,
    5.1,
    3.8,
    0.09,
    0.14,
    1.3,
    0.04,
    10.1,
    29.4,
    8.0,
    0.43,
    0.36,
    0.04,
    0.14,
    0.4,
    1.18,
    0.05,
    4.5,
    6.1,
    1.3,
    1.9,
    0.19
  ],
  "y_pred": [
    0.7774358974358974,
    0.5041025641025638,
    0.3096666666666667,
    28.995384615384605,
    3.7405128205128197,
    1.3818717948717953,
    0.3538717948717949,
    26.162307692307692,
    0.4716410256410254,
    0.4897948717948718,
    0.5169743589743587,
    0.3862051282051281,
    0.35143589743589737,
    0.3003333333333333,
    0.9670769230769234,
    4.281538461538463,
    0.3386923076923077,
    1.3699230769230764,
    0.395128205128205,
    6.789999999999998,
    0.6047435897435898,
    3.3372051282051283,
    0.20233333333333328,
    1.0046410256410254,
    5.037179487179487,
    5.113589743589745,
    5.59023076923077,
    0.15902564102564098,
    1.3426666666666662,
    0.2724615384615383,
    9.021333333333336,
    14.175769230769221,
    6.662307692307688,
    0.2897179487179487,
    0.17889743589743592,
    0.5651282051282052,
    1.2149743589743587,
    0.16492307692307695,
    0.5748205128205128,
    0.24989743589743582,
    7.132820512820512,
    4.768461538461539,
    1.4644871794871792,
    1.4429999999999998,
    0.7918205128205128
  ],
  "selected_features": [
    "K2O_wt",
    "Fe2O3T_wt",
    "SiO2_wt",
    "Al2O3_wt",
    "P2O5_tot_wt"
  ],
  "selected_models": [],
  "stacking_used": false,
  "stacked_model": true,
  "number_of_models": 1,
  "final_estimator": "et",
  "final_estimator_params": {
    "et_n_estimators": 65,
    "et_max_depth": 19,
    "et_min_samples_split": 4,
    "et_min_samples_leaf": 1,
    "et_bootstrap": false
  },
  "model_params": {
    "et": {
      "et_n_estimators": 65,
      "et_max_depth": 19,
      "et_min_samples_split": 4,
      "et_min_samples_leaf": 1,
      "et_bootstrap": false
    }
  },
  "use_random_split": true,
  "use_feature_selection": false,
  "model_name": "ET",
  "error_mean": 0.23274814814814862,
  "error_sdev": 2.9070291768140475,
  "uncertainty_median": 10.088833333333334,
  "uncertainty_mad": 4.548956910470084,
  "uncertainty_measure": 45.089028237193766,
  "feature_importance": {
    "K2O_wt": 0.03455379865849748,
    "Fe2O3T_wt": 0.009020042824227388,
    "SiO2_wt": 0.505917408303412,
    "Al2O3_wt": 0.08212600087080825,
    "P2O5_tot_wt": 0.38876716494858554
  }
}