{
  "y_test": [
    7.0,
    0.25,
    8.0,
    0.05,
    1.53,
    0.44,
    4.2,
    38.0,
    1.2,
    0.36,
    0.4,
    0.04,
    5.1,
    6.7,
    0.12,
    1.4,
    0.68,
    0.09,
    0.37,
    0.04,
    2.6,
    6.7,
    0.19,
    25.6,
    6.2,
    0.14,
    0.36,
    0.02,
    0.21,
    29.4,
    1.8,
    0.14,
    0.32,
    0.05,
    0.12,
    0.15,
    1.3,
    6.9,
    0.12,
    0.15,
    0.17,
    5.4,
    0.19,
    2.4,
    5.7
  ],
  "y_pred": [
    5.70587682723999,
    0.1085609719157219,
    6.805996894836426,
    7.066332817077637,
    0.4952503740787506,
    0.14265412092208862,
    2.129631996154785,
    4.5848774909973145,
    0.46316149830818176,
    0.3088379204273224,
    0.4795481860637665,
    0.06305050849914551,
    4.202493667602539,
    7.101774215698242,
    0.5665631294250488,
    1.3167568445205688,
    0.7434693574905396,
    0.9265479445457458,
    0.4061886668205261,
    0.48575860261917114,
    0.9145801067352295,
    6.683298587799072,
    0.32752811908721924,
    28.774192810058594,
    6.805293083190918,
    0.22664619982242584,
    0.24967148900032043,
    1.582085371017456,
    0.42682504653930664,
    23.675127029418945,
    6.982921123504639,
    0.310965895652771,
    0.4862222671508789,
    0.7351981997489929,
    0.17932982742786407,
    0.21564432978630066,
    1.3297803401947021,
    1.521432638168335,
    0.2117212861776352,
    0.6909393668174744,
    0.6741262674331665,
    5.105527877807617,
    0.25078096985816956,
    1.2931627035140991,
    8.281978607177734
  ],
  "selected_features": [
    "K2O_wt",
    "Fe2O3T_wt",
    "SiO2_wt",
    "Al2O3_wt",
    "P2O5_tot_wt"
  ],
  "selected_models": [],
  "stacking_used": false,
  "stacked_model": true,
  "number_of_models": 1,
  "final_estimator": "xgb",
  "final_estimator_params": {
    "xgb_n_estimators": 229,
    "xgb_lr": 0.24825983558635628,
    "xgb_max_depth": 10,
    "xgb_subsample": 0.6595480898796641,
    "xgb_colsample": 0.8387096173065418
  },
  "model_params": {
    "xgb": {
      "xgb_n_estimators": 229,
      "xgb_lr": 0.24825983558635628,
      "xgb_max_depth": 10,
      "xgb_subsample": 0.6595480898796641,
      "xgb_colsample": 0.8387096173065418
    }
  },
  "use_random_split": true,
  "use_feature_selection": false,
  "model_name": "XGB",
  "error_mean": 0.6724819649259249,
  "error_sdev": 5.372681515479952,
  "uncertainty_median": 8.42034912109375,
  "uncertainty_mad": 5.289173126220703,
  "uncertainty_measure": 62.814178487811596,
  "feature_importance": {
    "K2O_wt": -0.0075296017973146626,
    "Fe2O3T_wt": 0.005550103199051408,
    "SiO2_wt": 0.45988324887929594,
    "Al2O3_wt": 0.007131498350162025,
    "P2O5_tot_wt": 0.25271436759051147
  }
}