{
  "y_test": [
    1.9,
    1.44,
    0.09,
    2.4,
    0.68,
    0.42,
    34.0,
    25.6,
    2.6,
    0.27,
    25.0,
    0.18,
    0.24,
    6.3,
    0.32,
    1.47,
    0.74,
    1.4,
    0.41,
    1.3,
    6.7,
    0.87,
    0.15,
    1.53,
    0.46,
    6.5,
    1.2,
    2.4,
    0.37,
    0.04,
    0.35,
    1.8,
    0.25,
    0.19,
    0.34,
    11.7,
    0.14,
    0.1,
    0.04,
    0.18,
    0.1,
    5.1,
    0.37,
    4.2,
    0.27
  ],
  "y_pred": [
    5.1,
    0.205,
    2.35,
    1.94,
    0.6649999999999999,
    4.25,
    26.950000000000003,
    26.950000000000003,
    5.550000000000001,
    0.315,
    25.05,
    0.10500000000000001,
    0.795,
    5.2,
    0.375,
    0.18,
    0.19,
    1.15,
    1.37,
    3.2,
    5.550000000000001,
    0.22999999999999998,
    0.6799999999999999,
    1.37,
    1.565,
    8.05,
    0.22999999999999998,
    0.125,
    0.51,
    0.10500000000000001,
    0.275,
    0.09000000000000001,
    0.38,
    0.10500000000000001,
    0.085,
    8.2,
    0.6799999999999999,
    0.2,
    0.235,
    0.32,
    0.255,
    3.5999999999999996,
    4.25,
    4.75,
    0.755
  ],
  "selected_features": [
    "Fe2O3T_wt",
    "SiO2_wt",
    "P2O5_tot_wt"
  ],
  "selected_models": [],
  "stacking_used": false,
  "stacked_model": true,
  "number_of_models": 1,
  "final_estimator": "knn",
  "final_estimator_params": {
    "knn_n": 2,
    "knn_weights": "uniform"
  },
  "model_params": {
    "knn": {
      "knn_n": 2,
      "knn_weights": "uniform"
    }
  },
  "use_random_split": true,
  "use_feature_selection": true,
  "model_name": "KNN-FS",
  "error_mean": -0.052777777777777944,
  "error_sdev": 1.816867482645597,
  "uncertainty_median": 5.1,
  "uncertainty_mad": 8.649633333333334,
  "uncertainty_measure": 169.60065359477127,
  "feature_importance": {
    "K2O_wt": 0.06559157788690309,
    "Fe2O3T_wt": 1.7658356000820354,
    "SiO2_wt": 0.022818294787113648
  }
}