{
  "y_test": [
    1.5,
    2.4,
    3.8,
    0.41,
    0.07,
    0.42,
    0.4,
    0.44,
    0.04,
    6.7,
    5.1,
    0.36,
    0.47,
    1.3,
    25.6,
    6.5,
    0.04,
    2.4,
    0.14,
    6.3,
    0.22,
    0.14,
    0.03,
    0.11,
    6.9,
    8.0,
    1.8,
    0.15,
    0.1,
    0.52,
    1.9,
    2.7,
    34.0,
    0.09,
    0.51,
    0.05,
    7.4,
    25.0,
    0.15,
    0.14,
    0.73,
    38.0,
    1.2,
    0.12,
    0.23
  ],
  "y_pred": [
    1.0656270627062712,
    2.6040511551155143,
    5.290346534653468,
    0.8133300330032999,
    0.7848019801980197,
    0.5380297029702971,
    0.30182220364893625,
    0.28704856813777824,
    0.324739242247206,
    8.261221122112214,
    5.344636963696371,
    0.2121775539355178,
    0.28641604013342503,
    1.3460858085808558,
    25.910486798679866,
    8.63466171617162,
    0.8048125138600819,
    2.6287046204620483,
    1.1180090759075905,
    6.1856930693069305,
    0.3567101210121011,
    2.589699669966998,
    0.3059350582573786,
    0.7402145214521453,
    1.3113613861386149,
    6.349422442244224,
    5.5766914191419135,
    0.6875638849599246,
    0.34213624476258375,
    0.4422691769176918,
    5.461716171617161,
    2.6606435643564375,
    26.965008250825086,
    0.3006184582743989,
    0.314053137922488,
    13.817912541254127,
    7.918399339933988,
    23.354463696369642,
    0.3575041922716204,
    0.3158154212936822,
    0.539818255354947,
    5.0484158415841565,
    0.652520273455917,
    0.2652191969196921,
    0.23063001941477415
  ],
  "selected_features": [
    "Fe2O3T_wt",
    "SiO2_wt",
    "Al2O3_wt",
    "P2O5_tot_wt"
  ],
  "selected_models": [],
  "stacking_used": false,
  "stacked_model": true,
  "number_of_models": 1,
  "final_estimator": "et",
  "final_estimator_params": {
    "et_n_estimators": 101,
    "et_max_depth": 14,
    "et_min_samples_split": 5,
    "et_min_samples_leaf": 1,
    "et_bootstrap": false
  },
  "model_params": {
    "et": {
      "et_n_estimators": 101,
      "et_max_depth": 14,
      "et_min_samples_split": 5,
      "et_min_samples_leaf": 1,
      "et_bootstrap": false
    }
  },
  "use_random_split": true,
  "use_feature_selection": true,
  "model_name": "ET-FS",
  "error_mean": 0.33183457663935534,
  "error_sdev": 5.647226390867197,
  "uncertainty_median": 10.229950495049506,
  "uncertainty_mad": 5.094645389808912,
  "uncertainty_measure": 49.80127120140338,
  "feature_importance": {
    "K2O_wt": -0.01682639942739448,
    "Fe2O3T_wt": 0.4531802816763559,
    "SiO2_wt": 0.046062248207905866,
    "Al2O3_wt": 0.2071498109038215
  }
}