{
  "y_test": [
    3.4,
    0.34,
    1.4,
    5.7,
    0.19,
    0.03,
    0.52,
    2.6,
    0.04,
    0.56,
    25.0,
    0.16,
    3.8,
    0.41,
    0.13,
    0.14,
    0.11,
    0.46,
    8.7,
    34.0,
    6.3,
    31.8,
    0.15,
    0.4,
    1.53,
    0.29,
    0.37,
    2.4,
    0.12,
    4.2,
    0.17,
    0.52,
    6.7,
    1.0,
    6.2,
    0.15,
    22.1,
    0.47,
    0.15,
    0.84,
    4.5,
    0.1,
    0.05,
    0.32,
    0.14
  ],
  "y_pred": [
    2.200309646065095,
    0.2802453059583788,
    2.2464023304102585,
    2.826349080827628,
    0.6433966164810867,
    0.1388301122515581,
    -0.07848078073870696,
    2.2875138844888494,
    -0.01238586167805017,
    0.6528469766132158,
    7.646494019786496,
    -1.1887046330317703,
    2.6919202371854216,
    1.9010333300766675,
    0.6835389811697921,
    4.070050581498853,
    -1.2025326852164082,
    0.7727788606021355,
    7.247759578477255,
    2.527661553231002,
    5.9803231946028825,
    4.317452824039584,
    0.7344275046778248,
    0.44316897529207483,
    1.6798949017907603,
    -0.4957218686947176,
    0.2363193485736163,
    1.2433130596393913,
    3.498785676472859,
    2.429349005563015,
    0.36543114614804534,
    0.6431898106486974,
    7.155375952208137,
    1.752071255961431,
    5.895038749808094,
    1.3933513524641654,
    21.58294149913056,
    -0.05700263472965206,
    0.9301952816012131,
    -0.045517758335074154,
    4.105404530344463,
    0.05762504016381714,
    13.170220874107072,
    0.822082263236036,
    1.6134582168091498
  ],
  "selected_features": [
    "K2O_wt",
    "Fe2O3T_wt",
    "SiO2_wt",
    "Al2O3_wt",
    "P2O5_tot_wt"
  ],
  "selected_models": [],
  "stacking_used": false,
  "stacked_model": true,
  "number_of_models": 1,
  "final_estimator": "svr",
  "final_estimator_params": {
    "svr_C": 0.14724253972609957,
    "svr_epsilon": 0.277085930307716
  },
  "model_params": {
    "svr": {
      "svr_C": 0.14724253972609957,
      "svr_epsilon": 0.277085930307716
    }
  },
  "use_random_split": true,
  "use_feature_selection": false,
  "model_name": "SVR",
  "error_mean": 1.3971954369781732,
  "error_sdev": 7.057016774254708,
  "uncertainty_median": 14.733816174803566,
  "uncertainty_mad": 5.293354646603929,
  "uncertainty_measure": 35.9265690830061,
  "feature_importance": {
    "K2O_wt": -0.00381297083892957,
    "Fe2O3T_wt": -0.04991180802934103,
    "SiO2_wt": 0.053457278135700295,
    "Al2O3_wt": 0.034525399806655005,
    "P2O5_tot_wt": 0.34687431501195287
  }
}