{
  "y_test": [
    1.44,
    0.73,
    3.4,
    25.0,
    8.0,
    4.2,
    0.24,
    38.0,
    0.12,
    0.17,
    0.37,
    0.74,
    0.9,
    0.19,
    0.16,
    29.4,
    0.11,
    0.07,
    6.1,
    1.4,
    0.57,
    0.1,
    10.4,
    0.05,
    0.25,
    0.09,
    1.8,
    0.47,
    6.2,
    0.14,
    0.15,
    0.44,
    0.43,
    0.09,
    0.36,
    6.0,
    1.3,
    7.4,
    0.17,
    6.7,
    0.14,
    0.37,
    0.87,
    0.03,
    1.2
  ],
  "y_pred": [
    3.6267628676675585,
    2.5943246494576613,
    7.187138355374234,
    17.586825887400607,
    5.271849135949662,
    7.460272254872759,
    4.637359293152155,
    6.757062557226661,
    6.403264157320201,
    3.956289372223889,
    2.5994121164499653,
    3.690764588390806,
    5.8896316157374144,
    -0.13063226754686497,
    4.575373752206065,
    15.145961525833389,
    -0.5363119489805044,
    4.7689126372094535,
    7.825069809681732,
    6.589525715314412,
    2.342452329934069,
    3.597710003249336,
    10.924510491628183,
    2.223877599620451,
    4.277099556747821,
    3.0985537618328145,
    4.273470338534068,
    3.038608869635503,
    4.984692272948042,
    -0.7046819398835922,
    2.5499193590257327,
    1.8987845222056094,
    2.030182600528537,
    2.1156511183083673,
    3.0470151861480765,
    7.6943819953084756,
    6.7577317199889535,
    9.4151355082222,
    3.5665387242234203,
    5.056006717262672,
    2.667117391804112,
    2.9943459176026543,
    4.450695516774147,
    2.961841799538025,
    2.7494348106721347
  ],
  "selected_features": [
    "K2O_wt",
    "Fe2O3T_wt",
    "SiO2_wt",
    "Al2O3_wt",
    "P2O5_tot_wt"
  ],
  "selected_models": [],
  "stacking_used": false,
  "stacked_model": true,
  "number_of_models": 1,
  "final_estimator": "svr",
  "final_estimator_params": {
    "svr_C": 9.859009161620406,
    "svr_epsilon": 0.04364068432016893
  },
  "model_params": {
    "svr": {
      "svr_C": 9.859009161620406,
      "svr_epsilon": 0.04364068432016893
    }
  },
  "use_random_split": true,
  "use_feature_selection": false,
  "model_name": "SVR",
  "error_mean": -1.0544429388178018,
  "error_sdev": 5.990511217950921,
  "uncertainty_median": 5.385730253877,
  "uncertainty_mad": 5.000981314302109,
  "uncertainty_measure": 92.85614166624993,
  "feature_importance": {
    "K2O_wt": -0.01869940300221713,
    "Fe2O3T_wt": -0.004730366842200719,
    "SiO2_wt": 0.7291361606900907,
    "Al2O3_wt": 0.1851726581099926,
    "P2O5_tot_wt": 0.005198693257876247
  }
}