{
  "y_test": [
    1.9,
    1.44,
    0.09,
    2.4,
    0.68,
    0.42,
    34.0,
    25.6,
    2.6,
    0.27,
    25.0,
    0.18,
    0.24,
    6.3,
    0.32,
    1.47,
    0.74,
    1.4,
    0.41,
    1.3,
    6.7,
    0.87,
    0.15,
    1.53,
    0.46,
    6.5,
    1.2,
    2.4,
    0.37,
    0.04,
    0.35,
    1.8,
    0.25,
    0.19,
    0.34,
    11.7,
    0.14,
    0.1,
    0.04,
    0.18,
    0.1,
    5.1,
    0.37,
    4.2,
    0.27
  ],
  "y_pred": [
    6.48619974456377,
    0.1971254662013276,
    8.488886450597333,
    1.0246068719701515,
    1.0399410625534256,
    11.49628561756641,
    27.381001476234992,
    26.259871835262185,
    5.841819949941429,
    0.1127494698128619,
    26.444097140382116,
    0.23112704494868205,
    0.6394478306804618,
    9.992481102789716,
    0.5819037785877318,
    0.8291647331790278,
    2.370879692141731,
    1.1208140739195214,
    0.5495160866389337,
    2.9201593017479217,
    6.190898057607789,
    0.13826346463973815,
    0.1443521899374241,
    0.17210065217196227,
    1.2594800733996157,
    8.484328841812061,
    1.1706409425436917,
    0.3819866890008533,
    0.5184796861714233,
    0.13947179671116228,
    0.18871303520415808,
    2.3585646126021707,
    0.2369529565286252,
    0.1403938260740537,
    0.1299883550975739,
    6.619851410308384,
    0.06184863750110568,
    0.1969417300587175,
    0.228896376736532,
    0.21895972133118172,
    0.3126453654310242,
    2.929486963924763,
    12.599413471307743,
    4.474211092898702,
    0.4975214374075284
  ],
  "selected_features": [
    "K2O_wt",
    "Fe2O3T_wt",
    "SiO2_wt",
    "Al2O3_wt",
    "P2O5_tot_wt"
  ],
  "selected_models": [],
  "stacking_used": false,
  "stacked_model": true,
  "number_of_models": 1,
  "final_estimator": "knn",
  "final_estimator_params": {
    "knn_n": 4,
    "knn_weights": "distance"
  },
  "model_params": {
    "knn": {
      "knn_n": 4,
      "knn_weights": "distance"
    }
  },
  "use_random_split": true,
  "use_feature_selection": false,
  "model_name": "KNN",
  "error_mean": -0.704277113691727,
  "error_sdev": 3.2475027992911367,
  "uncertainty_median": 5.77935899309711,
  "uncertainty_mad": 8.162643875883477,
  "uncertainty_measure": 141.2378757857571,
  "feature_importance": {
    "K2O_wt": 0.0041465988666200895,
    "Fe2O3T_wt": -0.006533113308562635,
    "SiO2_wt": 1.7249021637659525,
    "Al2O3_wt": 0.012348316059163636,
    "P2O5_tot_wt": -3.1166520770508076e-05
  }
}