{
  "y_test": [
    0.19,
    0.04,
    1.44,
    5.4,
    0.12,
    0.35,
    0.47,
    0.19,
    10.4,
    6.7,
    0.16,
    0.04,
    0.25,
    0.27,
    34.0,
    0.04,
    2.4,
    0.04,
    6.9,
    0.21,
    4.2,
    0.34,
    0.43,
    6.3,
    6.2,
    3.4,
    4.5,
    0.12,
    1.4,
    31.8,
    0.62,
    1.0,
    0.07,
    0.57,
    0.68,
    2.6,
    0.07,
    0.18,
    1.5,
    0.15,
    0.04,
    0.04,
    0.17,
    0.15,
    0.05
  ],
  "y_pred": [
    0.18666666666666668,
    0.31,
    0.17666666666666667,
    2.8000000000000003,
    0.17666666666666667,
    0.75,
    0.15,
    0.31,
    6.533333333333334,
    8.733333333333333,
    0.17666666666666667,
    0.25,
    0.4033333333333333,
    0.6633333333333332,
    24.5,
    0.24,
    0.25,
    0.9899999999999999,
    5.533333333333334,
    0.18000000000000002,
    4.999999999999999,
    0.9433333333333334,
    0.12333333333333334,
    4.47,
    3.4966666666666666,
    3.4,
    4.999999999999999,
    3.1200000000000006,
    0.8966666666666668,
    25.233333333333334,
    0.48666666666666664,
    1.3333333333333333,
    0.3766666666666667,
    0.2966666666666667,
    1.29,
    5.666666666666667,
    0.75,
    0.31,
    0.2966666666666667,
    0.16,
    0.13333333333333333,
    0.4033333333333333,
    0.18999999999999997,
    0.5,
    22.03333333333333
  ],
  "selected_features": [
    "SiO2_wt",
    "P2O5_tot_wt"
  ],
  "selected_models": [],
  "stacking_used": false,
  "stacked_model": true,
  "number_of_models": 1,
  "final_estimator": "knn",
  "final_estimator_params": {
    "knn_n": 3,
    "knn_weights": "uniform"
  },
  "model_params": {
    "knn": {
      "knn_n": 3,
      "knn_weights": "uniform"
    }
  },
  "use_random_split": true,
  "use_feature_selection": true,
  "model_name": "KNN-FS",
  "error_mean": -0.06740740740740736,
  "error_sdev": 3.94682808899568,
  "uncertainty_median": 5.533333333333334,
  "uncertainty_mad": 8.056935027777778,
  "uncertainty_measure": 145.6072595381526,
  "feature_importance": {
    "K2O_wt": 1.394406676142956,
    "Fe2O3T_wt": 0.023565928702931
  }
}