{
  "y_test": [
    0.16,
    34.0,
    29.4,
    0.74,
    0.23,
    24.5,
    0.17,
    4.2,
    0.52,
    2.4,
    0.41,
    3.8,
    0.1,
    0.02,
    8.7,
    0.35,
    0.14,
    0.09,
    22.1,
    38.0,
    0.44,
    5.7,
    25.0,
    0.4,
    1.3,
    0.04,
    25.8,
    0.12,
    0.1,
    4.2,
    0.25,
    0.04,
    0.04,
    7.0,
    1.18,
    0.24,
    25.6,
    3.4,
    0.56,
    1.3,
    0.16,
    4.2,
    0.05,
    0.04,
    0.09
  ],
  "y_pred": [
    0.17429939837216085,
    12.665675111480114,
    7.894015921972284,
    1.38298720576289,
    0.09213061944812685,
    12.665675111480114,
    -0.17288521633449266,
    1.6903802605220584,
    -0.06798743589305764,
    1.9292471081212188,
    0.5396472467911053,
    7.454000687094284,
    0.2301292194030081,
    0.9504195740574289,
    7.894015921972284,
    -0.0917389502301312,
    0.15056087883848746,
    1.2975298987634087,
    12.665675111480114,
    8.594458521697144,
    -0.10030131575032977,
    7.454000687094284,
    12.665675111480114,
    0.11386605973775335,
    1.004807496186222,
    1.3278780228417804,
    10.047574716597135,
    0.41554964713858783,
    0.3438246492884224,
    7.454000687094284,
    -0.10030131575032977,
    2.31742258570632,
    0.2013219008476863,
    7.894015921972284,
    1.266590341006914,
    -0.06618092987767524,
    12.665675111480114,
    1.6393350523774248,
    1.965161774020761,
    1.9258329420891793,
    1.3278780228417804,
    7.894015921972284,
    2.3970222962528327,
    0.08493450235180595,
    0.6829074109920703
  ],
  "selected_features": [
    "K2O_wt",
    "Al2O3_wt",
    "P2O5_tot_wt"
  ],
  "selected_models": [],
  "stacking_used": false,
  "stacked_model": true,
  "number_of_models": 1,
  "final_estimator": "lgbm",
  "final_estimator_params": {
    "lgbm_num_leaves": 37,
    "lgbm_lr": 0.047855410295997956,
    "lgbm_n_estimators": 145
  },
  "model_params": {
    "lgbm": {
      "lgbm_num_leaves": 37,
      "lgbm_lr": 0.047855410295997956,
      "lgbm_n_estimators": 145
    }
  },
  "use_random_split": true,
  "use_feature_selection": true,
  "model_name": "LGBM-FS",
  "error_mean": 2.589316811226883,
  "error_sdev": 7.3077564051429755,
  "uncertainty_median": 9.686909162003959,
  "uncertainty_mad": 1.75753052757767,
  "uncertainty_measure": 18.143357165683224,
  "feature_importance": {
    "K2O_wt": 0.05970825567872254,
    "Fe2O3T_wt": 0.05553333368266561,
    "SiO2_wt": 0.5899403019895554
  }
}