{
  "y_test": [
    0.16,
    0.4,
    0.29,
    5.7,
    0.15,
    0.17,
    0.73,
    0.04,
    0.47,
    0.04,
    0.21,
    0.07,
    0.27,
    0.12,
    0.21,
    0.32,
    1.4,
    0.03,
    6.2,
    0.87,
    0.02,
    0.16,
    1.44,
    25.8,
    25.0,
    0.74,
    0.24,
    0.31,
    4.2,
    2.7,
    0.51,
    4.5,
    1.4,
    7.4,
    0.52,
    1.8,
    1.3,
    0.14,
    31.8,
    1.3,
    1.2,
    0.36,
    0.19,
    25.6,
    1.47
  ],
  "y_pred": [
    0.47857063907811603,
    1.3989038704368906,
    0.47857063907811603,
    6.199065495262903,
    1.0064794314660146,
    -1.3862986052389124,
    2.151655020624897,
    0.47857063907811603,
    -0.08275564601156907,
    10.508805011514967,
    0.47857063907811603,
    -1.6990341412594872,
    2.031757161861025,
    2.297596220075692,
    0.059586288214904415,
    -0.5763019781529902,
    1.5067703275652633,
    -0.4749679472590758,
    6.5675430231965555,
    0.4163985744467002,
    1.7218773204738507,
    -0.527314046841698,
    1.09217830417059,
    15.832778913046338,
    22.79152669840533,
    3.191558844135376,
    0.13605532781161303,
    1.90133520164603,
    10.16368166792967,
    4.420720070156616,
    1.181419333244766,
    7.240535451947663,
    1.5067703275652633,
    10.44579628194294,
    0.7423810185228861,
    8.800418279045473,
    0.8749583193132873,
    0.41965605228142194,
    23.50493015211714,
    0.8046557448407674,
    1.037107328871764,
    -0.9635742339713101,
    -0.5851608185215617,
    22.79152669840533,
    1.0173332154325774
  ],
  "selected_features": [
    "K2O_wt",
    "Fe2O3T_wt",
    "SiO2_wt",
    "Al2O3_wt",
    "P2O5_tot_wt"
  ],
  "selected_models": [],
  "stacking_used": false,
  "stacked_model": true,
  "number_of_models": 1,
  "final_estimator": "lgbm",
  "final_estimator_params": {
    "lgbm_num_leaves": 51,
    "lgbm_lr": 0.16928105901530532,
    "lgbm_n_estimators": 93
  },
  "model_params": {
    "lgbm": {
      "lgbm_num_leaves": 51,
      "lgbm_lr": 0.16928105901530532,
      "lgbm_n_estimators": 93
    }
  },
  "use_random_split": true,
  "use_feature_selection": false,
  "model_name": "LGBM",
  "error_mean": -0.29850302477840807,
  "error_sdev": 3.1115860523125334,
  "uncertainty_median": 10.471802739652466,
  "uncertainty_mad": 6.321943751563933,
  "uncertainty_measure": 60.371111915862386,
  "feature_importance": {
    "K2O_wt": 0.5145131840904079,
    "Fe2O3T_wt": 0.013370968074396186,
    "SiO2_wt": 0.033081390705960174,
    "Al2O3_wt": 0.003794694784014686,
    "P2O5_tot_wt": 1.216178819858342
  }
}