{
  "y_test": [
    1.9,
    1.44,
    0.09,
    2.4,
    0.68,
    0.42,
    34.0,
    25.6,
    2.6,
    0.27,
    25.0,
    0.18,
    0.24,
    6.3,
    0.32,
    1.47,
    0.74,
    1.4,
    0.41,
    1.3,
    6.7,
    0.87,
    0.15,
    1.53,
    0.46,
    6.5,
    1.2,
    2.4,
    0.37,
    0.04,
    0.35,
    1.8,
    0.25,
    0.19,
    0.34,
    11.7,
    0.14,
    0.1,
    0.04,
    0.18,
    0.1,
    5.1,
    0.37,
    4.2,
    0.27
  ],
  "y_pred": [
    3.8198788166046143,
    -0.04109283536672592,
    4.9985480308532715,
    2.0741608142852783,
    0.45806142687797546,
    1.5289682149887085,
    30.671411514282227,
    25.499643325805664,
    1.3641340732574463,
    0.07532481849193573,
    21.72724151611328,
    0.23430132865905762,
    0.5954529643058777,
    5.2713093757629395,
    0.6390267610549927,
    0.7889717817306519,
    0.62140291929245,
    1.6638938188552856,
    0.29030200839042664,
    1.3757432699203491,
    6.955734729766846,
    2.0818755626678467,
    2.875105619430542,
    0.29685261845588684,
    1.0395863056182861,
    11.459101676940918,
    0.5886904001235962,
    1.5248565673828125,
    0.4134215712547302,
    0.25318029522895813,
    2.6633217334747314,
    11.757967948913574,
    0.889245867729187,
    0.05812712386250496,
    0.27068108320236206,
    12.0621919631958,
    0.5998249053955078,
    0.25940874218940735,
    0.22486713528633118,
    0.25208979845046997,
    0.3559504449367523,
    4.662611961364746,
    5.005197525024414,
    5.259146690368652,
    1.1589971780776978
  ],
  "selected_features": [
    "K2O_wt",
    "Fe2O3T_wt",
    "SiO2_wt",
    "Al2O3_wt",
    "P2O5_tot_wt"
  ],
  "selected_models": [],
  "stacking_used": false,
  "stacked_model": true,
  "number_of_models": 1,
  "final_estimator": "xgb",
  "final_estimator_params": {
    "xgb_n_estimators": 153,
    "xgb_lr": 0.03616491588902865,
    "xgb_max_depth": 6,
    "xgb_subsample": 0.7492394825996296,
    "xgb_colsample": 0.7824828298998183
  },
  "model_params": {
    "xgb": {
      "xgb_n_estimators": 153,
      "xgb_lr": 0.03616491588902865,
      "xgb_max_depth": 6,
      "xgb_subsample": 0.7492394825996296,
      "xgb_colsample": 0.7824828298998183
    }
  },
  "use_random_split": true,
  "use_feature_selection": false,
  "model_name": "XGB",
  "error_mean": -0.5447715420557392,
  "error_sdev": 2.1785502749334733,
  "uncertainty_median": 12.502771377563477,
  "uncertainty_mad": 5.8804826736450195,
  "uncertainty_measure": 47.033433596951845,
  "feature_importance": {
    "K2O_wt": 0.087302097864728,
    "Fe2O3T_wt": 0.16739765174560592,
    "SiO2_wt": 0.3214599196802543,
    "Al2O3_wt": 0.039875661478874405,
    "P2O5_tot_wt": 0.8284251703303088
  }
}