{
  "y_test": [
    0.36,
    0.14,
    6.9,
    0.18,
    8.7,
    38.0,
    6.5,
    0.04,
    0.1,
    0.09,
    7.4,
    1.44,
    0.14,
    0.19,
    0.15,
    0.03,
    25.8,
    0.07,
    1.47,
    0.09,
    25.0,
    0.09,
    0.14,
    34.0,
    1.4,
    1.3,
    0.14,
    0.37,
    0.56,
    1.2,
    6.6,
    0.34,
    0.44,
    3.4,
    0.04,
    6.7,
    1.9,
    0.36,
    0.87,
    0.31,
    0.51,
    0.19,
    4.2,
    0.07,
    0.14
  ],
  "y_pred": [
    0.3829272300469483,
    0.29474647887323946,
    1.5264530516431927,
    0.20182863849765256,
    8.590253521126758,
    5.585776995305166,
    9.082582159624412,
    0.9705985915492961,
    0.26191549295774635,
    0.40762206572769943,
    7.531521126760563,
    1.0810985915492957,
    1.1967629107981217,
    0.45768779342723,
    0.42082863849765256,
    0.2836150234741783,
    25.533779342723008,
    0.6444178403755869,
    1.0170516431924885,
    0.2850868544600938,
    22.214089201877947,
    2.2637347417840368,
    0.2720164319248826,
    25.852000000000015,
    1.4875680751173712,
    0.49359624413145536,
    0.20885680751173702,
    0.5238990610328638,
    0.5952441314553992,
    0.4297159624413144,
    6.703234741784038,
    0.2723169014084506,
    0.26654460093896704,
    3.512861502347415,
    0.1829718309859155,
    6.754507042253517,
    4.918269953051641,
    0.22857511737089198,
    1.352349765258216,
    0.37311737089201885,
    0.336781690140845,
    0.18159154929577465,
    5.428990610328638,
    0.24839671361502333,
    0.5314671361502344
  ],
  "selected_features": [
    "K2O_wt",
    "SiO2_wt",
    "Al2O3_wt",
    "P2O5_tot_wt"
  ],
  "selected_models": [],
  "stacking_used": false,
  "stacked_model": true,
  "number_of_models": 1,
  "final_estimator": "et",
  "final_estimator_params": {
    "et_n_estimators": 71,
    "et_max_depth": 19,
    "et_min_samples_split": 6,
    "et_min_samples_leaf": 1,
    "et_bootstrap": false
  },
  "model_params": {
    "et": {
      "et_n_estimators": 71,
      "et_max_depth": 19,
      "et_min_samples_split": 6,
      "et_min_samples_leaf": 1,
      "et_bootstrap": false
    }
  },
  "use_random_split": true,
  "use_feature_selection": true,
  "model_name": "ET-FS",
  "error_mean": 0.8149055294731347,
  "error_sdev": 5.1142300570756865,
  "uncertainty_median": 14.225780516431922,
  "uncertainty_mad": 4.978966990842278,
  "uncertainty_measure": 34.999605013525766,
  "feature_importance": {
    "K2O_wt": 0.00983122696291239,
    "Fe2O3T_wt": 0.3824694662574052,
    "SiO2_wt": 0.049039722013395466,
    "Al2O3_wt": 0.2688162756391911
  }
}