{
  "y_test": [
    1.9,
    1.44,
    0.09,
    2.4,
    0.68,
    0.42,
    34.0,
    25.6,
    2.6,
    0.27,
    25.0,
    0.18,
    0.24,
    6.3,
    0.32,
    1.47,
    0.74,
    1.4,
    0.41,
    1.3,
    6.7,
    0.87,
    0.15,
    1.53,
    0.46,
    6.5,
    1.2,
    2.4,
    0.37,
    0.04,
    0.35,
    1.8,
    0.25,
    0.19,
    0.34,
    11.7,
    0.14,
    0.1,
    0.04,
    0.18,
    0.1,
    5.1,
    0.37,
    4.2,
    0.27
  ],
  "y_pred": [
    10.383837396316913,
    -1.5628612875038854,
    12.455097757996565,
    1.508208734233719,
    0.20203700241179945,
    6.852136460379114,
    30.229836170215986,
    26.04363032555218,
    4.0111422982433,
    4.628910663236162,
    20.80754554046596,
    0.4963656799756748,
    -1.9738216042125671,
    5.833690535175883,
    -0.5452804166009244,
    0.5313590836124646,
    1.8686963341798446,
    4.783194024815664,
    2.6488532923285675,
    4.457175207634979,
    3.6718996410457905,
    2.39409221400345,
    0.3141063056552085,
    5.002545318220726,
    -0.11724430553636722,
    9.621493405076897,
    1.6419370658655907,
    -0.3286646568029141,
    1.0418849075951826,
    -0.1560470957839044,
    5.666637485000489,
    1.906739254049775,
    2.0253293750913173,
    -1.0246871670681443,
    3.3952626517942335,
    10.800902052384817,
    0.36113102825555643,
    1.2333895578293834,
    -0.03980707318492449,
    2.781556010764092,
    1.3549786000371995,
    6.413204090386547,
    8.215067610326464,
    7.143929353888517,
    3.755128246826473
  ],
  "selected_features": [
    "Fe2O3T_wt",
    "SiO2_wt",
    "Al2O3_wt"
  ],
  "selected_models": [],
  "stacking_used": false,
  "stacked_model": true,
  "number_of_models": 1,
  "final_estimator": "lr",
  "final_estimator_params": {},
  "model_params": {
    "lr": {}
  },
  "use_random_split": true,
  "use_feature_selection": true,
  "model_name": "LR-FS",
  "error_mean": -1.3027670460928633,
  "error_sdev": 3.254496728749327,
  "uncertainty_median": 8.349770726774873,
  "uncertainty_mad": 7.725504296102483,
  "uncertainty_measure": 92.523550033888,
  "feature_importance": {
    "K2O_wt": 0.03031059529245954,
    "Fe2O3T_wt": 1.594102174121958,
    "SiO2_wt": 0.2135183482729105
  }
}