{
  "y_test": [
    0.13,
    0.29,
    1.5,
    0.04,
    0.12,
    0.34,
    0.27,
    0.17,
    25.8,
    25.0,
    0.37,
    7.0,
    0.21,
    38.0,
    0.51,
    1.3,
    0.16,
    0.37,
    0.15,
    0.34,
    0.19,
    0.14,
    6.7,
    0.14,
    0.44,
    1.18,
    4.2,
    0.29,
    1.3,
    0.23,
    0.09,
    6.6,
    0.15,
    0.03,
    0.36,
    6.5,
    31.8,
    0.17,
    1.47,
    6.1,
    1.44,
    2.6,
    0.15,
    0.19,
    0.24
  ],
  "y_pred": [
    0.21181818181818182,
    0.1827272727272727,
    2.711818181818181,
    0.26,
    0.37454545454545457,
    0.36181818181818176,
    1.928181818181818,
    0.31,
    26.890909090909087,
    28.481818181818184,
    0.3581818181818182,
    7.00909090909091,
    0.6718181818181819,
    6.872727272727272,
    0.35727272727272724,
    1.3000000000000003,
    0.2872727272727273,
    0.2818181818181818,
    0.41999999999999993,
    0.2509090909090909,
    0.35454545454545455,
    0.4272727272727273,
    7.145454545454546,
    0.2509090909090909,
    0.4154545454545454,
    0.5800000000000001,
    3.579090909090908,
    0.23090909090909092,
    0.63,
    0.31090909090909097,
    0.8699999999999999,
    6.709090909090909,
    0.35454545454545455,
    0.15727272727272726,
    0.19545454545454544,
    9.47272727272727,
    28.481818181818184,
    0.23363636363636367,
    0.7000000000000002,
    4.236363636363636,
    0.17181818181818181,
    1.0218181818181817,
    0.2927272727272727,
    0.16454545454545458,
    0.3663636363636363
  ],
  "selected_features": [
    "K2O_wt",
    "SiO2_wt",
    "P2O5_tot_wt"
  ],
  "selected_models": [],
  "stacking_used": false,
  "stacked_model": true,
  "number_of_models": 1,
  "final_estimator": "rf",
  "final_estimator_params": {
    "rf_n_estimators": 11,
    "rf_max_depth": 18
  },
  "model_params": {
    "rf": {
      "rf_n_estimators": 11,
      "rf_max_depth": 18
    }
  },
  "use_random_split": true,
  "use_feature_selection": true,
  "model_name": "RF-FS",
  "error_mean": 0.619878787878788,
  "error_sdev": 4.76713287865934,
  "uncertainty_median": 8.972727272727273,
  "uncertainty_mad": 6.285750750000001,
  "uncertainty_measure": 70.05395972644378,
  "feature_importance": {
    "K2O_wt": 0.01999689446761009,
    "Fe2O3T_wt": 0.8862880229279249,
    "SiO2_wt": 0.21124417936501222
  }
}