{
  "y_test": [
    11.7,
    0.31,
    0.36,
    0.25,
    25.6,
    2.4,
    0.19,
    0.41,
    0.11,
    0.14,
    0.29,
    0.37,
    0.05,
    1.3,
    0.16,
    0.12,
    0.15,
    0.35,
    0.19,
    0.34,
    0.13,
    1.44,
    1.44,
    0.4,
    34.0,
    0.52,
    4.5,
    1.3,
    6.9,
    0.02,
    1.2,
    1.9,
    4.2,
    6.1,
    0.12,
    8.0,
    0.74,
    6.3,
    0.17,
    0.4,
    0.27,
    0.04,
    1.4,
    24.5,
    0.27
  ],
  "y_pred": [
    9.023720879889964,
    4.995680049272789,
    0.3394011725895254,
    1.819797859169043,
    24.996134708265785,
    -0.1717846743994329,
    -1.1584171523161828,
    3.0021104440518513,
    -1.7699805841253031,
    5.641942035076056,
    -1.4885105536871848,
    0.5345371592568817,
    -0.8285405506793992,
    3.9843787889142064,
    1.9481864409706908,
    2.912377623548064,
    1.7342584736975226,
    5.128033669561447,
    -2.0447622910800867,
    0.6289622039027876,
    3.440018415586241,
    1.139439771411869,
    -1.0817841495010185,
    3.9615151456331716,
    24.91848299465989,
    3.145268884867118,
    3.149948546432409,
    2.8612915633021814,
    -0.19095623864234312,
    0.48344803082989785,
    1.8408117322689215,
    3.5681053250231862,
    6.140409071370126,
    6.531668199435234,
    6.474394215793705,
    3.114488668276138,
    1.2783692656475658,
    5.888653591560942,
    0.5838091466755628,
    0.322131323872199,
    4.115120501819089,
    4.54966153970765,
    4.785883094736533,
    21.081768964242173,
    3.675818466273327
  ],
  "selected_features": [
    "K2O_wt",
    "SiO2_wt",
    "Al2O3_wt"
  ],
  "selected_models": [],
  "stacking_used": false,
  "stacked_model": true,
  "number_of_models": 1,
  "final_estimator": "lr",
  "final_estimator_params": {},
  "model_params": {
    "lr": {}
  },
  "use_random_split": true,
  "use_feature_selection": true,
  "model_name": "LR-FS",
  "error_mean": -0.532339817181351,
  "error_sdev": 3.150912200952205,
  "uncertainty_median": 7.1547971601161375,
  "uncertainty_mad": 6.641828047537696,
  "uncertainty_measure": 92.83041711597433,
  "feature_importance": {
    "K2O_wt": 0.0015772663865414782,
    "Fe2O3T_wt": 1.2239176593638113,
    "SiO2_wt": 0.24176632210057417
  }
}