{
  "y_test": [
    0.16,
    34.0,
    29.4,
    0.74,
    0.23,
    24.5,
    0.17,
    4.2,
    0.52,
    2.4,
    0.41,
    3.8,
    0.1,
    0.02,
    8.7,
    0.35,
    0.14,
    0.09,
    22.1,
    38.0,
    0.44,
    5.7,
    25.0,
    0.4,
    1.3,
    0.04,
    25.8,
    0.12,
    0.1,
    4.2,
    0.25,
    0.04,
    0.04,
    7.0,
    1.18,
    0.24,
    25.6,
    3.4,
    0.56,
    1.3,
    0.16,
    4.2,
    0.05,
    0.04,
    0.09
  ],
  "y_pred": [
    0.38484085733962003,
    25.843356807511746,
    18.577652582159626,
    0.727833733933587,
    0.33955568106928813,
    23.99737089201879,
    0.315148685125557,
    3.2400722110440427,
    0.3907565712196275,
    2.439674145268288,
    0.7062421251158376,
    5.395548047414242,
    0.4193100120523332,
    2.670214180350576,
    6.820917169684774,
    0.47622150795954965,
    2.648836000555329,
    0.5045233461372349,
    25.39396713615024,
    5.5051381130606485,
    0.3214133740261817,
    6.420876685911896,
    23.072488262910806,
    0.3368343855000939,
    1.1237837562802353,
    0.32645517702038773,
    22.867652582159632,
    0.7388210397940876,
    0.40227991787389805,
    5.280835072595633,
    0.436500056305959,
    3.0120693002339647,
    0.37484126853355815,
    7.109964229823385,
    0.7367772550605628,
    0.3098807956420753,
    23.454319248826298,
    3.1284799722968737,
    0.9854239144303547,
    1.520606391587025,
    0.26094324771002864,
    7.117076905879721,
    10.900149670751789,
    0.3933072809440825,
    0.734664109502967
  ],
  "selected_features": [
    "K2O_wt",
    "Fe2O3T_wt",
    "SiO2_wt",
    "P2O5_tot_wt"
  ],
  "selected_models": [],
  "stacking_used": false,
  "stacked_model": true,
  "number_of_models": 1,
  "final_estimator": "et",
  "final_estimator_params": {
    "et_n_estimators": 71,
    "et_max_depth": 7,
    "et_min_samples_split": 6,
    "et_min_samples_leaf": 1,
    "et_bootstrap": false
  },
  "model_params": {
    "et": {
      "et_n_estimators": 71,
      "et_max_depth": 7,
      "et_min_samples_split": 6,
      "et_min_samples_leaf": 1,
      "et_bootstrap": false
    }
  },
  "use_random_split": true,
  "use_feature_selection": true,
  "model_name": "ET-FS",
  "error_mean": 0.6470305842939461,
  "error_sdev": 5.657101728456117,
  "uncertainty_median": 9.707978537894032,
  "uncertainty_mad": 5.489844093098027,
  "uncertainty_measure": 56.54981695384905,
  "feature_importance": {
    "K2O_wt": 0.020217819255623586,
    "Fe2O3T_wt": -0.007890376875392286,
    "SiO2_wt": 0.6074671904997103,
    "Al2O3_wt": 0.20757946797418964
  }
}