{
  "y_test": [
    3.4,
    0.34,
    1.4,
    5.7,
    0.19,
    0.03,
    0.52,
    2.6,
    0.04,
    0.56,
    25.0,
    0.16,
    3.8,
    0.41,
    0.13,
    0.14,
    0.11,
    0.46,
    8.7,
    34.0,
    6.3,
    31.8,
    0.15,
    0.4,
    1.53,
    0.29,
    0.37,
    2.4,
    0.12,
    4.2,
    0.17,
    0.52,
    6.7,
    1.0,
    6.2,
    0.15,
    22.1,
    0.47,
    0.15,
    0.84,
    4.5,
    0.1,
    0.05,
    0.32,
    0.14
  ],
  "y_pred": [
    3.3833908045977,
    0.3531121715927752,
    1.5481824712643708,
    7.428099856321841,
    0.16728838259441708,
    0.24615630131362884,
    0.35682614942528695,
    2.29072064860427,
    0.32843862889983555,
    0.5288189655172421,
    20.599152298850566,
    1.1840719417077186,
    6.019497126436774,
    0.7498739224137932,
    0.23227403188286821,
    4.031847034072252,
    0.9028082922824299,
    0.7504213875205253,
    8.116907498631637,
    23.428049055829256,
    6.81280292145594,
    22.871540435139586,
    0.21949394499179015,
    0.47834795305269445,
    0.85997808908046,
    0.3800502873563215,
    0.3099030172413791,
    1.4714260057471267,
    4.0640651169950734,
    6.392772988505737,
    0.21634496442255063,
    0.21167237958401772,
    8.550759099616858,
    1.1678228140394102,
    8.088093869731797,
    0.8398799261083741,
    23.85373871100166,
    0.28357732497387667,
    1.3267753955814303,
    0.32800502873563175,
    7.851071941707726,
    0.30287356321839065,
    15.506770628078826,
    0.45753545305269455,
    2.674418462643678
  ],
  "selected_features": [
    "Fe2O3T_wt",
    "SiO2_wt",
    "Al2O3_wt",
    "P2O5_tot_wt"
  ],
  "selected_models": [],
  "stacking_used": false,
  "stacked_model": true,
  "number_of_models": 1,
  "final_estimator": "et",
  "final_estimator_params": {
    "et_n_estimators": 232,
    "et_max_depth": 16,
    "et_min_samples_split": 3,
    "et_min_samples_leaf": 1,
    "et_bootstrap": true
  },
  "model_params": {
    "et": {
      "et_n_estimators": 232,
      "et_max_depth": 16,
      "et_min_samples_split": 3,
      "et_min_samples_leaf": 1,
      "et_bootstrap": true
    }
  },
  "use_random_split": true,
  "use_feature_selection": true,
  "model_name": "ET-FS",
  "error_mean": -0.43345905092938253,
  "error_sdev": 3.434097351477026,
  "uncertainty_median": 14.12306205528189,
  "uncertainty_mad": 4.461074604507873,
  "uncertainty_measure": 31.58716280538804,
  "feature_importance": {
    "K2O_wt": -0.01626442009109537,
    "Fe2O3T_wt": 0.5169642103143613,
    "SiO2_wt": 0.11353851995725582,
    "Al2O3_wt": 0.295681861837462
  }
}