{
  "y_test": [
    6.5,
    1.47,
    2.4,
    1.9,
    0.14,
    10.1,
    0.05,
    1.4,
    38.0,
    6.9,
    0.37,
    0.56,
    0.27,
    1.3,
    0.07,
    4.2,
    0.19,
    0.15,
    22.1,
    0.22,
    0.47,
    0.31,
    0.36,
    1.3,
    0.12,
    0.37,
    0.18,
    0.04,
    0.57,
    0.19,
    1.53,
    0.05,
    34.0,
    8.0,
    2.4,
    8.7,
    0.16,
    6.3,
    0.14,
    0.04,
    1.2,
    0.15,
    0.44,
    0.14,
    0.21
  ],
  "y_pred": [
    7.32420045045045,
    1.4375394144144151,
    1.7905743243243246,
    1.7881306306306313,
    0.3217714835876598,
    7.212601351351355,
    13.517412274774774,
    1.4456370656370676,
    4.546507565257562,
    6.391103603603606,
    0.32785663206152005,
    0.2937592958626048,
    1.302454954954956,
    1.3830244530244542,
    0.958233912483912,
    3.466661036036031,
    0.34053724234974203,
    0.7161644350763268,
    26.428828828828806,
    0.4635512387387387,
    0.27885082885090623,
    0.38065563050928847,
    0.2981172119297117,
    0.43695726873313095,
    0.23070978621370347,
    0.501418376517768,
    0.16106560537810521,
    0.2607950797253629,
    0.2972430958071833,
    0.2882706082706082,
    0.22849241720050537,
    0.3204932432432431,
    28.86504504504504,
    6.279279279279279,
    2.673186936936935,
    7.174876126126128,
    1.1578367117117123,
    5.9861936936936955,
    1.8188887254394512,
    0.19025451315869352,
    0.42469367478203685,
    0.2094065117506294,
    0.23017149138644094,
    1.1315934684684692,
    0.40091039984789967
  ],
  "selected_features": [
    "K2O_wt",
    "Fe2O3T_wt",
    "SiO2_wt",
    "Al2O3_wt",
    "P2O5_tot_wt"
  ],
  "selected_models": [],
  "stacking_used": false,
  "stacked_model": true,
  "number_of_models": 1,
  "final_estimator": "et",
  "final_estimator_params": {
    "et_n_estimators": 148,
    "et_max_depth": 12,
    "et_min_samples_split": 4,
    "et_min_samples_leaf": 1,
    "et_bootstrap": false
  },
  "model_params": {
    "et": {
      "et_n_estimators": 148,
      "et_max_depth": 12,
      "et_min_samples_split": 4,
      "et_min_samples_leaf": 1,
      "et_bootstrap": false
    }
  },
  "use_random_split": true,
  "use_feature_selection": false,
  "model_name": "ET",
  "error_mean": 0.5328454239232252,
  "error_sdev": 5.557739811148949,
  "uncertainty_median": 13.924527027027032,
  "uncertainty_mad": 5.347210518223218,
  "uncertainty_measure": 38.401379866220694,
  "feature_importance": {
    "K2O_wt": 0.006611750049385653,
    "Fe2O3T_wt": -0.014643820505447271,
    "SiO2_wt": 0.4185502445360408,
    "Al2O3_wt": 0.024228286315631387,
    "P2O5_tot_wt": 0.23711210171731698
  }
}