{
  "y_test": [
    0.36,
    0.14,
    6.9,
    0.18,
    8.7,
    38.0,
    6.5,
    0.04,
    0.1,
    0.09,
    7.4,
    1.44,
    0.14,
    0.19,
    0.15,
    0.03,
    25.8,
    0.07,
    1.47,
    0.09,
    25.0,
    0.09,
    0.14,
    34.0,
    1.4,
    1.3,
    0.14,
    0.37,
    0.56,
    1.2,
    6.6,
    0.34,
    0.44,
    3.4,
    0.04,
    6.7,
    1.9,
    0.36,
    0.87,
    0.31,
    0.51,
    0.19,
    4.2,
    0.07,
    0.14
  ],
  "y_pred": [
    0.3699027598723381,
    -0.11557255540140465,
    0.9168741778704188,
    0.2629931452094043,
    9.75802235441283,
    1.1553176932027145,
    10.221888088673682,
    0.7545043187663851,
    0.17124713567100258,
    0.242139983175369,
    9.348245118099516,
    3.1607838854618384,
    0.18580740340768154,
    0.7602962976101915,
    0.2739413884627817,
    0.10968132242427764,
    16.489215231866783,
    3.6034001487465934,
    0.9215675320438517,
    0.1365321497199794,
    26.355505615083498,
    4.152491612233661,
    0.13081257148868142,
    31.46976668715177,
    1.9119397176655342,
    0.4604910860558964,
    1.4954592235890718,
    1.0165299787093804,
    0.6144889175957426,
    0.45826886751328155,
    5.668945357420046,
    -0.3215620252641811,
    0.5078769933303828,
    4.122772381114464,
    0.07350112194225655,
    6.823108621665524,
    9.481702316143496,
    0.21717516998254993,
    0.6301486377985972,
    0.2573007508578482,
    -0.04964053753624098,
    -0.5050898299141537,
    5.179663899954574,
    0.15592042627221403,
    -0.11618125279945835
  ],
  "selected_features": [
    "K2O_wt",
    "Fe2O3T_wt",
    "SiO2_wt",
    "Al2O3_wt",
    "P2O5_tot_wt"
  ],
  "selected_models": [],
  "stacking_used": false,
  "stacked_model": true,
  "number_of_models": 1,
  "final_estimator": "gpr",
  "final_estimator_params": {
    "gpr_nu": 2.5,
    "gpr_const": 6.863764416504338,
    "gpr_length_scale": 9.919504804075252,
    "gpr_alpha": 0.009729695407212796
  },
  "model_params": {
    "gpr": {
      "gpr_nu": 2.5,
      "gpr_const": 6.863764416504338,
      "gpr_length_scale": 9.919504804075252,
      "gpr_alpha": 0.009729695407212796
    }
  },
  "use_random_split": true,
  "use_feature_selection": false,
  "model_name": "GPR",
  "error_mean": 0.6475959136144298,
  "error_sdev": 6.004509775831882,
  "uncertainty_median": 11.548473783847685,
  "uncertainty_mad": 7.724159961316674,
  "uncertainty_measure": 66.88468195788866,
  "feature_importance": {
    "K2O_wt": -0.003487682354643419,
    "Fe2O3T_wt": -0.0019858309571367193,
    "SiO2_wt": 1.0121993596167802,
    "Al2O3_wt": 0.004345000843232868,
    "P2O5_tot_wt": 0.13029716259767107
  }
}