{
  "y_test": [
    0.29,
    1.44,
    0.12,
    0.07,
    6.5,
    2.4,
    8.9,
    8.0,
    29.4,
    1.9,
    6.2,
    0.09,
    0.24,
    0.14,
    31.8,
    6.2,
    0.04,
    0.18,
    0.02,
    0.04,
    0.04,
    0.04,
    0.05,
    25.6,
    0.74,
    34.0,
    5.7,
    1.44,
    2.4,
    0.19,
    0.37,
    6.7,
    0.14,
    0.36,
    1.3,
    10.4,
    0.41,
    2.6,
    7.4,
    0.24,
    0.31,
    0.14,
    4.2,
    0.19,
    6.0
  ],
  "y_pred": [
    1.0020300751879705,
    0.2509885651629071,
    0.16400062656641592,
    0.7530701754385967,
    8.120263157894742,
    0.49832109685979636,
    0.8314912280701756,
    1.0688596491228068,
    19.978552631578946,
    9.190789473684214,
    0.7530701754385967,
    7.887631578947372,
    0.5594428534571726,
    0.20943556808688368,
    24.953947368421026,
    1.0912280701754384,
    0.13966431704260648,
    0.22091503854332806,
    0.22282506846438724,
    0.4006039142531017,
    0.12675657894736833,
    0.18832456140350878,
    14.740789473684222,
    24.351315789473677,
    1.1271177944862156,
    24.889473684210493,
    1.0688596491228068,
    0.7530701754385967,
    0.34652599692189445,
    0.20554276315789455,
    0.34159672772617816,
    1.7864035087719297,
    24.047204678362572,
    0.16811121553884703,
    1.9995614035087739,
    10.175,
    0.442048245614035,
    5.5499999999999945,
    8.079736842105262,
    0.3613402777777777,
    6.430143274853803,
    0.20587957583352332,
    20.92597660818712,
    0.5003242425359297,
    4.5723684210526265
  ],
  "selected_features": [
    "SiO2_wt",
    "Al2O3_wt"
  ],
  "selected_models": [],
  "stacking_used": false,
  "stacked_model": true,
  "number_of_models": 1,
  "final_estimator": "rf",
  "final_estimator_params": {
    "rf_n_estimators": 76,
    "rf_max_depth": 10
  },
  "model_params": {
    "rf": {
      "rf_n_estimators": 76,
      "rf_max_depth": 10
    }
  },
  "use_random_split": true,
  "use_feature_selection": true,
  "model_name": "RF-FS",
  "error_mean": -0.3722356026913674,
  "error_sdev": 6.16568806796992,
  "uncertainty_median": 6.812500000000003,
  "uncertainty_mad": 6.751106641112688,
  "uncertainty_measure": 99.09881308055319,
  "feature_importance": {
    "K2O_wt": 0.946468143372397,
    "Fe2O3T_wt": 0.09412865778703722
  }
}