{
  "y_test": [
    0.19,
    0.04,
    1.44,
    5.4,
    0.12,
    0.35,
    0.47,
    0.19,
    10.4,
    6.7,
    0.16,
    0.04,
    0.25,
    0.27,
    34.0,
    0.04,
    2.4,
    0.04,
    6.9,
    0.21,
    4.2,
    0.34,
    0.43,
    6.3,
    6.2,
    3.4,
    4.5,
    0.12,
    1.4,
    31.8,
    0.62,
    1.0,
    0.07,
    0.57,
    0.68,
    2.6,
    0.07,
    0.18,
    1.5,
    0.15,
    0.04,
    0.04,
    0.17,
    0.15,
    0.05
  ],
  "y_pred": [
    0.28071528711281246,
    0.4613107817800657,
    0.22042811495240233,
    2.279399669058896,
    0.18955790146735563,
    1.9743712178274484,
    0.31092112457800614,
    0.407607047235373,
    9.2993886348387,
    4.733349145122887,
    0.20540255556457154,
    0.22654311954465234,
    0.11154548444698387,
    0.3168601372799533,
    19.872209896702323,
    0.1424445237020433,
    0.25494798347721215,
    0.6666534675610354,
    6.135198131717823,
    0.19206513263052116,
    5.4676502156148405,
    2.686081871732883,
    0.17090810590772554,
    5.346538468046127,
    3.5611967149686485,
    4.28192436616175,
    4.938790313700787,
    0.37616091867484824,
    1.391992802080241,
    22.428562216917655,
    0.6677809681654745,
    1.7391253540755507,
    0.3344713453571435,
    0.39854192861446025,
    1.1101622168387282,
    5.186988178533796,
    3.386076395737771,
    0.239466301992445,
    0.4687012751826196,
    0.2667037370476879,
    0.11806271662801615,
    0.42583208089507574,
    0.260246978938834,
    0.1636181826718781,
    13.116686723566472
  ],
  "selected_features": [
    "K2O_wt",
    "Fe2O3T_wt",
    "SiO2_wt",
    "Al2O3_wt",
    "P2O5_tot_wt"
  ],
  "selected_models": [],
  "stacking_used": false,
  "stacked_model": true,
  "number_of_models": 1,
  "final_estimator": "gpr",
  "final_estimator_params": {
    "gpr_nu": 0.5,
    "gpr_const": 2.309409127833769,
    "gpr_length_scale": 5.9194640989804,
    "gpr_alpha": 0.009998695738846148
  },
  "model_params": {
    "gpr": {
      "gpr_nu": 0.5,
      "gpr_const": 2.309409127833769,
      "gpr_length_scale": 5.9194640989804,
      "gpr_alpha": 0.009998695738846148
    }
  },
  "use_random_split": true,
  "use_feature_selection": false,
  "model_name": "GPR",
  "error_mean": 0.20837356145216626,
  "error_sdev": 3.4275269890717,
  "uncertainty_median": 4.677411537629923,
  "uncertainty_mad": 6.325927926821536,
  "uncertainty_measure": 135.2442023954755,
  "feature_importance": {
    "K2O_wt": 0.0009452425155539967,
    "Fe2O3T_wt": 0.062166660985262315,
    "SiO2_wt": 1.1822607873320201,
    "Al2O3_wt": 0.0611294210070319,
    "P2O5_tot_wt": 0.016130841070162952
  }
}