{
  "y_test": [
    25.0,
    0.87,
    11.7,
    1.3,
    1.47,
    6.0,
    0.14,
    1.2,
    0.15,
    0.41,
    0.04,
    0.74,
    0.09,
    0.15,
    0.04,
    0.62,
    34.0,
    0.4,
    0.19,
    0.05,
    1.18,
    6.2,
    5.1,
    0.23,
    0.47,
    6.5,
    1.5,
    0.37,
    0.25,
    0.73,
    0.15,
    0.17,
    0.44,
    2.4,
    2.4,
    1.3,
    22.1,
    6.7,
    0.09,
    0.36,
    0.32,
    0.34,
    0.44,
    4.2,
    0.31
  ],
  "y_pred": [
    24.895200847210052,
    1.7514654049139613,
    9.680694510852414,
    0.6742833365836359,
    1.527915397272096,
    4.9408301968626205,
    0.46903452538891555,
    0.553346703344016,
    0.5424950434487332,
    0.5969867503206765,
    0.5574322783664596,
    1.2110854436131426,
    0.6286467570970885,
    0.41980653940743184,
    0.29722795534090934,
    0.5254693370920835,
    26.793951942740268,
    0.5182826851285567,
    0.23154179834959193,
    14.902343672828161,
    0.9829591082813329,
    5.8735288225614575,
    4.8612409499017355,
    0.39026777473963153,
    0.34604910579727344,
    8.244291355244957,
    1.5664354215648626,
    2.59625426446957,
    0.4341662582173188,
    0.8277760017275286,
    0.9498067875674687,
    0.3437302269189172,
    0.30059391225830384,
    3.4936137912001053,
    2.946541055108164,
    1.9560905213574389,
    26.57996932515334,
    6.457735153962154,
    0.5594891704514605,
    0.3299286231094744,
    0.6805395143839023,
    0.3454249676427799,
    0.32528162637452007,
    8.430133633167,
    1.6926362017271
  ],
  "selected_features": [
    "K2O_wt",
    "Fe2O3T_wt",
    "SiO2_wt",
    "Al2O3_wt",
    "P2O5_tot_wt"
  ],
  "selected_models": [],
  "stacking_used": false,
  "stacked_model": true,
  "number_of_models": 1,
  "final_estimator": "et",
  "final_estimator_params": {
    "et_n_estimators": 163,
    "et_max_depth": 6,
    "et_min_samples_split": 6,
    "et_min_samples_leaf": 1,
    "et_bootstrap": false
  },
  "model_params": {
    "et": {
      "et_n_estimators": 163,
      "et_max_depth": 6,
      "et_min_samples_split": 6,
      "et_min_samples_leaf": 1,
      "et_bootstrap": false
    }
  },
  "use_random_split": true,
  "use_feature_selection": false,
  "model_name": "ET",
  "error_mean": -0.542722771089969,
  "error_sdev": 2.690510757916153,
  "uncertainty_median": 13.877125063671848,
  "uncertainty_mad": 5.310493779454361,
  "uncertainty_measure": 38.26796800553745,
  "feature_importance": {
    "K2O_wt": 0.006312702615923848,
    "Fe2O3T_wt": -0.024047801002650734,
    "SiO2_wt": 0.6806205774257961,
    "Al2O3_wt": 0.03894357743061518,
    "P2O5_tot_wt": 0.3043595950888635
  }
}