{
  "y_test": [
    0.36,
    0.14,
    6.9,
    0.18,
    8.7,
    38.0,
    6.5,
    0.04,
    0.1,
    0.09,
    7.4,
    1.44,
    0.14,
    0.19,
    0.15,
    0.03,
    25.8,
    0.07,
    1.47,
    0.09,
    25.0,
    0.09,
    0.14,
    34.0,
    1.4,
    1.3,
    0.14,
    0.37,
    0.56,
    1.2,
    6.6,
    0.34,
    0.44,
    3.4,
    0.04,
    6.7,
    1.9,
    0.36,
    0.87,
    0.31,
    0.51,
    0.19,
    4.2,
    0.07,
    0.14
  ],
  "y_pred": [
    0.3472738359312062,
    0.07893161543930283,
    1.4655213644347962,
    0.10614531296637256,
    9.535035520698854,
    5.044197827673799,
    9.653385094756269,
    0.2774687904689286,
    0.2034831127574368,
    0.23817471736692372,
    9.480358045235421,
    7.8225592572744125,
    0.15191181536763368,
    0.1861852784783147,
    0.3085817297473629,
    0.2931153766238526,
    23.99447992064525,
    5.240265258707118,
    0.5872444952105379,
    0.18317373493337596,
    25.062810224280824,
    8.92946222577531,
    0.14034869718973836,
    29.605002711254087,
    1.3,
    0.2877380048117057,
    1.3826019342185367,
    3.413270542010041,
    0.29275834618666446,
    1.7851125032196358,
    4.521522518986705,
    0.08283789022004796,
    0.46408504299591036,
    4.369177596047602,
    0.067130346315232,
    6.138813730329782,
    8.643443654374455,
    0.27554257770003504,
    0.18654728041570237,
    0.3761911830704423,
    0.19757510891533947,
    0.0794738178926519,
    5.375414648334967,
    0.3060694784057655,
    2.560225137963823
  ],
  "selected_features": [
    "K2O_wt",
    "Fe2O3T_wt",
    "SiO2_wt",
    "Al2O3_wt",
    "P2O5_tot_wt"
  ],
  "selected_models": [],
  "stacking_used": false,
  "stacked_model": true,
  "number_of_models": 1,
  "final_estimator": "knn",
  "final_estimator_params": {
    "knn_n": 2,
    "knn_weights": "distance"
  },
  "model_params": {
    "knn": {
      "knn_n": 2,
      "knn_weights": "distance"
    }
  },
  "use_random_split": true,
  "use_feature_selection": false,
  "model_name": "KNN",
  "error_mean": 0.1559856154303962,
  "error_sdev": 5.579815744050511,
  "uncertainty_median": 5.100012917916307,
  "uncertainty_mad": 8.383166698622606,
  "uncertainty_measure": 164.3754012695263,
  "feature_importance": {
    "K2O_wt": -0.002365775660792372,
    "Fe2O3T_wt": 0.00852620857534937,
    "SiO2_wt": 1.2229428529231192,
    "Al2O3_wt": 0.04352025732860894,
    "P2O5_tot_wt": 0.03258713136194958
  }
}