{
  "y_test": [
    0.15,
    4.5,
    0.36,
    0.16,
    0.44,
    0.27,
    0.18,
    5.4,
    0.51,
    0.1,
    38.0,
    7.4,
    6.7,
    0.17,
    0.4,
    4.2,
    2.7,
    25.0,
    3.8,
    1.3,
    2.4,
    0.73,
    0.37,
    3.4,
    0.14,
    5.7,
    1.0,
    0.32,
    0.31,
    0.34,
    2.4,
    0.04,
    25.8,
    0.23,
    0.19,
    0.19,
    0.24,
    0.16,
    0.25,
    0.11,
    1.47,
    0.17,
    0.05,
    6.7,
    0.35
  ],
  "y_pred": [
    1.7483772295779558,
    4.364975014168495,
    0.2893122829037842,
    0.585864340698929,
    0.12134941611217798,
    0.9545088005879645,
    0.08193959476409152,
    2.6457550721440697,
    -0.03316242420647475,
    -0.20021143797669438,
    1.432325483477924,
    7.116022773494274,
    6.499049821588441,
    -0.04926782622206982,
    0.5357852363400566,
    5.373381411706545,
    0.7150637115225718,
    25.928099543231852,
    3.9776584321943327,
    2.784490467886602,
    0.3213402958020066,
    0.9718241114825434,
    0.3597949506463394,
    4.014329635355129,
    -0.3016724617166626,
    5.404363444879707,
    2.4101993524754928,
    0.8240289895771138,
    1.255553241295258,
    0.10234516765501134,
    0.28950147597377773,
    0.2303157626089556,
    19.273113985267308,
    -0.1497025391374125,
    0.31720508874065123,
    0.5337187867181008,
    0.33758764434475186,
    0.08295291202015775,
    0.2068401246103746,
    0.5701428371185924,
    0.5852220933491918,
    0.015920482347369536,
    0.4458626173471192,
    5.1432419138572225,
    1.1166950182734063
  ],
  "selected_features": [
    "K2O_wt",
    "Fe2O3T_wt",
    "SiO2_wt",
    "Al2O3_wt",
    "P2O5_tot_wt"
  ],
  "selected_models": [],
  "stacking_used": false,
  "stacked_model": true,
  "number_of_models": 1,
  "final_estimator": "gpr",
  "final_estimator_params": {
    "gpr_nu": 0.5,
    "gpr_const": 5.934882769685506,
    "gpr_length_scale": 0.26286474983376606,
    "gpr_alpha": 7.693836094415653e-10
  },
  "model_params": {
    "gpr": {
      "gpr_nu": 0.5,
      "gpr_const": 5.934882769685506,
      "gpr_length_scale": 0.26286474983376606,
      "gpr_alpha": 7.693836094415653e-10
    }
  },
  "feature_names": [
    "K2O_wt",
    "Fe2O3T_wt",
    "SiO2_wt",
    "Al2O3_wt",
    "P2O5_tot_wt"
  ],
  "use_random_split": true,
  "use_feature_selection": false,
  "model_name": "GPR",
  "error_mean": 1.0126212916691926,
  "error_sdev": 5.581560945543495,
  "uncertainty_median": 6.618310198979845,
  "uncertainty_mad": 7.8412445548398955,
  "uncertainty_measure": 118.47804528788262,
  "feature_importance": {
    "K2O_wt": -0.0031441258547625995,
    "Fe2O3T_wt": -0.009732661506316262,
    "SiO2_wt": 0.8607343950371109,
    "Al2O3_wt": -0.01332033769463127,
    "P2O5_tot_wt": 0.025903390494066043
  },
  "run": 1
}