{
  "y_test": [
    3.4,
    0.34,
    1.4,
    5.7,
    0.19,
    0.03,
    0.52,
    2.6,
    0.04,
    0.56,
    25.0,
    0.16,
    3.8,
    0.41,
    0.13,
    0.14,
    0.11,
    0.46,
    8.7,
    34.0,
    6.3,
    31.8,
    0.15,
    0.4,
    1.53,
    0.29,
    0.37,
    2.4,
    0.12,
    4.2,
    0.17,
    0.52,
    6.7,
    1.0,
    6.2,
    0.15,
    22.1,
    0.47,
    0.15,
    0.84,
    4.5,
    0.1,
    0.05,
    0.32,
    0.14
  ],
  "y_pred": [
    2.898621082305908,
    0.284030944108963,
    1.8550671339035034,
    5.958617687225342,
    0.5104619264602661,
    0.17399097979068756,
    0.25041908025741577,
    2.0129411220550537,
    0.1720276027917862,
    0.38542622327804565,
    21.579816818237305,
    0.40245914459228516,
    5.094420433044434,
    0.7413670420646667,
    0.17570987343788147,
    2.002861738204956,
    0.6806233525276184,
    0.8541715145111084,
    9.555594444274902,
    22.14082908630371,
    4.322690010070801,
    22.10638427734375,
    1.189171552658081,
    0.4214039742946625,
    0.36422398686408997,
    0.1856968253850937,
    0.11952609568834305,
    1.1751272678375244,
    3.696899175643921,
    5.571800708770752,
    0.3856355845928192,
    0.18627767264842987,
    5.137249946594238,
    1.4202243089675903,
    5.331787586212158,
    1.1625001430511475,
    21.242868423461914,
    0.41029393672943115,
    2.130064010620117,
    0.35989293456077576,
    6.512602806091309,
    0.22534766793251038,
    11.421953201293945,
    0.34083592891693115,
    5.0469889640808105
  ],
  "selected_features": [
    "K2O_wt",
    "Fe2O3T_wt",
    "SiO2_wt",
    "Al2O3_wt",
    "P2O5_tot_wt"
  ],
  "selected_models": [],
  "stacking_used": false,
  "stacked_model": true,
  "number_of_models": 1,
  "final_estimator": "xgb",
  "final_estimator_params": {
    "xgb_n_estimators": 110,
    "xgb_lr": 0.027128304781273822,
    "xgb_max_depth": 5,
    "xgb_subsample": 0.6797619304885929,
    "xgb_colsample": 0.6529711221670186
  },
  "model_params": {
    "xgb": {
      "xgb_n_estimators": 110,
      "xgb_lr": 0.027128304781273822,
      "xgb_max_depth": 5,
      "xgb_subsample": 0.6797619304885929,
      "xgb_colsample": 0.6529711221670186
    }
  },
  "use_random_split": true,
  "use_feature_selection": false,
  "model_name": "XGB",
  "error_mean": 0.010291017340289364,
  "error_sdev": 3.174673521522521,
  "uncertainty_median": 10.781826972961426,
  "uncertainty_mad": 4.84162712097168,
  "uncertainty_measure": 44.90544258513396,
  "feature_importance": {
    "K2O_wt": 0.10132310759449739,
    "Fe2O3T_wt": -0.001749488660048102,
    "SiO2_wt": 0.39332145210235425,
    "Al2O3_wt": 0.017052800030135377,
    "P2O5_tot_wt": 0.49449252255294246
  }
}