{
  "y_test": [
    1.2,
    0.46,
    0.23,
    34.0,
    3.4,
    6.9,
    0.34,
    22.1,
    0.4,
    0.68,
    0.73,
    0.21,
    0.17,
    0.1,
    0.04,
    0.04,
    0.47,
    1.4,
    0.15,
    8.7,
    0.35,
    2.4,
    0.19,
    1.5,
    5.1,
    3.8,
    0.09,
    0.14,
    1.3,
    0.04,
    10.1,
    29.4,
    8.0,
    0.43,
    0.36,
    0.04,
    0.14,
    0.4,
    1.18,
    0.05,
    4.5,
    6.1,
    1.3,
    1.9,
    0.19
  ],
  "y_pred": [
    0.946116797255506,
    -0.6942961334424922,
    0.7682932187698128,
    30.109372403293577,
    5.8749425269894004,
    -0.12791068458043497,
    2.811316140959896,
    37.79760627376974,
    0.6371792480932328,
    -0.6075948532161775,
    0.0006029292398181951,
    -2.9228701236988996,
    1.9783617860963645,
    0.8197608746236114,
    3.758766168810702,
    -0.5969467564802997,
    1.0901783334949968,
    3.8057881073119404,
    1.6419289990639854,
    10.748991952900504,
    5.037261103631003,
    0.6331945005434108,
    -2.805902793305556,
    -1.162058834037552,
    5.697807433301133,
    5.607194706094305,
    11.731034370533074,
    -2.0632116614958207,
    4.386959935297334,
    -0.09531792049594401,
    11.88868991186358,
    18.918458952975527,
    4.1931380121810236,
    1.0262346406408653,
    0.5792098931060963,
    4.390792712437914,
    5.073592782037828,
    0.28457361763279465,
    -0.556763323345443,
    0.17126394040195692,
    3.2913286791027794,
    6.883344814063893,
    2.136562598293743,
    3.3224426913367466,
    -2.56926255499215
  ],
  "selected_features": [
    "Fe2O3T_wt",
    "SiO2_wt",
    "Al2O3_wt",
    "P2O5_tot_wt"
  ],
  "selected_models": [],
  "stacking_used": false,
  "stacked_model": true,
  "number_of_models": 1,
  "final_estimator": "lr",
  "final_estimator_params": {},
  "model_params": {
    "lr": {}
  },
  "use_random_split": true,
  "use_feature_selection": true,
  "model_name": "LR-FS",
  "error_mean": -0.5137812314901627,
  "error_sdev": 4.092789831484655,
  "uncertainty_median": 12.728905220451068,
  "uncertainty_mad": 8.439354870763019,
  "uncertainty_measure": 66.30071262691008,
  "feature_importance": {
    "K2O_wt": 0.046482916673963634,
    "Fe2O3T_wt": 1.322292125899915,
    "SiO2_wt": 0.1216522162124462,
    "Al2O3_wt": 0.05177286171224
  }
}