{
  "y_test": [
    7.0,
    0.03,
    6.5,
    0.56,
    0.14,
    1.3,
    0.04,
    2.6,
    0.07,
    0.24,
    0.17,
    0.52,
    1.18,
    0.04,
    0.36,
    0.05,
    6.9,
    0.17,
    2.7,
    0.9,
    1.4,
    0.1,
    5.4,
    4.2,
    0.27,
    34.0,
    1.9,
    6.7,
    1.3,
    2.4,
    6.0,
    0.37,
    0.16,
    0.15,
    0.02,
    0.23,
    22.1,
    0.34,
    1.2,
    0.68,
    0.17,
    6.7,
    31.8,
    0.46,
    6.1
  ],
  "y_pred": [
    8.115137006512011,
    0.2533461692600105,
    9.432288563288562,
    0.6804608419526544,
    0.21124060231968897,
    0.6108924410024361,
    0.3293899205452142,
    1.7905343591593583,
    0.8942465969545274,
    0.5550977989345959,
    0.2530161435237088,
    0.25979192944749446,
    0.8387930760376366,
    0.29387089253750703,
    0.3642456908892143,
    0.29318926625530495,
    6.948654354904356,
    0.46576105788514893,
    2.934395063803717,
    1.0445306620815582,
    1.704955141937834,
    0.327455674826008,
    6.003122270535738,
    8.660723595848598,
    0.4678731132039758,
    23.9210570818071,
    5.185779566587261,
    7.12462657712658,
    1.6905961675788599,
    3.0225812664899196,
    5.659181943056946,
    1.56722138051581,
    0.35360628271436656,
    0.3553999295603959,
    3.6360249368686866,
    0.31900441769572596,
    25.040676536426528,
    0.30994630098963977,
    0.4689004468014717,
    0.6087483632577263,
    0.45562502730817317,
    8.136557794057797,
    24.085982295482317,
    0.5036837955253934,
    5.5843228199862835
  ],
  "selected_features": [
    "K2O_wt",
    "Fe2O3T_wt",
    "SiO2_wt",
    "Al2O3_wt",
    "P2O5_tot_wt"
  ],
  "selected_models": [],
  "stacking_used": false,
  "stacked_model": true,
  "number_of_models": 1,
  "final_estimator": "et",
  "final_estimator_params": {
    "et_n_estimators": 156,
    "et_max_depth": 8,
    "et_min_samples_split": 6,
    "et_min_samples_leaf": 2,
    "et_bootstrap": false
  },
  "model_params": {
    "et": {
      "et_n_estimators": 156,
      "et_max_depth": 8,
      "et_min_samples_split": 6,
      "et_min_samples_leaf": 2,
      "et_bootstrap": false
    }
  },
  "feature_names": [
    "K2O_wt",
    "Fe2O3T_wt",
    "SiO2_wt",
    "Al2O3_wt",
    "P2O5_tot_wt"
  ],
  "use_random_split": true,
  "use_feature_selection": false,
  "model_name": "ET",
  "error_mean": -0.13650078141075195,
  "error_sdev": 2.2908576585397245,
  "uncertainty_median": 12.12110144485144,
  "uncertainty_mad": 4.52251599135897,
  "uncertainty_measure": 37.31109760887245,
  "feature_importance": {
    "K2O_wt": 0.0184075797884416,
    "Fe2O3T_wt": 0.003357211922733958,
    "SiO2_wt": 0.5708152239489269,
    "Al2O3_wt": 0.09674800083989604,
    "P2O5_tot_wt": 0.30289142551570125
  },
  "run": 6
}