{
  "y_test": [
    7.0,
    0.51,
    0.14,
    0.18,
    24.5,
    1.3,
    0.56,
    0.29,
    0.87,
    0.36,
    0.27,
    1.3,
    8.0,
    0.13,
    0.05,
    0.34,
    0.07,
    0.17,
    29.4,
    0.25,
    0.24,
    6.3,
    25.6,
    2.4,
    1.8,
    4.2,
    0.1,
    6.6,
    0.17,
    0.04,
    5.4,
    0.14,
    0.43,
    0.14,
    2.4,
    0.37,
    0.04,
    1.9,
    1.0,
    1.3,
    25.8,
    4.2,
    0.4,
    0.35,
    1.44
  ],
  "y_pred": [
    6.535821558874044,
    1.3466885357584113,
    2.6585239581535616,
    1.9288208678639753,
    19.829302955181394,
    3.7641486560803514,
    2.2497109125772194,
    0.5375074972684439,
    1.9813609026205743,
    0.22382664356765236,
    3.1444704770538596,
    4.3820234242843,
    3.2156449664603493,
    2.9546183721036137,
    0.6307054586152416,
    2.352842517902131,
    0.745242904966573,
    -0.17050361453647422,
    14.543597421945115,
    1.5698997970461201,
    2.8301505944058745,
    5.302841677479967,
    23.453333155771183,
    -0.305076006511384,
    0.7213796738740319,
    5.470673831662121,
    0.8127389740516913,
    6.8468314505483345,
    1.6899811579915331,
    0.5418429190350542,
    4.823902889077628,
    4.90664488918203,
    1.6242031559691723,
    0.8564792406190138,
    -0.06683936368364041,
    0.3733471188385371,
    3.9748842541880505,
    2.719885836995437,
    3.6626287972888028,
    2.0584506616915608,
    23.079276822351,
    5.340366602987624,
    0.4316024485829226,
    4.561126114515503,
    0.7610335102039896
  ],
  "selected_features": [
    "SiO2_wt",
    "Al2O3_wt"
  ],
  "selected_models": [],
  "stacking_used": false,
  "stacked_model": true,
  "number_of_models": 1,
  "final_estimator": "ann",
  "final_estimator_params": {
    "ann_hidden": 58,
    "ann_alpha": 0.011314059505419622
  },
  "model_params": {
    "ann": {
      "ann_hidden": 58,
      "ann_alpha": 0.011314059505419622
    }
  },
  "use_random_split": true,
  "use_feature_selection": true,
  "model_name": "ANN-FS",
  "error_mean": -0.2765765471311666,
  "error_sdev": 3.0980630845106827,
  "uncertainty_median": 8.341070325961827,
  "uncertainty_mad": 6.260484377001101,
  "uncertainty_measure": 75.05612747940945,
  "feature_importance": {
    "K2O_wt": 1.1176970598855014,
    "Fe2O3T_wt": 0.18412120448205888
  }
}