{
  "y_test": [
    1.9,
    1.44,
    0.09,
    2.4,
    0.68,
    0.42,
    34.0,
    25.6,
    2.6,
    0.27,
    25.0,
    0.18,
    0.24,
    6.3,
    0.32,
    1.47,
    0.74,
    1.4,
    0.41,
    1.3,
    6.7,
    0.87,
    0.15,
    1.53,
    0.46,
    6.5,
    1.2,
    2.4,
    0.37,
    0.04,
    0.35,
    1.8,
    0.25,
    0.19,
    0.34,
    11.7,
    0.14,
    0.1,
    0.04,
    0.18,
    0.1,
    5.1,
    0.37,
    4.2,
    0.27
  ],
  "y_pred": [
    6.078620038171518,
    -5.942089136506471,
    6.675345673999136,
    0.12043998952282564,
    -1.8222372683035992,
    3.260412582834306,
    19.84835719591238,
    21.739315453008274,
    2.379012641300104,
    0.31280637120229215,
    16.3125315886765,
    -4.166499068413231,
    -3.2940572025461456,
    2.4443036767942523,
    -3.602061582805927,
    -2.0627765061117422,
    -1.9010858277314462,
    2.3470346686447954,
    0.24999679712833256,
    1.798160103055448,
    1.8003174684165764,
    -0.8852888525447895,
    -3.181653107964703,
    1.489493477044629,
    -2.9629346285832234,
    6.092149860510961,
    -1.2995904704963657,
    -3.056877635508325,
    -2.8491273514650963,
    -4.645983534180651,
    1.373257264730352,
    -2.4629687271680716,
    -1.4813576945684233,
    -6.678848184466467,
    -0.8830891756006558,
    6.25931985917849,
    -3.094156502247106,
    -2.5133792918584064,
    -4.770360315755834,
    -1.7305825612461696,
    -3.0453311874982774,
    3.621315919127653,
    3.483465358107484,
    3.7784462184748655,
    0.5294124190461353
  ],
  "selected_features": [
    "Fe2O3T_wt",
    "SiO2_wt",
    "Al2O3_wt"
  ],
  "selected_models": [],
  "stacking_used": false,
  "stacked_model": true,
  "number_of_models": 1,
  "final_estimator": "svr",
  "final_estimator_params": {
    "svr_C": 9.532620738960551,
    "svr_epsilon": 0.001431270087507903
  },
  "model_params": {
    "svr": {
      "svr_C": 9.532620738960551,
      "svr_epsilon": 0.001431270087507903
    }
  },
  "use_random_split": true,
  "use_feature_selection": true,
  "model_name": "SVR-FS",
  "error_mean": 2.4099738041929735,
  "error_sdev": 3.475418796918039,
  "uncertainty_median": 4.331796354665359,
  "uncertainty_mad": 6.450802669500687,
  "uncertainty_measure": 148.91749614575374,
  "feature_importance": {
    "K2O_wt": -0.008277556224926494,
    "Fe2O3T_wt": 1.2216358838373853,
    "SiO2_wt": 0.1886008857209833
  }
}