{
  "y_test": [
    0.13,
    0.29,
    1.5,
    0.04,
    0.12,
    0.34,
    0.27,
    0.17,
    25.8,
    25.0,
    0.37,
    7.0,
    0.21,
    38.0,
    0.51,
    1.3,
    0.16,
    0.37,
    0.15,
    0.34,
    0.19,
    0.14,
    6.7,
    0.14,
    0.44,
    1.18,
    4.2,
    0.29,
    1.3,
    0.23,
    0.09,
    6.6,
    0.15,
    0.03,
    0.36,
    6.5,
    31.8,
    0.17,
    1.47,
    6.1,
    1.44,
    2.6,
    0.15,
    0.19,
    0.24
  ],
  "y_pred": [
    0.7098102006898499,
    0.12078722265808536,
    0.43186839342564826,
    0.18808816769041917,
    1.0371649406569248,
    1.0078518075444625,
    1.3325718945846583,
    0.5497838579192338,
    23.347838877127238,
    23.227119550046385,
    1.3872225482815952,
    3.447099141727262,
    1.3783108410229785,
    1.9418934139941872,
    0.8902558841984999,
    3.5862890908965466,
    0.7933291063078707,
    0.21562338296972763,
    2.5029796389796983,
    0.43684535582059325,
    0.30258265218238994,
    1.025233375761071,
    5.45724581406645,
    0.7939188000408574,
    0.29198841790327074,
    0.8367398506253578,
    5.167035149186853,
    0.9763577516385151,
    0.9919320237437668,
    0.5466348557853659,
    2.145194478138587,
    3.044126982778008,
    0.34986824668016997,
    0.17396921022488523,
    0.19024961855749706,
    7.382130712578166,
    23.78082349539482,
    0.5240623010095091,
    1.314968658814649,
    4.541992906385619,
    0.14970150213561087,
    4.682599958973729,
    0.9945735280369448,
    0.08491655234226873,
    0.2436660821468866
  ],
  "selected_features": [
    "SiO2_wt",
    "P2O5_tot_wt"
  ],
  "selected_models": [],
  "stacking_used": false,
  "stacked_model": true,
  "number_of_models": 1,
  "final_estimator": "knn",
  "final_estimator_params": {
    "knn_n": 10,
    "knn_weights": "distance"
  },
  "model_params": {
    "knn": {
      "knn_n": 10,
      "knn_weights": "distance"
    }
  },
  "use_random_split": true,
  "use_feature_selection": true,
  "model_name": "KNN-FS",
  "error_mean": 0.8943278612961532,
  "error_sdev": 5.640076513058841,
  "uncertainty_median": 5.6616089641466525,
  "uncertainty_mad": 7.00058985783976,
  "uncertainty_measure": 123.65018322834534,
  "feature_importance": {
    "K2O_wt": 1.0244871506461672,
    "Fe2O3T_wt": 0.012182230803100382
  }
}