{
  "y_test": [
    0.21,
    0.07,
    0.44,
    1.2,
    6.9,
    11.7,
    0.04,
    8.9,
    6.7,
    2.4,
    0.17,
    0.24,
    6.1,
    6.2,
    0.16,
    6.6,
    6.9,
    24.5,
    0.9,
    0.21,
    31.8,
    0.04,
    1.44,
    4.5,
    0.18,
    8.0,
    0.56,
    0.35,
    4.2,
    0.37,
    0.19,
    1.8,
    5.7,
    1.44,
    0.14,
    1.9,
    10.1,
    1.4,
    0.14,
    0.47,
    5.1,
    8.7,
    1.47,
    0.1,
    7.4
  ],
  "y_pred": [
    -2.2448411551265544,
    1.0625901491905623,
    -0.5803183989481973,
    0.13765941170564489,
    -0.5513134870103933,
    6.41451651422641,
    -0.38451158014948206,
    1.6563650147957887,
    2.2215415996095302,
    -0.4021247372557184,
    1.0118832111112646,
    2.0198030620060905,
    4.460254073015889,
    3.2435488158923533,
    1.6035303146999453,
    7.312320851769229,
    1.88126866946169,
    16.495478038842037,
    2.2696378898646046,
    -0.6342986155678716,
    18.498568117849082,
    2.9340234066842292,
    0.25350287913914826,
    1.8583259201865978,
    -0.1692196612385679,
    2.6527240976636826,
    1.3934565747309051,
    3.4965995406661925,
    4.124148393155586,
    -0.05222972935268899,
    -0.6810946541711722,
    1.111050206438101,
    2.281419424692242,
    -1.2363347591076064,
    1.9453070323174657,
    1.580869121330423,
    9.196834208874687,
    2.881897955983707,
    -0.9746277857678365,
    0.026456665041283856,
    4.029696293554643,
    8.770500292834795,
    -0.24348781874265413,
    0.2836607149816288,
    8.231309223017531
  ],
  "selected_features": [
    "K2O_wt",
    "SiO2_wt",
    "Al2O3_wt",
    "P2O5_tot_wt"
  ],
  "selected_models": [],
  "stacking_used": false,
  "stacked_model": true,
  "number_of_models": 1,
  "final_estimator": "svr",
  "final_estimator_params": {
    "svr_C": 9.858884843160283,
    "svr_epsilon": 0.5503829532712812
  },
  "model_params": {
    "svr": {
      "svr_C": 9.858884843160283,
      "svr_epsilon": 0.5503829532712812
    }
  },
  "use_random_split": true,
  "use_feature_selection": true,
  "model_name": "SVR-FS",
  "error_mean": 1.5298589932690172,
  "error_sdev": 3.174880298087684,
  "uncertainty_median": 4.97160886856874,
  "uncertainty_mad": 4.922460100184368,
  "uncertainty_measure": 99.01141120141011,
  "feature_importance": {
    "K2O_wt": 0.008296497820984764,
    "Fe2O3T_wt": 0.9542501920392571,
    "SiO2_wt": 0.3078626029340553,
    "Al2O3_wt": 0.06971560982416052
  }
}