{
  "y_test": [
    25.0,
    0.87,
    11.7,
    1.3,
    1.47,
    6.0,
    0.14,
    1.2,
    0.15,
    0.41,
    0.04,
    0.74,
    0.09,
    0.15,
    0.04,
    0.62,
    34.0,
    0.4,
    0.19,
    0.05,
    1.18,
    6.2,
    5.1,
    0.23,
    0.47,
    6.5,
    1.5,
    0.37,
    0.25,
    0.73,
    0.15,
    0.17,
    0.44,
    2.4,
    2.4,
    1.3,
    22.1,
    6.7,
    0.09,
    0.36,
    0.32,
    0.34,
    0.44,
    4.2,
    0.31
  ],
  "y_pred": [
    24.093267662553696,
    0.770118655901321,
    7.498078092212968,
    0.7443137423096566,
    0.7854793417083856,
    6.655956578225406,
    0.6854708767712003,
    0.6854708767712003,
    0.7659949611264779,
    0.6854708767712003,
    0.6854708767712003,
    0.7637981228915643,
    0.704955257353108,
    0.6854708767712003,
    0.6854708767712003,
    0.6854708767712003,
    28.609569346864415,
    0.6854708767712003,
    0.6854708767712003,
    17.60142296098875,
    0.7854793417083856,
    6.655956578225406,
    6.655956578225406,
    0.6854708767712003,
    0.6854708767712003,
    8.961900951957961,
    0.770118655901321,
    0.6854708767712003,
    0.6854708767712003,
    0.7443137423096566,
    0.6854708767712003,
    0.6854708767712003,
    0.6854708767712003,
    1.0403494925423944,
    1.1208735768976714,
    0.8506427402565986,
    27.70285128805621,
    7.498078092212968,
    0.6854708767712003,
    0.6854708767712003,
    0.704955257353108,
    0.6854708767712003,
    0.6854708767712003,
    7.498078092212968,
    0.6854708767712003
  ],
  "selected_features": [
    "K2O_wt",
    "Fe2O3T_wt",
    "SiO2_wt",
    "Al2O3_wt",
    "P2O5_tot_wt"
  ],
  "selected_models": [],
  "stacking_used": false,
  "stacked_model": true,
  "number_of_models": 1,
  "final_estimator": "rf",
  "final_estimator_params": {
    "rf_n_estimators": 61,
    "rf_max_depth": 2
  },
  "model_params": {
    "rf": {
      "rf_n_estimators": 61,
      "rf_max_depth": 2
    }
  },
  "use_random_split": true,
  "use_feature_selection": false,
  "model_name": "RF",
  "error_mean": -0.5681643893820225,
  "error_sdev": 3.027084654088598,
  "uncertainty_median": 9.665717049579062,
  "uncertainty_mad": 5.827495193487759,
  "uncertainty_measure": 60.290355734565445,
  "feature_importance": {
    "K2O_wt": 0.008271375697636639,
    "Fe2O3T_wt": 0.02014844843441983,
    "SiO2_wt": 0.6999059474863484,
    "Al2O3_wt": 0.04280458840534199,
    "P2O5_tot_wt": 0.2998044588360693
  }
}