{
  "y_test": [
    0.09,
    4.2,
    1.3,
    7.4,
    0.15,
    6.9,
    1.9,
    0.1,
    38.0,
    11.7,
    0.03,
    6.6,
    5.7,
    0.44,
    0.17,
    6.7,
    0.84,
    6.3,
    0.22,
    1.3,
    0.14,
    0.25,
    0.12,
    0.05,
    0.14,
    0.04,
    0.4,
    0.04,
    0.12,
    5.4,
    0.11,
    2.4,
    8.9,
    6.1,
    0.09,
    1.4,
    1.53,
    0.68,
    0.18,
    3.4,
    1.8,
    0.15,
    6.2,
    2.6,
    0.12
  ],
  "y_pred": [
    1.2788636363636365,
    7.046439393939392,
    0.4091714625368652,
    7.722020202020201,
    0.356227477847623,
    7.5059848484848475,
    1.3830603424353425,
    0.3489102500120159,
    4.400863636363637,
    10.27917929292929,
    0.215898684603538,
    7.012272727272726,
    6.29521212121212,
    0.2848266500181379,
    0.2307529910036655,
    7.881742424242423,
    0.2745647652666282,
    6.871545454545452,
    0.34190226198831614,
    1.650163780663781,
    0.508871801640094,
    0.27426460608687614,
    0.26615723305563477,
    0.3342203033032148,
    0.30855624415221067,
    0.28509555999097136,
    0.40395076794021706,
    0.2541806970761084,
    0.9250279819051004,
    4.426575757575757,
    0.4404753369936296,
    2.3296944444444447,
    5.827151515151515,
    5.065681818181817,
    0.5701355687626875,
    1.650163780663781,
    0.5784520389087028,
    0.394911672627726,
    0.2965548737094297,
    3.0827020202020203,
    5.904459595959594,
    0.3445627059378503,
    4.087472222222222,
    1.549584848484849,
    0.45765383679263516
  ],
  "selected_features": [
    "SiO2_wt",
    "P2O5_tot_wt"
  ],
  "selected_models": [],
  "stacking_used": false,
  "stacked_model": true,
  "number_of_models": 1,
  "final_estimator": "et",
  "final_estimator_params": {
    "et_n_estimators": 66,
    "et_max_depth": 10,
    "et_min_samples_split": 6,
    "et_min_samples_leaf": 1,
    "et_bootstrap": false
  },
  "model_params": {
    "et": {
      "et_n_estimators": 66,
      "et_max_depth": 10,
      "et_min_samples_split": 6,
      "et_min_samples_leaf": 1,
      "et_bootstrap": false
    }
  },
  "use_random_split": true,
  "use_feature_selection": true,
  "model_name": "ET-FS",
  "error_mean": 0.6676408969884725,
  "error_sdev": 5.137506510533667,
  "uncertainty_median": 6.030136363636362,
  "uncertainty_mad": 1.639062020170101,
  "uncertainty_measure": 27.181176698659183,
  "feature_importance": {
    "K2O_wt": 0.047480724469436936,
    "Fe2O3T_wt": 0.4089469898438371
  }
}