{
  "y_test": [
    0.52,
    2.7,
    0.47,
    7.0,
    1.3,
    1.53,
    0.25,
    4.2,
    6.7,
    1.9,
    0.21,
    0.25,
    0.22,
    0.19,
    1.0,
    0.27,
    0.17,
    6.9,
    8.7,
    1.4,
    0.36,
    1.44,
    0.14,
    24.5,
    0.19,
    0.19,
    6.0,
    4.2,
    1.47,
    0.03,
    6.2,
    1.18,
    0.57,
    0.29,
    6.2,
    3.4,
    1.9,
    0.04,
    1.3,
    0.23,
    5.1,
    0.84,
    1.2,
    6.5,
    0.09
  ],
  "y_pred": [
    0.2276846319437027,
    1.6108149290084839,
    0.37219229340553284,
    4.963775157928467,
    1.3972291946411133,
    0.43052372336387634,
    0.5053663849830627,
    5.5681610107421875,
    4.844971656799316,
    4.538690090179443,
    0.12939627468585968,
    0.1904933899641037,
    0.523094892501831,
    0.5509878993034363,
    1.299493670463562,
    0.8218546509742737,
    -0.23547980189323425,
    4.797067165374756,
    14.18911361694336,
    1.42182457447052,
    0.314485102891922,
    0.7424502372741699,
    -0.042824048548936844,
    25.386749267578125,
    0.010813687928020954,
    0.6056396961212158,
    3.440969228744507,
    25.15529441833496,
    0.5185651779174805,
    0.19890479743480682,
    4.034846782684326,
    0.4501764178276062,
    0.2961075007915497,
    0.07226533442735672,
    7.447854518890381,
    4.092921257019043,
    1.5146962404251099,
    0.14832909405231476,
    0.4690140187740326,
    0.3113285303115845,
    4.150952339172363,
    -0.13553813099861145,
    0.6519638299942017,
    13.941349983215332,
    0.58882075548172
  ],
  "selected_features": [
    "K2O_wt",
    "Fe2O3T_wt",
    "SiO2_wt",
    "Al2O3_wt",
    "P2O5_tot_wt"
  ],
  "selected_models": [],
  "stacking_used": false,
  "stacked_model": true,
  "number_of_models": 1,
  "final_estimator": "xgb",
  "final_estimator_params": {
    "xgb_n_estimators": 94,
    "xgb_lr": 0.1939161852479838,
    "xgb_max_depth": 8,
    "xgb_subsample": 0.9692529748946563,
    "xgb_colsample": 0.6503642680409119
  },
  "model_params": {
    "xgb": {
      "xgb_n_estimators": 94,
      "xgb_lr": 0.1939161852479838,
      "xgb_max_depth": 8,
      "xgb_subsample": 0.9692529748946563,
      "xgb_colsample": 0.6503642680409119
    }
  },
  "use_random_split": true,
  "use_feature_selection": true,
  "model_name": "XGB-FS",
  "error_mean": -0.5127420320784053,
  "error_sdev": 3.556789004563498,
  "uncertainty_median": 9.6634521484375,
  "uncertainty_mad": 5.427255153656006,
  "uncertainty_measure": 56.16269496955648,
  "feature_importance": {
    "K2O_wt": 0.19460479171026132,
    "Fe2O3T_wt": 0.0359504303309851,
    "SiO2_wt": -0.0013163334368807744,
    "Al2O3_wt": -0.05967177321062675,
    "P2O5_tot_wt": 0.6183620671375368
  }
}