{
  "y_test": [
    4.2,
    5.1,
    0.25,
    6.6,
    1.3,
    5.4,
    1.4,
    6.9,
    0.14,
    0.14,
    0.16,
    0.14,
    0.04,
    6.7,
    0.02,
    1.3,
    0.29,
    0.18,
    3.4,
    1.9,
    0.73,
    0.74,
    1.18,
    0.17,
    7.0,
    1.47,
    2.7,
    22.1,
    0.09,
    2.4,
    0.37,
    1.3,
    0.05,
    6.2,
    0.04,
    0.07,
    0.15,
    0.1,
    0.36,
    1.3,
    1.0,
    0.57,
    6.3,
    0.24,
    2.4
  ],
  "y_pred": [
    7.88078289942159,
    5.955867722733334,
    1.1740818267329658,
    9.981255489448685,
    2.088288076824199,
    5.607969468589012,
    3.8864606977483334,
    4.914070641310968,
    -2.0933443690321596,
    -2.603265113626364,
    2.5688316378069302,
    -0.8717021218137688,
    0.06688270681664221,
    6.807426452169558,
    0.07590113207930926,
    3.7338735842346154,
    -0.8359365825977889,
    0.5931414303815643,
    6.209105089992036,
    10.067720095414884,
    0.01506574460089638,
    1.5130577929871336,
    -0.16969435153154677,
    0.29023738230678475,
    9.69936352995051,
    0.05053093552009358,
    0.278598123419755,
    42.052730681753445,
    12.065487414375777,
    0.5454114569210518,
    0.7708525906081078,
    2.240308996713182,
    -0.2496380588616205,
    6.300672332191347,
    4.0903269010562795,
    -0.11521216193818873,
    1.7476776247749726,
    1.2136687478318038,
    0.571681322845663,
    4.514416747852177,
    3.374102747565061,
    0.34038505160074095,
    8.18512384182392,
    3.2966976821398006,
    -1.6549999690393378
  ],
  "selected_features": [
    "K2O_wt",
    "Fe2O3T_wt",
    "SiO2_wt",
    "Al2O3_wt",
    "P2O5_tot_wt"
  ],
  "selected_models": [],
  "stacking_used": false,
  "stacked_model": true,
  "number_of_models": 1,
  "final_estimator": "lr",
  "final_estimator_params": {},
  "model_params": {
    "lr": {}
  },
  "use_random_split": true,
  "use_feature_selection": false,
  "model_name": "LR",
  "error_mean": -1.36853919715783,
  "error_sdev": 3.9435044685942193,
  "uncertainty_median": 14.086348661280933,
  "uncertainty_mad": 9.178802165004951,
  "uncertainty_measure": 65.16097525141254,
  "feature_importance": {
    "K2O_wt": -0.00958922251875858,
    "Fe2O3T_wt": 0.30169971951491287,
    "SiO2_wt": 2.120966156527515,
    "Al2O3_wt": 0.2063754548627558,
    "P2O5_tot_wt": -0.056918494982178984
  }
}