{
  "y_test": [
    0.27,
    0.9,
    0.13,
    0.37,
    10.4,
    6.0,
    0.36,
    0.51,
    11.7,
    38.0,
    0.42,
    0.52,
    0.04,
    0.07,
    0.07,
    0.24,
    10.1,
    0.1,
    8.0,
    1.9,
    2.6,
    4.2,
    0.05,
    0.19,
    0.17,
    5.7,
    0.37,
    0.04,
    0.25,
    4.2,
    0.29,
    6.9,
    0.15,
    0.31,
    0.19,
    0.73,
    0.12,
    2.7,
    8.9,
    1.3,
    1.47,
    0.44,
    0.68,
    25.6,
    25.0
  ],
  "y_pred": [
    1.8404947916666676,
    0.9797557043650806,
    0.27874965249339095,
    0.336347516060812,
    6.599804687499995,
    5.3181250000000055,
    0.32964697975635476,
    0.2899960727079292,
    8.332890625,
    4.723164062499995,
    0.4480515873015869,
    0.29245757809079576,
    0.34384432287356237,
    0.2312720424107144,
    0.43684984785180125,
    0.2502041431704257,
    7.626210937499999,
    0.3555342720131929,
    5.901953125000003,
    3.9274999999999958,
    2.134056919642858,
    4.065156249999995,
    0.20711253720238104,
    0.2863868117559523,
    0.33522371761204484,
    4.436328124999999,
    0.4305288821569297,
    0.16944968312937048,
    0.3164836858168117,
    6.718164062500002,
    0.44036997767857095,
    1.088132812500001,
    0.3302246432738766,
    0.2553392251194985,
    0.3607320364883011,
    0.4609000069089138,
    0.9309342447916675,
    2.4585156249999995,
    4.959140625000001,
    1.3993281250000005,
    0.9382671906001996,
    0.33558583179430224,
    0.3387388649634169,
    23.629062500000018,
    24.865820312500013
  ],
  "selected_features": [
    "K2O_wt",
    "SiO2_wt",
    "P2O5_tot_wt"
  ],
  "selected_models": [],
  "stacking_used": false,
  "stacked_model": true,
  "number_of_models": 1,
  "final_estimator": "et",
  "final_estimator_params": {
    "et_n_estimators": 128,
    "et_max_depth": 12,
    "et_min_samples_split": 3,
    "et_min_samples_leaf": 1,
    "et_bootstrap": false
  },
  "model_params": {
    "et": {
      "et_n_estimators": 128,
      "et_max_depth": 12,
      "et_min_samples_split": 3,
      "et_min_samples_leaf": 1,
      "et_bootstrap": false
    }
  },
  "use_random_split": true,
  "use_feature_selection": true,
  "model_name": "ET-FS",
  "error_mean": 1.1537147634511682,
  "error_sdev": 5.121275283379209,
  "uncertainty_median": 5.976703869047615,
  "uncertainty_mad": 3.428172231139481,
  "uncertainty_measure": 57.35891063456284,
  "feature_importance": {
    "K2O_wt": -0.0035646885338905055,
    "Fe2O3T_wt": 0.4803431054696714,
    "SiO2_wt": 0.2543777670807699
  }
}