{
  "y_test": [
    0.52,
    2.7,
    0.47,
    7.0,
    1.3,
    1.53,
    0.25,
    4.2,
    6.7,
    1.9,
    0.21,
    0.25,
    0.22,
    0.19,
    1.0,
    0.27,
    0.17,
    6.9,
    8.7,
    1.4,
    0.36,
    1.44,
    0.14,
    24.5,
    0.19,
    0.19,
    6.0,
    4.2,
    1.47,
    0.03,
    6.2,
    1.18,
    0.57,
    0.29,
    6.2,
    3.4,
    1.9,
    0.04,
    1.3,
    0.23,
    5.1,
    0.84,
    1.2,
    6.5,
    0.09
  ],
  "y_pred": [
    -1.3993272451334067,
    3.5259132626618754,
    -1.1360318442519288,
    9.396263754262558,
    2.6520113706247637,
    -3.8949709349635735,
    0.8023571240605339,
    6.523500283146948,
    7.914257803479843,
    0.0827031289654453,
    0.36399980157891787,
    1.4152317563662393,
    -0.2008442521315808,
    -0.08452036192502882,
    -1.8104104925864763,
    2.270313220367466,
    0.8866054748981291,
    7.914257803479843,
    21.81306918614807,
    2.6520113706247637,
    -0.4057101653132534,
    -0.3210640716747821,
    0.2070529918592614,
    24.25201341876133,
    0.8239022162852302,
    0.7944323260296254,
    5.782667352509164,
    8.22762103994243,
    1.3541131856485307,
    -1.0409452083783122,
    7.6555839916949395,
    0.13285906142085102,
    -0.22901162185408613,
    0.36399980157891787,
    6.698234953840418,
    -0.20370430877775283,
    3.504365212794983,
    0.36399980157891787,
    -2.1341279565940114,
    1.8570971964070395,
    7.914257803479843,
    -0.6142961009890452,
    -0.29722247656952056,
    21.81306918614807,
    1.7254651787394644
  ],
  "selected_features": [
    "K2O_wt",
    "Fe2O3T_wt",
    "SiO2_wt",
    "Al2O3_wt",
    "P2O5_tot_wt"
  ],
  "selected_models": [],
  "stacking_used": false,
  "stacked_model": true,
  "number_of_models": 1,
  "final_estimator": "lgbm",
  "final_estimator_params": {
    "lgbm_num_leaves": 57,
    "lgbm_lr": 0.17678539809153132,
    "lgbm_n_estimators": 218
  },
  "model_params": {
    "lgbm": {
      "lgbm_num_leaves": 57,
      "lgbm_lr": 0.17678539809153132,
      "lgbm_n_estimators": 218
    }
  },
  "use_random_split": true,
  "use_feature_selection": false,
  "model_name": "LGBM",
  "error_mean": -0.6326898448498145,
  "error_sdev": 3.472667138650232,
  "uncertainty_median": 11.606119629262723,
  "uncertainty_mad": 6.244932641183334,
  "uncertainty_measure": 53.80723997913885,
  "feature_importance": {
    "K2O_wt": 0.9494294031843661,
    "Fe2O3T_wt": 0.22907035019518118,
    "SiO2_wt": -0.03249357973612652,
    "Al2O3_wt": 0.09540240894275552,
    "P2O5_tot_wt": 2.4166223525830257
  }
}