{
  "y_test": [
    0.57,
    0.04,
    0.19,
    4.2,
    0.19,
    0.34,
    6.3,
    29.4,
    0.04,
    0.73,
    25.0,
    0.02,
    6.7,
    8.9,
    0.1,
    0.56,
    0.14,
    0.4,
    0.41,
    0.14,
    31.8,
    0.23,
    0.19,
    34.0,
    1.9,
    0.52,
    0.36,
    1.3,
    10.4,
    0.87,
    2.6,
    0.24,
    0.44,
    0.09,
    0.13,
    0.68,
    5.1,
    0.04,
    3.4,
    1.18,
    0.18,
    25.8,
    0.17,
    6.1,
    0.25
  ],
  "y_pred": [
    0.8883595706019688,
    1.0241844760497005,
    0.1311509081200657,
    5.406295616531535,
    0.21548941305407981,
    0.5055361825755291,
    3.578533529585536,
    12.329757070552008,
    0.7433739919487993,
    0.5967920606936019,
    18.97069256830749,
    0.48888566430234814,
    5.176917099906302,
    2.535411941391899,
    0.5036736778778107,
    0.4284251890534292,
    0.19183799963135975,
    0.24033371577207432,
    0.7567027755446808,
    13.758139947510662,
    15.577072662080626,
    0.5630354580934197,
    0.4978217265921946,
    21.344265860753755,
    2.5872486570520126,
    0.22552796604360978,
    0.917798727920021,
    0.8664301747227744,
    8.063350316904334,
    0.7588715113365113,
    4.669256690005583,
    0.3766789621985404,
    0.3168744052937071,
    2.595599939710771,
    0.825180546249966,
    0.9629450171335621,
    4.073449753203916,
    0.19445869270937677,
    4.0488177555747145,
    0.678935634937354,
    0.26479950335073754,
    15.995563333988418,
    0.4607043350383401,
    4.627359652446947,
    0.7184693687112369
  ],
  "selected_features": [
    "SiO2_wt",
    "P2O5_tot_wt"
  ],
  "selected_models": [],
  "stacking_used": false,
  "stacked_model": true,
  "number_of_models": 1,
  "final_estimator": "knn",
  "final_estimator_params": {
    "knn_n": 19,
    "knn_weights": "distance"
  },
  "model_params": {
    "knn": {
      "knn_n": 19,
      "knn_weights": "distance"
    }
  },
  "feature_names": [
    "K2O_wt",
    "Fe2O3T_wt",
    "SiO2_wt",
    "Al2O3_wt",
    "P2O5_tot_wt"
  ],
  "use_random_split": true,
  "use_feature_selection": true,
  "model_name": "KNN-FS",
  "error_mean": 1.1479775544208155,
  "error_sdev": 4.883526301911473,
  "uncertainty_median": 5.122421065704671,
  "uncertainty_mad": 4.466339855195615,
  "uncertainty_measure": 87.19197031845718,
  "feature_importance": {
    "K2O_wt": 1.073578663105234,
    "Fe2O3T_wt": -0.0026152098981632333
  },
  "run": 5
}