{
  "y_test": [
    7.0,
    0.51,
    0.14,
    0.18,
    24.5,
    1.3,
    0.56,
    0.29,
    0.87,
    0.36,
    0.27,
    1.3,
    8.0,
    0.13,
    0.05,
    0.34,
    0.07,
    0.17,
    29.4,
    0.25,
    0.24,
    6.3,
    25.6,
    2.4,
    1.8,
    4.2,
    0.1,
    6.6,
    0.17,
    0.04,
    5.4,
    0.14,
    0.43,
    0.14,
    2.4,
    0.37,
    0.04,
    1.9,
    1.0,
    1.3,
    25.8,
    4.2,
    0.4,
    0.35,
    1.44
  ],
  "y_pred": [
    10.350715011470276,
    7.794299130718442,
    7.825883225408843,
    7.67221976533166,
    11.382573913237762,
    7.808247566374825,
    7.538080335117036,
    6.980241861375463,
    7.292678226999728,
    7.295490582338476,
    7.8899899288400865,
    8.30964373069912,
    9.82294776220009,
    7.691194130184411,
    6.551620883324562,
    7.581454797754927,
    6.450540523235874,
    7.2082913547112035,
    14.536655760192582,
    6.960136244800577,
    7.733918739913011,
    10.122359749570819,
    10.903661905461163,
    7.477617627658143,
    7.899478191561023,
    9.783236671789982,
    6.903352614843518,
    10.361294219340923,
    7.733496089513463,
    7.051630975528532,
    8.51232882224548,
    7.975125344465832,
    7.5588629068975886,
    6.692480856455871,
    7.111347740059481,
    7.5581267343723475,
    7.958619370560732,
    8.834742669084035,
    7.967821245838983,
    8.441142174564966,
    15.725493627628557,
    9.292930261228095,
    7.323015903474593,
    8.012055798753757,
    7.509298804188186
  ],
  "selected_features": [
    "K2O_wt",
    "Fe2O3T_wt",
    "SiO2_wt",
    "Al2O3_wt",
    "P2O5_tot_wt"
  ],
  "selected_models": [],
  "stacking_used": false,
  "stacked_model": true,
  "number_of_models": 1,
  "final_estimator": "svr",
  "final_estimator_params": {
    "svr_C": 7.080840367159226,
    "svr_epsilon": 0.001067305677417515
  },
  "model_params": {
    "svr": {
      "svr_C": 7.080840367159226,
      "svr_epsilon": 0.001067305677417515
    }
  },
  "use_random_split": true,
  "use_feature_selection": false,
  "model_name": "SVR",
  "error_mean": -4.643029861762556,
  "error_sdev": 5.8248683913858965,
  "uncertainty_median": 11.428577672440623,
  "uncertainty_mad": 3.3400449935711634,
  "uncertainty_measure": 29.225377726797056,
  "feature_importance": {
    "K2O_wt": 0.051823832717058683,
    "Fe2O3T_wt": -0.13081206088865607,
    "SiO2_wt": 0.30990857247429654,
    "Al2O3_wt": -0.03171208878356533,
    "P2O5_tot_wt": 0.37399836546575554
  }
}