{
  "y_test": [
    8.7,
    6.6,
    0.04,
    0.14,
    1.53,
    0.25,
    0.04,
    0.11,
    0.23,
    6.0,
    0.19,
    4.2,
    1.3,
    7.4,
    0.74,
    0.25,
    4.2,
    1.3,
    0.21,
    2.4,
    0.37,
    0.36,
    1.18,
    38.0,
    1.9,
    0.51,
    6.5,
    0.17,
    5.4,
    0.14,
    0.15,
    0.56,
    22.1,
    0.04,
    0.73,
    0.15,
    0.87,
    2.4,
    0.24,
    0.18,
    0.4,
    1.8,
    0.19,
    2.4,
    0.12
  ],
  "y_pred": [
    6.912778723358262,
    6.912778723358262,
    0.6785087291211325,
    0.6321432672737429,
    0.6321432672737429,
    0.6321432672737429,
    0.6321432672737429,
    0.6321432672737429,
    0.6321432672737429,
    6.5664012046783276,
    0.6321432672737429,
    0.8751988187329456,
    0.6785087291211325,
    6.912778723358262,
    0.6321432672737429,
    0.6321432672737429,
    6.5664012046783276,
    0.6321432672737429,
    0.6321432672737429,
    0.8751988187329456,
    0.6321432672737429,
    0.6321432672737429,
    0.6321432672737429,
    6.5664012046783276,
    0.8751988187329456,
    0.6321432672737429,
    6.912778723358262,
    0.6321432672737429,
    6.5664012046783276,
    0.6321432672737429,
    0.6321432672737429,
    0.6321432672737429,
    26.338780897817045,
    0.6321432672737429,
    0.6321432672737429,
    0.6321432672737429,
    0.6785087291211325,
    0.8751988187329456,
    0.6321432672737429,
    0.6321432672737429,
    0.6321432672737429,
    6.912778723358262,
    0.6321432672737429,
    0.8751988187329456,
    0.6321432672737429
  ],
  "selected_features": [
    "Fe2O3T_wt",
    "SiO2_wt",
    "P2O5_tot_wt"
  ],
  "selected_models": [],
  "stacking_used": false,
  "stacked_model": true,
  "number_of_models": 1,
  "final_estimator": "rf",
  "final_estimator_params": {
    "rf_n_estimators": 83,
    "rf_max_depth": 2
  },
  "model_params": {
    "rf": {
      "rf_n_estimators": 83,
      "rf_max_depth": 2
    }
  },
  "feature_names": [
    "K2O_wt",
    "Fe2O3T_wt",
    "SiO2_wt",
    "Al2O3_wt",
    "P2O5_tot_wt"
  ],
  "use_random_split": true,
  "use_feature_selection": true,
  "model_name": "RF-FS",
  "error_mean": 0.4898296037613146,
  "error_sdev": 4.903254112590525,
  "uncertainty_median": 6.912778723358262,
  "uncertainty_mad": 6.462343992348075,
  "uncertainty_measure": 93.48402792804335,
  "feature_importance": {
    "K2O_wt": 0.021419392807058592,
    "Fe2O3T_wt": 0.4941480929407588,
    "SiO2_wt": 0.39436353872481816
  },
  "run": 2
}