{
  "y_test": [
    0.23,
    0.22,
    0.4,
    6.9,
    8.9,
    0.4,
    0.62,
    0.15,
    7.4,
    0.02,
    0.04,
    0.12,
    0.14,
    10.4,
    0.04,
    1.3,
    0.42,
    6.5,
    1.53,
    0.14,
    1.3,
    0.14,
    25.6,
    0.1,
    0.51,
    0.32,
    4.2,
    0.16,
    0.4,
    6.2,
    0.73,
    11.7,
    0.11,
    6.3,
    2.4,
    0.21,
    0.14,
    2.7,
    1.5,
    6.1,
    0.04,
    10.1,
    24.5,
    0.09,
    0.87
  ],
  "y_pred": [
    1.7744344834934278,
    3.09620863557371,
    1.3680089998232763,
    4.151805869676734,
    4.3096306716414094,
    2.004705475856742,
    1.7838907725875188,
    2.8060330857424525,
    8.856169477248667,
    2.8392679551213984,
    2.5215908369667535,
    3.8679627169602018,
    3.726258770765046,
    6.818641027870221,
    0.7301387098177301,
    2.473069585242273,
    3.7590372380823336,
    9.660936747904689,
    3.3040119368891983,
    1.0227284476947371,
    3.07213764648602,
    2.051649264340364,
    11.586836756960293,
    2.0021072803141813,
    1.7914070186123912,
    1.4366813720007627,
    4.32562830748283,
    1.4207362503846301,
    2.6020135579882986,
    6.492570955338152,
    1.5962504770443378,
    5.8930318511522195,
    -0.15180408248447286,
    7.973081432330434,
    1.1518408246211571,
    0.1519189202635829,
    3.792574867642891,
    1.9852033429602276,
    1.362085134571302,
    4.614270056303399,
    2.394126354992256,
    10.045447009772165,
    12.022297378682321,
    6.243063113648323,
    2.971366047320524
  ],
  "selected_features": [
    "K2O_wt",
    "SiO2_wt",
    "Al2O3_wt",
    "P2O5_tot_wt"
  ],
  "selected_models": [],
  "stacking_used": false,
  "stacked_model": true,
  "number_of_models": 1,
  "final_estimator": "svr",
  "final_estimator_params": {
    "svr_C": 5.582829419632956,
    "svr_epsilon": 0.9745343866519339
  },
  "model_params": {
    "svr": {
      "svr_C": 5.582829419632956,
      "svr_epsilon": 0.9745343866519339
    }
  },
  "feature_names": [
    "K2O_wt",
    "Fe2O3T_wt",
    "SiO2_wt",
    "Al2O3_wt",
    "P2O5_tot_wt"
  ],
  "use_random_split": true,
  "use_feature_selection": true,
  "model_name": "SVR-FS",
  "error_mean": -0.38691227963749125,
  "error_sdev": 3.69905015443449,
  "uncertainty_median": 5.5326546471864155,
  "uncertainty_mad": 3.133106871519007,
  "uncertainty_measure": 56.62935916508582,
  "feature_importance": {
    "K2O_wt": -0.00392001284596597,
    "Fe2O3T_wt": 0.4918747574038147,
    "SiO2_wt": 0.20972629318621983,
    "Al2O3_wt": 0.20024855268460345
  },
  "run": 4
}