{
  "y_test": [
    8.9,
    0.19,
    0.34,
    0.37,
    6.9,
    0.12,
    0.19,
    34.0,
    0.51,
    0.52,
    1.3,
    0.32,
    0.1,
    1.44,
    0.21,
    0.15,
    6.7,
    3.8,
    6.9,
    0.1,
    1.47,
    0.14,
    0.04,
    0.17,
    0.04,
    6.3,
    0.11,
    0.07,
    0.68,
    0.19,
    0.4,
    0.17,
    0.37,
    2.7,
    0.02,
    0.04,
    0.07,
    0.73,
    0.24,
    0.35,
    1.2,
    0.43,
    0.15,
    0.4,
    25.8
  ],
  "y_pred": [
    1.0949369952417314,
    -2.429270205114051,
    0.37292788287708944,
    6.95199366758515,
    2.2034986638071032,
    6.134502055976029,
    -0.6057543310569358,
    25.435578377750023,
    1.2084166697217178,
    -1.635686791098152,
    4.555611802080236,
    -0.7724446317737446,
    0.3260251009542472,
    -1.7312101591875795,
    -3.149610291963775,
    2.7440867208184727,
    2.4092001294411887,
    5.387984459454223,
    -0.6823071450423157,
    0.5853340147814166,
    0.08927308065550221,
    -3.134165433729464,
    -0.5843171525835231,
    0.26153427038649113,
    -0.8377172414281908,
    5.615851709169139,
    -2.51689800125596,
    0.6834993474457818,
    0.08421502800672442,
    -1.4684612421224976,
    0.12742732092187836,
    1.6165039618535069,
    -0.00912428082715877,
    0.7965821999695137,
    0.09085245859664681,
    -1.1958629651059418,
    0.9046333666798532,
    -0.4486163231682134,
    -0.8641513891872208,
    4.807940954598717,
    1.234466300158818,
    -0.1083012240212824,
    0.8601835867338288,
    3.5600679477334936,
    25.201462169709057
  ],
  "selected_features": [
    "SiO2_wt",
    "Al2O3_wt"
  ],
  "selected_models": [],
  "stacking_used": false,
  "stacked_model": true,
  "number_of_models": 1,
  "final_estimator": "lr",
  "final_estimator_params": {},
  "model_params": {
    "lr": {}
  },
  "use_random_split": true,
  "use_feature_selection": true,
  "model_name": "LR-FS",
  "error_mean": 0.7148735236790762,
  "error_sdev": 3.0542818711089392,
  "uncertainty_median": 6.4961171076424975,
  "uncertainty_mad": 7.361793806021046,
  "uncertainty_measure": 113.32606361668118,
  "feature_importance": {
    "K2O_wt": 1.4999771707804481,
    "Fe2O3T_wt": 0.27894404522238736
  }
}