{
  "y_test": [
    11.7,
    0.31,
    0.36,
    0.25,
    25.6,
    2.4,
    0.19,
    0.41,
    0.11,
    0.14,
    0.29,
    0.37,
    0.05,
    1.3,
    0.16,
    0.12,
    0.15,
    0.35,
    0.19,
    0.34,
    0.13,
    1.44,
    1.44,
    0.4,
    34.0,
    0.52,
    4.5,
    1.3,
    6.9,
    0.02,
    1.2,
    1.9,
    4.2,
    6.1,
    0.12,
    8.0,
    0.74,
    6.3,
    0.17,
    0.4,
    0.27,
    0.04,
    1.4,
    24.5,
    0.27
  ],
  "y_pred": [
    7.520989447764259,
    10.246497219222224,
    0.7461977628294265,
    0.6512724149535073,
    27.023134328358214,
    1.1473741491618847,
    0.19271998998849324,
    0.5749972121746131,
    0.19058601526473948,
    20.082436984284733,
    0.9831643963254542,
    0.5224848108150209,
    0.7023379327550091,
    3.803064672338335,
    0.5515492412456552,
    1.4238657419940997,
    0.3569293504399866,
    0.9410998097003743,
    0.3570051796913721,
    0.7044559602215384,
    0.48035217341855274,
    0.6860899867246244,
    0.19058601526473948,
    0.8589101968453059,
    27.322388059701513,
    0.5163249032902563,
    4.210033005241768,
    4.124399805608661,
    0.7138533290905591,
    0.3411220429553752,
    0.6438056581588405,
    5.344640833161361,
    20.261496685777267,
    4.220172521247176,
    12.740525274062584,
    3.7211063862084615,
    0.7361017361298432,
    10.806830374872543,
    0.5874215815902515,
    0.2038068218118684,
    0.9436376550319213,
    1.0035922581723005,
    4.160777683445928,
    25.58917910447758,
    2.1086363623835296
  ],
  "selected_features": [
    "K2O_wt",
    "SiO2_wt"
  ],
  "selected_models": [],
  "stacking_used": false,
  "stacked_model": true,
  "number_of_models": 1,
  "final_estimator": "rf",
  "final_estimator_params": {
    "rf_n_estimators": 134,
    "rf_max_depth": 5
  },
  "model_params": {
    "rf": {
      "rf_n_estimators": 134,
      "rf_max_depth": 5
    }
  },
  "use_random_split": true,
  "use_feature_selection": true,
  "model_name": "RF-FS",
  "error_mean": -1.3375100683155945,
  "error_sdev": 4.828383165609406,
  "uncertainty_median": 4.332079291044776,
  "uncertainty_mad": 7.8253773855294515,
  "uncertainty_measure": 180.6379075679889,
  "feature_importance": {
    "K2O_wt": -0.06424694851296567,
    "Fe2O3T_wt": 1.638958501206395
  }
}