{
  "y_test": [
    0.19,
    0.04,
    1.44,
    5.4,
    0.12,
    0.35,
    0.47,
    0.19,
    10.4,
    6.7,
    0.16,
    0.04,
    0.25,
    0.27,
    34.0,
    0.04,
    2.4,
    0.04,
    6.9,
    0.21,
    4.2,
    0.34,
    0.43,
    6.3,
    6.2,
    3.4,
    4.5,
    0.12,
    1.4,
    31.8,
    0.62,
    1.0,
    0.07,
    0.57,
    0.68,
    2.6,
    0.07,
    0.18,
    1.5,
    0.15,
    0.04,
    0.04,
    0.17,
    0.15,
    0.05
  ],
  "y_pred": [
    -0.17542452068332892,
    -0.4310826844813427,
    -1.2855836309262472,
    5.629873985849915,
    -2.0619781831688577,
    4.964522198147225,
    0.3489183776138951,
    -0.38071782866957093,
    11.27501120558254,
    3.078076280095278,
    -0.28454436318980925,
    -0.8184254433536253,
    3.1305936334884947,
    3.6086050094900948,
    24.86600332200903,
    -0.4458678309127748,
    -0.07005226085073346,
    4.42134666955733,
    3.028762214759798,
    -2.7286815123301764,
    6.322492591777905,
    -0.050854413538907295,
    0.1929863985213771,
    5.690984199070076,
    0.025028838699995504,
    5.8716784042019015,
    3.5109839281235864,
    6.497155719564951,
    4.785310808725235,
    23.130813584304708,
    -0.07576370177727654,
    3.9000003064962954,
    0.6953861306591946,
    -0.303052795495816,
    0.9014390157606833,
    3.550927577062385,
    0.32467580604903645,
    0.2288371411467871,
    -0.9247282048286749,
    1.5170176477617687,
    -0.39042683561740077,
    3.0263933855743304,
    1.9866317689984534,
    0.5009790930768361,
    13.785494139244538
  ],
  "selected_features": [
    "K2O_wt",
    "SiO2_wt",
    "Al2O3_wt"
  ],
  "selected_models": [],
  "stacking_used": false,
  "stacked_model": true,
  "number_of_models": 1,
  "final_estimator": "lr",
  "final_estimator_params": {},
  "model_params": {
    "lr": {}
  },
  "use_random_split": true,
  "use_feature_selection": true,
  "model_name": "LR-FS",
  "error_mean": -0.09288322603531335,
  "error_sdev": 3.6874633024757233,
  "uncertainty_median": 6.7065295641250255,
  "uncertainty_mad": 6.6532976708783504,
  "uncertainty_measure": 99.20626767186077,
  "feature_importance": {
    "K2O_wt": 0.006310861056904416,
    "Fe2O3T_wt": 1.3918830224613432,
    "SiO2_wt": 0.2651913944102872
  }
}