{
  "y_test": [
    1.5,
    2.4,
    3.8,
    0.41,
    0.07,
    0.42,
    0.4,
    0.44,
    0.04,
    6.7,
    5.1,
    0.36,
    0.47,
    1.3,
    25.6,
    6.5,
    0.04,
    2.4,
    0.14,
    6.3,
    0.22,
    0.14,
    0.03,
    0.11,
    6.9,
    8.0,
    1.8,
    0.15,
    0.1,
    0.52,
    1.9,
    2.7,
    34.0,
    0.09,
    0.51,
    0.05,
    7.4,
    25.0,
    0.15,
    0.14,
    0.73,
    38.0,
    1.2,
    0.12,
    0.23
  ],
  "y_pred": [
    1.9140847312759934,
    0.907867310383191,
    7.941709837995223,
    1.6859061735159677,
    1.1097645222057033,
    0.30992402189721957,
    0.5680093864227844,
    0.025362269662568025,
    0.03059493654654931,
    5.387270295703204,
    8.794119765922337,
    0.1958517458667719,
    0.45904554943292225,
    0.17561322003033708,
    22.595394402126807,
    17.209382553862127,
    5.819893808639744,
    0.2906895599817248,
    0.8257938656646511,
    6.058978127520761,
    0.47868771431403845,
    0.6998892813482445,
    -0.147437692326628,
    0.6998892813482445,
    0.789084411734359,
    5.339391742455974,
    7.360608907830156,
    1.1677539042253582,
    0.6239842664617012,
    0.1459984907403954,
    2.1903900326565275,
    1.1197612013150078,
    22.599236537648423,
    1.7368040407688812,
    -0.529054693020446,
    6.6994542761279146,
    10.08455477261269,
    22.595394402126807,
    0.556391180033437,
    -0.15027614094982494,
    0.5736290725694951,
    13.410790453594071,
    2.129693892734265,
    0.7560669767938883,
    -0.37891718173999184
  ],
  "selected_features": [
    "K2O_wt",
    "Fe2O3T_wt",
    "SiO2_wt",
    "Al2O3_wt",
    "P2O5_tot_wt"
  ],
  "selected_models": [],
  "stacking_used": false,
  "stacked_model": true,
  "number_of_models": 1,
  "final_estimator": "lgbm",
  "final_estimator_params": {
    "lgbm_num_leaves": 55,
    "lgbm_lr": 0.13230231609046583,
    "lgbm_n_estimators": 131
  },
  "model_params": {
    "lgbm": {
      "lgbm_num_leaves": 55,
      "lgbm_lr": 0.13230231609046583,
      "lgbm_n_estimators": 131
    }
  },
  "use_random_split": true,
  "use_feature_selection": false,
  "model_name": "LGBM",
  "error_mean": 0.26051055075423174,
  "error_sdev": 4.944771343376275,
  "uncertainty_median": 10.886133453632409,
  "uncertainty_mad": 4.308860732844787,
  "uncertainty_measure": 39.58118602162677,
  "feature_importance": {
    "K2O_wt": 0.17347394789105536,
    "Fe2O3T_wt": -0.0005450562346627774,
    "SiO2_wt": 0.059191093108417435,
    "Al2O3_wt": 0.08694404643868457,
    "P2O5_tot_wt": 0.6837452142626362
  }
}