{
  "y_test": [
    1.3,
    4.2,
    0.09,
    25.6,
    6.9,
    2.6,
    0.04,
    31.8,
    0.52,
    0.34,
    1.4,
    0.37,
    0.12,
    0.12,
    0.4,
    1.8,
    0.15,
    0.14,
    0.19,
    6.2,
    1.4,
    6.0,
    6.3,
    0.04,
    0.15,
    0.04,
    0.17,
    1.9,
    6.5,
    0.09,
    1.3,
    0.32,
    2.4,
    4.5,
    0.11,
    6.7,
    0.13,
    0.1,
    0.84,
    25.0,
    25.8,
    0.18,
    0.47,
    0.37,
    0.43
  ],
  "y_pred": [
    1.6770000000000003,
    10.66,
    0.5599999999999999,
    23.259999999999998,
    8.01,
    1.1900000000000002,
    3.8250000000000006,
    31.929999999999996,
    0.242,
    0.986,
    1.7570000000000003,
    0.252,
    0.391,
    0.682,
    0.23700000000000002,
    22.18,
    0.689,
    0.327,
    0.24600000000000005,
    8.919999999999998,
    1.4670000000000003,
    3.88,
    10.690000000000001,
    0.261,
    0.151,
    0.14700000000000002,
    0.198,
    1.4420000000000002,
    9.28,
    0.7450000000000001,
    0.772,
    0.8720000000000001,
    3.4299999999999997,
    8.39,
    0.256,
    7.37,
    0.32999999999999996,
    0.26,
    0.24999999999999994,
    20.56,
    24.27,
    0.11400000000000002,
    0.27799999999999997,
    0.31299999999999994,
    0.1
  ],
  "selected_features": [
    "Fe2O3T_wt",
    "SiO2_wt",
    "Al2O3_wt",
    "P2O5_tot_wt"
  ],
  "selected_models": [],
  "stacking_used": false,
  "stacked_model": true,
  "number_of_models": 1,
  "final_estimator": "rf",
  "final_estimator_params": {
    "rf_n_estimators": 10,
    "rf_max_depth": 18
  },
  "model_params": {
    "rf": {
      "rf_n_estimators": 10,
      "rf_max_depth": 18
    }
  },
  "use_random_split": true,
  "use_feature_selection": true,
  "model_name": "RF-FS",
  "error_mean": -0.8517111111111108,
  "error_sdev": 3.4663341955956235,
  "uncertainty_median": 13.280000000000001,
  "uncertainty_mad": 5.948936983333332,
  "uncertainty_measure": 44.796212223895566,
  "feature_importance": {
    "K2O_wt": 0.3131135354954056,
    "Fe2O3T_wt": 0.6520061759861426,
    "SiO2_wt": 0.008517709651689975,
    "Al2O3_wt": 1.2154849648774724
  }
}