{
  "y_test": [
    0.27,
    22.1,
    0.41,
    6.2,
    1.47,
    1.0,
    0.04,
    0.14,
    6.1,
    2.4,
    0.09,
    0.02,
    1.9,
    5.4,
    0.19,
    1.3,
    0.17,
    6.9,
    2.4,
    0.05,
    0.4,
    0.15,
    0.17,
    0.4,
    0.73,
    0.21,
    0.15,
    0.04,
    10.4,
    0.87,
    0.07,
    0.9,
    3.8,
    0.18,
    0.34,
    1.8,
    0.56,
    25.0,
    25.6,
    0.14,
    0.14,
    0.04,
    1.3,
    0.14,
    0.21
  ],
  "y_pred": [
    0.4040829822537016,
    27.580243902439054,
    0.6150164269065801,
    7.393585013902094,
    1.185939849873628,
    1.2899710392384358,
    0.2658230597829662,
    0.18482507070375986,
    5.117128997289973,
    1.1146525034480963,
    0.46523044307802086,
    3.3275665663604648,
    6.450792953929535,
    7.24874909020519,
    0.17058177490668197,
    1.4423156153682968,
    0.22519828141086665,
    1.6481451714832283,
    3.6991083742354443,
    15.035686953155235,
    0.4199517867259326,
    0.6613225177762521,
    0.30386415181693965,
    0.2072674082190179,
    0.4973157643685968,
    0.3674041457979669,
    0.7127226522588035,
    0.31390269320434766,
    12.973901858304288,
    1.2204101786319919,
    1.0360702632490488,
    1.372381883995254,
    5.08659427022842,
    0.2805580490468879,
    0.34056429177564534,
    8.682523035230354,
    0.5590026158143633,
    23.226853658536594,
    25.95721951219514,
    1.762214775617254,
    0.3150960189395987,
    0.5139567979705054,
    0.8235500772803536,
    2.2314032718142354,
    0.9605510455598165
  ],
  "selected_features": [
    "K2O_wt",
    "Fe2O3T_wt",
    "SiO2_wt",
    "Al2O3_wt",
    "P2O5_tot_wt"
  ],
  "selected_models": [],
  "stacking_used": false,
  "stacked_model": true,
  "number_of_models": 1,
  "final_estimator": "et",
  "final_estimator_params": {
    "et_n_estimators": 205,
    "et_max_depth": 9,
    "et_min_samples_split": 5,
    "et_min_samples_leaf": 1,
    "et_bootstrap": false
  },
  "model_params": {
    "et": {
      "et_n_estimators": 205,
      "et_max_depth": 9,
      "et_min_samples_split": 5,
      "et_min_samples_leaf": 1,
      "et_bootstrap": false
    }
  },
  "use_random_split": true,
  "use_feature_selection": false,
  "model_name": "ET",
  "error_mean": -0.9644721509850859,
  "error_sdev": 2.822861212338118,
  "uncertainty_median": 15.347957026713125,
  "uncertainty_mad": 5.253313259791147,
  "uncertainty_measure": 34.22809466203061,
  "feature_importance": {
    "K2O_wt": 0.021352883756948313,
    "Fe2O3T_wt": -0.010009750783845259,
    "SiO2_wt": 0.8414406917234228,
    "Al2O3_wt": 0.07791001598741093,
    "P2O5_tot_wt": 0.4772944415120986
  }
}