{
  "y_test": [
    11.7,
    6.6,
    3.8,
    0.04,
    0.15,
    0.04,
    2.4,
    8.7,
    6.7,
    24.5,
    1.9,
    1.4,
    2.7,
    0.24,
    0.14,
    3.4,
    34.0,
    0.04,
    0.04,
    4.2,
    0.15,
    1.47,
    0.18,
    0.37,
    7.4,
    0.19,
    0.04,
    25.6,
    0.34,
    1.5,
    0.15,
    1.53,
    0.09,
    0.35,
    0.05,
    0.14,
    0.37,
    4.2,
    1.44,
    25.6,
    0.23,
    0.57,
    0.43,
    0.17,
    0.17
  ],
  "y_pred": [
    9.51192932890202,
    7.347563042240672,
    5.9816755907970816,
    3.060567938288152,
    1.355489186330658,
    -0.33457306036553547,
    -0.041717298998040775,
    9.14678195634189,
    3.442646999464607,
    20.916764361664455,
    3.9888311929859626,
    4.754792602127644,
    1.4820413915372939,
    -0.6396028094619588,
    -2.886090674664729,
    6.109392763440841,
    24.677493939529608,
    -0.6491711546684051,
    -0.5195622499017354,
    6.9606420234508946,
    0.49325997570684876,
    0.7576988467140637,
    2.089453557822143,
    0.48987003249050076,
    8.945361735979336,
    -0.5331972641073612,
    4.4420643831115285,
    24.932803597373223,
    0.39758990376016357,
    -0.7961214774830871,
    3.1436925210944686,
    5.061853885467883,
    1.2728413298696708,
    4.982598249260008,
    13.776371746536134,
    2.9278357811710194,
    0.36307458256776926,
    6.546957705503573,
    -1.4517721118986522,
    20.79277491179567,
    1.2126083999376291,
    -0.20563358441782853,
    0.06602381163694204,
    1.9950471143716833,
    -0.5735530075899717
  ],
  "selected_features": [
    "K2O_wt",
    "SiO2_wt",
    "Al2O3_wt"
  ],
  "selected_models": [],
  "stacking_used": false,
  "stacked_model": true,
  "number_of_models": 1,
  "final_estimator": "lr",
  "final_estimator_params": {},
  "model_params": {
    "lr": {}
  },
  "feature_names": [
    "K2O_wt",
    "Fe2O3T_wt",
    "SiO2_wt",
    "Al2O3_wt",
    "P2O5_tot_wt"
  ],
  "use_random_split": true,
  "use_feature_selection": true,
  "model_name": "LR-FS",
  "error_mean": -0.4305644376825495,
  "error_sdev": 3.327312846891824,
  "uncertainty_median": 6.881641518425495,
  "uncertainty_mad": 6.8900844871892915,
  "uncertainty_measure": 100.12268829669767,
  "feature_importance": {
    "K2O_wt": 0.008945951979558747,
    "Fe2O3T_wt": 1.2713675005859448,
    "SiO2_wt": 0.18777013712150611
  },
  "run": 3
}