{
  "y_test": [
    0.31,
    0.22,
    0.04,
    0.4,
    0.37,
    3.8,
    22.1,
    0.18,
    25.6,
    0.57,
    0.21,
    0.14,
    1.3,
    0.07,
    0.32,
    0.27,
    6.9,
    25.8,
    0.27,
    0.87,
    0.51,
    0.17,
    0.1,
    0.23,
    0.44,
    0.29,
    0.11,
    0.19,
    6.0,
    1.3,
    0.43,
    0.15,
    24.5,
    0.12,
    4.2,
    0.34,
    0.17,
    0.14,
    7.0,
    0.9,
    0.18,
    0.74,
    1.5,
    0.16,
    0.09
  ],
  "y_pred": [
    0.19202107191085815,
    0.30112892389297485,
    0.24460579454898834,
    0.5403679609298706,
    0.4287652373313904,
    5.1273884773254395,
    18.361366271972656,
    0.370022177696228,
    22.94173240661621,
    0.4959005117416382,
    1.303887128829956,
    0.3497612178325653,
    1.4276624917984009,
    0.18156401813030243,
    0.6945800185203552,
    1.5519611835479736,
    1.0812386274337769,
    25.760936737060547,
    0.14802186191082,
    1.5155737400054932,
    0.6610268950462341,
    0.32756057381629944,
    0.45007091760635376,
    0.4060325622558594,
    0.10486835986375809,
    0.3241569995880127,
    1.524580478668213,
    0.3574793040752411,
    5.386743068695068,
    1.3908637762069702,
    0.3509736657142639,
    1.139630675315857,
    22.831567764282227,
    4.6988844871521,
    2.482278347015381,
    0.3914298117160797,
    0.46248629689216614,
    0.20624412596225739,
    6.728181838989258,
    1.2108606100082397,
    0.08073990792036057,
    0.5935874581336975,
    0.6117180585861206,
    2.7066287994384766,
    0.6813843846321106
  ],
  "selected_features": [
    "K2O_wt",
    "Fe2O3T_wt",
    "Al2O3_wt",
    "P2O5_tot_wt"
  ],
  "selected_models": [],
  "stacking_used": false,
  "stacked_model": true,
  "number_of_models": 1,
  "final_estimator": "xgb",
  "final_estimator_params": {
    "xgb_n_estimators": 218,
    "xgb_lr": 0.17047607303404846,
    "xgb_max_depth": 5,
    "xgb_subsample": 0.8942640114708643,
    "xgb_colsample": 0.9468376582655543
  },
  "model_params": {
    "xgb": {
      "xgb_n_estimators": 218,
      "xgb_lr": 0.17047607303404846,
      "xgb_max_depth": 5,
      "xgb_subsample": 0.8942640114708643,
      "xgb_colsample": 0.9468376582655543
    }
  },
  "use_random_split": true,
  "use_feature_selection": true,
  "model_name": "XGB-FS",
  "error_mean": 0.012700777186287879,
  "error_sdev": 1.4969849284086933,
  "uncertainty_median": 14.380682945251465,
  "uncertainty_mad": 5.262397766113281,
  "uncertainty_measure": 36.59351774980156,
  "feature_importance": {
    "K2O_wt": 0.15154824487540436,
    "Fe2O3T_wt": 0.09758321230801803,
    "SiO2_wt": 0.17072476444598678,
    "Al2O3_wt": 0.9594791841406792
  }
}