{
  "y_test": [
    6.5,
    1.47,
    2.4,
    1.9,
    0.14,
    10.1,
    0.05,
    1.4,
    38.0,
    6.9,
    0.37,
    0.56,
    0.27,
    1.3,
    0.07,
    4.2,
    0.19,
    0.15,
    22.1,
    0.22,
    0.47,
    0.31,
    0.36,
    1.3,
    0.12,
    0.37,
    0.18,
    0.04,
    0.57,
    0.19,
    1.53,
    0.05,
    34.0,
    8.0,
    2.4,
    8.7,
    0.16,
    6.3,
    0.14,
    0.04,
    1.2,
    0.15,
    0.44,
    0.14,
    0.21
  ],
  "y_pred": [
    5.8708648681640625,
    1.5999414920806885,
    0.8504747748374939,
    2.0802218914031982,
    0.3180638551712036,
    6.023964881896973,
    22.0578670501709,
    1.2946308851242065,
    5.308374404907227,
    4.838111400604248,
    1.2379487752914429,
    0.0546143613755703,
    0.5687723159790039,
    1.3435603380203247,
    0.7417284250259399,
    3.1425483226776123,
    0.23940309882164001,
    1.575263500213623,
    30.29048728942871,
    0.5289701819419861,
    0.3516075611114502,
    1.5719672441482544,
    0.21995727717876434,
    0.25870758295059204,
    0.15012718737125397,
    0.4653361141681671,
    0.013207814656198025,
    0.24152450263500214,
    0.2547329068183899,
    0.3668893873691559,
    -0.21603359282016754,
    -0.07345367223024368,
    29.77799415588379,
    6.546864032745361,
    2.1492414474487305,
    5.912351131439209,
    0.07683943212032318,
    5.785658836364746,
    1.442338228225708,
    0.14817777276039124,
    0.12894734740257263,
    0.24647432565689087,
    0.2425127774477005,
    5.605713367462158,
    0.23590639233589172
  ],
  "selected_features": [
    "K2O_wt",
    "Fe2O3T_wt",
    "SiO2_wt",
    "Al2O3_wt",
    "P2O5_tot_wt"
  ],
  "selected_models": [],
  "stacking_used": false,
  "stacked_model": true,
  "number_of_models": 1,
  "final_estimator": "xgb",
  "final_estimator_params": {
    "xgb_n_estimators": 126,
    "xgb_lr": 0.2858586281487123,
    "xgb_max_depth": 6,
    "xgb_subsample": 0.8498098934640175,
    "xgb_colsample": 0.9396943798688516
  },
  "model_params": {
    "xgb": {
      "xgb_n_estimators": 126,
      "xgb_lr": 0.2858586281487123,
      "xgb_max_depth": 6,
      "xgb_subsample": 0.8498098934640175,
      "xgb_colsample": 0.9396943798688516
    }
  },
  "use_random_split": true,
  "use_feature_selection": false,
  "model_name": "XGB",
  "error_mean": 0.30645774058252556,
  "error_sdev": 6.236445652528064,
  "uncertainty_median": 8.877479553222656,
  "uncertainty_mad": 6.897471904754639,
  "uncertainty_measure": 77.69628601679803,
  "feature_importance": {
    "K2O_wt": -0.002445025256700093,
    "Fe2O3T_wt": 0.01944939374808325,
    "SiO2_wt": 0.4366932220589282,
    "Al2O3_wt": 0.03383948142078053,
    "P2O5_tot_wt": 0.17464099198660474
  }
}