{
  "y_test": [
    0.03,
    1.3,
    0.23,
    0.04,
    1.9,
    0.36,
    2.4,
    1.18,
    0.37,
    0.41,
    38.0,
    0.02,
    11.7,
    2.4,
    0.35,
    25.8,
    0.07,
    0.1,
    0.52,
    6.9,
    24.5,
    0.14,
    0.27,
    0.4,
    0.29,
    8.0,
    2.7,
    0.68,
    0.25,
    0.12,
    0.14,
    3.4,
    1.44,
    1.8,
    1.5,
    1.4,
    0.37,
    0.34,
    0.57,
    1.3,
    8.7,
    6.7,
    29.4,
    0.14,
    0.43
  ],
  "y_pred": [
    -0.1371524689799699,
    4.559615283516688,
    0.767301372372593,
    -0.43132370810972986,
    3.588493596354006,
    0.4831873596377818,
    0.34667134117330534,
    -0.17091309506606933,
    0.3900459993475067,
    1.5693926573445793,
    5.871005466420897,
    -0.24002066243134834,
    10.061943528822532,
    -0.8452380097539987,
    4.775653307530728,
    16.402121845159677,
    1.812249799806203,
    0.5207720677459093,
    -1.0800498092684734,
    2.8394129883522794,
    20.179522674373107,
    4.938222608663317,
    3.9256707948742005,
    3.858690633374202,
    -1.122817420678949,
    2.9557380684951085,
    -0.013351440517851643,
    -0.1322801620242089,
    1.1834005653718336,
    1.0930924207930985,
    -2.1728516515606486,
    5.716705428351737,
    -1.694006524068918,
    1.2539151556917432,
    -1.3069859776702657,
    3.802546102089824,
    0.6501011629529998,
    2.752530824034487,
    0.16707778478546942,
    4.391705379749695,
    7.781557244918716,
    2.6053854169551514,
    12.761108950540532,
    -0.34379542225159554,
    0.8131534055433107
  ],
  "selected_features": [
    "K2O_wt",
    "Fe2O3T_wt",
    "SiO2_wt",
    "Al2O3_wt"
  ],
  "selected_models": [],
  "stacking_used": false,
  "stacked_model": true,
  "number_of_models": 1,
  "final_estimator": "lr",
  "final_estimator_params": {},
  "model_params": {
    "lr": {}
  },
  "use_random_split": true,
  "use_feature_selection": true,
  "model_name": "LR-FS",
  "error_mean": 1.4207287803830846,
  "error_sdev": 5.9458816051753836,
  "uncertainty_median": 4.014911481543834,
  "uncertainty_mad": 7.663183757635543,
  "uncertainty_measure": 190.8680625429096,
  "feature_importance": {
    "K2O_wt": 0.008957377059883665,
    "Fe2O3T_wt": 0.0040349065183914725,
    "SiO2_wt": 1.2063787344736208,
    "Al2O3_wt": 0.11840938945309681
  }
}