{
  "y_test": [
    8.7,
    6.6,
    0.04,
    0.14,
    1.53,
    0.25,
    0.04,
    0.11,
    0.23,
    6.0,
    0.19,
    4.2,
    1.3,
    7.4,
    0.74,
    0.25,
    4.2,
    1.3,
    0.21,
    2.4,
    0.37,
    0.36,
    1.18,
    38.0,
    1.9,
    0.51,
    6.5,
    0.17,
    5.4,
    0.14,
    0.15,
    0.56,
    22.1,
    0.04,
    0.73,
    0.15,
    0.87,
    2.4,
    0.24,
    0.18,
    0.4,
    1.8,
    0.19,
    2.4,
    0.12
  ],
  "y_pred": [
    8.421799307958453,
    6.797128027681657,
    1.041982616576041,
    0.3984712473224593,
    0.3213222207435014,
    0.31915093096061903,
    0.3530815433125122,
    0.3213840830449821,
    0.3343678530235623,
    5.093771626297567,
    0.4689282006920403,
    4.157854671280276,
    1.3810149942329861,
    7.370242214532865,
    1.0097884330202673,
    0.17165132757477092,
    5.53460207612455,
    1.248972318339096,
    0.4559387872796189,
    2.8725605536332197,
    0.2963326742461686,
    0.3165548278134777,
    0.6474394463667836,
    5.180449826989624,
    5.071453287197245,
    0.35825308947108336,
    8.43564013840828,
    0.32345182513564935,
    4.835051903114181,
    0.8006079873125713,
    0.23540873731228423,
    0.44661072664359985,
    27.254671280276902,
    0.19749499505684584,
    0.8259816279452975,
    0.4968316856154233,
    1.429065743944634,
    2.26878892733564,
    0.462964244521338,
    0.3314674372628522,
    0.4533126544735553,
    5.926989619377183,
    0.1959828320468457,
    3.1246020761245727,
    0.8373414071510968
  ],
  "selected_features": [
    "K2O_wt",
    "Fe2O3T_wt",
    "SiO2_wt",
    "Al2O3_wt",
    "P2O5_tot_wt"
  ],
  "selected_models": [],
  "stacking_used": false,
  "stacked_model": true,
  "number_of_models": 1,
  "final_estimator": "et",
  "final_estimator_params": {
    "et_n_estimators": 289,
    "et_max_depth": 15,
    "et_min_samples_split": 2,
    "et_min_samples_leaf": 1,
    "et_bootstrap": false
  },
  "model_params": {
    "et": {
      "et_n_estimators": 289,
      "et_max_depth": 15,
      "et_min_samples_split": 2,
      "et_min_samples_leaf": 1,
      "et_bootstrap": false
    }
  },
  "feature_names": [
    "K2O_wt",
    "Fe2O3T_wt",
    "SiO2_wt",
    "Al2O3_wt",
    "P2O5_tot_wt"
  ],
  "use_random_split": true,
  "use_feature_selection": false,
  "model_name": "ET",
  "error_mean": 0.30807195478279603,
  "error_sdev": 5.087491446571274,
  "uncertainty_median": 13.417231833910048,
  "uncertainty_mad": 5.727073027128481,
  "uncertainty_measure": 42.68446053569828,
  "feature_importance": {
    "K2O_wt": -0.002374489516395202,
    "Fe2O3T_wt": 0.0146117500439703,
    "SiO2_wt": 0.21423057907402548,
    "Al2O3_wt": -0.0028768091322100044,
    "P2O5_tot_wt": 0.3492136991600549
  },
  "run": 2
}