{
  "y_test": [
    1.3,
    24.5,
    0.51,
    0.25,
    0.04,
    6.2,
    1.53,
    0.17,
    0.07,
    0.1,
    0.19,
    1.4,
    0.04,
    10.4,
    0.18,
    0.36,
    0.09,
    0.14,
    0.27,
    0.14,
    0.07,
    0.22,
    6.9,
    0.14,
    0.05,
    0.15,
    2.4,
    31.8,
    0.29,
    1.44,
    38.0,
    1.5,
    0.12,
    1.18,
    0.14,
    0.29,
    6.2,
    1.2,
    2.4,
    1.3,
    1.9,
    2.7,
    1.8,
    6.5,
    8.7
  ],
  "y_pred": [
    0.27749999999999997,
    28.5,
    0.2575,
    0.1575,
    0.2875,
    2.8475,
    0.28500000000000003,
    0.16,
    2.8475,
    0.2225,
    0.0975,
    1.125,
    0.1875,
    5.4875,
    0.16,
    0.77,
    0.21999999999999997,
    0.2325,
    0.3175,
    0.2175,
    0.265,
    0.48,
    0.99,
    1.325,
    0.1325,
    0.17500000000000002,
    0.44999999999999996,
    27.55,
    0.6749999999999999,
    2.8475,
    2.7324999999999995,
    0.4125,
    0.1325,
    0.6275,
    0.48,
    0.44499999999999995,
    4.0,
    0.4925,
    0.95,
    5.35,
    7.0,
    0.6425000000000001,
    0.8075,
    6.1475,
    6.1475
  ],
  "selected_features": [
    "K2O_wt",
    "SiO2_wt",
    "Al2O3_wt",
    "P2O5_tot_wt"
  ],
  "selected_models": [],
  "stacking_used": false,
  "stacked_model": true,
  "number_of_models": 1,
  "final_estimator": "knn",
  "final_estimator_params": {
    "knn_n": 4,
    "knn_weights": "uniform"
  },
  "model_params": {
    "knn": {
      "knn_n": 4,
      "knn_weights": "uniform"
    }
  },
  "use_random_split": true,
  "use_feature_selection": true,
  "model_name": "KNN-FS",
  "error_mean": 1.0967777777777776,
  "error_sdev": 5.591358303379214,
  "uncertainty_median": 3.5149999999999997,
  "uncertainty_mad": 5.830207208333334,
  "uncertainty_measure": 165.86649241346612,
  "feature_importance": {
    "K2O_wt": -0.00046949004167202936,
    "Fe2O3T_wt": 0.900892619644477,
    "SiO2_wt": 0.0182325938530484,
    "Al2O3_wt": 0.009204849690236832
  }
}