{
  "y_test": [
    6.5,
    1.47,
    2.4,
    1.9,
    0.14,
    10.1,
    0.05,
    1.4,
    38.0,
    6.9,
    0.37,
    0.56,
    0.27,
    1.3,
    0.07,
    4.2,
    0.19,
    0.15,
    22.1,
    0.22,
    0.47,
    0.31,
    0.36,
    1.3,
    0.12,
    0.37,
    0.18,
    0.04,
    0.57,
    0.19,
    1.53,
    0.05,
    34.0,
    8.0,
    2.4,
    8.7,
    0.16,
    6.3,
    0.14,
    0.04,
    1.2,
    0.15,
    0.44,
    0.14,
    0.21
  ],
  "y_pred": [
    4.9725,
    0.5549999999999999,
    0.35,
    2.225,
    0.2325,
    5.2725,
    22.325,
    3.4,
    2.84,
    5.125,
    3.54,
    0.2,
    0.89,
    2.475,
    4.22,
    5.025,
    0.36250000000000004,
    2.7875,
    27.200000000000003,
    0.48,
    0.3125,
    1.2725,
    0.16250000000000003,
    0.41000000000000003,
    0.16499999999999998,
    0.48,
    0.1625,
    0.2875,
    0.355,
    0.225,
    0.3175,
    0.55,
    26.875,
    3.5500000000000003,
    2.6225,
    4.9725,
    0.55,
    1.2025,
    0.7625000000000001,
    0.37,
    1.1150000000000002,
    0.0875,
    0.3275,
    0.47000000000000003,
    0.495
  ],
  "selected_features": [
    "K2O_wt",
    "Fe2O3T_wt",
    "SiO2_wt",
    "Al2O3_wt",
    "P2O5_tot_wt"
  ],
  "selected_models": [],
  "stacking_used": false,
  "stacked_model": true,
  "number_of_models": 1,
  "final_estimator": "knn",
  "final_estimator_params": {
    "knn_n": 4,
    "knn_weights": "uniform"
  },
  "model_params": {
    "knn": {
      "knn_n": 4,
      "knn_weights": "uniform"
    }
  },
  "use_random_split": true,
  "use_feature_selection": false,
  "model_name": "KNN",
  "error_mean": 0.5129444444444445,
  "error_sdev": 6.633932342186424,
  "uncertainty_median": 4.95,
  "uncertainty_mad": 8.589093770833333,
  "uncertainty_measure": 173.51704587542088,
  "feature_importance": {
    "K2O_wt": -0.01848927557161346,
    "Fe2O3T_wt": -0.08993281493525931,
    "SiO2_wt": 0.8181574445241054,
    "Al2O3_wt": -0.012597134934027672,
    "P2O5_tot_wt": 0.0038151998689140774
  }
}