{
  "y_test": [
    8.7,
    1.3,
    0.52,
    0.57,
    1.4,
    0.1,
    0.23,
    0.51,
    0.19,
    0.44,
    0.27,
    0.41,
    0.09,
    0.34,
    0.35,
    0.46,
    0.14,
    0.4,
    0.14,
    0.07,
    0.21,
    0.43,
    1.53,
    0.42,
    2.7,
    0.68,
    8.0,
    10.4,
    0.04,
    2.4,
    2.4,
    0.15,
    0.19,
    0.47,
    0.24,
    5.1,
    0.04,
    0.37,
    0.18,
    2.4,
    5.4,
    7.4,
    0.14,
    4.5,
    0.13
  ],
  "y_pred": [
    7.815926395147285,
    4.651745652635859,
    -0.41168913069488083,
    -0.19129233501662152,
    5.185853541865118,
    0.3009840952130228,
    1.2179712636651938,
    1.461137516272421,
    0.2774053255437304,
    -0.14393653075290763,
    2.9668398694936373,
    2.3882247978469398,
    2.0898651384547415,
    -0.14568362649145356,
    3.5232506540138813,
    1.585870886199945,
    2.004316718198279,
    0.5335917938282086,
    -1.1530643911091316,
    -0.71031428396394,
    2.2413147800758946,
    0.40327693566660444,
    4.1736037535078685,
    5.8551176104474845,
    2.154213744250537,
    2.677985611330686,
    4.645299217252681,
    10.744835866528677,
    3.2593621848275918,
    0.47959973927384497,
    2.343651535124236,
    2.865686120804427,
    2.443666909059111,
    0.3749155642733875,
    -0.9497824418507073,
    6.34470331040222,
    -0.030129397814432746,
    5.8528373586219455,
    0.7078029555783256,
    1.0731050950256724,
    5.546147163455055,
    7.6418213517617595,
    0.20492432399836763,
    6.507882453404407,
    2.124844443569038
  ],
  "selected_features": [
    "K2O_wt",
    "SiO2_wt"
  ],
  "selected_models": [],
  "stacking_used": false,
  "stacked_model": true,
  "number_of_models": 1,
  "final_estimator": "ann",
  "final_estimator_params": {
    "ann_hidden": 74,
    "ann_alpha": 0.0001527192376379294
  },
  "model_params": {
    "ann": {
      "ann_hidden": 74,
      "ann_alpha": 0.0001527192376379294
    }
  },
  "use_random_split": true,
  "use_feature_selection": true,
  "model_name": "ANN-FS",
  "error_mean": -0.8974153230872001,
  "error_sdev": 1.8608462378038426,
  "uncertainty_median": 1.9520059530415101,
  "uncertainty_mad": 3.8378304320185563,
  "uncertainty_measure": 196.6095659717972,
  "feature_importance": {
    "K2O_wt": 0.41872602614550575,
    "Fe2O3T_wt": 2.4451363240736725
  }
}