{
  "y_test": [
    11.7,
    0.31,
    0.36,
    0.25,
    25.6,
    2.4,
    0.19,
    0.41,
    0.11,
    0.14,
    0.29,
    0.37,
    0.05,
    1.3,
    0.16,
    0.12,
    0.15,
    0.35,
    0.19,
    0.34,
    0.13,
    1.44,
    1.44,
    0.4,
    34.0,
    0.52,
    4.5,
    1.3,
    6.9,
    0.02,
    1.2,
    1.9,
    4.2,
    6.1,
    0.12,
    8.0,
    0.74,
    6.3,
    0.17,
    0.4,
    0.27,
    0.04,
    1.4,
    24.5,
    0.27
  ],
  "y_pred": [
    9.232653016841375,
    0.8487442270822061,
    0.25057641862608965,
    0.299396632418889,
    18.77848680415379,
    0.9434113433097158,
    0.5261935203678705,
    0.8193879628112938,
    1.100207375589129,
    1.5499696631316893,
    0.6851715006198678,
    0.09968034389574483,
    1.113146414908126,
    0.4682041835762515,
    -0.3248013746264878,
    0.8795495150567815,
    -0.46350052047417506,
    0.6455359070185546,
    1.1728968700546167,
    0.031004738101817454,
    0.430993779000422,
    1.2718022247842784,
    1.100207375589129,
    0.5978757184744196,
    18.77848680415379,
    0.2247150058147946,
    9.232653016841375,
    -0.052885684190661114,
    0.5705767887347949,
    -0.865425667961137,
    1.7904208174396194,
    0.7367455604913542,
    9.700760420590044,
    8.278150956004723,
    3.745887877262458,
    7.234111030355491,
    0.031004738101817454,
    9.700760420590044,
    0.23209423576002516,
    1.100207375589129,
    0.6332149333801625,
    0.5456583454299793,
    0.4682041835762515,
    18.77848680415379,
    1.6026123894767066
  ],
  "selected_features": [
    "K2O_wt",
    "Fe2O3T_wt",
    "SiO2_wt",
    "Al2O3_wt",
    "P2O5_tot_wt"
  ],
  "selected_models": [],
  "stacking_used": false,
  "stacked_model": true,
  "number_of_models": 1,
  "final_estimator": "lgbm",
  "final_estimator_params": {
    "lgbm_num_leaves": 100,
    "lgbm_lr": 0.05630713858227497,
    "lgbm_n_estimators": 137
  },
  "model_params": {
    "lgbm": {
      "lgbm_num_leaves": 100,
      "lgbm_lr": 0.05630713858227497,
      "lgbm_n_estimators": 137
    }
  },
  "use_random_split": true,
  "use_feature_selection": false,
  "model_name": "LGBM",
  "error_mean": 0.3672614668465346,
  "error_sdev": 3.2069238492300065,
  "uncertainty_median": 9.232653016841375,
  "uncertainty_mad": 3.743978300746575,
  "uncertainty_measure": 40.55148930558905,
  "feature_importance": {
    "K2O_wt": 0.20276141655014485,
    "Fe2O3T_wt": -0.003480834941865475,
    "SiO2_wt": 0.08229091418727155,
    "Al2O3_wt": 0.06890742906427443,
    "P2O5_tot_wt": 0.7937778923535952
  }
}