{
  "y_test": [
    0.09,
    4.2,
    1.3,
    7.4,
    0.15,
    6.9,
    1.9,
    0.1,
    38.0,
    11.7,
    0.03,
    6.6,
    5.7,
    0.44,
    0.17,
    6.7,
    0.84,
    6.3,
    0.22,
    1.3,
    0.14,
    0.25,
    0.12,
    0.05,
    0.14,
    0.04,
    0.4,
    0.04,
    0.12,
    5.4,
    0.11,
    2.4,
    8.9,
    6.1,
    0.09,
    1.4,
    1.53,
    0.68,
    0.18,
    3.4,
    1.8,
    0.15,
    6.2,
    2.6,
    0.12
  ],
  "y_pred": [
    5.212988213817965,
    9.406877446900694,
    -1.3740061816656532,
    11.419725646118152,
    0.8600626820720145,
    7.3065527170650295,
    -0.3347696542942109,
    1.2503596694203183,
    2.947038122712455,
    3.943929008021622,
    1.1151044997375936,
    10.937825400807627,
    3.357055898625602,
    0.8079329293881883,
    -0.8000823876547902,
    7.566774913569727,
    -1.3976250078190549,
    10.904876103477225,
    1.9438949780229637,
    2.5306086987760668,
    1.997289915605077,
    2.0386786305856694,
    1.2904776707740084,
    1.9616308649153908,
    1.7261703259611827,
    0.2554287839313223,
    0.06693889190751934,
    -0.7548852460950939,
    6.391121290855903,
    3.8977048036929864,
    -0.5994001708175483,
    4.220535561350571,
    3.5299067483488025,
    3.305472158399968,
    1.5319106415557378,
    2.5140795433494936,
    2.5512802850517473,
    -1.18008276658268,
    0.504377516095071,
    2.508513840873087,
    2.207062125911595,
    0.7507390653156798,
    0.7913793681569286,
    5.469739748161123,
    3.2038503337045126
  ],
  "selected_features": [
    "K2O_wt",
    "Fe2O3T_wt",
    "SiO2_wt",
    "Al2O3_wt",
    "P2O5_tot_wt"
  ],
  "selected_models": [],
  "stacking_used": false,
  "stacked_model": true,
  "number_of_models": 1,
  "final_estimator": "ann",
  "final_estimator_params": {
    "ann_hidden": 15,
    "ann_alpha": 0.025717821587874747
  },
  "model_params": {
    "ann": {
      "ann_hidden": 15,
      "ann_alpha": 0.025717821587874747
    }
  },
  "use_random_split": true,
  "use_feature_selection": false,
  "model_name": "ANN",
  "error_mean": 0.32477680826427563,
  "error_sdev": 5.990631313429567,
  "uncertainty_median": 3.5087830387711003,
  "uncertainty_mad": 4.486558986678115,
  "uncertainty_measure": 127.86652628854094,
  "feature_importance": {
    "K2O_wt": 0.126479451696484,
    "Fe2O3T_wt": 0.09378532889632561,
    "SiO2_wt": 0.12508042358577107,
    "Al2O3_wt": 0.44306163249855357,
    "P2O5_tot_wt": 0.18700914076640576
  }
}