{
  "y_test": [
    4.2,
    5.1,
    0.25,
    6.6,
    1.3,
    5.4,
    1.4,
    6.9,
    0.14,
    0.14,
    0.16,
    0.14,
    0.04,
    6.7,
    0.02,
    1.3,
    0.29,
    0.18,
    3.4,
    1.9,
    0.73,
    0.74,
    1.18,
    0.17,
    7.0,
    1.47,
    2.7,
    22.1,
    0.09,
    2.4,
    0.37,
    1.3,
    0.05,
    6.2,
    0.04,
    0.07,
    0.15,
    0.1,
    0.36,
    1.3,
    1.0,
    0.57,
    6.3,
    0.24,
    2.4
  ],
  "y_pred": [
    5.850676934861288,
    5.173644330980623,
    1.3351371588335403,
    3.402425088864051,
    5.2840245208411165,
    5.109113645062181,
    5.259055189330347,
    5.137486792088659,
    0.2232948904507355,
    0.286182968028282,
    0.3100132553827708,
    0.9947674195016115,
    0.2965267916390198,
    5.441848015052018,
    0.45353423446237934,
    5.29670817656563,
    0.2902759581631292,
    0.24348995809491242,
    5.265409387445853,
    6.6554414853903685,
    0.7034681129528721,
    0.3454019839810189,
    0.4714203882975676,
    0.48650400946320305,
    4.188727851731895,
    0.5348330906836368,
    0.38620811378725617,
    24.90742724091058,
    5.605309984600916,
    0.5674986319752029,
    0.9152023855840831,
    1.5293049317494933,
    0.22216802836306698,
    5.102547530552059,
    0.9082778785550918,
    1.5481699061285352,
    0.43192586445500797,
    0.28836006163937433,
    0.4207969796343172,
    5.2158068789046155,
    5.085789866785048,
    0.36864982128052415,
    4.589075337259093,
    0.8448164067911309,
    1.4400459396894858
  ],
  "selected_features": [
    "Fe2O3T_wt",
    "SiO2_wt"
  ],
  "selected_models": [],
  "stacking_used": false,
  "stacked_model": true,
  "number_of_models": 1,
  "final_estimator": "knn",
  "final_estimator_params": {
    "knn_n": 12,
    "knn_weights": "distance"
  },
  "model_params": {
    "knn": {
      "knn_n": 12,
      "knn_weights": "distance"
    }
  },
  "use_random_split": true,
  "use_feature_selection": true,
  "model_name": "KNN-FS",
  "error_mean": -0.551706520595413,
  "error_sdev": 2.0031391448650555,
  "uncertainty_median": 5.339014539816874,
  "uncertainty_mad": 8.074364817263076,
  "uncertainty_measure": 151.23324270886934,
  "feature_importance": {
    "K2O_wt": 0.010632370108781349,
    "Fe2O3T_wt": 1.870494163328262
  }
}