{
  "y_test": [
    0.36,
    0.14,
    6.9,
    0.18,
    8.7,
    38.0,
    6.5,
    0.04,
    0.1,
    0.09,
    7.4,
    1.44,
    0.14,
    0.19,
    0.15,
    0.03,
    25.8,
    0.07,
    1.47,
    0.09,
    25.0,
    0.09,
    0.14,
    34.0,
    1.4,
    1.3,
    0.14,
    0.37,
    0.56,
    1.2,
    6.6,
    0.34,
    0.44,
    3.4,
    0.04,
    6.7,
    1.9,
    0.36,
    0.87,
    0.31,
    0.51,
    0.19,
    4.2,
    0.07,
    0.14
  ],
  "y_pred": [
    0.3411276351918076,
    0.2871149547422275,
    1.2065454545454546,
    0.14958098845598847,
    12.025454545454547,
    6.985454545454542,
    11.407272727272733,
    0.5888550767414403,
    0.30135876466839173,
    0.4033282179158354,
    5.381818181818181,
    1.3972727272727274,
    1.1560519480519476,
    0.3709103292060525,
    0.40243373739635496,
    0.26040350014994124,
    25.614545454545453,
    1.3130909090909098,
    0.8732311688311688,
    0.6200551357733178,
    14.321818181818184,
    0.47013383838383843,
    0.24632038307390972,
    26.31636363636362,
    1.3127272727272714,
    0.4865151515151517,
    0.22027532535385197,
    0.20190517599934435,
    0.36104890530925016,
    0.7012424242424244,
    6.79818181818182,
    0.36906438860885815,
    0.20097317001180634,
    3.4518181818181817,
    0.2240355339105338,
    6.441818181818178,
    2.4249090909090927,
    0.19615231208185754,
    0.8030629024232472,
    0.34139249051192605,
    0.3795499420037697,
    0.16896129476584024,
    5.647272727272728,
    0.1969056670602125,
    0.3872082530587893
  ],
  "selected_features": [
    "K2O_wt",
    "Fe2O3T_wt",
    "Al2O3_wt",
    "P2O5_tot_wt"
  ],
  "selected_models": [],
  "stacking_used": false,
  "stacked_model": true,
  "number_of_models": 1,
  "final_estimator": "rf",
  "final_estimator_params": {
    "rf_n_estimators": 55,
    "rf_max_depth": 11
  },
  "model_params": {
    "rf": {
      "rf_n_estimators": 55,
      "rf_max_depth": 11
    }
  },
  "use_random_split": true,
  "use_feature_selection": true,
  "model_name": "RF-FS",
  "error_mean": 0.9845430610710509,
  "error_sdev": 5.158139789978012,
  "uncertainty_median": 12.517272727272726,
  "uncertainty_mad": 4.217626647058355,
  "uncertainty_measure": 33.6944535679003,
  "feature_importance": {
    "K2O_wt": 0.05930551305608956,
    "Fe2O3T_wt": 0.029669704366055597,
    "SiO2_wt": 0.2664111732175936,
    "Al2O3_wt": 0.48691299045390557
  }
}