{
  "y_test": [
    0.4,
    7.4,
    6.6,
    6.2,
    0.57,
    0.47,
    0.14,
    0.29,
    0.36,
    8.9,
    1.4,
    6.7,
    2.4,
    5.7,
    0.05,
    1.8,
    0.9,
    6.3,
    1.53,
    34.0,
    0.02,
    4.2,
    4.2,
    1.3,
    6.9,
    0.87,
    29.4,
    0.04,
    6.5,
    1.9,
    0.09,
    0.52,
    1.47,
    0.17,
    0.04,
    0.18,
    4.5,
    0.07,
    31.8,
    0.25,
    0.19,
    0.23,
    0.15,
    25.6,
    1.44
  ],
  "y_pred": [
    0.6662353853139504,
    6.161624658331758,
    5.397409630505211,
    4.311341186940315,
    0.8597494742008652,
    0.6677564791112134,
    0.1963051713100013,
    0.15768194843394637,
    0.6071715293816744,
    2.051729253905891,
    2.724525058593418,
    3.999841927548189,
    1.6132321629055741,
    3.538149781660254,
    11.157123293987123,
    0.9691602802041898,
    3.4122716646204676,
    4.345565706222953,
    0.6412814623659352,
    23.377798256450298,
    0.41723160833462924,
    5.301097013664182,
    8.577254160123374,
    3.4156367880836753,
    4.86995803664588,
    0.5751290108348757,
    17.74090341328886,
    0.1609628830942609,
    6.944316431560746,
    6.5814187845809675,
    0.39159717595778204,
    0.7187798314131965,
    0.7761971305575321,
    0.250198973513967,
    0.22343749330533808,
    0.6293672481447212,
    4.3208452516403595,
    1.6865401050319908,
    20.633221309897976,
    1.0287331206940191,
    0.22328474895543599,
    0.7692504170981587,
    1.170005834986651,
    23.068585873787498,
    0.1647264699860797
  ],
  "selected_features": [
    "K2O_wt",
    "SiO2_wt",
    "P2O5_tot_wt"
  ],
  "selected_models": [],
  "stacking_used": false,
  "stacked_model": true,
  "number_of_models": 1,
  "final_estimator": "knn",
  "final_estimator_params": {
    "knn_n": 11,
    "knn_weights": "distance"
  },
  "model_params": {
    "knn": {
      "knn_n": 11,
      "knn_weights": "distance"
    }
  },
  "use_random_split": true,
  "use_feature_selection": true,
  "model_name": "KNN-FS",
  "error_mean": 0.5921192571738803,
  "error_sdev": 3.770515734294127,
  "uncertainty_median": 5.4085977770856175,
  "uncertainty_mad": 5.913104728634959,
  "uncertainty_measure": 109.32786966867393,
  "feature_importance": {
    "K2O_wt": 0.009795941672654344,
    "Fe2O3T_wt": 1.2306719852746115,
    "SiO2_wt": 0.02694326611051659
  }
}