{
  "y_test": [
    0.19,
    0.04,
    1.44,
    5.4,
    0.12,
    0.35,
    0.47,
    0.19,
    10.4,
    6.7,
    0.16,
    0.04,
    0.25,
    0.27,
    34.0,
    0.04,
    2.4,
    0.04,
    6.9,
    0.21,
    4.2,
    0.34,
    0.43,
    6.3,
    6.2,
    3.4,
    4.5,
    0.12,
    1.4,
    31.8,
    0.62,
    1.0,
    0.07,
    0.57,
    0.68,
    2.6,
    0.07,
    0.18,
    1.5,
    0.15,
    0.04,
    0.04,
    0.17,
    0.15,
    0.05
  ],
  "y_pred": [
    0.8019940885773946,
    1.720835205227752,
    0.0719529102936638,
    3.123221130257546,
    -0.0877641270836611,
    1.4568305800228207,
    0.8554819150477735,
    0.8470116624631012,
    6.40754033806762,
    12.780990158392827,
    0.1893701053672865,
    0.017723470454676038,
    0.96011858172141,
    1.8742608792445556,
    8.398733041645281,
    0.3592908063911666,
    1.2476850315878403,
    1.2642546771625065,
    8.658111733918252,
    -0.13606853876133962,
    3.71055249709959,
    0.3426444837076905,
    0.42849315338908567,
    8.822833419778314,
    2.4395866704727442,
    3.0818910594896476,
    7.369057724221705,
    6.256142211404397,
    2.6829331480483987,
    11.754238522266176,
    0.8506162851774961,
    1.7917620010808457,
    0.27956983389707957,
    0.6347471867844996,
    1.5802726290714675,
    3.037655764930543,
    0.423778311412377,
    0.4687099664403467,
    1.085201277651885,
    1.0048442738552443,
    0.30307747631419146,
    1.3632446273228795,
    0.9975336555004952,
    0.46989030450827385,
    41.63749031789282
  ],
  "selected_features": [
    "K2O_wt",
    "Fe2O3T_wt",
    "SiO2_wt",
    "Al2O3_wt",
    "P2O5_tot_wt"
  ],
  "selected_models": [],
  "stacking_used": false,
  "stacked_model": true,
  "number_of_models": 1,
  "final_estimator": "ann",
  "final_estimator_params": {
    "ann_hidden": 27,
    "ann_alpha": 1.6074040709289264e-05
  },
  "model_params": {
    "ann": {
      "ann_hidden": 27,
      "ann_alpha": 1.6074040709289264e-05
    }
  },
  "use_random_split": true,
  "use_feature_selection": false,
  "model_name": "ANN",
  "error_mean": -0.38751867670481455,
  "error_sdev": 8.157656811496189,
  "uncertainty_median": 17.7276741856546,
  "uncertainty_mad": 12.055546490386032,
  "uncertainty_measure": 68.00410682266201,
  "feature_importance": {
    "K2O_wt": 0.04178407519259194,
    "Fe2O3T_wt": -0.0802611940700859,
    "SiO2_wt": 0.3710953572794143,
    "Al2O3_wt": 0.07712001777745674,
    "P2O5_tot_wt": 0.21560963808770414
  }
}