{
  "y_test": [
    0.19,
    0.84,
    1.0,
    8.9,
    10.1,
    6.2,
    3.4,
    1.5,
    0.37,
    31.8,
    0.04,
    0.17,
    0.31,
    0.25,
    10.4,
    1.4,
    0.4,
    2.4,
    6.0,
    0.16,
    0.12,
    25.0,
    1.53,
    0.05,
    0.15,
    0.43,
    5.4,
    1.8,
    2.4,
    0.1,
    0.07,
    0.73,
    0.14,
    0.17,
    0.87,
    0.37,
    0.22,
    0.62,
    0.46,
    2.7,
    1.47,
    6.5,
    0.18,
    5.1,
    0.09
  ],
  "y_pred": [
    1.5720868016153802,
    0.06676285997083099,
    0.8860894535788341,
    11.223140623949048,
    24.903751237619723,
    7.017351549442599,
    1.7036809916306714,
    2.4193701777741174,
    1.3897333067372264,
    31.941808602529132,
    0.44340215558071816,
    2.0350329326525296,
    0.5948427989589226,
    0.07783676875576928,
    7.7509113168867545,
    1.956258487545834,
    2.228411267858255,
    2.6492424775325336,
    6.225805582826997,
    0.40897402484880385,
    0.5215325377359761,
    25.185321456787776,
    -0.14154303780697935,
    3.4612530471140635,
    1.6995065515111214,
    0.40897402484880385,
    5.010121950981734,
    14.287735407025691,
    1.1690975662229801,
    -0.05728341923862245,
    0.7304675267601116,
    1.323230058931574,
    0.313607151736703,
    -0.46976808762291306,
    -0.46493992970370596,
    0.5722305300257996,
    2.3798530914355696,
    2.2659013583333483,
    2.0501118811497983,
    2.373750989070444,
    0.17377754488025451,
    14.1939511988367,
    -0.8059371106732452,
    5.6987743762660745,
    5.040594000072647
  ],
  "selected_features": [
    "K2O_wt",
    "Fe2O3T_wt",
    "SiO2_wt",
    "Al2O3_wt",
    "P2O5_tot_wt"
  ],
  "selected_models": [],
  "stacking_used": false,
  "stacked_model": true,
  "number_of_models": 1,
  "final_estimator": "lgbm",
  "final_estimator_params": {
    "lgbm_num_leaves": 36,
    "lgbm_lr": 0.2944977134290445,
    "lgbm_n_estimators": 300
  },
  "model_params": {
    "lgbm": {
      "lgbm_num_leaves": 36,
      "lgbm_lr": 0.2944977134290445,
      "lgbm_n_estimators": 300
    }
  },
  "feature_names": [
    "K2O_wt",
    "Fe2O3T_wt",
    "SiO2_wt",
    "Al2O3_wt",
    "P2O5_tot_wt"
  ],
  "use_random_split": true,
  "use_feature_selection": false,
  "model_name": "LGBM",
  "error_mean": -1.153662535177253,
  "error_sdev": 3.239189509967376,
  "uncertainty_median": 6.387009442229278,
  "uncertainty_mad": 5.7267785255643595,
  "uncertainty_measure": 89.66290996378305,
  "feature_importance": {
    "K2O_wt": 1.0780997138915418,
    "Fe2O3T_wt": 0.2941742931507172,
    "SiO2_wt": -0.009956965540201848,
    "Al2O3_wt": 0.1669383050524393,
    "P2O5_tot_wt": 2.1513201418996526
  },
  "run": 0
}