{
  "y_test": [
    11.7,
    6.6,
    3.8,
    0.04,
    0.15,
    0.04,
    2.4,
    8.7,
    6.7,
    24.5,
    1.9,
    1.4,
    2.7,
    0.24,
    0.14,
    3.4,
    34.0,
    0.04,
    0.04,
    4.2,
    0.15,
    1.47,
    0.18,
    0.37,
    7.4,
    0.19,
    0.04,
    25.6,
    0.34,
    1.5,
    0.15,
    1.53,
    0.09,
    0.35,
    0.05,
    0.14,
    0.37,
    4.2,
    1.44,
    25.6,
    0.23,
    0.57,
    0.43,
    0.17,
    0.17
  ],
  "y_pred": [
    5.9,
    9.998000000000001,
    3.04,
    0.302,
    0.8019999999999999,
    0.13399999999999998,
    2.222,
    5.8180000000000005,
    4.92,
    23.74,
    3.38,
    1.1800000000000002,
    1.134,
    0.22800000000000004,
    0.156,
    3.04,
    26.82,
    0.384,
    0.44400000000000006,
    4.08,
    0.3,
    0.8019999999999999,
    0.20400000000000001,
    0.4779999999999999,
    5.8180000000000005,
    0.40199999999999997,
    0.272,
    26.82,
    2.4539999999999997,
    0.298,
    0.538,
    1.498,
    0.332,
    1.5099999999999998,
    14.540000000000001,
    0.296,
    0.21400000000000002,
    3.04,
    0.178,
    26.82,
    0.176,
    0.23600000000000004,
    0.094,
    0.20400000000000001,
    0.20400000000000001
  ],
  "selected_features": [
    "K2O_wt",
    "Fe2O3T_wt",
    "SiO2_wt",
    "Al2O3_wt",
    "P2O5_tot_wt"
  ],
  "selected_models": [],
  "stacking_used": false,
  "stacked_model": true,
  "number_of_models": 1,
  "final_estimator": "knn",
  "final_estimator_params": {
    "knn_n": 5,
    "knn_weights": "uniform"
  },
  "model_params": {
    "knn": {
      "knn_n": 5,
      "knn_weights": "uniform"
    }
  },
  "feature_names": [
    "K2O_wt",
    "Fe2O3T_wt",
    "SiO2_wt",
    "Al2O3_wt",
    "P2O5_tot_wt"
  ],
  "use_random_split": true,
  "use_feature_selection": false,
  "model_name": "KNN",
  "error_mean": -0.0006666666666666476,
  "error_sdev": 2.786840700669683,
  "uncertainty_median": 3.9199999999999995,
  "uncertainty_mad": 7.14016265,
  "uncertainty_measure": 182.14700637755104,
  "feature_importance": {
    "K2O_wt": -8.495794860531315e-06,
    "Fe2O3T_wt": 0.004169860468908262,
    "SiO2_wt": 1.6434444417279837,
    "Al2O3_wt": 0.07529428885018606,
    "P2O5_tot_wt": 0.011507660211821298
  },
  "run": 3
}