{
  "y_test": [
    8.9,
    0.19,
    0.34,
    0.37,
    6.9,
    0.12,
    0.19,
    34.0,
    0.51,
    0.52,
    1.3,
    0.32,
    0.1,
    1.44,
    0.21,
    0.15,
    6.7,
    3.8,
    6.9,
    0.1,
    1.47,
    0.14,
    0.04,
    0.17,
    0.04,
    6.3,
    0.11,
    0.07,
    0.68,
    0.19,
    0.4,
    0.17,
    0.37,
    2.7,
    0.02,
    0.04,
    0.07,
    0.73,
    0.24,
    0.35,
    1.2,
    0.43,
    0.15,
    0.4,
    25.8
  ],
  "y_pred": [
    7.499192401960782,
    0.18189338235294114,
    0.4295784021942111,
    1.115736519607842,
    7.031158088235298,
    2.374498161764705,
    0.35507771900281065,
    25.40420649509803,
    0.2688133773395723,
    0.2807503369791974,
    1.3324325980392173,
    0.460516544117647,
    0.332176914996768,
    0.19206495098039209,
    0.19206495098039209,
    0.813996119281046,
    9.344325980392155,
    5.842492647058814,
    1.5015208333333319,
    0.3381781773679758,
    0.8716323529411778,
    0.19206495098039209,
    0.28625330643621105,
    0.3145468996383518,
    0.17788786764705847,
    6.423384191176479,
    0.16817953431372532,
    0.6082804330065357,
    0.5265491654995335,
    0.28392585784313723,
    0.4311408651601669,
    0.24157139648545917,
    0.3371756895065718,
    3.2360349264705843,
    2.3940624999999973,
    1.6604785539215658,
    0.33224706227187845,
    0.43602731765783254,
    0.4434693627450979,
    0.6973913398692815,
    0.2786919255683045,
    0.1579840686274509,
    0.2676125992063494,
    0.4065625000000001,
    25.132022058823555
  ],
  "selected_features": [
    "SiO2_wt",
    "P2O5_tot_wt"
  ],
  "selected_models": [],
  "stacking_used": false,
  "stacked_model": true,
  "number_of_models": 1,
  "final_estimator": "et",
  "final_estimator_params": {
    "et_n_estimators": 272,
    "et_max_depth": 14,
    "et_min_samples_split": 7,
    "et_min_samples_leaf": 1,
    "et_bootstrap": false
  },
  "model_params": {
    "et": {
      "et_n_estimators": 272,
      "et_max_depth": 14,
      "et_min_samples_split": 7,
      "et_min_samples_leaf": 1,
      "et_bootstrap": false
    }
  },
  "use_random_split": true,
  "use_feature_selection": true,
  "model_name": "ET-FS",
  "error_mean": 0.08320330384711505,
  "error_sdev": 1.750596256799924,
  "uncertainty_median": 10.876981004901962,
  "uncertainty_mad": 6.05487094108227,
  "uncertainty_measure": 55.66683382414204,
  "feature_importance": {
    "K2O_wt": 0.9618393430249715,
    "Fe2O3T_wt": 0.2582667329862625
  }
}