{
  "y_test": [
    0.03,
    1.3,
    0.23,
    0.04,
    1.9,
    0.36,
    2.4,
    1.18,
    0.37,
    0.41,
    38.0,
    0.02,
    11.7,
    2.4,
    0.35,
    25.8,
    0.07,
    0.1,
    0.52,
    6.9,
    24.5,
    0.14,
    0.27,
    0.4,
    0.29,
    8.0,
    2.7,
    0.68,
    0.25,
    0.12,
    0.14,
    3.4,
    1.44,
    1.8,
    1.5,
    1.4,
    0.37,
    0.34,
    0.57,
    1.3,
    8.7,
    6.7,
    29.4,
    0.14,
    0.43
  ],
  "y_pred": [
    0.1718805663109251,
    2.3906774830921713,
    0.2281843854755866,
    0.10576059791136941,
    2.749710292971508,
    0.3120235484612725,
    0.744685303770576,
    0.7737872990502385,
    0.27135299632135795,
    0.5725833688137173,
    2.3519520920868118,
    0.2403471169136557,
    4.993547446897104,
    0.4311286601071373,
    1.3290700784773526,
    25.739931247071297,
    0.19699763647333773,
    0.291249650079755,
    0.38429034877730345,
    5.042654187602619,
    26.368705380457406,
    2.3884114296257555,
    0.322523809629813,
    0.37990726959572924,
    0.1082402672129832,
    3.8933259268910674,
    0.6247871764389323,
    0.8325319712943284,
    0.39669682946214074,
    0.5303619111459471,
    0.1207376385890078,
    4.230059597600182,
    0.13483057880907365,
    1.9316399965857318,
    0.25010226616297754,
    1.7041150191519328,
    0.48728017557427195,
    0.24459590141764986,
    0.201192670087154,
    2.2641799973675534,
    7.227300263501116,
    3.6890236097344205,
    20.387378187936978,
    1.714909428987298,
    0.08442355808124956
  ],
  "selected_features": [
    "K2O_wt",
    "Fe2O3T_wt",
    "SiO2_wt",
    "Al2O3_wt",
    "P2O5_tot_wt"
  ],
  "selected_models": [],
  "stacking_used": false,
  "stacked_model": true,
  "number_of_models": 1,
  "final_estimator": "knn",
  "final_estimator_params": {
    "knn_n": 5,
    "knn_weights": "distance"
  },
  "model_params": {
    "knn": {
      "knn_n": 5,
      "knn_weights": "distance"
    }
  },
  "use_random_split": true,
  "use_feature_selection": false,
  "model_name": "KNN",
  "error_mean": 1.3160205518220935,
  "error_sdev": 5.602951604517339,
  "uncertainty_median": 4.75210969609834,
  "uncertainty_mad": 6.848178630158346,
  "uncertainty_measure": 144.10817653853735,
  "feature_importance": {
    "K2O_wt": 0.002273299948934353,
    "Fe2O3T_wt": -0.006951192273970879,
    "SiO2_wt": 1.0317323672133738,
    "Al2O3_wt": 0.03293240584171034,
    "P2O5_tot_wt": 0.0009348368462725166
  }
}