{
  "y_test": [
    0.05,
    0.23,
    0.04,
    2.4,
    1.47,
    31.8,
    0.14,
    0.74,
    0.29,
    0.19,
    0.17,
    2.6,
    1.4,
    2.4,
    0.56,
    0.02,
    1.3,
    0.62,
    1.4,
    4.2,
    0.52,
    0.1,
    5.1,
    6.5,
    22.1,
    0.84,
    0.27,
    25.6,
    0.68,
    10.4,
    0.44,
    0.25,
    8.0,
    2.4,
    0.29,
    0.15,
    0.18,
    0.17,
    0.09,
    29.4,
    1.8,
    0.27,
    0.9,
    6.9,
    0.04
  ],
  "y_pred": [
    0.2552564102564102,
    0.28621794871794864,
    0.10525641025641025,
    2.7226923076923075,
    0.7774358974358975,
    29.23461538461538,
    0.1669230769230769,
    0.5394871794871792,
    0.8161538461538459,
    0.24115384615384608,
    0.2164102564102564,
    1.0182051282051274,
    1.402051282051281,
    2.747435897435899,
    0.19961538461538456,
    2.9934615384615406,
    1.3969230769230758,
    0.5575641025641019,
    1.389102564102563,
    5.575641025641028,
    0.17179487179487193,
    0.3211538461538461,
    4.7474358974359,
    9.40512820512821,
    25.337179487179462,
    0.30500000000000005,
    1.1044871794871798,
    27.875641025641016,
    0.9442307692307697,
    6.639743589743587,
    0.14358974358974358,
    0.15865384615384626,
    6.237179487179481,
    1.1488461538461536,
    0.2870512820512821,
    0.33346153846153836,
    0.14410256410256422,
    0.3282051282051282,
    0.44474358974358963,
    18.74615384615385,
    18.87435897435898,
    0.14230769230769227,
    0.9749999999999996,
    1.0924358974358972,
    0.1894871794871793
  ],
  "selected_features": [
    "K2O_wt",
    "Fe2O3T_wt",
    "SiO2_wt",
    "Al2O3_wt",
    "P2O5_tot_wt"
  ],
  "selected_models": [],
  "stacking_used": false,
  "stacked_model": true,
  "number_of_models": 1,
  "final_estimator": "rf",
  "final_estimator_params": {
    "rf_n_estimators": 78,
    "rf_max_depth": 17
  },
  "model_params": {
    "rf": {
      "rf_n_estimators": 78,
      "rf_max_depth": 17
    }
  },
  "use_random_split": true,
  "use_feature_selection": false,
  "model_name": "RF",
  "error_mean": -0.07397720797720723,
  "error_sdev": 3.3849264013899703,
  "uncertainty_median": 17.018589743589747,
  "uncertainty_mad": 5.9567248952991445,
  "uncertainty_measure": 35.001283802277534,
  "feature_importance": {
    "K2O_wt": 0.047000358023982385,
    "Fe2O3T_wt": 0.08428175933534167,
    "SiO2_wt": 0.39305100701596196,
    "Al2O3_wt": 0.024037687017351272,
    "P2O5_tot_wt": 0.8656870131571381
  }
}