{
  "y_test": [
    25.0,
    0.87,
    11.7,
    1.3,
    1.47,
    6.0,
    0.14,
    1.2,
    0.15,
    0.41,
    0.04,
    0.74,
    0.09,
    0.15,
    0.04,
    0.62,
    34.0,
    0.4,
    0.19,
    0.05,
    1.18,
    6.2,
    5.1,
    0.23,
    0.47,
    6.5,
    1.5,
    0.37,
    0.25,
    0.73,
    0.15,
    0.17,
    0.44,
    2.4,
    2.4,
    1.3,
    22.1,
    6.7,
    0.09,
    0.36,
    0.32,
    0.34,
    0.44,
    4.2,
    0.31
  ],
  "y_pred": [
    25.94010656843369,
    0.3287591045328253,
    6.1262910376549335,
    1.4311747784570823,
    0.707370423124047,
    4.158684096090875,
    0.10393502215967931,
    1.5140967039665854,
    1.1813391606407273,
    -0.686621465483527,
    0.12739469251211322,
    1.6371731449323372,
    0.08588132385012104,
    0.16627963388901135,
    0.053491735977290844,
    1.0574963974670233,
    26.852635532307495,
    0.6772676613177833,
    0.09534385935230372,
    14.435286128099326,
    0.6019430176957767,
    2.2141872842621813,
    3.757876785370461,
    0.2831723612455299,
    0.3575554400089569,
    8.764667486925116,
    0.5372454329566416,
    12.055695366933229,
    -0.03956759349531813,
    1.4020994381547838,
    3.429024861092712,
    0.25718935797588305,
    0.3921009906165249,
    -0.08198757552320712,
    2.4704587609564728,
    1.7242542169593176,
    23.752659551804946,
    6.174368347969459,
    0.278819735057509,
    0.25062355328824015,
    0.404621587193045,
    -0.08236200853296927,
    0.10887900945762086,
    9.834681336196684,
    14.214641941663583
  ],
  "selected_features": [
    "K2O_wt",
    "Fe2O3T_wt",
    "SiO2_wt",
    "Al2O3_wt",
    "P2O5_tot_wt"
  ],
  "selected_models": [],
  "stacking_used": false,
  "stacked_model": true,
  "number_of_models": 1,
  "final_estimator": "gpr",
  "final_estimator_params": {
    "gpr_nu": 0.5,
    "gpr_const": 5.701927911971675,
    "gpr_length_scale": 8.884468463553837,
    "gpr_alpha": 0.009858648079697333
  },
  "model_params": {
    "gpr": {
      "gpr_nu": 0.5,
      "gpr_const": 5.701927911971675,
      "gpr_length_scale": 8.884468463553837,
      "gpr_alpha": 0.009858648079697333
    }
  },
  "use_random_split": true,
  "use_feature_selection": false,
  "model_name": "GPR",
  "error_mean": -0.6721385383447757,
  "error_sdev": 3.943091715276338,
  "uncertainty_median": 8.681801451995629,
  "uncertainty_mad": 7.808114155667456,
  "uncertainty_measure": 89.93656672340343,
  "feature_importance": {
    "K2O_wt": -0.016919922732414616,
    "Fe2O3T_wt": 0.08453283236248349,
    "SiO2_wt": 1.3746871201159327,
    "Al2O3_wt": -0.04411640181360133,
    "P2O5_tot_wt": 0.011538852947360779
  }
}