{
  "y_test": [
    3.4,
    0.34,
    1.4,
    5.7,
    0.19,
    0.03,
    0.52,
    2.6,
    0.04,
    0.56,
    25.0,
    0.16,
    3.8,
    0.41,
    0.13,
    0.14,
    0.11,
    0.46,
    8.7,
    34.0,
    6.3,
    31.8,
    0.15,
    0.4,
    1.53,
    0.29,
    0.37,
    2.4,
    0.12,
    4.2,
    0.17,
    0.52,
    6.7,
    1.0,
    6.2,
    0.15,
    22.1,
    0.47,
    0.15,
    0.84,
    4.5,
    0.1,
    0.05,
    0.32,
    0.14
  ],
  "y_pred": [
    3.844842893008957,
    0.7189840803573438,
    2.462482525832002,
    5.993530117008073,
    0.5291125344520069,
    0.4939140394485507,
    0.5327126169978903,
    2.288120643016043,
    0.49831089116764793,
    0.8295430349687811,
    20.810679348455338,
    0.46293708114665666,
    5.374566670621061,
    1.1147750791085758,
    0.7328545138667593,
    4.623210669178103,
    0.47757722465876995,
    0.8128774507811488,
    7.4668747994617695,
    23.341126057848484,
    6.755450962903079,
    23.19503704237834,
    0.5448698868211235,
    0.7606331924774238,
    1.0613860656636998,
    0.47415999063120234,
    0.5688636576119714,
    1.435735223149993,
    3.1704926698654394,
    5.394843757204299,
    0.5987890489899256,
    0.657954947022191,
    7.49195109909994,
    1.8170575642259124,
    6.907375889345629,
    0.9654644851327268,
    24.99793004673604,
    0.6207191524424284,
    1.4481576095458946,
    0.5057711278692041,
    6.434457206707342,
    0.5851354416114272,
    16.039032318177384,
    0.7599051636949887,
    2.1879374739995305
  ],
  "selected_features": [
    "K2O_wt",
    "Fe2O3T_wt",
    "SiO2_wt",
    "Al2O3_wt",
    "P2O5_tot_wt"
  ],
  "selected_models": [],
  "stacking_used": false,
  "stacked_model": true,
  "number_of_models": 1,
  "final_estimator": "et",
  "final_estimator_params": {
    "et_n_estimators": 201,
    "et_max_depth": 4,
    "et_min_samples_split": 3,
    "et_min_samples_leaf": 1,
    "et_bootstrap": false
  },
  "model_params": {
    "et": {
      "et_n_estimators": 201,
      "et_max_depth": 4,
      "et_min_samples_split": 3,
      "et_min_samples_leaf": 1,
      "et_bootstrap": false
    }
  },
  "use_random_split": true,
  "use_feature_selection": false,
  "model_name": "ET",
  "error_mean": -0.44729207321535774,
  "error_sdev": 3.414960410150394,
  "uncertainty_median": 15.86660039594101,
  "uncertainty_mad": 4.753265828285702,
  "uncertainty_measure": 29.95768286634156,
  "feature_importance": {
    "K2O_wt": 0.0064871155145076,
    "Fe2O3T_wt": -0.03791698049256632,
    "SiO2_wt": 0.6231541387881441,
    "Al2O3_wt": 0.05652792571143574,
    "P2O5_tot_wt": 0.2438603461087561
  }
}