{
  "y_test": [
    0.09,
    0.14,
    25.6,
    6.6,
    0.04,
    0.24,
    0.22,
    0.07,
    0.4,
    22.1,
    0.31,
    1.3,
    6.7,
    0.32,
    0.09,
    0.02,
    0.17,
    10.4,
    0.04,
    0.16,
    1.18,
    6.0,
    6.1,
    6.5,
    0.14,
    0.17,
    5.4,
    0.15,
    0.36,
    25.8,
    0.07,
    0.37,
    0.16,
    0.12,
    10.1,
    7.4,
    0.25,
    2.4,
    1.2,
    6.2,
    0.1,
    1.53,
    0.52,
    11.7,
    1.9
  ],
  "y_pred": [
    -0.5564167596936329,
    -0.08680578026386598,
    24.800770407719362,
    12.130307694034823,
    0.08870366076129699,
    3.3738569958117317,
    0.41730895909566357,
    0.17963412473046247,
    3.56416908708988,
    51.003500591477895,
    5.68409418541734,
    3.8692073471163724,
    5.055468886996071,
    -0.8120940186747347,
    12.127797879301237,
    0.8248885210830039,
    0.898949047440226,
    10.352374454762238,
    0.34624781511036673,
    3.1590535656895433,
    -0.8827989212741301,
    6.0969293878987685,
    6.843653952549239,
    14.495567124399688,
    -1.9115104256242006,
    2.1680954139129724,
    5.525636367926065,
    0.28814158262220957,
    1.0030637155406765,
    37.144975282932826,
    2.5979598211020125,
    7.476584538108483,
    1.5994953761849047,
    1.2427916420635086,
    15.548249908901624,
    13.084183462045374,
    2.917146573422311,
    -1.8627174603733323,
    0.7661362732499484,
    0.21124351828686372,
    0.9159433654853544,
    4.468145477097046,
    3.305345027449839,
    11.519194992161644,
    9.466773162614178
  ],
  "selected_features": [
    "Fe2O3T_wt",
    "SiO2_wt",
    "Al2O3_wt",
    "P2O5_tot_wt"
  ],
  "selected_models": [],
  "stacking_used": false,
  "stacked_model": true,
  "number_of_models": 1,
  "final_estimator": "lr",
  "final_estimator_params": {},
  "model_params": {
    "lr": {}
  },
  "use_random_split": true,
  "use_feature_selection": true,
  "model_name": "LR-FS",
  "error_mean": -2.4359832405264257,
  "error_sdev": 5.390679120458182,
  "uncertainty_median": 15.509858541814094,
  "uncertainty_mad": 10.09140086837747,
  "uncertainty_measure": 65.06442880295374,
  "feature_importance": {
    "K2O_wt": 0.2862748351474897,
    "Fe2O3T_wt": 1.1056412078045623,
    "SiO2_wt": -0.018904741077393806,
    "Al2O3_wt": 0.15600805387214936
  }
}