{
  "y_test": [
    0.09,
    4.2,
    1.3,
    7.4,
    0.15,
    6.9,
    1.9,
    0.1,
    38.0,
    11.7,
    0.03,
    6.6,
    5.7,
    0.44,
    0.17,
    6.7,
    0.84,
    6.3,
    0.22,
    1.3,
    0.14,
    0.25,
    0.12,
    0.05,
    0.14,
    0.04,
    0.4,
    0.04,
    0.12,
    5.4,
    0.11,
    2.4,
    8.9,
    6.1,
    0.09,
    1.4,
    1.53,
    0.68,
    0.18,
    3.4,
    1.8,
    0.15,
    6.2,
    2.6,
    0.12
  ],
  "y_pred": [
    1.5559736490249634,
    5.069579124450684,
    0.7769933938980103,
    6.096272945404053,
    0.6951530575752258,
    3.6401968002319336,
    1.444990873336792,
    0.2701261639595032,
    4.047444820404053,
    10.480013847351074,
    0.16168221831321716,
    5.189882278442383,
    7.507258892059326,
    0.06632173806428909,
    0.2989504933357239,
    5.84664249420166,
    0.3526322543621063,
    4.935732364654541,
    0.9622506499290466,
    1.4278086423873901,
    0.7860366106033325,
    0.104498952627182,
    0.3246408998966217,
    0.29159778356552124,
    0.23307038843631744,
    0.39420855045318604,
    0.8768275380134583,
    0.33228620886802673,
    -0.1097850576043129,
    5.357451438903809,
    0.5814713835716248,
    1.930116057395935,
    6.294140815734863,
    4.594975471496582,
    0.5795664191246033,
    1.4468400478363037,
    0.2778606712818146,
    0.35434338450431824,
    0.35020968317985535,
    3.1485655307769775,
    6.774120330810547,
    0.46550115942955017,
    3.863682746887207,
    0.7933131456375122,
    0.024274948984384537
  ],
  "selected_features": [
    "K2O_wt",
    "Fe2O3T_wt",
    "SiO2_wt",
    "Al2O3_wt",
    "P2O5_tot_wt"
  ],
  "selected_models": [],
  "stacking_used": false,
  "stacked_model": true,
  "number_of_models": 1,
  "final_estimator": "xgb",
  "final_estimator_params": {
    "xgb_n_estimators": 286,
    "xgb_lr": 0.22603413635328853,
    "xgb_max_depth": 5,
    "xgb_subsample": 0.7447451511315525,
    "xgb_colsample": 0.8105615542291268
  },
  "model_params": {
    "xgb": {
      "xgb_n_estimators": 286,
      "xgb_lr": 0.22603413635328853,
      "xgb_max_depth": 5,
      "xgb_subsample": 0.7447451511315525,
      "xgb_colsample": 0.8105615542291268
    }
  },
  "use_random_split": true,
  "use_feature_selection": false,
  "model_name": "XGB",
  "error_mean": 0.9223172930710846,
  "error_sdev": 5.193887844247355,
  "uncertainty_median": 6.2260284423828125,
  "uncertainty_mad": 2.2129127979278564,
  "uncertainty_measure": 35.54292786174512,
  "feature_importance": {
    "K2O_wt": 0.018493393662199615,
    "Fe2O3T_wt": -0.016309178790798736,
    "SiO2_wt": 0.028431461999632975,
    "Al2O3_wt": -0.005525813839593882,
    "P2O5_tot_wt": 0.44614316902028955
  }
}