{
  "y_test": [
    0.23,
    0.22,
    0.4,
    6.9,
    8.9,
    0.4,
    0.62,
    0.15,
    7.4,
    0.02,
    0.04,
    0.12,
    0.14,
    10.4,
    0.04,
    1.3,
    0.42,
    6.5,
    1.53,
    0.14,
    1.3,
    0.14,
    25.6,
    0.1,
    0.51,
    0.32,
    4.2,
    0.16,
    0.4,
    6.2,
    0.73,
    11.7,
    0.11,
    6.3,
    2.4,
    0.21,
    0.14,
    2.7,
    1.5,
    6.1,
    0.04,
    10.1,
    24.5,
    0.09,
    0.87
  ],
  "y_pred": [
    1.1204783989828755,
    -0.6886838808660727,
    0.652738569949797,
    3.571001065588323,
    1.9566309255679784,
    0.4478182858612172,
    0.1655882433591458,
    3.0964801701209197,
    9.687475634522219,
    -0.07802495991447955,
    3.8880391132932424,
    4.680584688062385,
    5.334806939209386,
    10.31073057703767,
    0.18539672441571753,
    2.089600026403261,
    6.2473365998383485,
    10.347529900654699,
    4.828016511066405,
    -1.5095141912419123,
    3.6254171609307804,
    0.23146465935315774,
    21.77704352923007,
    1.07356182803764,
    2.086599192254411,
    -0.7319884075711016,
    6.527985808095696,
    0.9983257441541014,
    4.086415735077328,
    4.055650770603155,
    -0.03807865063753013,
    10.793769204492783,
    -0.7858145147337723,
    6.612346966670991,
    -1.339011359359482,
    -2.374603605129259,
    0.44305158430071856,
    0.5609017212638108,
    -1.0049206887557744,
    6.764403241830621,
    -0.5605777130900478,
    11.01672163075883,
    21.780429695850323,
    11.711544859623817,
    1.7740354922949209
  ],
  "selected_features": [
    "K2O_wt",
    "Fe2O3T_wt",
    "SiO2_wt",
    "Al2O3_wt",
    "P2O5_tot_wt"
  ],
  "selected_models": [],
  "stacking_used": false,
  "stacked_model": true,
  "number_of_models": 1,
  "final_estimator": "lr",
  "final_estimator_params": {},
  "model_params": {
    "lr": {}
  },
  "feature_names": [
    "K2O_wt",
    "Fe2O3T_wt",
    "SiO2_wt",
    "Al2O3_wt",
    "P2O5_tot_wt"
  ],
  "use_random_split": true,
  "use_feature_selection": false,
  "model_name": "LR",
  "error_mean": -0.5139711828323847,
  "error_sdev": 3.076803598559187,
  "uncertainty_median": 5.407615312811412,
  "uncertainty_mad": 6.48223721914049,
  "uncertainty_measure": 119.87238078461583,
  "feature_importance": {
    "K2O_wt": -0.0020275402717891498,
    "Fe2O3T_wt": 0.054834911627614044,
    "SiO2_wt": 1.7353714833043699,
    "Al2O3_wt": 0.1334142049330798,
    "P2O5_tot_wt": 0.03309476842008596
  },
  "run": 4
}