{
  "y_test": [
    0.15,
    4.5,
    0.36,
    0.16,
    0.44,
    0.27,
    0.18,
    5.4,
    0.51,
    0.1,
    38.0,
    7.4,
    6.7,
    0.17,
    0.4,
    4.2,
    2.7,
    25.0,
    3.8,
    1.3,
    2.4,
    0.73,
    0.37,
    3.4,
    0.14,
    5.7,
    1.0,
    0.32,
    0.31,
    0.34,
    2.4,
    0.04,
    25.8,
    0.23,
    0.19,
    0.19,
    0.24,
    0.16,
    0.25,
    0.11,
    1.47,
    0.17,
    0.05,
    6.7,
    0.35
  ],
  "y_pred": [
    2.8953009341559124,
    3.4288697848697716,
    0.24272176524665667,
    0.5226666328058833,
    0.4440837626884715,
    3.002600495030599,
    2.168703430801056,
    5.0408149475984025,
    1.7898545097018435,
    0.4526659082321096,
    5.9456916168544645,
    8.976979663872974,
    4.0657723275268225,
    0.1896856130432738,
    0.4239108669203908,
    6.040954387012686,
    0.31338665397783316,
    18.98494000666929,
    5.341865258829639,
    3.528678669970777,
    -0.6389246120494718,
    -0.06278922994933822,
    0.4052835483950723,
    5.629556631828304,
    -0.03005852289443567,
    3.20504843173633,
    3.3184110717238404,
    -0.8819625322135849,
    5.136251852391663,
    2.521540558343297,
    0.7222729321462644,
    -0.5406843318849752,
    21.99510433665612,
    0.7977523034000882,
    -1.7024175128568615,
    -0.4097249341600673,
    -2.660942950641484,
    2.0766645463097966,
    2.534791859271291,
    -1.3944449464375737,
    0.1118444877781215,
    1.9037310426698042,
    -0.5982952222030562,
    4.457489912256104,
    4.63687802021434
  ],
  "selected_features": [
    "K2O_wt",
    "Fe2O3T_wt",
    "SiO2_wt",
    "Al2O3_wt",
    "P2O5_tot_wt"
  ],
  "selected_models": [],
  "stacking_used": false,
  "stacked_model": true,
  "number_of_models": 1,
  "final_estimator": "lr",
  "final_estimator_params": {},
  "model_params": {
    "lr": {}
  },
  "feature_names": [
    "K2O_wt",
    "Fe2O3T_wt",
    "SiO2_wt",
    "Al2O3_wt",
    "P2O5_tot_wt"
  ],
  "use_random_split": true,
  "use_feature_selection": false,
  "model_name": "LR",
  "error_mean": 0.6770550227635902,
  "error_sdev": 5.25947985166031,
  "uncertainty_median": 6.739408074736017,
  "uncertainty_mad": 7.522332460192485,
  "uncertainty_measure": 111.61710905133363,
  "feature_importance": {
    "K2O_wt": 0.010520967929119931,
    "Fe2O3T_wt": 0.07137573263696011,
    "SiO2_wt": 1.0905024876984577,
    "Al2O3_wt": 0.1259046368745679,
    "P2O5_tot_wt": 0.05560438800712327
  },
  "run": 1
}