{
  "y_test": [
    0.31,
    0.22,
    0.04,
    0.4,
    0.37,
    3.8,
    22.1,
    0.18,
    25.6,
    0.57,
    0.21,
    0.14,
    1.3,
    0.07,
    0.32,
    0.27,
    6.9,
    25.8,
    0.27,
    0.87,
    0.51,
    0.17,
    0.1,
    0.23,
    0.44,
    0.29,
    0.11,
    0.19,
    6.0,
    1.3,
    0.43,
    0.15,
    24.5,
    0.12,
    4.2,
    0.34,
    0.17,
    0.14,
    7.0,
    0.9,
    0.18,
    0.74,
    1.5,
    0.16,
    0.09
  ],
  "y_pred": [
    5.034349085812652,
    0.4227066772801273,
    0.09329908637201154,
    1.3797322705582082,
    1.466483429952181,
    3.9726751422169073,
    29.486952326234267,
    0.609225060816596,
    25.368987909628636,
    0.25961219379991224,
    1.9303319686398301,
    20.17740250209771,
    2.885899541962826,
    0.26746699299301946,
    0.32042167292244267,
    0.46067095169491734,
    1.4244630620133552,
    29.534129644800757,
    1.0023140980103433,
    0.7965134619797964,
    0.7990220395409307,
    0.18299210844315666,
    0.4109920321028887,
    0.7961336127335522,
    0.2749407567156576,
    0.3304223159960144,
    0.3831972120959234,
    0.09434691376764388,
    5.032064026659229,
    5.894858528303833,
    0.10710468043240153,
    1.585652502864525,
    25.194784945424882,
    9.559638974627786,
    5.486891929497327,
    0.3818045502980658,
    0.4246379831833184,
    0.23582033379091938,
    2.522691683622761,
    6.6779727160932705,
    0.20881560194556803,
    0.8022550426727252,
    0.25781554172323007,
    0.2601305892363126,
    8.18334031060189
  ],
  "selected_features": [
    "K2O_wt",
    "SiO2_wt"
  ],
  "selected_models": [],
  "stacking_used": false,
  "stacked_model": true,
  "number_of_models": 1,
  "final_estimator": "knn",
  "final_estimator_params": {
    "knn_n": 5,
    "knn_weights": "distance"
  },
  "model_params": {
    "knn": {
      "knn_n": 5,
      "knn_weights": "distance"
    }
  },
  "use_random_split": true,
  "use_feature_selection": true,
  "model_name": "KNN-FS",
  "error_mean": -1.4062658669368957,
  "error_sdev": 3.9272376636563266,
  "uncertainty_median": 5.793838540690572,
  "uncertainty_mad": 8.916862735765378,
  "uncertainty_measure": 153.90250648411356,
  "feature_importance": {
    "K2O_wt": -0.06357810251753948,
    "Fe2O3T_wt": 1.9513241971540451
  }
}