{
  "y_test": [
    0.04,
    2.4,
    0.29,
    0.29,
    0.42,
    1.4,
    0.1,
    6.6,
    0.36,
    0.07,
    0.04,
    0.31,
    4.5,
    38.0,
    2.6,
    0.52,
    3.8,
    0.27,
    6.2,
    11.7,
    0.16,
    0.14,
    1.44,
    0.4,
    0.04,
    2.4,
    5.1,
    0.21,
    0.05,
    0.07,
    1.47,
    0.09,
    0.56,
    25.6,
    0.44,
    0.57,
    0.37,
    6.0,
    0.19,
    10.1,
    0.17,
    6.2,
    1.5,
    5.4,
    6.7
  ],
  "y_pred": [
    -0.5774015817675391,
    -0.6749181349146802,
    -1.2006518603573788,
    -1.6652539049555024,
    5.788272271049337,
    4.136249124517846,
    0.5699141589728676,
    7.986318453696647,
    -0.223539817538839,
    1.2574374606059529,
    3.0508815703247443,
    4.8706533151846685,
    2.9459070135628593,
    5.808854450921604,
    2.6910839599399488,
    2.716940474520289,
    5.241663160302142,
    3.6977193623397646,
    3.5154472916573134,
    9.58144986339807,
    1.8764069046488672,
    2.8951443694001107,
    -1.6224415266352032,
    3.4806199250172227,
    -0.34875203436059365,
    -0.8638746125742109,
    5.3956463952595435,
    -2.974506356556656,
    6.775102568629787,
    0.20924921592385104,
    -0.09084115826385997,
    -0.1347329769237824,
    1.7566756907382697,
    24.10148165830018,
    -0.4582537491251699,
    -0.273588294190251,
    0.22151303321802374,
    5.852417531011525,
    -1.73227383265802,
    10.414252788928234,
    1.6903773852137363,
    -0.17895634860375154,
    -1.2865243416619982,
    5.132365560257284,
    3.8192413034856827
  ],
  "selected_features": [
    "K2O_wt",
    "Fe2O3T_wt",
    "SiO2_wt",
    "Al2O3_wt",
    "P2O5_tot_wt"
  ],
  "selected_models": [],
  "stacking_used": false,
  "stacked_model": true,
  "number_of_models": 1,
  "final_estimator": "lr",
  "final_estimator_params": {},
  "model_params": {
    "lr": {}
  },
  "use_random_split": true,
  "use_feature_selection": false,
  "model_name": "LR",
  "error_mean": 0.7134938726680237,
  "error_sdev": 5.43227331051832,
  "uncertainty_median": 4.721930534507525,
  "uncertainty_mad": 7.135816819031091,
  "uncertainty_measure": 151.12074959347794,
  "feature_importance": {
    "K2O_wt": 0.0012488619176093086,
    "Fe2O3T_wt": 0.09962932400327006,
    "SiO2_wt": 1.0836967296806042,
    "Al2O3_wt": 0.18443150720123264,
    "P2O5_tot_wt": 0.018967691863986547
  }
}