{
  "y_test": [
    0.03,
    1.3,
    0.23,
    0.04,
    1.9,
    0.36,
    2.4,
    1.18,
    0.37,
    0.41,
    38.0,
    0.02,
    11.7,
    2.4,
    0.35,
    25.8,
    0.07,
    0.1,
    0.52,
    6.9,
    24.5,
    0.14,
    0.27,
    0.4,
    0.29,
    8.0,
    2.7,
    0.68,
    0.25,
    0.12,
    0.14,
    3.4,
    1.44,
    1.8,
    1.5,
    1.4,
    0.37,
    0.34,
    0.57,
    1.3,
    8.7,
    6.7,
    29.4,
    0.14,
    0.43
  ],
  "y_pred": [
    0.35103318659592914,
    1.9137946213100974,
    0.35103318659592914,
    0.35103318659592914,
    1.739696915507129,
    0.35103318659592914,
    2.0912812466779225,
    0.8658582781399589,
    0.35103318659592914,
    0.3856114124023807,
    6.098622356741942,
    1.9688672115902028,
    6.5562593187994915,
    1.0717524385430268,
    0.35103318659592914,
    24.547714285714292,
    0.35103318659592914,
    0.35103318659592914,
    0.35103318659592914,
    6.207509365347371,
    24.272550649350656,
    0.3856114124023807,
    0.35103318659592914,
    0.35103318659592914,
    0.35103318659592914,
    6.235267301855308,
    2.0868363326334536,
    0.9137486007206043,
    0.3990191515082099,
    0.3856114124023807,
    0.35103318659592914,
    2.524346745955873,
    0.35103318659592914,
    6.353898144696679,
    1.0717524385430268,
    1.9137946213100974,
    0.35103318659592914,
    0.35103318659592914,
    0.35103318659592914,
    1.9137946213100974,
    6.544975614440554,
    6.631940831267072,
    21.456950649350645,
    0.3856114124023807,
    0.35103318659592914
  ],
  "selected_features": [
    "K2O_wt",
    "Fe2O3T_wt",
    "SiO2_wt",
    "Al2O3_wt",
    "P2O5_tot_wt"
  ],
  "selected_models": [],
  "stacking_used": false,
  "stacked_model": true,
  "number_of_models": 1,
  "final_estimator": "rf",
  "final_estimator_params": {
    "rf_n_estimators": 25,
    "rf_max_depth": 3
  },
  "model_params": {
    "rf": {
      "rf_n_estimators": 25,
      "rf_max_depth": 3
    }
  },
  "use_random_split": true,
  "use_feature_selection": false,
  "model_name": "RF",
  "error_mean": 1.018193894452223,
  "error_sdev": 5.002893746176818,
  "uncertainty_median": 7.39138267266826,
  "uncertainty_mad": 4.676910160660331,
  "uncertainty_measure": 63.275172830038095,
  "feature_importance": {
    "K2O_wt": 0.004119556918992608,
    "Fe2O3T_wt": -0.0020848235873168687,
    "SiO2_wt": 0.6228175635155592,
    "Al2O3_wt": 0.01423777817124399,
    "P2O5_tot_wt": 0.23129885917363918
  }
}