{
  "y_test": [
    0.04,
    2.4,
    0.29,
    0.29,
    0.42,
    1.4,
    0.1,
    6.6,
    0.36,
    0.07,
    0.04,
    0.31,
    4.5,
    38.0,
    2.6,
    0.52,
    3.8,
    0.27,
    6.2,
    11.7,
    0.16,
    0.14,
    1.44,
    0.4,
    0.04,
    2.4,
    5.1,
    0.21,
    0.05,
    0.07,
    1.47,
    0.09,
    0.56,
    25.6,
    0.44,
    0.57,
    0.37,
    6.0,
    0.19,
    10.1,
    0.17,
    6.2,
    1.5,
    5.4,
    6.7
  ],
  "y_pred": [
    0.5356652209276701,
    1.5420206528898042,
    0.8516258578305917,
    1.3841793581959978,
    -0.041612302175972754,
    3.7500706684045015,
    0.08786485868653655,
    13.248525106741992,
    -2.115999959167052,
    0.3448488053864648,
    1.0292419357832627,
    -0.5696193556024031,
    9.108174890433128,
    11.818105578825874,
    3.796342041057349,
    -0.2002524440307057,
    8.871059256317087,
    0.2324165391703365,
    6.042036371692397,
    9.919472788374692,
    0.3130326777687381,
    -0.17260188049343594,
    0.8516258578305917,
    0.03834490931457543,
    0.8516258578305917,
    1.0946602502205027,
    9.108174890433128,
    0.8516258578305917,
    4.2809345922209365,
    1.0410457136475297,
    1.909665161579859,
    0.7892990631669917,
    2.165234521501753,
    24.635622693388154,
    -0.18270422371349493,
    0.01033154795457455,
    0.5951648422366396,
    8.871059256317087,
    0.1880146149545081,
    21.05609094419307,
    -0.10521584909165844,
    7.304215728310689,
    1.6555435101877474,
    6.240719842940472,
    5.279275645906011
  ],
  "selected_features": [
    "K2O_wt",
    "Fe2O3T_wt",
    "SiO2_wt",
    "Al2O3_wt",
    "P2O5_tot_wt"
  ],
  "selected_models": [],
  "stacking_used": false,
  "stacked_model": true,
  "number_of_models": 1,
  "final_estimator": "lgbm",
  "final_estimator_params": {
    "lgbm_num_leaves": 24,
    "lgbm_lr": 0.16456326274831898,
    "lgbm_n_estimators": 109
  },
  "model_params": {
    "lgbm": {
      "lgbm_num_leaves": 24,
      "lgbm_lr": 0.16456326274831898,
      "lgbm_n_estimators": 109
    }
  },
  "use_random_split": true,
  "use_feature_selection": false,
  "model_name": "LGBM",
  "error_mean": -0.2894433754706157,
  "error_sdev": 4.6946703576602,
  "uncertainty_median": 10.8205624307391,
  "uncertainty_mad": 5.195462079914129,
  "uncertainty_measure": 48.01471377453392,
  "feature_importance": {
    "K2O_wt": 0.1546905714917078,
    "Fe2O3T_wt": 0.024593936940476572,
    "SiO2_wt": 0.009231201013908749,
    "Al2O3_wt": 0.05010457050743697,
    "P2O5_tot_wt": 0.9899619059243474
  }
}