{
  "y_test": [
    0.04,
    2.4,
    0.29,
    0.29,
    0.42,
    1.4,
    0.1,
    6.6,
    0.36,
    0.07,
    0.04,
    0.31,
    4.5,
    38.0,
    2.6,
    0.52,
    3.8,
    0.27,
    6.2,
    11.7,
    0.16,
    0.14,
    1.44,
    0.4,
    0.04,
    2.4,
    5.1,
    0.21,
    0.05,
    0.07,
    1.47,
    0.09,
    0.56,
    25.6,
    0.44,
    0.57,
    0.37,
    6.0,
    0.19,
    10.1,
    0.17,
    6.2,
    1.5,
    5.4,
    6.7
  ],
  "y_pred": [
    -0.9703265299824633,
    -0.09319409160009151,
    -1.590118603259846,
    1.221578452725991,
    2.261521222207751,
    2.8105874763312126,
    0.048309128484666175,
    4.893359450213634,
    -0.8455655379735134,
    -0.17274382473167904,
    1.1978520298352873,
    1.9385979818154517,
    4.281163594647882,
    2.7167564775533943,
    2.5537970042589393,
    0.6803755278354178,
    3.4595620737494404,
    1.188155960695891,
    5.407397911632215,
    6.159718181055707,
    0.15725144739385222,
    0.7788826253767045,
    -1.8789201664231268,
    1.3665162888420799,
    -1.1390762587354981,
    0.3181683315236974,
    3.3848008174349022,
    -2.3070275161342924,
    1.9108477614087267,
    0.3654951794555643,
    0.6553844996868428,
    -0.6724939886305474,
    0.07731249088003622,
    9.362036030609122,
    -0.6112244096191368,
    -0.32264374818862684,
    0.2809073904822377,
    3.9630244173960065,
    -0.9452110631460275,
    6.661928670576735,
    0.3894209921093168,
    1.3486648443079226,
    -0.4473609999276871,
    2.9651394253347174,
    6.308754255985422
  ],
  "selected_features": [
    "K2O_wt",
    "Fe2O3T_wt",
    "SiO2_wt",
    "Al2O3_wt",
    "P2O5_tot_wt"
  ],
  "selected_models": [],
  "stacking_used": false,
  "stacked_model": true,
  "number_of_models": 1,
  "final_estimator": "svr",
  "final_estimator_params": {
    "svr_C": 5.296842158098143,
    "svr_epsilon": 0.07136218744080972
  },
  "model_params": {
    "svr": {
      "svr_C": 5.296842158098143,
      "svr_epsilon": 0.07136218744080972
    }
  },
  "use_random_split": true,
  "use_feature_selection": false,
  "model_name": "SVR",
  "error_mean": 1.9147253065890173,
  "error_sdev": 5.812236885248361,
  "uncertainty_median": 2.8057850117301033,
  "uncertainty_mad": 3.3596292137519614,
  "uncertainty_measure": 119.73936704724025,
  "feature_importance": {
    "K2O_wt": 0.021196041485306388,
    "Fe2O3T_wt": 0.024225973009713984,
    "SiO2_wt": 0.37291546874022025,
    "Al2O3_wt": -0.001381969343822953,
    "P2O5_tot_wt": 0.062102941947326844
  }
}