{
  "y_test": [
    1.47,
    0.29,
    0.02,
    0.27,
    1.44,
    0.07,
    24.5,
    0.15,
    1.3,
    10.4,
    0.05,
    0.84,
    0.73,
    0.04,
    0.09,
    4.2,
    6.7,
    25.0,
    0.21,
    0.18,
    25.8,
    6.5,
    0.43,
    0.17,
    0.14,
    0.12,
    1.44,
    0.36,
    0.16,
    0.74,
    4.2,
    0.1,
    0.12,
    0.68,
    0.51,
    0.04,
    6.9,
    0.37,
    1.3,
    0.62,
    0.42,
    0.44,
    8.7,
    0.24,
    6.9
  ],
  "y_pred": [
    1.2577264308929443,
    0.025614909827709198,
    1.8915401697158813,
    0.7950403094291687,
    0.054211072623729706,
    0.15403716266155243,
    27.19233512878418,
    0.7471190690994263,
    1.3345004320144653,
    20.665082931518555,
    0.05831274390220642,
    -0.0037567121908068657,
    0.7837778329849243,
    1.7452682256698608,
    0.12256836891174316,
    4.932977676391602,
    6.930563926696777,
    19.168970108032227,
    1.2236000299453735,
    0.09213413298130035,
    21.69803810119629,
    10.218551635742188,
    -0.0637887492775917,
    0.2949877083301544,
    10.657569885253906,
    0.664598822593689,
    0.44210201501846313,
    0.19074681401252747,
    0.07435142993927002,
    1.0241671800613403,
    26.70000648498535,
    0.36536842584609985,
    0.3878445625305176,
    0.4915299117565155,
    0.19336457550525665,
    0.023419493809342384,
    6.480802059173584,
    0.07127869874238968,
    1.7033923864364624,
    0.6533078551292419,
    0.48043349385261536,
    0.007426730822771788,
    9.851203918457031,
    0.27340933680534363,
    1.9523613452911377
  ],
  "selected_features": [
    "SiO2_wt",
    "Al2O3_wt",
    "P2O5_tot_wt"
  ],
  "selected_models": [],
  "stacking_used": false,
  "stacked_model": true,
  "number_of_models": 1,
  "final_estimator": "xgb",
  "final_estimator_params": {
    "xgb_n_estimators": 220,
    "xgb_lr": 0.1331265537717226,
    "xgb_max_depth": 5,
    "xgb_subsample": 0.888250014826818,
    "xgb_colsample": 0.7175951473268768
  },
  "model_params": {
    "xgb": {
      "xgb_n_estimators": 220,
      "xgb_lr": 0.1331265537717226,
      "xgb_max_depth": 5,
      "xgb_subsample": 0.888250014826818,
      "xgb_colsample": 0.7175951473268768
    }
  },
  "use_random_split": true,
  "use_feature_selection": true,
  "model_name": "XGB-FS",
  "error_mean": -0.8590688460423715,
  "error_sdev": 4.265971606777205,
  "uncertainty_median": 10.63739013671875,
  "uncertainty_mad": 6.206363677978516,
  "uncertainty_measure": 58.3447969681495,
  "feature_importance": {
    "K2O_wt": 0.3449433684158176,
    "Fe2O3T_wt": 0.0518771480250062,
    "SiO2_wt": 0.4744598822745211
  }
}