{
  "y_test": [
    0.05,
    0.23,
    0.04,
    2.4,
    1.47,
    31.8,
    0.14,
    0.74,
    0.29,
    0.19,
    0.17,
    2.6,
    1.4,
    2.4,
    0.56,
    0.02,
    1.3,
    0.62,
    1.4,
    4.2,
    0.52,
    0.1,
    5.1,
    6.5,
    22.1,
    0.84,
    0.27,
    25.6,
    0.68,
    10.4,
    0.44,
    0.25,
    8.0,
    2.4,
    0.29,
    0.15,
    0.18,
    0.17,
    0.09,
    29.4,
    1.8,
    0.27,
    0.9,
    6.9,
    0.04
  ],
  "y_pred": [
    0.3753741844913235,
    0.2585446050110506,
    0.48210926451593633,
    1.4598706276430753,
    1.2555149527124336,
    24.382314623040628,
    0.48699658760948983,
    1.0856894851701981,
    0.07764583414073913,
    0.48699658760948983,
    0.48699658760948983,
    0.5508415754369101,
    1.5091710315996638,
    1.4598706276430753,
    0.9327437249500006,
    1.2469571846370666,
    1.5091710315996638,
    0.6672147212426502,
    1.5091710315996638,
    6.9067858004692475,
    0.3272769159320248,
    0.5508415754369101,
    6.636457613378886,
    16.88350538299776,
    24.382314623040628,
    0.48699658760948983,
    1.4379912655592533,
    25.02333466741469,
    0.6156844494673381,
    7.567772434373089,
    0.006810365840759488,
    0.2066667289801635,
    6.547963358716958,
    1.7282802583629755,
    0.48699658760948983,
    0.23217754628329593,
    0.3560898947268648,
    0.1867327018800609,
    0.5620975037372944,
    16.88350538299776,
    6.636457613378886,
    -0.9644665074509169,
    0.5508415754369101,
    1.5091710315996638,
    0.48699658760948983
  ],
  "selected_features": [
    "K2O_wt",
    "P2O5_tot_wt"
  ],
  "selected_models": [],
  "stacking_used": false,
  "stacked_model": true,
  "number_of_models": 1,
  "final_estimator": "lgbm",
  "final_estimator_params": {
    "lgbm_num_leaves": 65,
    "lgbm_lr": 0.11317890716911323,
    "lgbm_n_estimators": 228
  },
  "model_params": {
    "lgbm": {
      "lgbm_num_leaves": 65,
      "lgbm_lr": 0.11317890716911323,
      "lgbm_n_estimators": 228
    }
  },
  "use_random_split": true,
  "use_feature_selection": true,
  "model_name": "LGBM-FS",
  "error_mean": 0.19892275080774396,
  "error_sdev": 3.0471842195546492,
  "uncertainty_median": 7.356651311853639,
  "uncertainty_mad": 6.336718960445758,
  "uncertainty_measure": 86.1359155385755,
  "feature_importance": {
    "K2O_wt": 0.5500879351518612,
    "Fe2O3T_wt": 1.3158323086045198
  }
}