{
  "y_test": [
    0.57,
    0.04,
    0.19,
    4.2,
    0.19,
    0.34,
    6.3,
    29.4,
    0.04,
    0.73,
    25.0,
    0.02,
    6.7,
    8.9,
    0.1,
    0.56,
    0.14,
    0.4,
    0.41,
    0.14,
    31.8,
    0.23,
    0.19,
    34.0,
    1.9,
    0.52,
    0.36,
    1.3,
    10.4,
    0.87,
    2.6,
    0.24,
    0.44,
    0.09,
    0.13,
    0.68,
    5.1,
    0.04,
    3.4,
    1.18,
    0.18,
    25.8,
    0.17,
    6.1,
    0.25
  ],
  "y_pred": [
    0.253360778093338,
    0.913872480392456,
    0.5137028694152832,
    2.08129620552063,
    0.6179534196853638,
    1.5525962114334106,
    4.545349597930908,
    10.649358749389648,
    0.24348370730876923,
    0.393941730260849,
    14.768360137939453,
    2.173163652420044,
    5.417046070098877,
    6.391936302185059,
    0.253360778093338,
    0.4768035113811493,
    1.0152164697647095,
    0.24649032950401306,
    0.40739572048187256,
    5.624686241149902,
    21.248197555541992,
    0.9453938007354736,
    1.006687045097351,
    21.431137084960938,
    1.7817704677581787,
    0.24659621715545654,
    0.25626659393310547,
    0.43340232968330383,
    9.039592742919922,
    1.420409083366394,
    1.2384427785873413,
    0.5154885053634644,
    0.24152635037899017,
    1.6845821142196655,
    0.24856534600257874,
    0.82619309425354,
    4.566900730133057,
    0.5156602263450623,
    2.1731808185577393,
    0.8405908346176147,
    0.24694770574569702,
    13.524564743041992,
    0.2515719532966614,
    4.62687349319458,
    0.575509250164032
  ],
  "selected_features": [
    "K2O_wt",
    "Fe2O3T_wt",
    "SiO2_wt",
    "Al2O3_wt",
    "P2O5_tot_wt"
  ],
  "selected_models": [],
  "stacking_used": false,
  "stacked_model": true,
  "number_of_models": 1,
  "final_estimator": "xgb",
  "final_estimator_params": {
    "xgb_n_estimators": 182,
    "xgb_lr": 0.012299787286880168,
    "xgb_max_depth": 3,
    "xgb_subsample": 0.8960223617981901,
    "xgb_colsample": 0.7922091144575317
  },
  "model_params": {
    "xgb": {
      "xgb_n_estimators": 182,
      "xgb_lr": 0.012299787286880168,
      "xgb_max_depth": 3,
      "xgb_subsample": 0.8960223617981901,
      "xgb_colsample": 0.7922091144575317
    }
  },
  "feature_names": [
    "K2O_wt",
    "Fe2O3T_wt",
    "SiO2_wt",
    "Al2O3_wt",
    "P2O5_tot_wt"
  ],
  "use_random_split": true,
  "use_feature_selection": false,
  "model_name": "XGB",
  "error_mean": 1.4203238704999286,
  "error_sdev": 4.401609689500218,
  "uncertainty_median": 8.771125793457031,
  "uncertainty_mad": 3.079282283782959,
  "uncertainty_measure": 35.10703593009693,
  "feature_importance": {
    "K2O_wt": 0.06773920793235823,
    "Fe2O3T_wt": -0.0050864008659364714,
    "SiO2_wt": 0.2282997333884691,
    "Al2O3_wt": 0.09318984559658323,
    "P2O5_tot_wt": 0.500846517851702
  },
  "run": 5
}