{
  "y_test": [
    0.21,
    0.07,
    0.44,
    1.2,
    6.9,
    11.7,
    0.04,
    8.9,
    6.7,
    2.4,
    0.17,
    0.24,
    6.1,
    6.2,
    0.16,
    6.6,
    6.9,
    24.5,
    0.9,
    0.21,
    31.8,
    0.04,
    1.44,
    4.5,
    0.18,
    8.0,
    0.56,
    0.35,
    4.2,
    0.37,
    0.19,
    1.8,
    5.7,
    1.44,
    0.14,
    1.9,
    10.1,
    1.4,
    0.14,
    0.47,
    5.1,
    8.7,
    1.47,
    0.1,
    7.4
  ],
  "y_pred": [
    0.12460527047289816,
    0.44106424703934666,
    0.4510270151226976,
    0.6650071644603788,
    0.5946351420340252,
    6.622845372027317,
    0.21629072353745338,
    4.4575075552724766,
    4.9311159821875545,
    0.6262138018512156,
    0.2331934681181691,
    0.4906132055605519,
    3.738034257367576,
    6.668388081713866,
    0.3883586111533246,
    6.485429667194262,
    4.873076741900237,
    25.26824012950249,
    2.258547401635238,
    0.8329642985821399,
    29.334486796220336,
    0.3650904991227346,
    0.48328936101216513,
    4.330090144558552,
    0.18709527792990288,
    4.916835675740278,
    0.6859438837653657,
    0.5414291195081118,
    3.6979502719741166,
    0.4857683725012265,
    0.08946694134491961,
    0.6095158611538585,
    3.528957481939413,
    0.1687393606329799,
    0.1688053004467962,
    0.966234475498434,
    6.134018304375173,
    1.3718774080454081,
    0.16721465284515302,
    0.27378659942124894,
    3.371321076507887,
    6.2176414735856405,
    0.7551810232327969,
    0.3344118006419956,
    5.594869591204315
  ],
  "selected_features": [
    "Fe2O3T_wt",
    "SiO2_wt",
    "P2O5_tot_wt"
  ],
  "selected_models": [],
  "stacking_used": false,
  "stacked_model": true,
  "number_of_models": 1,
  "final_estimator": "gpr",
  "final_estimator_params": {
    "gpr_nu": 0.5,
    "gpr_const": 6.6544595252601235,
    "gpr_length_scale": 2.301816473218196,
    "gpr_alpha": 3.937440712360968e-10
  },
  "model_params": {
    "gpr": {
      "gpr_nu": 0.5,
      "gpr_const": 6.6544595252601235,
      "gpr_length_scale": 2.301816473218196,
      "gpr_alpha": 3.937440712360968e-10
    }
  },
  "use_random_split": true,
  "use_feature_selection": true,
  "model_name": "GPR-FS",
  "error_mean": 0.9529515802235105,
  "error_sdev": 1.639928022333496,
  "uncertainty_median": 4.01361554966468,
  "uncertainty_mad": 6.961871202122771,
  "uncertainty_measure": 173.45635415191686,
  "feature_importance": {
    "K2O_wt": 0.03521137768170629,
    "Fe2O3T_wt": 1.5402028344854706,
    "SiO2_wt": 0.13632320259735337
  }
}