{
  "y_test": [
    0.09,
    4.2,
    1.3,
    7.4,
    0.15,
    6.9,
    1.9,
    0.1,
    38.0,
    11.7,
    0.03,
    6.6,
    5.7,
    0.44,
    0.17,
    6.7,
    0.84,
    6.3,
    0.22,
    1.3,
    0.14,
    0.25,
    0.12,
    0.05,
    0.14,
    0.04,
    0.4,
    0.04,
    0.12,
    5.4,
    0.11,
    2.4,
    8.9,
    6.1,
    0.09,
    1.4,
    1.53,
    0.68,
    0.18,
    3.4,
    1.8,
    0.15,
    6.2,
    2.6,
    0.12
  ],
  "y_pred": [
    8.400262449417227,
    3.9798917605234188,
    0.5179092092983737,
    6.6263527291805,
    -0.5067064316392162,
    0.68764464915796,
    1.4889034006245012,
    -0.7497534596419477,
    3.740635052968777,
    6.562623228139291,
    -1.414719692139787,
    5.283363117090559,
    1.2729715286066146,
    -0.9141067772693532,
    -2.103670689391869,
    1.1137166265398797,
    -2.325203275960032,
    3.755193354064083,
    -1.381113398053273,
    2.9005278704278616,
    -4.072458967573198,
    1.4069315640216367,
    -3.2465711603336196,
    -2.391196410018633,
    -0.9507429195724804,
    -1.8865646871510755,
    -1.1612434705903603,
    -2.019823483026851,
    4.220113762520377,
    3.5515937242629967,
    -3.5204664388619307,
    0.7969796423697026,
    -0.2982821977180201,
    4.336737940204159,
    -1.4018319385957945,
    2.729906020586629,
    2.9684751200158352,
    -1.202883367101368,
    0.38350382341420897,
    3.655215835281549,
    -0.8694251305259151,
    1.1806828047934168,
    -1.501697151041963,
    1.711375748205338,
    0.9988358605134415
  ],
  "selected_features": [
    "SiO2_wt",
    "Al2O3_wt"
  ],
  "selected_models": [],
  "stacking_used": false,
  "stacked_model": true,
  "number_of_models": 1,
  "final_estimator": "svr",
  "final_estimator_params": {
    "svr_C": 6.200301358132259,
    "svr_epsilon": 0.00467970160874964
  },
  "model_params": {
    "svr": {
      "svr_C": 6.200301358132259,
      "svr_epsilon": 0.00467970160874964
    }
  },
  "use_random_split": true,
  "use_feature_selection": true,
  "model_name": "SVR-FS",
  "error_mean": 2.2677358716439633,
  "error_sdev": 5.6660813124567495,
  "uncertainty_median": -0.7216907465190481,
  "uncertainty_mad": 4.432729746520699,
  "uncertainty_measure": -614.2145743036353,
  "feature_importance": {
    "K2O_wt": 0.8393106477490924,
    "Fe2O3T_wt": 0.22251564497487508
  }
}