{
  "y_test": [
    0.09,
    0.14,
    25.6,
    6.6,
    0.04,
    0.24,
    0.22,
    0.07,
    0.4,
    22.1,
    0.31,
    1.3,
    6.7,
    0.32,
    0.09,
    0.02,
    0.17,
    10.4,
    0.04,
    0.16,
    1.18,
    6.0,
    6.1,
    6.5,
    0.14,
    0.17,
    5.4,
    0.15,
    0.36,
    25.8,
    0.07,
    0.37,
    0.16,
    0.12,
    10.1,
    7.4,
    0.25,
    2.4,
    1.2,
    6.2,
    0.1,
    1.53,
    0.52,
    11.7,
    1.9
  ],
  "y_pred": [
    -7.348786884702946,
    -4.540630013016564,
    16.18391904395242,
    7.373570958181103,
    -7.463895416779092,
    -4.331736896259223,
    -5.61016110403088,
    -4.862763642252634,
    -4.037528461716619,
    53.08341380233574,
    -2.203419169334488,
    -1.9833699348167428,
    1.5774656874007995,
    -7.165340311632548,
    3.0992237572303765,
    -5.174319775608932,
    -5.396801765546289,
    4.316199369662165,
    -6.458038456105214,
    -4.356342380133615,
    -6.779289142948148,
    0.3567678952556328,
    0.6132056863690778,
    10.32280949208864,
    -10.19079435127665,
    -5.467738236908243,
    -0.3952533352887464,
    -6.773271426149446,
    -7.160835619377963,
    43.36715042670779,
    -5.084954097840065,
    -0.6512154071968581,
    -7.325253676307181,
    -4.831420952319359,
    11.200048329461229,
    8.515536774657095,
    -4.185012117312144,
    -6.978760966858676,
    -6.26446077104103,
    -4.664154620067027,
    -5.703053538675881,
    -2.9515552069294024,
    -4.239425762366459,
    4.751921833763653,
    2.2464040943408
  ],
  "selected_features": [
    "K2O_wt",
    "Fe2O3T_wt",
    "SiO2_wt",
    "Al2O3_wt",
    "P2O5_tot_wt"
  ],
  "selected_models": [],
  "stacking_used": false,
  "stacked_model": true,
  "number_of_models": 1,
  "final_estimator": "svr",
  "final_estimator_params": {
    "svr_C": 6.845281413030313,
    "svr_epsilon": 0.0013967942928138515
  },
  "model_params": {
    "svr": {
      "svr_C": 6.845281413030313,
      "svr_epsilon": 0.0013967942928138515
    }
  },
  "use_random_split": true,
  "use_feature_selection": false,
  "model_name": "SVR",
  "error_mean": 3.653376584208723,
  "error_sdev": 7.053398089344936,
  "uncertainty_median": 16.544911339847744,
  "uncertainty_mad": 11.070902002060695,
  "uncertainty_measure": 66.91424193611047,
  "feature_importance": {
    "K2O_wt": 0.036548906989512284,
    "Fe2O3T_wt": 0.12913770007825473,
    "SiO2_wt": 0.2705640575553164,
    "Al2O3_wt": -0.0673838944756374,
    "P2O5_tot_wt": 0.28586066163504875
  }
}