{
  "y_test": [
    0.16,
    0.4,
    0.29,
    5.7,
    0.15,
    0.17,
    0.73,
    0.04,
    0.47,
    0.04,
    0.21,
    0.07,
    0.27,
    0.12,
    0.21,
    0.32,
    1.4,
    0.03,
    6.2,
    0.87,
    0.02,
    0.16,
    1.44,
    25.8,
    25.0,
    0.74,
    0.24,
    0.31,
    4.2,
    2.7,
    0.51,
    4.5,
    1.4,
    7.4,
    0.52,
    1.8,
    1.3,
    0.14,
    31.8,
    1.3,
    1.2,
    0.36,
    0.19,
    25.6,
    1.47
  ],
  "y_pred": [
    0.28790804743766785,
    0.4775127172470093,
    0.27521514892578125,
    7.967144012451172,
    0.7132578492164612,
    0.3255012333393097,
    0.4333060681819916,
    0.32185474038124084,
    0.04399961605668068,
    1.7104036808013916,
    0.3145788609981537,
    0.17709362506866455,
    0.1363956481218338,
    0.13431379199028015,
    1.5347074270248413,
    0.6678661704063416,
    1.4161428213119507,
    0.25146132707595825,
    5.428361415863037,
    1.5595223903656006,
    2.9995837211608887,
    0.29065313935279846,
    0.6559323668479919,
    26.0960693359375,
    25.7886905670166,
    0.926413893699646,
    0.4988023638725281,
    -0.18028627336025238,
    9.272774696350098,
    2.3021907806396484,
    0.30360451340675354,
    6.995631694793701,
    1.4516842365264893,
    8.665326118469238,
    0.05392381176352501,
    21.324798583984375,
    0.8246024250984192,
    1.5429105758666992,
    34.61756134033203,
    0.9152474403381348,
    0.4316859245300293,
    0.235989049077034,
    0.32502973079681396,
    27.646610260009766,
    0.8904609680175781
  ],
  "selected_features": [
    "K2O_wt",
    "Fe2O3T_wt",
    "SiO2_wt",
    "Al2O3_wt",
    "P2O5_tot_wt"
  ],
  "selected_models": [],
  "stacking_used": false,
  "stacked_model": true,
  "number_of_models": 1,
  "final_estimator": "xgb",
  "final_estimator_params": {
    "xgb_n_estimators": 139,
    "xgb_lr": 0.2597039822227607,
    "xgb_max_depth": 4,
    "xgb_subsample": 0.7575178942160965,
    "xgb_colsample": 0.9118491748343082
  },
  "model_params": {
    "xgb": {
      "xgb_n_estimators": 139,
      "xgb_lr": 0.2597039822227607,
      "xgb_max_depth": 4,
      "xgb_subsample": 0.7575178942160965,
      "xgb_colsample": 0.9118491748343082
    }
  },
  "use_random_split": true,
  "use_feature_selection": false,
  "model_name": "XGB",
  "error_mean": -0.9133875079287422,
  "error_sdev": 3.072342828769485,
  "uncertainty_median": 17.468660354614258,
  "uncertainty_mad": 5.8495941162109375,
  "uncertainty_measure": 33.486220451162396,
  "feature_importance": {
    "K2O_wt": 0.10376338695045118,
    "Fe2O3T_wt": 0.18380268014514392,
    "SiO2_wt": 0.29114863469341634,
    "Al2O3_wt": 0.051770446088795594,
    "P2O5_tot_wt": 1.326386533271919
  }
}