{
  "y_test": [
    1.3,
    24.5,
    0.51,
    0.25,
    0.04,
    6.2,
    1.53,
    0.17,
    0.07,
    0.1,
    0.19,
    1.4,
    0.04,
    10.4,
    0.18,
    0.36,
    0.09,
    0.14,
    0.27,
    0.14,
    0.07,
    0.22,
    6.9,
    0.14,
    0.05,
    0.15,
    2.4,
    31.8,
    0.29,
    1.44,
    38.0,
    1.5,
    0.12,
    1.18,
    0.14,
    0.29,
    6.2,
    1.2,
    2.4,
    1.3,
    1.9,
    2.7,
    1.8,
    6.5,
    8.7
  ],
  "y_pred": [
    1.799641645641875,
    16.212026294517916,
    0.3588661904493509,
    1.1478602729832335,
    1.600854749944197,
    2.9558225778349194,
    1.8493285737527585,
    0.45690245175652106,
    1.9154892018893004,
    0.4535388728429504,
    -1.6473121707780742,
    3.882681394322641,
    -1.3887476102287981,
    7.305192552816101,
    0.46619006789879386,
    0.3407107009668962,
    -0.15035209267565758,
    0.8382711894084891,
    2.2559605182622593,
    1.53962475866394,
    -0.049142532228897584,
    0.3617708433066676,
    1.1089888357032005,
    2.5282088574939316,
    -2.0826100843128335,
    -0.5335928995583807,
    2.157770342186885,
    19.997161896447754,
    1.2441391965736996,
    2.1325071353293468,
    3.441610540079003,
    0.16875407006949544,
    -1.940696200609429,
    1.6188563246584358,
    -3.2769376996957686,
    -2.095376010882744,
    9.431940918427014,
    1.3138536833977876,
    1.515276585670525,
    3.5860877003459186,
    5.643245126690245,
    1.9853939684873692,
    2.4062049827413046,
    10.687187831762301,
    10.510979910201304
  ],
  "selected_features": [
    "SiO2_wt",
    "P2O5_tot_wt"
  ],
  "selected_models": [],
  "stacking_used": false,
  "stacked_model": true,
  "number_of_models": 1,
  "final_estimator": "ann",
  "final_estimator_params": {
    "ann_hidden": 96,
    "ann_alpha": 0.00019189523811983898
  },
  "model_params": {
    "ann": {
      "ann_hidden": 96,
      "ann_alpha": 0.00019189523811983898
    }
  },
  "use_random_split": true,
  "use_feature_selection": true,
  "model_name": "ANN-FS",
  "error_mean": 1.1381303674988057,
  "error_sdev": 5.859951220116251,
  "uncertainty_median": 5.811959210723071,
  "uncertainty_mad": 4.787161334484181,
  "uncertainty_measure": 82.3674282787784,
  "feature_importance": {
    "K2O_wt": 0.5055323100999373,
    "Fe2O3T_wt": 0.10834000498415781
  }
}