{
  "y_test": [
    8.7,
    6.6,
    0.04,
    0.14,
    1.53,
    0.25,
    0.04,
    0.11,
    0.23,
    6.0,
    0.19,
    4.2,
    1.3,
    7.4,
    0.74,
    0.25,
    4.2,
    1.3,
    0.21,
    2.4,
    0.37,
    0.36,
    1.18,
    38.0,
    1.9,
    0.51,
    6.5,
    0.17,
    5.4,
    0.14,
    0.15,
    0.56,
    22.1,
    0.04,
    0.73,
    0.15,
    0.87,
    2.4,
    0.24,
    0.18,
    0.4,
    1.8,
    0.19,
    2.4,
    0.12
  ],
  "y_pred": [
    19.324115802301765,
    7.261631732025393,
    6.963305481960678,
    -3.3721314818435975,
    -5.926381292352811,
    2.44745694698559,
    2.0693983773605016,
    0.5211448777212324,
    0.8314495379542106,
    2.2660303601286,
    0.13199177151089558,
    1.189219015328178,
    -1.110556531690879,
    9.58326479255973,
    1.0888893208997195,
    -0.013569227337078521,
    5.6912243671122456,
    -0.9827897709735892,
    0.5211448777212324,
    2.5123187343959095,
    0.921714446281581,
    0.4489569396027185,
    -0.8384471304784127,
    10.31713845573713,
    4.712099996380744,
    0.6903309501257057,
    23.80817078935999,
    -2.1126833726781453,
    2.3377530871381227,
    0.5131372816735722,
    -2.213312984092075,
    0.9945807995110504,
    24.76912346034947,
    0.5211448777212324,
    0.04173428692515681,
    1.1696695103609565,
    1.1323838720773407,
    1.1283086447849473,
    -0.6692734121406272,
    1.2651678357382738,
    0.40894497210504693,
    12.86599967341598,
    -4.166246989439838,
    4.370857369865775,
    0.8248399918606778
  ],
  "selected_features": [
    "K2O_wt",
    "Fe2O3T_wt",
    "SiO2_wt",
    "Al2O3_wt",
    "P2O5_tot_wt"
  ],
  "selected_models": [],
  "stacking_used": false,
  "stacked_model": true,
  "number_of_models": 1,
  "final_estimator": "lgbm",
  "final_estimator_params": {
    "lgbm_num_leaves": 95,
    "lgbm_lr": 0.24997649851239107,
    "lgbm_n_estimators": 256
  },
  "model_params": {
    "lgbm": {
      "lgbm_num_leaves": 95,
      "lgbm_lr": 0.24997649851239107,
      "lgbm_n_estimators": 256
    }
  },
  "feature_names": [
    "K2O_wt",
    "Fe2O3T_wt",
    "SiO2_wt",
    "Al2O3_wt",
    "P2O5_tot_wt"
  ],
  "use_random_split": true,
  "use_feature_selection": false,
  "model_name": "LGBM",
  "error_mean": -0.03442780097676224,
  "error_sdev": 5.910388660869058,
  "uncertainty_median": 15.70652133486415,
  "uncertainty_mad": 4.74138833389099,
  "uncertainty_measure": 30.18738670902522,
  "feature_importance": {
    "K2O_wt": 0.08259271298654156,
    "Fe2O3T_wt": 0.017029558737202036,
    "SiO2_wt": 0.030853687703402112,
    "Al2O3_wt": -0.05799798074194894,
    "P2O5_tot_wt": 0.6552073944336265
  },
  "run": 2
}