{
  "y_test": [
    25.0,
    0.87,
    11.7,
    1.3,
    1.47,
    6.0,
    0.14,
    1.2,
    0.15,
    0.41,
    0.04,
    0.74,
    0.09,
    0.15,
    0.04,
    0.62,
    34.0,
    0.4,
    0.19,
    0.05,
    1.18,
    6.2,
    5.1,
    0.23,
    0.47,
    6.5,
    1.5,
    0.37,
    0.25,
    0.73,
    0.15,
    0.17,
    0.44,
    2.4,
    2.4,
    1.3,
    22.1,
    6.7,
    0.09,
    0.36,
    0.32,
    0.34,
    0.44,
    4.2,
    0.31
  ],
  "y_pred": [
    26.444097140382116,
    0.14527414252071022,
    4.777186616140231,
    0.9472540451772837,
    0.7755618216205932,
    4.473702534107413,
    0.11414422447350736,
    1.0845853175746556,
    1.4388882818279851,
    0.7306737563190108,
    0.6193354790193233,
    1.3325376010545482,
    0.1982393339782621,
    0.19593826787773572,
    0.07953822166848169,
    0.3196181785803451,
    28.00916288351626,
    0.3368264810951621,
    0.1403938260740537,
    22.59830888198352,
    0.8527173521381365,
    2.7701013429176014,
    3.394303854500986,
    0.17396001504353426,
    0.2712692539860379,
    8.179287226165927,
    0.4141886089828525,
    11.442844627628993,
    0.2341409560571909,
    0.3243806582275269,
    2.0631729200203446,
    0.23769840817659646,
    0.3445293563469791,
    0.8403533312828967,
    2.5701444294523155,
    1.8788966424140805,
    27.18824500451261,
    5.470691956774384,
    0.2083942468347643,
    0.09817576345494314,
    0.17539114303597003,
    0.1263740858576238,
    0.27315236503083,
    12.819778815442342,
    10.151949768098616
  ],
  "selected_features": [
    "K2O_wt",
    "Fe2O3T_wt",
    "SiO2_wt",
    "Al2O3_wt",
    "P2O5_tot_wt"
  ],
  "selected_models": [],
  "stacking_used": false,
  "stacked_model": true,
  "number_of_models": 1,
  "final_estimator": "knn",
  "final_estimator_params": {
    "knn_n": 4,
    "knn_weights": "distance"
  },
  "model_params": {
    "knn": {
      "knn_n": 4,
      "knn_weights": "distance"
    }
  },
  "use_random_split": true,
  "use_feature_selection": false,
  "model_name": "KNN",
  "error_mean": -0.8545646481638951,
  "error_sdev": 4.55848681909943,
  "uncertainty_median": 5.9502467610213765,
  "uncertainty_mad": 9.170124203095936,
  "uncertainty_measure": 154.11334304935377,
  "feature_importance": {
    "K2O_wt": -0.00893635120310258,
    "Fe2O3T_wt": -0.12161867899995371,
    "SiO2_wt": 1.5717144569749848,
    "Al2O3_wt": -0.09951768518701912,
    "P2O5_tot_wt": 0.004837277512790673
  }
}