{
  "y_test": [
    1.8,
    1.44,
    0.14,
    0.42,
    0.09,
    0.27,
    0.09,
    0.9,
    1.5,
    25.6,
    0.14,
    0.4,
    10.1,
    0.57,
    1.0,
    38.0,
    0.1,
    3.4,
    0.24,
    0.15,
    6.6,
    24.5,
    0.13,
    0.11,
    6.1,
    0.25,
    22.1,
    0.43,
    0.27,
    0.24,
    0.1,
    0.04,
    11.7,
    0.17,
    1.53,
    0.16,
    1.9,
    6.0,
    0.21,
    0.19,
    0.15,
    7.0,
    0.34,
    0.21,
    0.62
  ],
  "y_pred": [
    6.266196250915527,
    1.0325627326965332,
    0.15289421379566193,
    0.5174978375434875,
    0.33964139223098755,
    0.2697403132915497,
    1.4215078353881836,
    1.4930921792984009,
    2.016836643218994,
    28.106149673461914,
    0.3641456067562103,
    0.27073946595191956,
    7.45408296585083,
    0.3321073353290558,
    0.8852347731590271,
    4.561049461364746,
    0.21705274283885956,
    2.1563000679016113,
    0.29173266887664795,
    0.41695675253868103,
    6.225046634674072,
    25.881519317626953,
    0.26940932869911194,
    -0.5978586077690125,
    4.886752605438232,
    0.02200673334300518,
    28.987707138061523,
    -0.06938077509403229,
    1.4566636085510254,
    0.3164515197277069,
    0.29369640350341797,
    0.33328962326049805,
    10.220344543457031,
    -0.01084800437092781,
    0.5049515962600708,
    0.24362310767173767,
    6.567653656005859,
    5.471925735473633,
    0.5598212480545044,
    0.1351497769355774,
    0.6143472790718079,
    6.365397930145264,
    0.28279030323028564,
    1.2791391611099243,
    0.49517643451690674
  ],
  "selected_features": [
    "K2O_wt",
    "Fe2O3T_wt",
    "SiO2_wt",
    "Al2O3_wt",
    "P2O5_tot_wt"
  ],
  "selected_models": [],
  "stacking_used": false,
  "stacked_model": true,
  "number_of_models": 1,
  "final_estimator": "xgb",
  "final_estimator_params": {
    "xgb_n_estimators": 161,
    "xgb_lr": 0.22126521517561326,
    "xgb_max_depth": 7,
    "xgb_subsample": 0.6025083531244293,
    "xgb_colsample": 0.9459625205475685
  },
  "model_params": {
    "xgb": {
      "xgb_n_estimators": 161,
      "xgb_lr": 0.22126521517561326,
      "xgb_max_depth": 7,
      "xgb_subsample": 0.6025083531244293,
      "xgb_colsample": 0.9459625205475685
    }
  },
  "use_random_split": true,
  "use_feature_selection": false,
  "model_name": "XGB",
  "error_mean": 0.4022156175557109,
  "error_sdev": 5.285239537430358,
  "uncertainty_median": 8.283271789550781,
  "uncertainty_mad": 6.694463729858398,
  "uncertainty_measure": 80.81907608420335,
  "feature_importance": {
    "K2O_wt": -0.021430778792433127,
    "Fe2O3T_wt": 0.012626705130912913,
    "SiO2_wt": 0.6560646584041382,
    "Al2O3_wt": -0.010810514458235774,
    "P2O5_tot_wt": 0.18147759696995078
  }
}