{
  "y_test": [
    0.19,
    0.84,
    1.0,
    8.9,
    10.1,
    6.2,
    3.4,
    1.5,
    0.37,
    31.8,
    0.04,
    0.17,
    0.31,
    0.25,
    10.4,
    1.4,
    0.4,
    2.4,
    6.0,
    0.16,
    0.12,
    25.0,
    1.53,
    0.05,
    0.15,
    0.43,
    5.4,
    1.8,
    2.4,
    0.1,
    0.07,
    0.73,
    0.14,
    0.17,
    0.87,
    0.37,
    0.22,
    0.62,
    0.46,
    2.7,
    1.47,
    6.5,
    0.18,
    5.1,
    0.09
  ],
  "y_pred": [
    1.2185544546356293,
    0.15925501455155266,
    2.5965877414456724,
    5.356018876007298,
    10.280298911924882,
    2.767985812602747,
    4.302273423705334,
    0.3505294196984978,
    1.7329801896679653,
    17.204124278449743,
    2.095297615168251,
    1.5340015140029108,
    3.558444258996877,
    1.0867393020873215,
    13.520359325088346,
    3.222534639865406,
    1.5201471670328384,
    0.1857090682218009,
    4.950883271002952,
    0.9833042555060243,
    -1.2779281637380282,
    24.374662329960916,
    1.2474217107861678,
    56.11323075211287,
    -0.5952567337112695,
    0.9878384060291805,
    3.559952934077173,
    4.234191960155702,
    -0.11528072478045531,
    1.705845030820909,
    1.5510034416831826,
    1.2972802941316082,
    2.3550413386454006,
    0.07594452103147772,
    1.3959526622703549,
    3.6315559706768616,
    1.5427518729862606,
    1.5550054593535005,
    0.30930490580812053,
    0.4529858828157478,
    1.0798132653838488,
    9.408924550870227,
    1.6647695105547649,
    4.024242680444924,
    5.406066108979185
  ],
  "selected_features": [
    "Fe2O3T_wt",
    "SiO2_wt",
    "P2O5_tot_wt"
  ],
  "selected_models": [],
  "stacking_used": false,
  "stacked_model": true,
  "number_of_models": 1,
  "final_estimator": "ann",
  "final_estimator_params": {
    "ann_hidden": 93,
    "ann_alpha": 4.922648581263804e-05
  },
  "model_params": {
    "ann": {
      "ann_hidden": 93,
      "ann_alpha": 4.922648581263804e-05
    }
  },
  "feature_names": [
    "K2O_wt",
    "Fe2O3T_wt",
    "SiO2_wt",
    "Al2O3_wt",
    "P2O5_tot_wt"
  ],
  "use_random_split": true,
  "use_feature_selection": true,
  "model_name": "ANN-FS",
  "error_mean": -1.3802521890446817,
  "error_sdev": 8.827832491275936,
  "uncertainty_median": 21.659578971405804,
  "uncertainty_mad": 14.868414514584885,
  "uncertainty_measure": 68.64590735680333,
  "feature_importance": {
    "K2O_wt": -0.48443773623537595,
    "Fe2O3T_wt": 0.5581709383956425,
    "SiO2_wt": 0.16965142465350563
  },
  "run": 0
}