{
  "y_test": [
    0.13,
    0.29,
    1.5,
    0.04,
    0.12,
    0.34,
    0.27,
    0.17,
    25.8,
    25.0,
    0.37,
    7.0,
    0.21,
    38.0,
    0.51,
    1.3,
    0.16,
    0.37,
    0.15,
    0.34,
    0.19,
    0.14,
    6.7,
    0.14,
    0.44,
    1.18,
    4.2,
    0.29,
    1.3,
    0.23,
    0.09,
    6.6,
    0.15,
    0.03,
    0.36,
    6.5,
    31.8,
    0.17,
    1.47,
    6.1,
    1.44,
    2.6,
    0.15,
    0.19,
    0.24
  ],
  "y_pred": [
    0.26050883531570435,
    0.08185584843158722,
    2.028416633605957,
    0.27316057682037354,
    0.4473601281642914,
    1.3003734350204468,
    1.344368577003479,
    0.34316134452819824,
    29.087722778320312,
    27.91476821899414,
    0.28481119871139526,
    6.375280857086182,
    1.0760917663574219,
    4.724385738372803,
    0.34152814745903015,
    1.3859896659851074,
    0.162276029586792,
    0.32906055450439453,
    0.4011513590812683,
    0.3227827847003937,
    0.39285004138946533,
    0.17020609974861145,
    6.985713958740234,
    0.21148993074893951,
    0.17328521609306335,
    0.9862745404243469,
    2.079116106033325,
    1.944502592086792,
    1.0396393537521362,
    0.3697873651981354,
    1.2809516191482544,
    5.799670219421387,
    0.3993062376976013,
    0.14562836289405823,
    0.3255506157875061,
    8.96844482421875,
    30.710119247436523,
    0.5219355821609497,
    1.2357165813446045,
    4.573997974395752,
    0.06788749992847443,
    0.8082680106163025,
    1.019948124885559,
    0.024079453200101852,
    0.284923791885376
  ],
  "selected_features": [
    "K2O_wt",
    "Fe2O3T_wt",
    "SiO2_wt",
    "Al2O3_wt",
    "P2O5_tot_wt"
  ],
  "selected_models": [],
  "stacking_used": false,
  "stacked_model": true,
  "number_of_models": 1,
  "final_estimator": "xgb",
  "final_estimator_params": {
    "xgb_n_estimators": 182,
    "xgb_lr": 0.13714654653865677,
    "xgb_max_depth": 7,
    "xgb_subsample": 0.9129587272992159,
    "xgb_colsample": 0.8319067404519389
  },
  "model_params": {
    "xgb": {
      "xgb_n_estimators": 182,
      "xgb_lr": 0.13714654653865677,
      "xgb_max_depth": 7,
      "xgb_subsample": 0.9129587272992159,
      "xgb_colsample": 0.8319067404519389
    }
  },
  "use_random_split": true,
  "use_feature_selection": false,
  "model_name": "XGB",
  "error_mean": 0.5725700482825439,
  "error_sdev": 5.092415902856255,
  "uncertainty_median": 8.345733642578125,
  "uncertainty_mad": 6.225937843322754,
  "uncertainty_measure": 74.60024618518099,
  "feature_importance": {
    "K2O_wt": 0.0015173486496534128,
    "Fe2O3T_wt": 0.009631940382750651,
    "SiO2_wt": 0.6967985995341839,
    "Al2O3_wt": -0.0047345647277507,
    "P2O5_tot_wt": 0.1887373350153469
  }
}