{
  "y_test": [
    0.52,
    2.7,
    0.47,
    7.0,
    1.3,
    1.53,
    0.25,
    4.2,
    6.7,
    1.9,
    0.21,
    0.25,
    0.22,
    0.19,
    1.0,
    0.27,
    0.17,
    6.9,
    8.7,
    1.4,
    0.36,
    1.44,
    0.14,
    24.5,
    0.19,
    0.19,
    6.0,
    4.2,
    1.47,
    0.03,
    6.2,
    1.18,
    0.57,
    0.29,
    6.2,
    3.4,
    1.9,
    0.04,
    1.3,
    0.23,
    5.1,
    0.84,
    1.2,
    6.5,
    0.09
  ],
  "y_pred": [
    0.17697541882759982,
    3.1471397980418008,
    0.5004083443312761,
    7.400001138869687,
    1.4775814775370635,
    0.3127521770637869,
    -0.32041332629473507,
    3.7733940091528235,
    4.751615660794101,
    1.955405092063192,
    0.15835101402819252,
    0.050832744692659304,
    0.06753410378894253,
    -1.5369137205100656,
    1.5253725006036776,
    0.953370106159896,
    -0.6091532703801117,
    4.675130143284613,
    8.76263750207218,
    1.5665038254218886,
    0.07679525878329274,
    1.4723780683474925,
    0.09168812121196313,
    28.55764569588255,
    0.2466470621614536,
    0.5650456640271502,
    3.283335754897768,
    8.110292073041874,
    1.1055644890551188,
    0.194501334283244,
    4.49048586717118,
    0.7129560212350889,
    0.22151656642707618,
    0.017816210772515717,
    8.061500132335134,
    2.3873335719813173,
    1.548604838327003,
    -0.0027362109039597016,
    0.5228885943951402,
    0.13815052172853104,
    4.567640762282507,
    0.2679729817223997,
    0.5061734119755705,
    8.944119489904876,
    0.18502222835242144
  ],
  "selected_features": [
    "Al2O3_wt",
    "P2O5_tot_wt"
  ],
  "selected_models": [],
  "stacking_used": false,
  "stacked_model": true,
  "number_of_models": 1,
  "final_estimator": "gpr",
  "final_estimator_params": {
    "gpr_nu": 0.5,
    "gpr_const": 8.764101533349102,
    "gpr_length_scale": 1.8539382162374893,
    "gpr_alpha": 6.695518551045187e-08
  },
  "model_params": {
    "gpr": {
      "gpr_nu": 0.5,
      "gpr_const": 8.764101533349102,
      "gpr_length_scale": 1.8539382162374893,
      "gpr_alpha": 6.695518551045187e-08
    }
  },
  "use_random_split": true,
  "use_feature_selection": true,
  "model_name": "GPR-FS",
  "error_mean": 0.09729192780117389,
  "error_sdev": 1.2650338831083958,
  "uncertainty_median": 6.9594831284311525,
  "uncertainty_mad": 5.1489054040774525,
  "uncertainty_measure": 73.98402020752005,
  "feature_importance": {
    "K2O_wt": 1.2580032684531985,
    "Fe2O3T_wt": 1.4062592114170906
  }
}