{
  "y_test": [
    1.3,
    4.2,
    0.09,
    25.6,
    6.9,
    2.6,
    0.04,
    31.8,
    0.52,
    0.34,
    1.4,
    0.37,
    0.12,
    0.12,
    0.4,
    1.8,
    0.15,
    0.14,
    0.19,
    6.2,
    1.4,
    6.0,
    6.3,
    0.04,
    0.15,
    0.04,
    0.17,
    1.9,
    6.5,
    0.09,
    1.3,
    0.32,
    2.4,
    4.5,
    0.11,
    6.7,
    0.13,
    0.1,
    0.84,
    25.0,
    25.8,
    0.18,
    0.47,
    0.37,
    0.43
  ],
  "y_pred": [
    2.9516454283501115,
    10.051306667753236,
    0.5872700175340753,
    18.11226706833865,
    5.098998720016754,
    0.8176930083821143,
    0.11626324635615992,
    19.791214318517074,
    1.7658501190662803,
    0.6557302502165769,
    2.8313139334097777,
    0.4220150381325536,
    1.6893057623871397,
    4.088298523644308,
    0.45153188226812757,
    2.411980550838074,
    0.5118507844885118,
    3.396310658937587,
    -0.17946457546796024,
    1.3787414076208075,
    2.8168086327278723,
    4.30301183126946,
    11.429214224226346,
    2.518408669217832,
    0.7520316530658309,
    0.8629261261856143,
    1.0031389517890301,
    2.6475461281139108,
    14.472901215085713,
    7.520245362765145,
    1.5966193723496391,
    -0.0319525454141254,
    0.7343042954826591,
    4.283870220415931,
    -0.1874585041285326,
    10.235784011560105,
    1.9026797960821535,
    0.5278898970795027,
    -0.7046393802717685,
    19.23527155395218,
    23.584415487152956,
    0.5942547317717772,
    0.3228793332212203,
    0.2652359733247418,
    1.269762613222309
  ],
  "selected_features": [
    "K2O_wt",
    "SiO2_wt",
    "Al2O3_wt",
    "P2O5_tot_wt"
  ],
  "selected_models": [],
  "stacking_used": false,
  "stacked_model": true,
  "number_of_models": 1,
  "final_estimator": "ann",
  "final_estimator_params": {
    "ann_hidden": 71,
    "ann_alpha": 1.5233893529662056e-05
  },
  "model_params": {
    "ann": {
      "ann_hidden": 71,
      "ann_alpha": 1.5233893529662056e-05
    }
  },
  "use_random_split": true,
  "use_feature_selection": true,
  "model_name": "ANN-FS",
  "error_mean": -0.29745049913416566,
  "error_sdev": 3.421630811905462,
  "uncertainty_median": 17.650528179074545,
  "uncertainty_mad": 7.449089950902622,
  "uncertainty_measure": 42.203212704613776,
  "feature_importance": {
    "K2O_wt": 0.0032489827695726015,
    "Fe2O3T_wt": 0.4383644199367252,
    "SiO2_wt": 0.28584114236329966,
    "Al2O3_wt": 0.5087452705434143
  }
}