{
  "y_test": [
    8.7,
    1.3,
    0.52,
    0.57,
    1.4,
    0.1,
    0.23,
    0.51,
    0.19,
    0.44,
    0.27,
    0.41,
    0.09,
    0.34,
    0.35,
    0.46,
    0.14,
    0.4,
    0.14,
    0.07,
    0.21,
    0.43,
    1.53,
    0.42,
    2.7,
    0.68,
    8.0,
    10.4,
    0.04,
    2.4,
    2.4,
    0.15,
    0.19,
    0.47,
    0.24,
    5.1,
    0.04,
    0.37,
    0.18,
    2.4,
    5.4,
    7.4,
    0.14,
    4.5,
    0.13
  ],
  "y_pred": [
    6.715658736803223,
    3.107216333108997,
    0.47650121224368547,
    0.38883730416389933,
    1.8556573929178497,
    0.21375416899662933,
    0.17395770791837953,
    0.24956534391092225,
    0.1418848202258574,
    0.22162116158073675,
    0.30580593014020513,
    0.7212704336215076,
    0.25766698524089254,
    2.3257337670632277,
    4.961763247800876,
    1.548866407161041,
    1.0225652038590267,
    0.22940322375788047,
    0.30389906578319303,
    0.18516276901898676,
    1.450324988398633,
    0.1314024536182816,
    1.4377014255980374,
    8.107930059387382,
    0.7605909389760793,
    1.4360578419010086,
    3.343552242377889,
    6.014119739250855,
    0.8841780232890849,
    0.5156412723408555,
    0.6079699652465407,
    1.4078514179294497,
    0.23283176500283237,
    0.3389727141406176,
    0.42669573118690485,
    3.1904017839973244,
    0.11791403706669748,
    9.293905060654799,
    0.2055485520187399,
    1.956449010352466,
    1.7510167455945036,
    6.623959032062368,
    0.19932110879555018,
    4.738997882032006,
    0.2790784665643285
  ],
  "selected_features": [
    "K2O_wt",
    "Fe2O3T_wt",
    "SiO2_wt",
    "Al2O3_wt",
    "P2O5_tot_wt"
  ],
  "selected_models": [],
  "stacking_used": false,
  "stacked_model": true,
  "number_of_models": 1,
  "final_estimator": "knn",
  "final_estimator_params": {
    "knn_n": 9,
    "knn_weights": "distance"
  },
  "model_params": {
    "knn": {
      "knn_n": 9,
      "knn_weights": "distance"
    }
  },
  "use_random_split": true,
  "use_feature_selection": false,
  "model_name": "KNN",
  "error_mean": -0.1846489660688945,
  "error_sdev": 2.3645394273938805,
  "uncertainty_median": 1.5246512924362197,
  "uncertainty_mad": 2.034132568761793,
  "uncertainty_measure": 133.41624926651127,
  "feature_importance": {
    "K2O_wt": 0.0019446863715407569,
    "Fe2O3T_wt": -0.014629861757792453,
    "SiO2_wt": 1.1543414774283445,
    "Al2O3_wt": 0.03862324148893303,
    "P2O5_tot_wt": 0.018871524911450784
  }
}