{
  "y_test": [
    4.2,
    5.1,
    0.25,
    6.6,
    1.3,
    5.4,
    1.4,
    6.9,
    0.14,
    0.14,
    0.16,
    0.14,
    0.04,
    6.7,
    0.02,
    1.3,
    0.29,
    0.18,
    3.4,
    1.9,
    0.73,
    0.74,
    1.18,
    0.17,
    7.0,
    1.47,
    2.7,
    22.1,
    0.09,
    2.4,
    0.37,
    1.3,
    0.05,
    6.2,
    0.04,
    0.07,
    0.15,
    0.1,
    0.36,
    1.3,
    1.0,
    0.57,
    6.3,
    0.24,
    2.4
  ],
  "y_pred": [
    3.6508941456502484,
    -0.5837222949307979,
    -6.540328485260979,
    6.180935932861296,
    -5.64877089771543,
    -0.803343093241633,
    -3.1409582157053,
    -2.1091126280514203,
    -9.973372356477235,
    -11.975382707002424,
    -6.199148264562503,
    -3.7861942111850446,
    -9.084754104307414,
    1.9045929034823814,
    -7.515021350922289,
    -3.7983979362028073,
    -9.947007838170592,
    -8.475821887414085,
    -1.112433852519878,
    2.815216422219141,
    -8.8140352108447,
    -7.234214993277888,
    -8.174556659710916,
    -7.968776798638281,
    5.854606330099855,
    -8.113145425630982,
    -6.720116064331243,
    49.888071230588835,
    5.244094337947672,
    -4.7981159922085155,
    -8.217353607658005,
    -5.981303689886481,
    -9.846746302714081,
    0.5842626587893491,
    -5.005512346455966,
    -7.656998589341036,
    -6.548652982177721,
    -7.794630412282267,
    -8.44371946621979,
    -2.673877430151972,
    -4.206770481634898,
    -8.964362860194747,
    4.47352534883758,
    -4.818514118483414,
    -9.067727525369264
  ],
  "selected_features": [
    "SiO2_wt",
    "Al2O3_wt",
    "P2O5_tot_wt"
  ],
  "selected_models": [],
  "stacking_used": false,
  "stacked_model": true,
  "number_of_models": 1,
  "final_estimator": "svr",
  "final_estimator_params": {
    "svr_C": 9.933542941311874,
    "svr_epsilon": 0.061392520259331576
  },
  "model_params": {
    "svr": {
      "svr_C": 9.933542941311874,
      "svr_epsilon": 0.061392520259331576
    }
  },
  "use_random_split": true,
  "use_feature_selection": true,
  "model_name": "SVR-FS",
  "error_mean": 5.683037817120125,
  "error_sdev": 6.161016097373295,
  "uncertainty_median": 12.304925802598065,
  "uncertainty_mad": 10.842531170745165,
  "uncertainty_measure": 88.1153722069244,
  "feature_importance": {
    "K2O_wt": 0.8349490676494234,
    "Fe2O3T_wt": 0.7015574499943932,
    "SiO2_wt": -0.5547119871733842
  }
}