{
  "y_test": [
    1.53,
    0.04,
    0.52,
    0.15,
    0.19,
    2.4,
    0.23,
    25.0,
    0.37,
    1.3,
    6.2,
    0.15,
    0.13,
    0.17,
    0.4,
    0.19,
    0.1,
    0.14,
    0.29,
    0.84,
    4.2,
    1.3,
    0.24,
    29.4,
    0.31,
    0.68,
    6.9,
    0.04,
    0.07,
    0.24,
    0.41,
    0.21,
    2.7,
    0.14,
    0.37,
    0.36,
    6.7,
    0.27,
    22.1,
    0.87,
    0.46,
    5.7,
    0.12,
    0.25,
    0.15
  ],
  "y_pred": [
    0.3330519199371338,
    0.2590334713459015,
    0.23517046868801117,
    1.9710067510604858,
    0.21874527633190155,
    2.252824306488037,
    0.27987244725227356,
    21.110820770263672,
    6.144708633422852,
    1.553314208984375,
    7.449190139770508,
    1.1680210828781128,
    0.24171783030033112,
    0.4053919315338135,
    0.11897490173578262,
    0.6938132047653198,
    0.25322699546813965,
    0.2538915276527405,
    1.23408043384552,
    0.18854911625385284,
    6.910654544830322,
    1.5245060920715332,
    0.23151364922523499,
    20.871416091918945,
    2.8959126472473145,
    0.9049588441848755,
    6.401409149169922,
    0.1652500331401825,
    0.23368704319000244,
    0.2154010832309723,
    0.5295606851577759,
    1.0455342531204224,
    2.284133195877075,
    0.2781689763069153,
    0.3083474636077881,
    0.31357553601264954,
    5.8838019371032715,
    1.3834818601608276,
    23.966957092285156,
    2.2828269004821777,
    1.0313276052474976,
    7.140020370483398,
    0.2572442591190338,
    0.22950094938278198,
    0.29412004351615906
  ],
  "selected_features": [
    "K2O_wt",
    "Fe2O3T_wt",
    "SiO2_wt",
    "Al2O3_wt",
    "P2O5_tot_wt"
  ],
  "selected_models": [],
  "stacking_used": false,
  "stacked_model": true,
  "number_of_models": 1,
  "final_estimator": "xgb",
  "final_estimator_params": {
    "xgb_n_estimators": 144,
    "xgb_lr": 0.024756744591489153,
    "xgb_max_depth": 10,
    "xgb_subsample": 0.9998513236740384,
    "xgb_colsample": 0.9520712378218831
  },
  "model_params": {
    "xgb": {
      "xgb_n_estimators": 144,
      "xgb_lr": 0.024756744591489153,
      "xgb_max_depth": 10,
      "xgb_subsample": 0.9998513236740384,
      "xgb_colsample": 0.9520712378218831
    }
  },
  "use_random_split": true,
  "use_feature_selection": false,
  "model_name": "XGB",
  "error_mean": -0.20930479386779993,
  "error_sdev": 1.869130094404873,
  "uncertainty_median": 10.886042594909668,
  "uncertainty_mad": 6.018344879150391,
  "uncertainty_measure": 55.28496537359296,
  "feature_importance": {
    "K2O_wt": -0.002204017107345354,
    "Fe2O3T_wt": 0.054765814340096544,
    "SiO2_wt": 0.7540442586288407,
    "Al2O3_wt": 0.004662567264697729,
    "P2O5_tot_wt": 0.5270582157873478
  }
}