{
  "y_test": [
    1.3,
    0.31,
    0.04,
    4.2,
    29.4,
    0.03,
    0.32,
    0.09,
    1.0,
    2.4,
    0.07,
    1.3,
    0.4,
    0.15,
    1.9,
    0.27,
    0.12,
    0.84,
    34.0,
    0.1,
    0.05,
    0.29,
    0.37,
    1.5,
    0.25,
    7.0,
    3.8,
    0.04,
    0.87,
    1.9,
    0.21,
    25.8,
    0.52,
    2.6,
    0.24,
    6.7,
    0.17,
    0.4,
    1.4,
    5.7,
    0.44,
    31.8,
    1.44,
    1.44,
    0.73
  ],
  "y_pred": [
    1.5165199185183915,
    1.6431752062061693,
    1.0218074263537051,
    6.118570931842386,
    15.555113436743376,
    0.27122550561254766,
    0.8385422430339441,
    0.6108821560092246,
    1.6171344895059272,
    2.8922372562671543,
    1.5107723498779815,
    2.4633179285212616,
    1.1046288943245979,
    0.36731827558871766,
    6.625948730182,
    2.174686617673786,
    3.8665246568070337,
    0.2975466230293494,
    19.284154142927004,
    0.5055532175079206,
    11.208619106168427,
    1.0040407076884383,
    0.4156118708998653,
    1.4970967254504528,
    0.761236015367796,
    7.019355482248876,
    5.658953036889156,
    0.23635178932980314,
    1.8217053548256321,
    2.8170116345459117,
    1.3027933552810504,
    20.409144062596223,
    0.37235206617534655,
    2.4430929073836456,
    0.9160058023732482,
    6.771293327789656,
    0.2441151379673529,
    0.7125706435090545,
    2.373784257096857,
    5.830152126563904,
    0.27707475691643296,
    19.731955603582183,
    0.36253223806808144,
    2.060128040211634,
    0.8772206203805822
  ],
  "selected_features": [
    "K2O_wt",
    "Fe2O3T_wt",
    "SiO2_wt",
    "Al2O3_wt",
    "P2O5_tot_wt"
  ],
  "selected_models": [],
  "stacking_used": false,
  "stacked_model": true,
  "number_of_models": 1,
  "final_estimator": "et",
  "final_estimator_params": {
    "et_n_estimators": 282,
    "et_max_depth": 5,
    "et_min_samples_split": 7,
    "et_min_samples_leaf": 3,
    "et_bootstrap": false
  },
  "model_params": {
    "et": {
      "et_n_estimators": 282,
      "et_max_depth": 5,
      "et_min_samples_split": 7,
      "et_min_samples_leaf": 3,
      "et_bootstrap": false
    }
  },
  "use_random_split": true,
  "use_feature_selection": true,
  "model_name": "ET-FS",
  "error_mean": 0.14422540720350913,
  "error_sdev": 4.180624270146963,
  "uncertainty_median": 8.882953160609713,
  "uncertainty_mad": 3.7425243864852815,
  "uncertainty_measure": 42.13153349812778,
  "feature_importance": {
    "K2O_wt": 0.02563177742620337,
    "Fe2O3T_wt": -0.021527682012646335,
    "SiO2_wt": 0.463067577483563,
    "Al2O3_wt": 0.09501100377223405,
    "P2O5_tot_wt": 0.14301137414503676
  }
}