{
  "y_test": [
    1.3,
    4.2,
    0.09,
    25.6,
    6.9,
    2.6,
    0.04,
    31.8,
    0.52,
    0.34,
    1.4,
    0.37,
    0.12,
    0.12,
    0.4,
    1.8,
    0.15,
    0.14,
    0.19,
    6.2,
    1.4,
    6.0,
    6.3,
    0.04,
    0.15,
    0.04,
    0.17,
    1.9,
    6.5,
    0.09,
    1.3,
    0.32,
    2.4,
    4.5,
    0.11,
    6.7,
    0.13,
    0.1,
    0.84,
    25.0,
    25.8,
    0.18,
    0.47,
    0.37,
    0.43
  ],
  "y_pred": [
    4.305949226566845,
    6.473490816922528,
    0.05943211508181179,
    23.086862911196995,
    3.691754019834402,
    2.428517085616157,
    0.493893507862456,
    24.59055975513368,
    3.1686781142271876,
    -0.1788950106759728,
    3.7810264855813713,
    0.7868657472657326,
    1.5478187990879135,
    4.520934611937012,
    0.5759152766580335,
    1.1614316394293596,
    0.28970022954784724,
    5.162650293276421,
    -1.7381419681018642,
    0.08524054513668489,
    4.2184790247259905,
    6.031648681597478,
    6.456407948364813,
    4.509592910292138,
    0.36630904987802637,
    0.6097443108874927,
    2.391227015949621,
    3.8865195792985787,
    9.982992224323105,
    11.157698261297703,
    2.8603213533874516,
    -0.5117533857139875,
    -1.042302249954055,
    3.5387180535735148,
    -0.4143222698837903,
    4.5031167293408885,
    3.401594973635355,
    0.6115744187976659,
    -0.15277926290315236,
    19.394999261022953,
    22.584511822310255,
    0.9915220456365468,
    1.0770528423108594,
    0.7860130652349184,
    1.4502100920074916
  ],
  "selected_features": [
    "K2O_wt",
    "Fe2O3T_wt",
    "SiO2_wt",
    "Al2O3_wt",
    "P2O5_tot_wt"
  ],
  "selected_models": [],
  "stacking_used": false,
  "stacked_model": true,
  "number_of_models": 1,
  "final_estimator": "lr",
  "final_estimator_params": {},
  "model_params": {
    "lr": {}
  },
  "use_random_split": true,
  "use_feature_selection": false,
  "model_name": "LR",
  "error_mean": -0.3880617932667213,
  "error_sdev": 3.1128337972901305,
  "uncertainty_median": 7.116728191863398,
  "uncertainty_mad": 7.374413015615301,
  "uncertainty_measure": 103.62083273106475,
  "feature_importance": {
    "K2O_wt": 0.005732805402911364,
    "Fe2O3T_wt": 0.048619947249240035,
    "SiO2_wt": 1.4229445809776171,
    "Al2O3_wt": 0.12515317213002794,
    "P2O5_tot_wt": 0.06073807588485654
  }
}