{
  "y_test": [
    1.2,
    0.46,
    0.23,
    34.0,
    3.4,
    6.9,
    0.34,
    22.1,
    0.4,
    0.68,
    0.73,
    0.21,
    0.17,
    0.1,
    0.04,
    0.04,
    0.47,
    1.4,
    0.15,
    8.7,
    0.35,
    2.4,
    0.19,
    1.5,
    5.1,
    3.8,
    0.09,
    0.14,
    1.3,
    0.04,
    10.1,
    29.4,
    8.0,
    0.43,
    0.36,
    0.04,
    0.14,
    0.4,
    1.18,
    0.05,
    4.5,
    6.1,
    1.3,
    1.9,
    0.19
  ],
  "y_pred": [
    1.337203176845715,
    1.9196448673159874,
    0.5560943636296702,
    26.19751112000364,
    3.159422140714393,
    1.5136589928269024,
    0.16364293172831434,
    22.36887440501395,
    0.5359925189798935,
    0.7749599797343536,
    0.9935761913959955,
    0.5658372538029477,
    0.3520348803845348,
    0.3397459015518649,
    0.3035988015296365,
    0.45289099264404475,
    0.39608231102320435,
    1.1329081827178822,
    0.3213066893988272,
    6.794501637909214,
    1.875158743425724,
    0.5898629571199514,
    0.20239126109279404,
    0.44901201720287043,
    2.8915090439628375,
    2.8335562428111607,
    5.33272130538095,
    0.12189958074273965,
    1.362354263109696,
    0.09505683303580392,
    6.645986722936335,
    18.26140477815869,
    5.4208753906021085,
    0.12754716083392204,
    0.18694461376422877,
    0.47713502946358366,
    17.463045451180452,
    0.24765287433225858,
    0.7123290260230379,
    0.17811928977152647,
    5.120013777681415,
    4.079243442950752,
    3.98430110604358,
    5.43147580608257,
    0.4445909174886733
  ],
  "selected_features": [
    "K2O_wt",
    "Fe2O3T_wt",
    "SiO2_wt",
    "Al2O3_wt",
    "P2O5_tot_wt"
  ],
  "selected_models": [],
  "stacking_used": false,
  "stacked_model": true,
  "number_of_models": 1,
  "final_estimator": "gpr",
  "final_estimator_params": {
    "gpr_nu": 0.5,
    "gpr_const": 9.271178472143406,
    "gpr_length_scale": 4.052661146280389,
    "gpr_alpha": 0.00998115078671536
  },
  "model_params": {
    "gpr": {
      "gpr_nu": 0.5,
      "gpr_const": 9.271178472143406,
      "gpr_length_scale": 4.052661146280389,
      "gpr_alpha": 0.00998115078671536
    }
  },
  "use_random_split": true,
  "use_feature_selection": false,
  "model_name": "GPR",
  "error_mean": 0.13347388945891933,
  "error_sdev": 3.702974717296229,
  "uncertainty_median": 7.7410791059976445,
  "uncertainty_mad": 6.8695396661696115,
  "uncertainty_measure": 88.74137019020021,
  "feature_importance": {
    "K2O_wt": -0.014358358546805956,
    "Fe2O3T_wt": -0.00879718856947189,
    "SiO2_wt": 1.156413415354384,
    "Al2O3_wt": -0.01143598297456422,
    "P2O5_tot_wt": 0.018132023531397878
  }
}