{
  "y_test": [
    8.7,
    0.46,
    2.4,
    1.3,
    3.8,
    0.27,
    0.19,
    4.5,
    0.37,
    6.7,
    0.15,
    1.8,
    0.36,
    25.6,
    1.18,
    0.04,
    1.2,
    6.2,
    0.07,
    0.25,
    31.8,
    11.7,
    1.5,
    0.34,
    0.19,
    7.4,
    1.47,
    0.52,
    0.12,
    0.4,
    4.2,
    0.19,
    34.0,
    0.03,
    0.4,
    0.14,
    0.17,
    0.14,
    0.41,
    0.35,
    0.4,
    0.15,
    0.12,
    2.4,
    1.44
  ],
  "y_pred": [
    6.724502706687076,
    2.4479901012762495,
    0.7467088989672845,
    1.5539275514823918,
    3.669445230298963,
    -0.06798526057591614,
    0.22536327526333721,
    4.45342125223223,
    11.415247516878747,
    4.693613751770744,
    0.14564298983823454,
    2.0146131932646076,
    0.23662666354906836,
    23.04379838231945,
    0.5613250644993322,
    0.30249617833895703,
    1.393911150863052,
    2.744236510642189,
    0.320522833458349,
    0.823392909457989,
    22.21153537367102,
    6.140691049740161,
    0.532100076074034,
    1.007368023467996,
    0.3981107909462036,
    6.3907190350358,
    0.4722638805070436,
    0.6926450919515252,
    0.9242815683223062,
    0.7461050974190346,
    15.138352878126929,
    0.136139943906453,
    19.77373810465749,
    0.11847261200410264,
    -0.5034758954368539,
    0.27848442354058545,
    0.07468467929008282,
    20.155717212275754,
    0.6302564340050503,
    1.628638561772797,
    0.18505617503452587,
    0.25825765992599425,
    3.9669241427785034,
    3.2131171725330034,
    2.7277781635993166
  ],
  "selected_features": [
    "K2O_wt",
    "Fe2O3T_wt",
    "SiO2_wt",
    "Al2O3_wt",
    "P2O5_tot_wt"
  ],
  "selected_models": [],
  "stacking_used": false,
  "stacked_model": true,
  "number_of_models": 1,
  "final_estimator": "gpr",
  "final_estimator_params": {
    "gpr_nu": 0.5,
    "gpr_const": 1.0381738940368266,
    "gpr_length_scale": 5.232279062282254,
    "gpr_alpha": 0.009949061465644116
  },
  "model_params": {
    "gpr": {
      "gpr_nu": 0.5,
      "gpr_const": 1.0381738940368266,
      "gpr_length_scale": 5.232279062282254,
      "gpr_alpha": 0.009949061465644116
    }
  },
  "use_random_split": true,
  "use_feature_selection": false,
  "model_name": "GPR",
  "error_mean": -0.20503918123691534,
  "error_sdev": 4.823700296820613,
  "uncertainty_median": 6.06125772888689,
  "uncertainty_mad": 6.536938732548196,
  "uncertainty_measure": 107.84789271365733,
  "feature_importance": {
    "K2O_wt": -0.032573856215546634,
    "Fe2O3T_wt": 0.04135560600246716,
    "SiO2_wt": 1.1327560699833326,
    "Al2O3_wt": -0.07949553196562502,
    "P2O5_tot_wt": 0.02478246506295096
  }
}