{
  "y_test": [
    7.0,
    0.51,
    0.14,
    0.18,
    24.5,
    1.3,
    0.56,
    0.29,
    0.87,
    0.36,
    0.27,
    1.3,
    8.0,
    0.13,
    0.05,
    0.34,
    0.07,
    0.17,
    29.4,
    0.25,
    0.24,
    6.3,
    25.6,
    2.4,
    1.8,
    4.2,
    0.1,
    6.6,
    0.17,
    0.04,
    5.4,
    0.14,
    0.43,
    0.14,
    2.4,
    0.37,
    0.04,
    1.9,
    1.0,
    1.3,
    25.8,
    4.2,
    0.4,
    0.35,
    1.44
  ],
  "y_pred": [
    7.164500000000021,
    0.3208999999999998,
    0.2528999999999997,
    0.29734999999999967,
    25.147500000000015,
    0.8491000000000015,
    0.46050000000000074,
    0.18759999999999993,
    1.4979000000000013,
    0.26084999999999986,
    1.4654000000000031,
    1.391900000000003,
    6.792500000000019,
    0.34565000000000035,
    0.1745,
    0.3384999999999998,
    0.7174500000000006,
    0.18764999999999954,
    23.534999999999997,
    0.4,
    0.37365000000000026,
    8.707000000000024,
    25.38600000000002,
    2.8594999999999913,
    26.16049999999999,
    8.549000000000026,
    0.29229999999999945,
    8.372500000000024,
    0.28954999999999964,
    0.32154999999999967,
    5.278500000000005,
    0.7700500000000007,
    0.1712999999999997,
    0.24669999999999961,
    1.4852500000000006,
    0.5002500000000007,
    0.3884250000000003,
    1.3480000000000034,
    0.8778500000000014,
    0.5360999999999997,
    24.34900000000001,
    5.476,
    0.5185000000000006,
    0.3010499999999994,
    1.2095000000000007
  ],
  "selected_features": [
    "Fe2O3T_wt",
    "SiO2_wt",
    "P2O5_tot_wt"
  ],
  "selected_models": [],
  "stacking_used": false,
  "stacked_model": true,
  "number_of_models": 1,
  "final_estimator": "rf",
  "final_estimator_params": {
    "rf_n_estimators": 200,
    "rf_max_depth": 20
  },
  "model_params": {
    "rf": {
      "rf_n_estimators": 200,
      "rf_max_depth": 20
    }
  },
  "use_random_split": true,
  "use_feature_selection": true,
  "model_name": "RF-FS",
  "error_mean": -0.624570555555559,
  "error_sdev": 3.8412832519464546,
  "uncertainty_median": 10.111000000000024,
  "uncertainty_mad": 7.031965706041663,
  "uncertainty_measure": 69.54767783643206,
  "feature_importance": {
    "K2O_wt": 0.36188543324066524,
    "Fe2O3T_wt": 1.0103191636924067,
    "SiO2_wt": 1.4804161246849665
  }
}