{
  "y_test": [
    1.3,
    0.31,
    0.04,
    4.2,
    29.4,
    0.03,
    0.32,
    0.09,
    1.0,
    2.4,
    0.07,
    1.3,
    0.4,
    0.15,
    1.9,
    0.27,
    0.12,
    0.84,
    34.0,
    0.1,
    0.05,
    0.29,
    0.37,
    1.5,
    0.25,
    7.0,
    3.8,
    0.04,
    0.87,
    1.9,
    0.21,
    25.8,
    0.52,
    2.6,
    0.24,
    6.7,
    0.17,
    0.4,
    1.4,
    5.7,
    0.44,
    31.8,
    1.44,
    1.44,
    0.73
  ],
  "y_pred": [
    1.3146571916583425,
    16.76583893142233,
    0.5331981629713107,
    5.2567545256321235,
    17.637020509460434,
    0.19809054504313606,
    0.585624611058404,
    0.30285296248479643,
    3.1653161267719905,
    1.3367364066233156,
    2.4411044219822506,
    4.18908653820801,
    0.3899241278261436,
    0.1223675817058254,
    8.616147521513671,
    2.8980337611912597,
    0.25441618861648907,
    0.11219260095410011,
    17.046427574247488,
    0.15887251425247673,
    6.493812535619268,
    0.4132030094553367,
    0.4446876249676919,
    0.47502208033922777,
    1.5199904490258176,
    1.705685341745686,
    4.692070063495224,
    0.07149244937063504,
    0.7208960657414925,
    1.0678769028412938,
    1.1693125415818537,
    12.70744135879508,
    0.09713648990844748,
    5.991601568273531,
    0.5082279610440681,
    3.8148376848831576,
    0.11841085600716328,
    2.147431817406823,
    1.9756563666612397,
    4.393180835999928,
    0.3053999436065431,
    19.880553769654497,
    0.24626913123390404,
    2.303494874028795,
    0.5435984467446713
  ],
  "selected_features": [
    "Fe2O3T_wt",
    "SiO2_wt"
  ],
  "selected_models": [],
  "stacking_used": false,
  "stacked_model": true,
  "number_of_models": 1,
  "final_estimator": "gpr",
  "final_estimator_params": {
    "gpr_nu": 0.5,
    "gpr_const": 9.191948587989557,
    "gpr_length_scale": 3.6584626983807915,
    "gpr_alpha": 0.0003688508694566466
  },
  "model_params": {
    "gpr": {
      "gpr_nu": 0.5,
      "gpr_const": 9.191948587989557,
      "gpr_length_scale": 3.6584626983807915,
      "gpr_alpha": 0.0003688508694566466
    }
  },
  "use_random_split": true,
  "use_feature_selection": true,
  "model_name": "GPR-FS",
  "error_mean": 0.3726232672876605,
  "error_sdev": 5.178076323998096,
  "uncertainty_median": 4.44092081600914,
  "uncertainty_mad": 5.452943477836838,
  "uncertainty_measure": 122.78857704869321,
  "feature_importance": {
    "K2O_wt": 0.026976956421952605,
    "Fe2O3T_wt": 1.1377051532865403
  }
}