{
  "y_test": [
    0.27,
    0.43,
    0.1,
    0.27,
    0.04,
    0.44,
    0.56,
    1.3,
    0.74,
    0.41,
    0.37,
    1.18,
    0.42,
    25.6,
    0.29,
    0.04,
    25.0,
    0.14,
    25.8,
    0.09,
    5.4,
    8.9,
    0.09,
    0.14,
    0.15,
    1.2,
    0.16,
    0.14,
    0.14,
    2.6,
    0.44,
    1.4,
    4.2,
    0.21,
    4.5,
    6.1,
    1.3,
    0.34,
    0.07,
    1.3,
    0.15,
    6.7,
    1.0,
    0.19,
    7.4
  ],
  "y_pred": [
    0.0905702379812765,
    -0.1258576150784343,
    0.4352557211214485,
    2.173582848858689,
    -0.19588982149235035,
    0.39360221128246353,
    5.045338482287481,
    0.3523252525291478,
    0.9000393868306356,
    0.28490434097884165,
    0.14941797980289273,
    0.77106966603808,
    -0.3458783004608543,
    13.530840484357235,
    -0.6328657774521584,
    6.9144765948770806,
    21.75696214392078,
    0.23452322163012917,
    23.628023217593004,
    2.907469168395614,
    3.474838997758459,
    6.3625609408200905,
    1.2521002681783862,
    0.7975510227106377,
    1.208638773284013,
    0.4795432626782894,
    -0.3413104365368982,
    1.681774167965517,
    -0.2002574263074557,
    0.3409179537945417,
    0.24052799237464573,
    1.2999999546320056,
    3.474838997758459,
    -0.2240648327692134,
    7.052893783007816,
    4.072459297881316,
    1.4000001618647948,
    -0.30802016004970323,
    0.3481888362256873,
    0.20188278239897395,
    -0.5816504610080004,
    7.360507392754675,
    0.8409485418037259,
    -0.2385467754752062,
    6.599999899875421
  ],
  "selected_features": [
    "K2O_wt",
    "P2O5_tot_wt"
  ],
  "selected_models": [],
  "stacking_used": false,
  "stacked_model": true,
  "number_of_models": 1,
  "final_estimator": "gpr",
  "final_estimator_params": {
    "gpr_nu": 0.5,
    "gpr_const": 4.492103887461091,
    "gpr_length_scale": 9.158540350678198,
    "gpr_alpha": 1.8704658261035508e-08
  },
  "model_params": {
    "gpr": {
      "gpr_nu": 0.5,
      "gpr_const": 4.492103887461091,
      "gpr_length_scale": 9.158540350678198,
      "gpr_alpha": 1.8704658261035508e-08
    }
  },
  "use_random_split": true,
  "use_feature_selection": true,
  "model_name": "GPR-FS",
  "error_mean": 0.28546150267506726,
  "error_sdev": 2.5028423891686598,
  "uncertainty_median": 17.155963248977343,
  "uncertainty_mad": 7.0352219281093475,
  "uncertainty_measure": 41.00744345281057,
  "feature_importance": {
    "K2O_wt": 0.652103521381378,
    "Fe2O3T_wt": 1.8314138219983405
  }
}