{
  "y_test": [
    0.21,
    0.07,
    0.44,
    1.2,
    6.9,
    11.7,
    0.04,
    8.9,
    6.7,
    2.4,
    0.17,
    0.24,
    6.1,
    6.2,
    0.16,
    6.6,
    6.9,
    24.5,
    0.9,
    0.21,
    31.8,
    0.04,
    1.44,
    4.5,
    0.18,
    8.0,
    0.56,
    0.35,
    4.2,
    0.37,
    0.19,
    1.8,
    5.7,
    1.44,
    0.14,
    1.9,
    10.1,
    1.4,
    0.14,
    0.47,
    5.1,
    8.7,
    1.47,
    0.1,
    7.4
  ],
  "y_pred": [
    -0.9233334925990462,
    0.954949113143688,
    0.37255824662124365,
    1.3024751532584764,
    0.8455423826688588,
    7.014310640933024,
    0.20408488586333756,
    4.413717108747388,
    5.796241074140681,
    0.5263638836369134,
    1.0470833509470154,
    1.3738937831403717,
    4.2732980170391155,
    8.472579569153469,
    1.2892166878927211,
    9.238935947455321,
    5.635170494749274,
    27.17301258037746,
    1.581223916377723,
    0.8681974932650987,
    26.12590948462741,
    1.8594443055299859,
    1.1543668289918496,
    4.686931499338151,
    0.3302552361744578,
    5.64601907742141,
    1.27383900297716,
    2.2341815236863143,
    4.238543696271939,
    0.8029409285230787,
    0.2741874827284219,
    2.5987266303981116,
    3.7272053528455156,
    0.2229851059955757,
    1.344555107647024,
    2.6053373445675923,
    11.923932641922967,
    2.6878431605906603,
    -0.6701407200871901,
    0.8223528388328577,
    3.779745352200562,
    11.203011877365782,
    0.9149035838858168,
    0.8028101848201872,
    9.827766371200422
  ],
  "selected_features": [
    "K2O_wt",
    "Fe2O3T_wt",
    "SiO2_wt",
    "Al2O3_wt",
    "P2O5_tot_wt"
  ],
  "selected_models": [],
  "stacking_used": false,
  "stacked_model": true,
  "number_of_models": 1,
  "final_estimator": "ann",
  "final_estimator_params": {
    "ann_hidden": 81,
    "ann_alpha": 2.0534131643285757e-05
  },
  "model_params": {
    "ann": {
      "ann_hidden": 81,
      "ann_alpha": 2.0534131643285757e-05
    }
  },
  "use_random_split": true,
  "use_feature_selection": false,
  "model_name": "ANN",
  "error_mean": 0.13672945032737346,
  "error_sdev": 2.0595856733834053,
  "uncertainty_median": 7.245309104443677,
  "uncertainty_mad": 4.948376251017497,
  "uncertainty_measure": 68.29765548556887,
  "feature_importance": {
    "K2O_wt": 0.048774517548226835,
    "Fe2O3T_wt": -0.0009393070040847351,
    "SiO2_wt": 0.2609561986037945,
    "Al2O3_wt": 0.9425361420502923,
    "P2O5_tot_wt": 0.2791539323720165
  }
}