{
  "y_test": [
    0.16,
    0.4,
    0.29,
    5.7,
    0.15,
    0.17,
    0.73,
    0.04,
    0.47,
    0.04,
    0.21,
    0.07,
    0.27,
    0.12,
    0.21,
    0.32,
    1.4,
    0.03,
    6.2,
    0.87,
    0.02,
    0.16,
    1.44,
    25.8,
    25.0,
    0.74,
    0.24,
    0.31,
    4.2,
    2.7,
    0.51,
    4.5,
    1.4,
    7.4,
    0.52,
    1.8,
    1.3,
    0.14,
    31.8,
    1.3,
    1.2,
    0.36,
    0.19,
    25.6,
    1.47
  ],
  "y_pred": [
    0.7219735891373574,
    0.6992311744606866,
    0.9061451438396816,
    4.339180951790633,
    1.8751500765965952,
    0.3072796854840846,
    0.8981221263653346,
    0.9308743287021187,
    0.29943147873585974,
    -0.04100541922081501,
    0.6568800274174734,
    0.8268298896902128,
    0.886872760035439,
    4.550040480340462,
    2.2686314223689137,
    0.5711482482853839,
    3.209336766741948,
    1.3824972127436526,
    3.3500784154948327,
    1.3952998399386745,
    1.9654833334158306,
    1.2459472455379161,
    2.4121326848003757,
    30.270015105608515,
    11.210646692748293,
    1.1572534387055577,
    3.047129171015919,
    0.4865107832520753,
    7.243069983974135,
    2.345043947158483,
    -0.06743125010992868,
    6.644102945297888,
    3.389704560417758,
    8.349024716337208,
    1.165599282363244,
    1.5489201090139522,
    2.1002049110817107,
    6.010144203390183,
    8.231055450145723,
    3.6851803537520182,
    1.6560749552412586,
    0.0006410250527452213,
    0.5686555637503169,
    9.756882214539898,
    2.082383254574283
  ],
  "selected_features": [
    "K2O_wt",
    "Fe2O3T_wt",
    "SiO2_wt",
    "Al2O3_wt",
    "P2O5_tot_wt"
  ],
  "selected_models": [],
  "stacking_used": false,
  "stacked_model": true,
  "number_of_models": 1,
  "final_estimator": "ann",
  "final_estimator_params": {
    "ann_hidden": 16,
    "ann_alpha": 0.0006415858499048667
  },
  "model_params": {
    "ann": {
      "ann_hidden": 16,
      "ann_alpha": 0.0006415858499048667
    }
  },
  "use_random_split": true,
  "use_feature_selection": false,
  "model_name": "ANN",
  "error_mean": 0.2535917137774692,
  "error_sdev": 5.0769014972380795,
  "uncertainty_median": 14.658989241010584,
  "uncertainty_mad": 5.626112098045436,
  "uncertainty_measure": 38.37994561252283,
  "feature_importance": {
    "K2O_wt": -0.041242730977009506,
    "Fe2O3T_wt": 0.0902137289867107,
    "SiO2_wt": 0.05594637397655258,
    "Al2O3_wt": 0.1916202615790535,
    "P2O5_tot_wt": 0.33236357122972443
  }
}