{
  "y_test": [
    0.16,
    0.4,
    0.29,
    5.7,
    0.15,
    0.17,
    0.73,
    0.04,
    0.47,
    0.04,
    0.21,
    0.07,
    0.27,
    0.12,
    0.21,
    0.32,
    1.4,
    0.03,
    6.2,
    0.87,
    0.02,
    0.16,
    1.44,
    25.8,
    25.0,
    0.74,
    0.24,
    0.31,
    4.2,
    2.7,
    0.51,
    4.5,
    1.4,
    7.4,
    0.52,
    1.8,
    1.3,
    0.14,
    31.8,
    1.3,
    1.2,
    0.36,
    0.19,
    25.6,
    1.47
  ],
  "y_pred": [
    0.17049999999999993,
    0.34450000000000025,
    0.15439999999999984,
    6.512999999999997,
    0.24880000000000013,
    0.2880999999999997,
    0.30118000000000017,
    0.40019999999999967,
    0.18009999999999976,
    4.560499999999994,
    0.5913999999999996,
    0.32410000000000005,
    0.2133999999999997,
    0.7431000000000002,
    0.9258000000000011,
    0.4905999999999999,
    1.8160000000000014,
    0.3729000000000003,
    6.411999999999999,
    2.0848000000000027,
    3.8776999999999986,
    0.29760000000000003,
    0.9527000000000004,
    24.40400000000001,
    24.743999999999993,
    0.4623,
    0.8203000000000007,
    0.2662333333333335,
    7.724999999999998,
    2.4197000000000037,
    0.2630999999999999,
    8.126,
    1.6080000000000008,
    7.007000000000002,
    0.22969999999999985,
    18.819000000000006,
    0.4700333333333335,
    0.7169999999999993,
    31.309999999999988,
    0.9049000000000003,
    0.23830000000000007,
    0.27160000000000006,
    0.24370000000000014,
    27.128999999999987,
    0.5480000000000002
  ],
  "selected_features": [
    "K2O_wt",
    "Fe2O3T_wt",
    "SiO2_wt",
    "P2O5_tot_wt"
  ],
  "selected_models": [],
  "stacking_used": false,
  "stacked_model": true,
  "number_of_models": 1,
  "final_estimator": "rf",
  "final_estimator_params": {
    "rf_n_estimators": 100,
    "rf_max_depth": 18
  },
  "model_params": {
    "rf": {
      "rf_n_estimators": 100,
      "rf_max_depth": 18
    }
  },
  "use_random_split": true,
  "use_feature_selection": true,
  "model_name": "RF-FS",
  "error_mean": -0.7342277037037033,
  "error_sdev": 2.7756460738546913,
  "uncertainty_median": 14.388000000000007,
  "uncertainty_mad": 5.8940320145,
  "uncertainty_measure": 40.964915307895446,
  "feature_importance": {
    "K2O_wt": 0.08091248836537054,
    "Fe2O3T_wt": 0.13463358380378468,
    "SiO2_wt": 0.682944695813613,
    "Al2O3_wt": 0.9873362326586512
  }
}