{
  "y_test": [
    2.7,
    5.4,
    10.1,
    0.41,
    1.2,
    0.36,
    0.4,
    0.12,
    0.1,
    0.32,
    0.52,
    1.9,
    0.19,
    0.04,
    0.56,
    0.37,
    0.09,
    0.31,
    0.15,
    0.18,
    0.14,
    0.84,
    0.62,
    0.36,
    4.2,
    0.42,
    3.4,
    6.0,
    1.9,
    0.14,
    4.2,
    0.44,
    29.4,
    6.1,
    0.15,
    0.25,
    0.74,
    0.19,
    1.4,
    6.2,
    1.44,
    0.04,
    0.04,
    1.8,
    0.18
  ],
  "y_pred": [
    0.61,
    1.0666666666666667,
    7.533333333333334,
    1.3233333333333333,
    1.14,
    0.25333333333333335,
    0.15,
    0.16666666666666666,
    0.11666666666666665,
    0.57,
    0.17,
    3.4,
    0.21333333333333335,
    0.21333333333333335,
    0.10333333333333333,
    0.21999999999999997,
    0.10333333333333333,
    16.166666666666668,
    1.3233333333333333,
    0.3333333333333333,
    0.17333333333333334,
    0.3333333333333333,
    0.43999999999999995,
    0.9633333333333334,
    3.4,
    4.656666666666666,
    3.4,
    3.8333333333333335,
    9.066666666666668,
    0.05333333333333334,
    3.4,
    0.08,
    16.883333333333336,
    3.4,
    0.18666666666666668,
    0.10333333333333335,
    0.41,
    0.12666666666666665,
    1.0666666666666667,
    5.0,
    3.1033333333333335,
    0.21333333333333335,
    0.26666666666666666,
    2.4200000000000004,
    0.16
  ],
  "selected_features": [
    "SiO2_wt",
    "Al2O3_wt"
  ],
  "selected_models": [],
  "stacking_used": false,
  "stacked_model": true,
  "number_of_models": 1,
  "final_estimator": "knn",
  "final_estimator_params": {
    "knn_n": 3,
    "knn_weights": "uniform"
  },
  "model_params": {
    "knn": {
      "knn_n": 3,
      "knn_weights": "uniform"
    }
  },
  "use_random_split": true,
  "use_feature_selection": true,
  "model_name": "KNN-FS",
  "error_mean": -0.051259259259259365,
  "error_sdev": 3.4739727272302874,
  "uncertainty_median": 3.5399999999999996,
  "uncertainty_mad": 3.510871222222222,
  "uncertainty_measure": 99.17715317011928,
  "feature_importance": {
    "K2O_wt": 0.9681376339866955,
    "Fe2O3T_wt": -0.12796320696549818
  }
}