{
  "y_test": [
    0.4,
    7.4,
    6.6,
    6.2,
    0.57,
    0.47,
    0.14,
    0.29,
    0.36,
    8.9,
    1.4,
    6.7,
    2.4,
    5.7,
    0.05,
    1.8,
    0.9,
    6.3,
    1.53,
    34.0,
    0.02,
    4.2,
    4.2,
    1.3,
    6.9,
    0.87,
    29.4,
    0.04,
    6.5,
    1.9,
    0.09,
    0.52,
    1.47,
    0.17,
    0.04,
    0.18,
    4.5,
    0.07,
    31.8,
    0.25,
    0.19,
    0.23,
    0.15,
    25.6,
    1.44
  ],
  "y_pred": [
    -0.328689762310581,
    5.860254744517625,
    5.2566811253544765,
    6.251039014672004,
    -1.1969028383144042,
    -0.9491646515241697,
    -1.124151415335239,
    -1.8960320153178367,
    -0.9320162412721845,
    2.416422183021134,
    1.4273281153837045,
    7.691864815037623,
    1.0045535844161493,
    2.367394720475085,
    9.210114110094864,
    0.3948378491066328,
    1.3215905339478362,
    5.44427040647967,
    0.4156963226526911,
    2.702375774370808,
    -0.030913265303090465,
    2.0766439377250068,
    4.627916719397322,
    1.230664111658203,
    4.712978579064728,
    0.2584088435716245,
    15.971204143823172,
    -1.6284950707722214,
    6.7698988414080885,
    1.6227840182430573,
    0.012712992273282153,
    -0.5019110425765873,
    0.33644257035595326,
    -1.4300963294457265,
    -1.694055306912376,
    -0.8474054390345965,
    3.9945407814439893,
    0.19192468146660235,
    4.238764625810376,
    -0.288843654586293,
    -0.9305344773807488,
    -0.5057709966915852,
    0.025646499476840723,
    4.25251930341495,
    -1.8865412215580166
  ],
  "selected_features": [
    "K2O_wt",
    "Fe2O3T_wt",
    "SiO2_wt",
    "Al2O3_wt",
    "P2O5_tot_wt"
  ],
  "selected_models": [],
  "stacking_used": false,
  "stacked_model": true,
  "number_of_models": 1,
  "final_estimator": "svr",
  "final_estimator_params": {
    "svr_C": 0.3804858988287487,
    "svr_epsilon": 0.20508114606830874
  },
  "model_params": {
    "svr": {
      "svr_C": 0.3804858988287487,
      "svr_epsilon": 0.20508114606830874
    }
  },
  "use_random_split": true,
  "use_feature_selection": false,
  "model_name": "SVR",
  "error_mean": 2.849423328437159,
  "error_sdev": 7.082360395833959,
  "uncertainty_median": 9.560689374075622,
  "uncertainty_mad": 3.6660075289948537,
  "uncertainty_measure": 38.34459405129771,
  "feature_importance": {
    "K2O_wt": 0.0025007571125338166,
    "Fe2O3T_wt": -0.02834113343965523,
    "SiO2_wt": 0.10095613476226317,
    "Al2O3_wt": -0.002349120205359151,
    "P2O5_tot_wt": 0.28405023822137804
  }
}