{
  "y_test": [
    1.47,
    0.29,
    0.02,
    0.27,
    1.44,
    0.07,
    24.5,
    0.15,
    1.3,
    10.4,
    0.05,
    0.84,
    0.73,
    0.04,
    0.09,
    4.2,
    6.7,
    25.0,
    0.21,
    0.18,
    25.8,
    6.5,
    0.43,
    0.17,
    0.14,
    0.12,
    1.44,
    0.36,
    0.16,
    0.74,
    4.2,
    0.1,
    0.12,
    0.68,
    0.51,
    0.04,
    6.9,
    0.37,
    1.3,
    0.62,
    0.42,
    0.44,
    8.7,
    0.24,
    6.9
  ],
  "y_pred": [
    2.5992874343939096,
    0.5828622699650943,
    2.2941642799557833,
    2.639810775440262,
    0.4030393764638429,
    1.5611521826559414,
    6.088047529980061,
    1.7532751384889802,
    3.5124337080419394,
    4.429288749704101,
    0.5580668334644772,
    1.3853118128756972,
    2.153230612432237,
    2.0481581699860003,
    0.8906231924145178,
    4.495825356050464,
    11.78915960809069,
    8.864008750544803,
    2.49997187274431,
    1.0064497168147142,
    25.516250670086453,
    9.637496828615316,
    0.9582142501746018,
    1.8257630584320896,
    2.32499095458883,
    1.7651136781646772,
    2.820507648690336,
    1.1444768089557567,
    0.7484059849591826,
    2.449072200337053,
    7.196467578864766,
    1.718701160873743,
    1.6509255084929282,
    2.4908149825947272,
    1.679469700101551,
    0.8585914569979014,
    8.223579570809568,
    1.7998705607478245,
    3.549116846737149,
    2.1246466902320558,
    2.271344183642285,
    1.5506518095744668,
    9.54688217274478,
    1.7568642763750884,
    2.5756728162728653
  ],
  "selected_features": [
    "K2O_wt",
    "Fe2O3T_wt",
    "SiO2_wt",
    "Al2O3_wt",
    "P2O5_tot_wt"
  ],
  "selected_models": [],
  "stacking_used": false,
  "stacked_model": true,
  "number_of_models": 1,
  "final_estimator": "svr",
  "final_estimator_params": {
    "svr_C": 2.051466829650257,
    "svr_epsilon": 0.01702840847388161
  },
  "model_params": {
    "svr": {
      "svr_C": 2.051466829650257,
      "svr_epsilon": 0.01702840847388161
    }
  },
  "use_random_split": true,
  "use_feature_selection": false,
  "model_name": "SVR",
  "error_mean": -0.3197346393016405,
  "error_sdev": 4.198139119814881,
  "uncertainty_median": 13.765214295765873,
  "uncertainty_mad": 6.041689316503686,
  "uncertainty_measure": 43.89099353405698,
  "feature_importance": {
    "K2O_wt": 0.009819564763727166,
    "Fe2O3T_wt": -0.00602037711838207,
    "SiO2_wt": 0.13216363771671613,
    "Al2O3_wt": -0.02854896602118796,
    "P2O5_tot_wt": 0.8443668723202584
  }
}