{
  "y_test": [
    0.04,
    2.4,
    0.29,
    0.29,
    0.42,
    1.4,
    0.1,
    6.6,
    0.36,
    0.07,
    0.04,
    0.31,
    4.5,
    38.0,
    2.6,
    0.52,
    3.8,
    0.27,
    6.2,
    11.7,
    0.16,
    0.14,
    1.44,
    0.4,
    0.04,
    2.4,
    5.1,
    0.21,
    0.05,
    0.07,
    1.47,
    0.09,
    0.56,
    25.6,
    0.44,
    0.57,
    0.37,
    6.0,
    0.19,
    10.1,
    0.17,
    6.2,
    1.5,
    5.4,
    6.7
  ],
  "y_pred": [
    0.3815441420532575,
    0.129254174499311,
    0.11481562152121355,
    0.2714945065272534,
    2.4386705405239,
    1.4751035210497536,
    0.3077682410595035,
    3.6751976004187252,
    0.2390146415147383,
    0.3918405831497997,
    0.37662804597432464,
    2.8311202343374697,
    6.070976253114665,
    1.387971901396023,
    6.0148416177422375,
    0.8724248211836878,
    3.0044333959519545,
    0.43971733561666243,
    7.104649169446522,
    4.928445111478196,
    0.3604873095564521,
    0.24735788337199519,
    0.12835570904758697,
    0.3052373129973284,
    0.19098741475780065,
    0.9707330982375324,
    2.149993044296676,
    0.11957746791880515,
    22.06959467883615,
    3.662346842492676,
    0.41411593521018963,
    0.16873793446795993,
    0.37692134313865194,
    29.402721097200676,
    0.581190796598473,
    0.2711416314755833,
    0.5318310728007406,
    5.187032571772457,
    0.12344981318592023,
    7.365788945169814,
    0.2790048111072888,
    3.8194722477085357,
    0.3692987605734306,
    1.2349892371785651,
    7.562841647700532
  ],
  "selected_features": [
    "K2O_wt",
    "Fe2O3T_wt",
    "SiO2_wt",
    "P2O5_tot_wt"
  ],
  "selected_models": [],
  "stacking_used": false,
  "stacked_model": true,
  "number_of_models": 1,
  "final_estimator": "knn",
  "final_estimator_params": {
    "knn_n": 3,
    "knn_weights": "distance"
  },
  "model_params": {
    "knn": {
      "knn_n": 3,
      "knn_weights": "distance"
    }
  },
  "use_random_split": true,
  "use_feature_selection": true,
  "model_name": "KNN-FS",
  "error_mean": 0.5540195541030885,
  "error_sdev": 6.694726005045314,
  "uncertainty_median": 3.642496945602965,
  "uncertainty_mad": 8.681291704226483,
  "uncertainty_measure": 238.33353421767703,
  "feature_importance": {
    "K2O_wt": -0.0004794500404326385,
    "Fe2O3T_wt": -0.025990600965299673,
    "SiO2_wt": 0.6547063595229272,
    "Al2O3_wt": 0.03466918971100061
  }
}