{
  "y_test": [
    1.53,
    0.04,
    0.52,
    0.15,
    0.19,
    2.4,
    0.23,
    25.0,
    0.37,
    1.3,
    6.2,
    0.15,
    0.13,
    0.17,
    0.4,
    0.19,
    0.1,
    0.14,
    0.29,
    0.84,
    4.2,
    1.3,
    0.24,
    29.4,
    0.31,
    0.68,
    6.9,
    0.04,
    0.07,
    0.24,
    0.41,
    0.21,
    2.7,
    0.14,
    0.37,
    0.36,
    6.7,
    0.27,
    22.1,
    0.87,
    0.46,
    5.7,
    0.12,
    0.25,
    0.15
  ],
  "y_pred": [
    -0.08073200285434723,
    -0.1925274282693863,
    0.17443117499351501,
    2.19108247756958,
    0.22480259835720062,
    2.889315366744995,
    0.13516290485858917,
    23.145069122314453,
    0.5613191723823547,
    1.682675838470459,
    6.710713863372803,
    1.4621617794036865,
    0.3072660565376282,
    0.3850052058696747,
    0.1273561418056488,
    0.3465607166290283,
    0.425514817237854,
    -0.2693207263946533,
    0.9396515488624573,
    0.04267270117998123,
    12.345441818237305,
    1.2978661060333252,
    0.39829960465431213,
    21.225072860717773,
    2.9393348693847656,
    0.6672091484069824,
    6.7165374755859375,
    0.1420939862728119,
    0.1791267991065979,
    0.11687800288200378,
    1.042115330696106,
    0.6689584255218506,
    1.7351164817810059,
    0.2896670401096344,
    0.41172513365745544,
    0.12074917554855347,
    6.965384006500244,
    1.3354984521865845,
    26.022991180419922,
    1.8524363040924072,
    1.4365365505218506,
    7.127192974090576,
    0.18652313947677612,
    0.37250131368637085,
    0.16480912268161774
  ],
  "selected_features": [
    "Fe2O3T_wt",
    "SiO2_wt",
    "Al2O3_wt",
    "P2O5_tot_wt"
  ],
  "selected_models": [],
  "stacking_used": false,
  "stacked_model": true,
  "number_of_models": 1,
  "final_estimator": "xgb",
  "final_estimator_params": {
    "xgb_n_estimators": 248,
    "xgb_lr": 0.22961790778413874,
    "xgb_max_depth": 8,
    "xgb_subsample": 0.6028997076424024,
    "xgb_colsample": 0.9468512930604839
  },
  "model_params": {
    "xgb": {
      "xgb_n_estimators": 248,
      "xgb_lr": 0.22961790778413874,
      "xgb_max_depth": 8,
      "xgb_subsample": 0.6028997076424024,
      "xgb_colsample": 0.9468512930604839
    }
  },
  "use_random_split": true,
  "use_feature_selection": true,
  "model_name": "XGB-FS",
  "error_mean": -0.27640548069609544,
  "error_sdev": 1.984260367732547,
  "uncertainty_median": 9.201187133789062,
  "uncertainty_mad": 6.5601372718811035,
  "uncertainty_measure": 71.29664005844026,
  "feature_importance": {
    "K2O_wt": 0.1939263240336738,
    "Fe2O3T_wt": 0.905203713629129,
    "SiO2_wt": 0.009757831237886481,
    "Al2O3_wt": 0.5799751735695551
  }
}