{
  "y_test": [
    0.31,
    0.22,
    0.04,
    0.4,
    0.37,
    3.8,
    22.1,
    0.18,
    25.6,
    0.57,
    0.21,
    0.14,
    1.3,
    0.07,
    0.32,
    0.27,
    6.9,
    25.8,
    0.27,
    0.87,
    0.51,
    0.17,
    0.1,
    0.23,
    0.44,
    0.29,
    0.11,
    0.19,
    6.0,
    1.3,
    0.43,
    0.15,
    24.5,
    0.12,
    4.2,
    0.34,
    0.17,
    0.14,
    7.0,
    0.9,
    0.18,
    0.74,
    1.5,
    0.16,
    0.09
  ],
  "y_pred": [
    0.6799999477943146,
    1.168180892454607,
    -0.005753274728706792,
    0.474616101810057,
    0.1423505802476237,
    5.100000217565594,
    10.331942031038478,
    0.4599995702482187,
    27.954815963298906,
    0.4848828761310515,
    0.9867089830311695,
    0.7713057244106665,
    1.4000006306278463,
    0.13132173372589273,
    1.1089782908414487,
    2.164804079477677,
    0.6473666055272811,
    14.108484689757935,
    0.14486381649665603,
    1.407216484089917,
    0.03846100901595895,
    0.15900166310713537,
    0.8316084755813882,
    0.4479880562844216,
    0.40736454103943753,
    -0.3474195372752109,
    0.9132471927044392,
    0.18263646053572602,
    2.6831013917077877,
    1.3499984847505573,
    0.44524538536488967,
    -0.2529921160547164,
    30.030055755228357,
    0.6699572755723153,
    2.8434449139736855,
    -0.3347754512342598,
    1.5131677870911457,
    -0.31745715716042033,
    4.773794570175278,
    0.7190150673322586,
    0.1018007512093928,
    0.4116707042383192,
    2.3999977533385577,
    0.14543284217753794,
    2.0113272761795438
  ],
  "selected_features": [
    "K2O_wt",
    "P2O5_tot_wt"
  ],
  "selected_models": [],
  "stacking_used": false,
  "stacked_model": true,
  "number_of_models": 1,
  "final_estimator": "gpr",
  "final_estimator_params": {
    "gpr_nu": 0.5,
    "gpr_const": 5.742419137315672,
    "gpr_length_scale": 2.191582379343654,
    "gpr_alpha": 7.886792274246232e-10
  },
  "model_params": {
    "gpr": {
      "gpr_nu": 0.5,
      "gpr_const": 5.742419137315672,
      "gpr_length_scale": 2.191582379343654,
      "gpr_alpha": 7.886792274246232e-10
    }
  },
  "use_random_split": true,
  "use_feature_selection": true,
  "model_name": "GPR-FS",
  "error_mean": 0.40471646580599646,
  "error_sdev": 2.933638320662603,
  "uncertainty_median": 12.869973501275314,
  "uncertainty_mad": 5.55212868997908,
  "uncertainty_measure": 43.14017188480541,
  "feature_importance": {
    "K2O_wt": 0.3120402065840666,
    "Fe2O3T_wt": 1.3041654041831623
  }
}