{
  "y_test": [
    0.19,
    0.84,
    1.0,
    8.9,
    10.1,
    6.2,
    3.4,
    1.5,
    0.37,
    31.8,
    0.04,
    0.17,
    0.31,
    0.25,
    10.4,
    1.4,
    0.4,
    2.4,
    6.0,
    0.16,
    0.12,
    25.0,
    1.53,
    0.05,
    0.15,
    0.43,
    5.4,
    1.8,
    2.4,
    0.1,
    0.07,
    0.73,
    0.14,
    0.17,
    0.87,
    0.37,
    0.22,
    0.62,
    0.46,
    2.7,
    1.47,
    6.5,
    0.18,
    5.1,
    0.09
  ],
  "y_pred": [
    0.9262222250909635,
    2.3540647816011004,
    0.6161775702599375,
    0.5670528944395742,
    27.964316502276365,
    0.5670528944395742,
    4.629733724368554,
    0.8818054492892803,
    1.41315384400883,
    25.10737129234324,
    1.5200449518335926,
    2.1267341390477075,
    2.112566006680056,
    -0.061455978411180556,
    11.133732966873144,
    5.605700210039933,
    1.534597537855453,
    0.8818054492892803,
    5.605700210039933,
    0.24566284607770483,
    -0.4943281094216815,
    25.10737129234324,
    2.165295698873236,
    25.10737129234324,
    2.3540647816011004,
    0.24566284607770483,
    -0.3597889154114412,
    1.1340734315545349,
    2.2485009502430264,
    0.5322584514735264,
    0.5670528944395742,
    1.534597537855453,
    0.23688112767757255,
    0.24566284607770483,
    0.5419368303622817,
    8.008323726074256,
    2.1267341390477075,
    1.534597537855453,
    0.8421510938240317,
    0.5809119840119302,
    0.5419368303622817,
    18.875462683154275,
    -0.19916314620754252,
    4.629733724368554,
    25.10737129234324
  ],
  "selected_features": [
    "K2O_wt",
    "SiO2_wt"
  ],
  "selected_models": [],
  "stacking_used": false,
  "stacked_model": true,
  "number_of_models": 1,
  "final_estimator": "lgbm",
  "final_estimator_params": {
    "lgbm_num_leaves": 20,
    "lgbm_lr": 0.1355115938512364,
    "lgbm_n_estimators": 190
  },
  "model_params": {
    "lgbm": {
      "lgbm_num_leaves": 20,
      "lgbm_lr": 0.1355115938512364,
      "lgbm_n_estimators": 190
    }
  },
  "feature_names": [
    "K2O_wt",
    "Fe2O3T_wt",
    "SiO2_wt",
    "Al2O3_wt",
    "P2O5_tot_wt"
  ],
  "use_random_split": true,
  "use_feature_selection": true,
  "model_name": "LGBM-FS",
  "error_mean": -1.6988158297414733,
  "error_sdev": 6.551608462396975,
  "uncertainty_median": 4.629733724368554,
  "uncertainty_mad": 4.785525015876854,
  "uncertainty_measure": 103.36501623599418,
  "feature_importance": {
    "K2O_wt": 0.2568521995020616,
    "Fe2O3T_wt": 0.8549102828779641
  },
  "run": 0
}