{
  "y_test": [
    1.47,
    0.29,
    0.02,
    0.27,
    1.44,
    0.07,
    24.5,
    0.15,
    1.3,
    10.4,
    0.05,
    0.84,
    0.73,
    0.04,
    0.09,
    4.2,
    6.7,
    25.0,
    0.21,
    0.18,
    25.8,
    6.5,
    0.43,
    0.17,
    0.14,
    0.12,
    1.44,
    0.36,
    0.16,
    0.74,
    4.2,
    0.1,
    0.12,
    0.68,
    0.51,
    0.04,
    6.9,
    0.37,
    1.3,
    0.62,
    0.42,
    0.44,
    8.7,
    0.24,
    6.9
  ],
  "y_pred": [
    1.4808321184849789,
    2.843548248447626,
    3.155845353051354,
    2.2910631102485746,
    3.4416685230958928,
    -0.1077984369606286,
    15.987892738733837,
    -0.9009304257721229,
    1.8875852805522115,
    8.152379169957024,
    -0.8306900850393428,
    0.7686301593541407,
    0.8625641479694147,
    7.112624630235785,
    3.9197739233366358,
    5.085065346584725,
    9.751424090317242,
    16.409002981053273,
    1.1271276717459047,
    2.3278552393291188,
    23.30012349206425,
    14.633750014442933,
    2.799981358232185,
    0.3526086966593318,
    0.7743599814553206,
    4.416073889159739,
    1.5595925854242587,
    -0.25182490921933853,
    2.4203052400811615,
    1.0019562881968507,
    12.818706573532767,
    0.35908411034474597,
    0.44667400244348854,
    0.8889089740529631,
    -0.6421905952165126,
    3.2721074771352536,
    7.516452280023784,
    0.8527729080596032,
    1.8657299265458795,
    0.6805201992707972,
    0.3556902063751084,
    0.2713417939123117,
    14.633750014442933,
    0.7893881133658366,
    1.9094406345585426
  ],
  "selected_features": [
    "K2O_wt",
    "P2O5_tot_wt"
  ],
  "selected_models": [],
  "stacking_used": false,
  "stacked_model": true,
  "number_of_models": 1,
  "final_estimator": "ann",
  "final_estimator_params": {
    "ann_hidden": 100,
    "ann_alpha": 0.00010906397581735828
  },
  "model_params": {
    "ann": {
      "ann_hidden": 100,
      "ann_alpha": 0.00010906397581735828
    }
  },
  "use_random_split": true,
  "use_feature_selection": true,
  "model_name": "ANN-FS",
  "error_mean": -0.8097948231126628,
  "error_sdev": 3.299135763518074,
  "uncertainty_median": 15.704462805161995,
  "uncertainty_mad": 4.532652041710704,
  "uncertainty_measure": 28.862190944989464,
  "feature_importance": {
    "K2O_wt": 0.18227280043075794,
    "Fe2O3T_wt": 1.3223085192394737
  }
}