{
  "y_test": [
    0.21,
    0.07,
    0.44,
    1.2,
    6.9,
    11.7,
    0.04,
    8.9,
    6.7,
    2.4,
    0.17,
    0.24,
    6.1,
    6.2,
    0.16,
    6.6,
    6.9,
    24.5,
    0.9,
    0.21,
    31.8,
    0.04,
    1.44,
    4.5,
    0.18,
    8.0,
    0.56,
    0.35,
    4.2,
    0.37,
    0.19,
    1.8,
    5.7,
    1.44,
    0.14,
    1.9,
    10.1,
    1.4,
    0.14,
    0.47,
    5.1,
    8.7,
    1.47,
    0.1,
    7.4
  ],
  "y_pred": [
    0.22101297974586487,
    0.21043331921100616,
    0.2879515588283539,
    0.501417875289917,
    0.7291108965873718,
    16.903606414794922,
    0.2540358603000641,
    18.78731346130371,
    9.267210006713867,
    1.0296366214752197,
    0.36403360962867737,
    0.4575871527194977,
    4.016345500946045,
    5.029487133026123,
    0.24441468715667725,
    5.262431621551514,
    4.5775980949401855,
    25.59457778930664,
    1.8647140264511108,
    1.2888140678405762,
    33.74485397338867,
    0.3335001766681671,
    1.087088704109192,
    8.618911743164062,
    0.20086520910263062,
    5.669857501983643,
    0.13720187544822693,
    0.36582323908805847,
    4.38953161239624,
    0.4703035354614258,
    0.5104821920394897,
    16.602325439453125,
    5.744719505310059,
    0.186030775308609,
    0.28573018312454224,
    1.0776652097702026,
    12.599743843078613,
    1.3162797689437866,
    0.09673353284597397,
    0.4455123841762543,
    4.169973373413086,
    13.37529468536377,
    0.7920973896980286,
    0.38112619519233704,
    7.204401969909668
  ],
  "selected_features": [
    "K2O_wt",
    "Fe2O3T_wt",
    "SiO2_wt",
    "Al2O3_wt",
    "P2O5_tot_wt"
  ],
  "selected_models": [],
  "stacking_used": false,
  "stacked_model": true,
  "number_of_models": 1,
  "final_estimator": "xgb",
  "final_estimator_params": {
    "xgb_n_estimators": 98,
    "xgb_lr": 0.14979349438617023,
    "xgb_max_depth": 8,
    "xgb_subsample": 0.9957219405707489,
    "xgb_colsample": 0.8122984508228257
  },
  "model_params": {
    "xgb": {
      "xgb_n_estimators": 98,
      "xgb_lr": 0.14979349438617023,
      "xgb_max_depth": 8,
      "xgb_subsample": 0.9957219405707489,
      "xgb_colsample": 0.8122984508228257
    }
  },
  "use_random_split": true,
  "use_feature_selection": false,
  "model_name": "XGB",
  "error_mean": -0.6370619265834491,
  "error_sdev": 3.1895886973079657,
  "uncertainty_median": 16.31603240966797,
  "uncertainty_mad": 7.505936145782471,
  "uncertainty_measure": 46.00343979051471,
  "feature_importance": {
    "K2O_wt": 0.40921327783396727,
    "Fe2O3T_wt": 0.4815043818641053,
    "SiO2_wt": 0.19136978707063843,
    "Al2O3_wt": 0.007108240406178782,
    "P2O5_tot_wt": 2.6003259691513945
  }
}