{
  "y_test": [
    25.0,
    0.87,
    11.7,
    1.3,
    1.47,
    6.0,
    0.14,
    1.2,
    0.15,
    0.41,
    0.04,
    0.74,
    0.09,
    0.15,
    0.04,
    0.62,
    34.0,
    0.4,
    0.19,
    0.05,
    1.18,
    6.2,
    5.1,
    0.23,
    0.47,
    6.5,
    1.5,
    0.37,
    0.25,
    0.73,
    0.15,
    0.17,
    0.44,
    2.4,
    2.4,
    1.3,
    22.1,
    6.7,
    0.09,
    0.36,
    0.32,
    0.34,
    0.44,
    4.2,
    0.31
  ],
  "y_pred": [
    19.92630859825881,
    1.7008550317730635,
    5.328536722738113,
    1.646511112193004,
    1.4371260442573583,
    3.564513050943454,
    0.4321647252393217,
    1.3609639121127555,
    1.1113674371781816,
    1.7578276387776843,
    1.4174547274473253,
    1.0514719486246311,
    0.6841789569366878,
    0.9918233836319676,
    0.24332009958349632,
    0.7139516381679241,
    6.51885800125674,
    0.8128730284630703,
    -0.09642966319552171,
    45.50746836619484,
    1.601131448907346,
    2.2942580533655534,
    3.5401991713726937,
    0.9340860316492194,
    0.526249015163295,
    10.229305590083644,
    1.045480840072607,
    1.8961077929890782,
    1.3677257188079328,
    0.806079367665959,
    1.406906272746355,
    0.865693513968083,
    0.19476542482937065,
    2.8816712021167565,
    2.076799647607427,
    2.521640940147352,
    14.98755159401923,
    6.534925485678285,
    1.4194878257810974,
    0.5166135364307611,
    0.9552645929916967,
    0.6838759016507443,
    0.6445362359955458,
    7.508238192607102,
    1.4645537144292047
  ],
  "selected_features": [
    "K2O_wt",
    "Fe2O3T_wt",
    "SiO2_wt",
    "Al2O3_wt",
    "P2O5_tot_wt"
  ],
  "selected_models": [],
  "stacking_used": false,
  "stacked_model": true,
  "number_of_models": 1,
  "final_estimator": "ann",
  "final_estimator_params": {
    "ann_hidden": 20,
    "ann_alpha": 0.0004622376312916757
  },
  "model_params": {
    "ann": {
      "ann_hidden": 20,
      "ann_alpha": 0.0004622376312916757
    }
  },
  "use_random_split": true,
  "use_feature_selection": false,
  "model_name": "ANN",
  "error_mean": -0.36009537492576116,
  "error_sdev": 8.257660325491676,
  "uncertainty_median": 26.66342910081658,
  "uncertainty_mad": 10.858729232039625,
  "uncertainty_measure": 40.72517901197889,
  "feature_importance": {
    "K2O_wt": -0.00510409990573359,
    "Fe2O3T_wt": -0.07258477929327262,
    "SiO2_wt": 0.26028887404644835,
    "Al2O3_wt": 0.04444777795172008,
    "P2O5_tot_wt": 0.4939548962966838
  }
}