{
  "y_test": [
    0.27,
    0.43,
    0.1,
    0.27,
    0.04,
    0.44,
    0.56,
    1.3,
    0.74,
    0.41,
    0.37,
    1.18,
    0.42,
    25.6,
    0.29,
    0.04,
    25.0,
    0.14,
    25.8,
    0.09,
    5.4,
    8.9,
    0.09,
    0.14,
    0.15,
    1.2,
    0.16,
    0.14,
    0.14,
    2.6,
    0.44,
    1.4,
    4.2,
    0.21,
    4.5,
    6.1,
    1.3,
    0.34,
    0.07,
    1.3,
    0.15,
    6.7,
    1.0,
    0.19,
    7.4
  ],
  "y_pred": [
    0.40647396528704927,
    0.20911214953271,
    0.3699875389408099,
    2.2175654205607462,
    0.31727614597240755,
    0.2420240320427235,
    1.5904548286604365,
    1.7008566978193131,
    0.954701157098353,
    0.45744670672007104,
    0.5391559857587898,
    0.8511853582554515,
    1.5413368936359593,
    25.790545171339573,
    0.952534935469515,
    2.8574813084112134,
    21.308341121495324,
    0.12651713395638628,
    24.465218068535812,
    4.342566199376944,
    6.165166889185585,
    6.424096573208723,
    0.3950809968847349,
    2.3345545171339563,
    0.4126915887850468,
    0.5734054294615042,
    0.6552507788161993,
    1.8308738317757025,
    0.270431686693369,
    2.1422997329773015,
    0.24279595015576316,
    1.3898948598130834,
    5.049566088117482,
    0.36620716510903395,
    6.674059857587897,
    5.007354250111252,
    1.4801596573208708,
    0.3351524254561635,
    0.860035046728972,
    1.119059857587895,
    0.6864168891855811,
    7.362182910547402,
    1.239984423676013,
    0.19278037383177563,
    8.130147975077879
  ],
  "selected_features": [
    "K2O_wt",
    "Fe2O3T_wt",
    "SiO2_wt",
    "Al2O3_wt",
    "P2O5_tot_wt"
  ],
  "selected_models": [],
  "stacking_used": false,
  "stacked_model": true,
  "number_of_models": 1,
  "final_estimator": "et",
  "final_estimator_params": {
    "et_n_estimators": 107,
    "et_max_depth": 14,
    "et_min_samples_split": 4,
    "et_min_samples_leaf": 2,
    "et_bootstrap": false
  },
  "model_params": {
    "et": {
      "et_n_estimators": 107,
      "et_max_depth": 14,
      "et_min_samples_split": 4,
      "et_min_samples_leaf": 2,
      "et_bootstrap": false
    }
  },
  "use_random_split": true,
  "use_feature_selection": false,
  "model_name": "ET",
  "error_mean": -0.3304540127577505,
  "error_sdev": 1.2416761102854545,
  "uncertainty_median": 9.948307187360927,
  "uncertainty_mad": 4.145695144588154,
  "uncertainty_measure": 41.67236763512042,
  "feature_importance": {
    "K2O_wt": 0.025322349423330986,
    "Fe2O3T_wt": 0.0016241964697664402,
    "SiO2_wt": 0.648002189924176,
    "Al2O3_wt": 0.09511744049487209,
    "P2O5_tot_wt": 0.3007495036856209
  }
}