{
  "y_test": [
    0.52,
    0.29,
    0.24,
    0.14,
    0.07,
    0.56,
    0.18,
    6.9,
    0.09,
    0.12,
    6.5,
    0.84,
    6.1,
    1.5,
    0.31,
    8.0,
    1.9,
    0.87,
    0.14,
    0.17,
    0.32,
    0.74,
    0.19,
    0.21,
    0.51,
    0.17,
    1.2,
    0.62,
    5.4,
    0.04,
    0.22,
    6.3,
    25.6,
    0.9,
    25.8,
    0.18,
    1.3,
    0.11,
    6.9,
    0.05,
    0.41,
    0.43,
    0.04,
    2.4,
    0.17
  ],
  "y_pred": [
    0.3479903042316437,
    0.49222108721733093,
    0.2967292368412018,
    0.503218948841095,
    0.28135526180267334,
    0.16880841553211212,
    0.17959004640579224,
    0.7064038515090942,
    0.17959004640579224,
    0.19862079620361328,
    7.600867748260498,
    0.17959004640579224,
    6.061731338500977,
    0.6566425561904907,
    0.31897467374801636,
    7.85842227935791,
    3.6163032054901123,
    0.5365324020385742,
    0.17959004640579224,
    0.22935116291046143,
    0.33963602781295776,
    0.219526007771492,
    0.22538816928863525,
    0.23872484266757965,
    0.2641511559486389,
    0.05305381491780281,
    0.24061891436576843,
    0.2297334522008896,
    8.03593921661377,
    0.6477219462394714,
    0.2641511559486389,
    6.5031418800354,
    28.630111694335938,
    0.7200857400894165,
    28.65062713623047,
    0.24806970357894897,
    1.0579978227615356,
    0.23872484266757965,
    5.98529052734375,
    0.2143900841474533,
    0.6924940943717957,
    0.17959004640579224,
    0.17959004640579224,
    2.7096681594848633,
    0.17959004640579224
  ],
  "selected_features": [
    "SiO2_wt",
    "P2O5_tot_wt"
  ],
  "selected_models": [],
  "stacking_used": false,
  "stacked_model": true,
  "number_of_models": 1,
  "final_estimator": "xgb",
  "final_estimator_params": {
    "xgb_n_estimators": 101,
    "xgb_lr": 0.07274324994453576,
    "xgb_max_depth": 3,
    "xgb_subsample": 0.7551094274167595,
    "xgb_colsample": 0.7071066481794027
  },
  "model_params": {
    "xgb": {
      "xgb_n_estimators": 101,
      "xgb_lr": 0.07274324994453576,
      "xgb_max_depth": 3,
      "xgb_subsample": 0.7551094274167595,
      "xgb_colsample": 0.7071066481794027
    }
  },
  "use_random_split": true,
  "use_feature_selection": true,
  "model_name": "XGB-FS",
  "error_mean": -0.042012221829758695,
  "error_sdev": 1.274434115481107,
  "uncertainty_median": 10.789835929870605,
  "uncertainty_mad": 5.60526180267334,
  "uncertainty_measure": 51.9494628009655,
  "feature_importance": {
    "K2O_wt": 0.6794611268629731,
    "Fe2O3T_wt": 0.49514891751209916
  }
}