{
  "y_test": [
    8.7,
    0.46,
    2.4,
    1.3,
    3.8,
    0.27,
    0.19,
    4.5,
    0.37,
    6.7,
    0.15,
    1.8,
    0.36,
    25.6,
    1.18,
    0.04,
    1.2,
    6.2,
    0.07,
    0.25,
    31.8,
    11.7,
    1.5,
    0.34,
    0.19,
    7.4,
    1.47,
    0.52,
    0.12,
    0.4,
    4.2,
    0.19,
    34.0,
    0.03,
    0.4,
    0.14,
    0.17,
    0.14,
    0.41,
    0.35,
    0.4,
    0.15,
    0.12,
    2.4,
    1.44
  ],
  "y_pred": [
    12.642537117004395,
    0.763821005821228,
    0.19810985028743744,
    1.2814757823944092,
    5.776537895202637,
    1.6261597871780396,
    0.35936710238456726,
    7.831490993499756,
    0.651310920715332,
    8.059507369995117,
    4.691290855407715,
    12.081802368164062,
    0.2352249175310135,
    24.626331329345703,
    0.7445660829544067,
    0.28929799795150757,
    0.8435286283493042,
    6.831790447235107,
    0.24606339633464813,
    0.9097201228141785,
    25.153629302978516,
    8.16856575012207,
    0.5258160829544067,
    1.2452709674835205,
    0.22666305303573608,
    8.668074607849121,
    0.6435664892196655,
    -0.03187716752290726,
    0.40937408804893494,
    0.581959068775177,
    15.37407398223877,
    0.34202641248703003,
    24.084579467773438,
    -0.009934812784194946,
    4.41801643371582,
    0.34201645851135254,
    0.20588397979736328,
    0.1719227433204651,
    0.4766004681587219,
    4.47579288482666,
    0.2858506441116333,
    0.3084489107131958,
    9.580879211425781,
    2.2016501426696777,
    0.7489121556282043
  ],
  "selected_features": [
    "K2O_wt",
    "Fe2O3T_wt",
    "SiO2_wt",
    "P2O5_tot_wt"
  ],
  "selected_models": [],
  "stacking_used": false,
  "stacked_model": true,
  "number_of_models": 1,
  "final_estimator": "xgb",
  "final_estimator_params": {
    "xgb_n_estimators": 157,
    "xgb_lr": 0.25475907387355323,
    "xgb_max_depth": 4,
    "xgb_subsample": 0.8615365134463181,
    "xgb_colsample": 0.7426544913536901
  },
  "model_params": {
    "xgb": {
      "xgb_n_estimators": 157,
      "xgb_lr": 0.25475907387355323,
      "xgb_max_depth": 4,
      "xgb_subsample": 0.8615365134463181,
      "xgb_colsample": 0.7426544913536901
    }
  },
  "use_random_split": true,
  "use_feature_selection": true,
  "model_name": "XGB-FS",
  "error_mean": -0.7503932288024163,
  "error_sdev": 3.5358494470069366,
  "uncertainty_median": 12.496908187866211,
  "uncertainty_mad": 5.546911239624023,
  "uncertainty_measure": 44.3862686373079,
  "feature_importance": {
    "K2O_wt": 0.05215114935334673,
    "Fe2O3T_wt": 0.10222325251539059,
    "SiO2_wt": 0.2840875565571011,
    "Al2O3_wt": 0.8554741016566743
  }
}