{
  "y_test": [
    0.52,
    0.29,
    0.24,
    0.14,
    0.07,
    0.56,
    0.18,
    6.9,
    0.09,
    0.12,
    6.5,
    0.84,
    6.1,
    1.5,
    0.31,
    8.0,
    1.9,
    0.87,
    0.14,
    0.17,
    0.32,
    0.74,
    0.19,
    0.21,
    0.51,
    0.17,
    1.2,
    0.62,
    5.4,
    0.04,
    0.22,
    6.3,
    25.6,
    0.9,
    25.8,
    0.18,
    1.3,
    0.11,
    6.9,
    0.05,
    0.41,
    0.43,
    0.04,
    2.4,
    0.17
  ],
  "y_pred": [
    1.896562657971275,
    -2.3112719035299385,
    1.2306705181223379,
    4.048152701435786,
    2.8457772762359212,
    1.3289028872331432,
    -0.5059038252747126,
    0.9664291002611556,
    0.34005269281218986,
    2.4512183591707295,
    12.999970412803403,
    -0.7641807329374153,
    5.374218678756398,
    0.3716031674990905,
    2.926628259726135,
    6.559497805728593,
    5.998931076946323,
    2.4982842302279824,
    -0.6230235497334196,
    0.8943614840077689,
    0.4410420788384002,
    1.4178528215353907,
    0.049862344877489306,
    -2.0978422726439128,
    0.5040001221217558,
    1.9188558054919067,
    0.2814657516735597,
    0.7966564068286086,
    5.058492741542716,
    -0.650170156131427,
    2.0519540692436724,
    10.405839641445404,
    13.938747138638263,
    3.3026412865458266,
    40.93573306486809,
    1.2628310129632503,
    3.3493176272189444,
    -2.6794835348923947,
    6.423549468015545,
    -0.12005467546041615,
    2.687826285791635,
    -0.5339730489300667,
    -0.49654547456989206,
    0.9246066110264373,
    -0.6469876707109972
  ],
  "selected_features": [
    "K2O_wt",
    "Fe2O3T_wt",
    "SiO2_wt",
    "Al2O3_wt",
    "P2O5_tot_wt"
  ],
  "selected_models": [],
  "stacking_used": false,
  "stacked_model": true,
  "number_of_models": 1,
  "final_estimator": "svr",
  "final_estimator_params": {
    "svr_C": 5.105959276894784,
    "svr_epsilon": 0.9670145860952578
  },
  "model_params": {
    "svr": {
      "svr_C": 5.105959276894784,
      "svr_epsilon": 0.9670145860952578
    }
  },
  "use_random_split": true,
  "use_feature_selection": false,
  "model_name": "SVR",
  "error_mean": -0.47562441650645637,
  "error_sdev": 3.581453216083348,
  "uncertainty_median": 16.993859576082677,
  "uncertainty_mad": 7.138962817204424,
  "uncertainty_measure": 42.00907266087964,
  "feature_importance": {
    "K2O_wt": -0.0015687435725622934,
    "Fe2O3T_wt": -0.0494436362231462,
    "SiO2_wt": 0.278922275164639,
    "Al2O3_wt": 0.16174293867154557,
    "P2O5_tot_wt": 0.43097904814216165
  }
}