{
  "y_test": [
    8.7,
    1.3,
    0.52,
    0.57,
    1.4,
    0.1,
    0.23,
    0.51,
    0.19,
    0.44,
    0.27,
    0.41,
    0.09,
    0.34,
    0.35,
    0.46,
    0.14,
    0.4,
    0.14,
    0.07,
    0.21,
    0.43,
    1.53,
    0.42,
    2.7,
    0.68,
    8.0,
    10.4,
    0.04,
    2.4,
    2.4,
    0.15,
    0.19,
    0.47,
    0.24,
    5.1,
    0.04,
    0.37,
    0.18,
    2.4,
    5.4,
    7.4,
    0.14,
    4.5,
    0.13
  ],
  "y_pred": [
    8.778391314474865,
    0.7503345997714609,
    0.6517125365983463,
    0.6517125365983463,
    0.8858812054641862,
    0.6517125365983463,
    0.6517125365983463,
    0.6517125365983463,
    0.6517125365983463,
    0.6517125365983463,
    0.6517125365983463,
    0.6517125365983463,
    0.6517125365983463,
    0.7503345997714609,
    0.6517125365983463,
    0.7281536345502415,
    0.9750356840391405,
    0.6517125365983463,
    3.232739368866819,
    0.6517125365983463,
    0.7503345997714609,
    0.6517125365983463,
    0.6517125365983463,
    0.6517125365983463,
    1.4335461650568655,
    0.7503345997714609,
    7.7178720997959855,
    7.793779477832334,
    0.6517125365983463,
    0.7872591422910719,
    1.680428214545765,
    0.6517125365983463,
    0.6517125365983463,
    0.6517125365983463,
    0.6517125365983463,
    7.541831425884283,
    0.6517125365983463,
    0.6517125365983463,
    0.6517125365983463,
    1.455727130278085,
    7.541831425884283,
    7.7178720997959855,
    0.6517125365983463,
    7.7178720997959855,
    0.6517125365983463
  ],
  "selected_features": [
    "K2O_wt",
    "Fe2O3T_wt",
    "SiO2_wt",
    "Al2O3_wt",
    "P2O5_tot_wt"
  ],
  "selected_models": [],
  "stacking_used": false,
  "stacked_model": true,
  "number_of_models": 1,
  "final_estimator": "rf",
  "final_estimator_params": {
    "rf_n_estimators": 77,
    "rf_max_depth": 2
  },
  "model_params": {
    "rf": {
      "rf_n_estimators": 77,
      "rf_max_depth": 2
    }
  },
  "use_random_split": true,
  "use_feature_selection": false,
  "model_name": "RF",
  "error_mean": -0.29742410753774984,
  "error_sdev": 1.0203169383382844,
  "uncertainty_median": 7.969820151744039,
  "uncertainty_mad": 2.097160116614766,
  "uncertainty_measure": 26.31376965458679,
  "feature_importance": {
    "K2O_wt": 0.08052218682590812,
    "Fe2O3T_wt": 0.009841242518521224,
    "SiO2_wt": 0.0,
    "Al2O3_wt": -0.009766681274511985,
    "P2O5_tot_wt": 2.216913853143702
  }
}