{
  "y_test": [
    1.3,
    4.2,
    0.09,
    25.6,
    6.9,
    2.6,
    0.04,
    31.8,
    0.52,
    0.34,
    1.4,
    0.37,
    0.12,
    0.12,
    0.4,
    1.8,
    0.15,
    0.14,
    0.19,
    6.2,
    1.4,
    6.0,
    6.3,
    0.04,
    0.15,
    0.04,
    0.17,
    1.9,
    6.5,
    0.09,
    1.3,
    0.32,
    2.4,
    4.5,
    0.11,
    6.7,
    0.13,
    0.1,
    0.84,
    25.0,
    25.8,
    0.18,
    0.47,
    0.37,
    0.43
  ],
  "y_pred": [
    2.1233435013379935,
    5.721562403669086,
    0.05069178303778177,
    3.890182101493364,
    6.708428119496297,
    2.2436025128348467,
    0.2277917821691604,
    5.9081627611995575,
    0.21720208781650863,
    1.0260391938519684,
    2.017437582028666,
    0.5534214926267409,
    0.3497217983363501,
    0.5512247315458536,
    0.5412470166586361,
    2.280998381917973,
    0.40169267544583453,
    0.8342846614825308,
    -0.9247622267703433,
    2.478542543120069,
    2.176449513330117,
    3.2339660363790212,
    6.761185822573449,
    0.3923731605620926,
    -0.4246189910004561,
    -0.9301550396306975,
    0.053544014789395966,
    1.823192677731766,
    8.161506695116442,
    1.1855960300553414,
    0.8315731895417433,
    0.26805422936657486,
    1.4205953560823061,
    5.347644771276363,
    -1.5171421406899053,
    10.27403274741363,
    0.3187764452702715,
    0.22080966259974888,
    -0.31592001673491144,
    7.486090023750716,
    25.2133972157079,
    -0.7684891628033053,
    0.37153725894422385,
    0.14769579693537072,
    -0.914660236106152
  ],
  "selected_features": [
    "K2O_wt",
    "Fe2O3T_wt",
    "SiO2_wt",
    "Al2O3_wt",
    "P2O5_tot_wt"
  ],
  "selected_models": [],
  "stacking_used": false,
  "stacked_model": true,
  "number_of_models": 1,
  "final_estimator": "svr",
  "final_estimator_params": {
    "svr_C": 1.246168165281013,
    "svr_epsilon": 0.3034455853642414
  },
  "model_params": {
    "svr": {
      "svr_C": 1.246168165281013,
      "svr_epsilon": 0.3034455853642414
    }
  },
  "use_random_split": true,
  "use_feature_selection": false,
  "model_name": "SVR",
  "error_mean": 1.5000477785831126,
  "error_sdev": 5.6470892078395645,
  "uncertainty_median": 12.570918987823376,
  "uncertainty_mad": 5.93578354702116,
  "uncertainty_measure": 47.21837403272397,
  "feature_importance": {
    "K2O_wt": 0.0005043326159310357,
    "Fe2O3T_wt": -0.0015415261196124986,
    "SiO2_wt": 0.13605270148349358,
    "Al2O3_wt": -0.03342050165614449,
    "P2O5_tot_wt": 0.5522808881741507
  }
}