{
  "y_test": [
    8.9,
    0.19,
    0.34,
    0.37,
    6.9,
    0.12,
    0.19,
    34.0,
    0.51,
    0.52,
    1.3,
    0.32,
    0.1,
    1.44,
    0.21,
    0.15,
    6.7,
    3.8,
    6.9,
    0.1,
    1.47,
    0.14,
    0.04,
    0.17,
    0.04,
    6.3,
    0.11,
    0.07,
    0.68,
    0.19,
    0.4,
    0.17,
    0.37,
    2.7,
    0.02,
    0.04,
    0.07,
    0.73,
    0.24,
    0.35,
    1.2,
    0.43,
    0.15,
    0.4,
    25.8
  ],
  "y_pred": [
    2.2148622339792694,
    0.11251686049133244,
    1.3722552320425092,
    7.011118149154236,
    4.843653769987232,
    1.2677541524186633,
    0.651101636026629,
    26.139138509593216,
    0.36270757844024976,
    0.3735891957278518,
    3.431135697631672,
    0.7805889840049778,
    0.3100780389951186,
    0.14880441970762176,
    0.13843926115171634,
    1.5695240411101752,
    3.43034710859537,
    4.415736765974987,
    0.5948261342587651,
    0.5748021149308179,
    0.5058100594735723,
    0.1345250616440591,
    0.3631923329394648,
    0.34869067253199715,
    0.10784349945991528,
    1.8671547662708368,
    0.13682017037880298,
    2.1948579887904893,
    1.038506991448978,
    0.26328711513518205,
    0.561843303120203,
    0.32469152198727175,
    0.5045072520035283,
    0.5499814424109302,
    0.592998916879067,
    0.30978992631818253,
    0.465736077057907,
    0.5742815270204968,
    0.3717128693407427,
    1.2223405740317792,
    0.4120025750397258,
    0.12836923438250614,
    0.7875885373426581,
    1.2312788704395612,
    23.767957669847313
  ],
  "selected_features": [
    "K2O_wt",
    "Fe2O3T_wt",
    "SiO2_wt"
  ],
  "selected_models": [],
  "stacking_used": false,
  "stacked_model": true,
  "number_of_models": 1,
  "final_estimator": "knn",
  "final_estimator_params": {
    "knn_n": 8,
    "knn_weights": "distance"
  },
  "model_params": {
    "knn": {
      "knn_n": 8,
      "knn_weights": "distance"
    }
  },
  "use_random_split": true,
  "use_feature_selection": true,
  "model_name": "KNN-FS",
  "error_mean": 0.3740278035662759,
  "error_sdev": 2.374401727004404,
  "uncertainty_median": 4.51626698385232,
  "uncertainty_mad": 7.586593553269352,
  "uncertainty_measure": 167.98372594877196,
  "feature_importance": {
    "K2O_wt": 0.0008455078779359815,
    "Fe2O3T_wt": 0.0077279556253196015,
    "SiO2_wt": 1.5687367566384929
  }
}