{
  "y_test": [
    0.15,
    4.5,
    0.36,
    0.16,
    0.44,
    0.27,
    0.18,
    5.4,
    0.51,
    0.1,
    38.0,
    7.4,
    6.7,
    0.17,
    0.4,
    4.2,
    2.7,
    25.0,
    3.8,
    1.3,
    2.4,
    0.73,
    0.37,
    3.4,
    0.14,
    5.7,
    1.0,
    0.32,
    0.31,
    0.34,
    2.4,
    0.04,
    25.8,
    0.23,
    0.19,
    0.19,
    0.24,
    0.16,
    0.25,
    0.11,
    1.47,
    0.17,
    0.05,
    6.7,
    0.35
  ],
  "y_pred": [
    0.6686168199715441,
    4.568762398268835,
    -0.03451918118019387,
    -0.1551544244193388,
    0.21978221909704426,
    1.0213993819132168,
    0.3014281936853119,
    1.821595378007998,
    0.22522078953227048,
    0.26121072092243286,
    1.6199424300504632,
    6.004121665755038,
    5.746182521611128,
    0.13316247428949007,
    0.5708207859765928,
    1.6998114574831762,
    1.6182241900648426,
    5.315444250097935,
    2.027661393328033,
    1.3219178471997823,
    1.0214384267544574,
    0.7251627743860127,
    0.5435880784265437,
    1.6516590976285674,
    0.08636648123852786,
    2.8009051927783752,
    0.9074371383794482,
    0.6979562341389522,
    0.49627702560638026,
    0.05222872631900494,
    1.3127012640623752,
    -0.0350426885660684,
    21.84485042455168,
    0.49996592045815663,
    -0.5863691633004449,
    0.6168772416993784,
    0.500664244620328,
    0.05655783693360056,
    0.29028467004724706,
    0.13194226642938717,
    1.1266690149805185,
    0.4077785247987134,
    -0.5875997614195989,
    9.280791569818266,
    0.3999723058971619
  ],
  "selected_features": [
    "K2O_wt",
    "Al2O3_wt",
    "P2O5_tot_wt"
  ],
  "selected_models": [],
  "stacking_used": false,
  "stacked_model": true,
  "number_of_models": 1,
  "final_estimator": "svr",
  "final_estimator_params": {
    "svr_C": 0.6567015744184163,
    "svr_epsilon": 0.01863563336217974
  },
  "model_params": {
    "svr": {
      "svr_C": 0.6567015744184163,
      "svr_epsilon": 0.01863563336217974
    }
  },
  "feature_names": [
    "K2O_wt",
    "Fe2O3T_wt",
    "SiO2_wt",
    "Al2O3_wt",
    "P2O5_tot_wt"
  ],
  "use_random_split": true,
  "use_feature_selection": true,
  "model_name": "SVR-FS",
  "error_mean": 1.6800290187039428,
  "error_sdev": 6.124050144698577,
  "uncertainty_median": 11.781379565276563,
  "uncertainty_mad": 5.669926567837249,
  "uncertainty_measure": 48.12616838649617,
  "feature_importance": {
    "K2O_wt": 0.016272909566683508,
    "Fe2O3T_wt": -0.013489366085934533,
    "SiO2_wt": 0.5774181156782375
  },
  "run": 1
}