{
  "y_test": [
    1.53,
    4.2,
    8.7,
    0.24,
    0.04,
    0.35,
    3.4,
    1.3,
    0.56,
    1.8,
    8.0,
    0.22,
    6.7,
    0.18,
    0.4,
    2.4,
    0.51,
    1.47,
    0.52,
    1.2,
    7.4,
    0.43,
    10.1,
    0.25,
    5.4,
    0.11,
    6.5,
    2.7,
    25.0,
    11.7,
    2.6,
    2.4,
    0.31,
    0.15,
    25.8,
    1.3,
    1.44,
    0.47,
    0.05,
    0.17,
    0.14,
    6.1,
    0.15,
    0.57,
    1.44
  ],
  "y_pred": [
    0.19078460745267967,
    1.3517551596551596,
    24.470978835978837,
    0.2522576216294647,
    4.321299707602338,
    0.201691485759558,
    1.3517551596551596,
    0.5708026870806534,
    0.19078460745267967,
    8.864620250120252,
    6.416898027898028,
    0.2870418420595723,
    6.388009139009139,
    0.21035676353733576,
    0.2603126753929056,
    1.4415051596551598,
    0.2603126753929056,
    0.49916935374731985,
    0.2522576216294647,
    0.49916935374731985,
    6.2762162097162095,
    0.1988396612161205,
    24.470978835978837,
    0.21035676353733576,
    5.166759980759981,
    0.1988396612161205,
    24.470978835978837,
    1.4415051596551598,
    24.698015873015876,
    6.800142135642137,
    0.7991937404717065,
    1.4415051596551598,
    0.2009181670461077,
    0.31557012162946474,
    25.78666666666667,
    1.5293329374329376,
    0.8326371267150929,
    0.2692020660739091,
    0.2075049389938983,
    0.2692020660739091,
    0.2009181670461077,
    5.10675998075998,
    0.646830464858431,
    0.2522576216294647,
    0.1988396612161205
  ],
  "selected_features": [
    "K2O_wt",
    "Fe2O3T_wt",
    "Al2O3_wt",
    "P2O5_tot_wt"
  ],
  "selected_models": [],
  "stacking_used": false,
  "stacked_model": true,
  "number_of_models": 1,
  "final_estimator": "rf",
  "final_estimator_params": {
    "rf_n_estimators": 15,
    "rf_max_depth": 4
  },
  "model_params": {
    "rf": {
      "rf_n_estimators": 15,
      "rf_max_depth": 4
    }
  },
  "use_random_split": true,
  "use_feature_selection": true,
  "model_name": "RF-FS",
  "error_mean": -0.7527052163875894,
  "error_sdev": 4.460671858621605,
  "uncertainty_median": 10.360046176046179,
  "uncertainty_mad": 7.451345672485562,
  "uncertainty_measure": 71.92386545258915,
  "feature_importance": {
    "K2O_wt": 0.40814450851173406,
    "Fe2O3T_wt": 0.1800979290359785,
    "SiO2_wt": 0.06994358358709744,
    "Al2O3_wt": 1.67794975163227
  }
}