{
  "y_test": [
    2.7,
    5.4,
    10.1,
    0.41,
    1.2,
    0.36,
    0.4,
    0.12,
    0.1,
    0.32,
    0.52,
    1.9,
    0.19,
    0.04,
    0.56,
    0.37,
    0.09,
    0.31,
    0.15,
    0.18,
    0.14,
    0.84,
    0.62,
    0.36,
    4.2,
    0.42,
    3.4,
    6.0,
    1.9,
    0.14,
    4.2,
    0.44,
    29.4,
    6.1,
    0.15,
    0.25,
    0.74,
    0.19,
    1.4,
    6.2,
    1.44,
    0.04,
    0.04,
    1.8,
    0.18
  ],
  "y_pred": [
    0.6565169524284187,
    5.693730631812166,
    10.359417971969105,
    1.907721748422702,
    2.2028873008630683,
    0.38883131594514,
    4.3317635808404695,
    -2.546900528426818,
    1.1753169051212637,
    -0.728045533434873,
    3.175587360232953,
    4.462050464773185,
    -2.309767281326863,
    -0.2814694703950522,
    2.018444588584188,
    0.6613810478427808,
    -0.1454705032532928,
    5.816134792189025,
    3.4539142483785525,
    0.5169867189043345,
    -2.018879441728693,
    -0.4488281969516663,
    0.4501705401431906,
    0.6075243981039549,
    6.984566673526448,
    6.420871142356184,
    6.519054971631082,
    6.969144989672472,
    10.163584853198845,
    -0.11436008549535615,
    7.148052440107605,
    0.5986415916468104,
    15.861533643214226,
    7.361094334713954,
    -0.11068567491990677,
    2.9067781179479013,
    1.7053641863243953,
    -2.029842463600751,
    4.467638825120588,
    4.246494608581461,
    1.0740177745121215,
    -0.2182156150218404,
    -0.0335143150441084,
    1.423246462532859,
    2.5321746810229513
  ],
  "selected_features": [
    "K2O_wt",
    "Fe2O3T_wt",
    "SiO2_wt",
    "Al2O3_wt",
    "P2O5_tot_wt"
  ],
  "selected_models": [],
  "stacking_used": false,
  "stacked_model": true,
  "number_of_models": 1,
  "final_estimator": "lr",
  "final_estimator_params": {},
  "model_params": {
    "lr": {}
  },
  "use_random_split": true,
  "use_feature_selection": false,
  "model_name": "LR",
  "error_mean": -0.6058813500681152,
  "error_sdev": 3.1419235269913135,
  "uncertainty_median": 5.500083242509271,
  "uncertainty_mad": 5.825342475491816,
  "uncertainty_measure": 105.91371473196382,
  "feature_importance": {
    "K2O_wt": 0.037457948940057384,
    "Fe2O3T_wt": 0.027936318280142602,
    "SiO2_wt": 2.27631338984669,
    "Al2O3_wt": 0.21947956745463593,
    "P2O5_tot_wt": 0.07418201290714548
  }
}