{
  "y_test": [
    11.7,
    6.6,
    3.8,
    0.04,
    0.15,
    0.04,
    2.4,
    8.7,
    6.7,
    24.5,
    1.9,
    1.4,
    2.7,
    0.24,
    0.14,
    3.4,
    34.0,
    0.04,
    0.04,
    4.2,
    0.15,
    1.47,
    0.18,
    0.37,
    7.4,
    0.19,
    0.04,
    25.6,
    0.34,
    1.5,
    0.15,
    1.53,
    0.09,
    0.35,
    0.05,
    0.14,
    0.37,
    4.2,
    1.44,
    25.6,
    0.23,
    0.57,
    0.43,
    0.17,
    0.17
  ],
  "y_pred": [
    7.569409981907036,
    7.4863299254569755,
    6.967088098955382,
    0.5416684477143373,
    0.7105813286835845,
    0.5416684477143373,
    1.0077662225675428,
    10.499064693451638,
    6.967088098955382,
    26.046872276648998,
    0.978963241833264,
    1.0098307562552684,
    0.9986598883196895,
    0.5624871084054347,
    3.9092267558850007,
    1.0204143340579626,
    28.196281974598783,
    0.5598878506459218,
    0.8226984723544374,
    1.0204143340579626,
    0.5416684477143373,
    0.7071862161026522,
    0.5416684477143373,
    0.6077639898671588,
    7.45539144319384,
    0.5498389969150148,
    0.5416684477143373,
    26.505741778648286,
    0.7079820709240716,
    0.8715020628724574,
    0.6077639898671588,
    0.5624871084054347,
    0.5624871084054347,
    0.5416684477143373,
    13.019458166463838,
    0.5416684477143373,
    0.5416684477143373,
    6.967088098955382,
    0.7296701440671792,
    25.924480419142633,
    0.5416684477143373,
    0.5416684477143373,
    0.7296701440671792,
    0.5416684477143373,
    0.5416684477143373
  ],
  "selected_features": [
    "K2O_wt",
    "Fe2O3T_wt",
    "SiO2_wt",
    "Al2O3_wt",
    "P2O5_tot_wt"
  ],
  "selected_models": [],
  "stacking_used": false,
  "stacked_model": true,
  "number_of_models": 1,
  "final_estimator": "rf",
  "final_estimator_params": {
    "rf_n_estimators": 131,
    "rf_max_depth": 2
  },
  "model_params": {
    "rf": {
      "rf_n_estimators": 131,
      "rf_max_depth": 2
    }
  },
  "feature_names": [
    "K2O_wt",
    "Fe2O3T_wt",
    "SiO2_wt",
    "Al2O3_wt",
    "P2O5_tot_wt"
  ],
  "use_random_split": true,
  "use_feature_selection": false,
  "model_name": "RF",
  "error_mean": -0.3093688545224451,
  "error_sdev": 2.5305566118443448,
  "uncertainty_median": 10.661413975827863,
  "uncertainty_mad": 4.914098931664108,
  "uncertainty_measure": 46.092375202816626,
  "feature_importance": {
    "K2O_wt": 0.055222211263820827,
    "Fe2O3T_wt": 0.012315165840101883,
    "SiO2_wt": 0.4065625805351915,
    "Al2O3_wt": 0.04514328653065437,
    "P2O5_tot_wt": 0.4743444822549504
  },
  "run": 3
}