{
  "y_test": [
    0.29,
    1.44,
    0.12,
    0.07,
    6.5,
    2.4,
    8.9,
    8.0,
    29.4,
    1.9,
    6.2,
    0.09,
    0.24,
    0.14,
    31.8,
    6.2,
    0.04,
    0.18,
    0.02,
    0.04,
    0.04,
    0.04,
    0.05,
    25.6,
    0.74,
    34.0,
    5.7,
    1.44,
    2.4,
    0.19,
    0.37,
    6.7,
    0.14,
    0.36,
    1.3,
    10.4,
    0.41,
    2.6,
    7.4,
    0.24,
    0.31,
    0.14,
    4.2,
    0.19,
    6.0
  ],
  "y_pred": [
    1.262077109235678,
    -0.09894498564658788,
    -0.49163965308484064,
    -0.1662522309856787,
    14.126901518496455,
    2.4234620649754195,
    5.394336835952389,
    7.737271634707197,
    26.143434558606373,
    4.571693742155132,
    2.177299478021025,
    4.014995738837458,
    0.23337048297245916,
    0.937271415371006,
    12.54193688158419,
    12.453779468465578,
    0.33277023187432947,
    0.9547591623234464,
    0.9774320969990153,
    1.4851947472775127,
    0.16474117375495284,
    -0.5221876514768145,
    5.939618835843483,
    10.411973560499671,
    0.9813574396945786,
    11.01682039070562,
    4.3930784748931355,
    1.3223419145016795,
    1.1339767608794755,
    0.9962424267951118,
    0.6544634308534523,
    14.705854280600196,
    2.2109260185557265,
    -0.2291442263909414,
    2.641236000154949,
    6.451968455293677,
    1.1016021862224061,
    1.5502483624169994,
    12.179903889550959,
    1.2385673104244947,
    1.9849749425103678,
    0.7593222323735969,
    10.032787413340007,
    0.556828197504581,
    4.4095684616830315
  ],
  "selected_features": [
    "K2O_wt",
    "SiO2_wt",
    "P2O5_tot_wt"
  ],
  "selected_models": [],
  "stacking_used": false,
  "stacked_model": true,
  "number_of_models": 1,
  "final_estimator": "ann",
  "final_estimator_params": {
    "ann_hidden": 35,
    "ann_alpha": 1.8347501643264934e-05
  },
  "model_params": {
    "ann": {
      "ann_hidden": 35,
      "ann_alpha": 1.8347501643264934e-05
    }
  },
  "use_random_split": true,
  "use_feature_selection": true,
  "model_name": "ANN-FS",
  "error_mean": 0.4851506537928456,
  "error_sdev": 5.793357471758849,
  "uncertainty_median": 13.866533221628245,
  "uncertainty_mad": 5.897791345440837,
  "uncertainty_measure": 42.53255843531093,
  "feature_importance": {
    "K2O_wt": 0.06569383593077824,
    "Fe2O3T_wt": 0.20091854709300055,
    "SiO2_wt": 0.5206323294839096
  }
}