{
  "y_test": [
    1.53,
    4.2,
    8.7,
    0.24,
    0.04,
    0.35,
    3.4,
    1.3,
    0.56,
    1.8,
    8.0,
    0.22,
    6.7,
    0.18,
    0.4,
    2.4,
    0.51,
    1.47,
    0.52,
    1.2,
    7.4,
    0.43,
    10.1,
    0.25,
    5.4,
    0.11,
    6.5,
    2.7,
    25.0,
    11.7,
    2.6,
    2.4,
    0.31,
    0.15,
    25.8,
    1.3,
    1.44,
    0.47,
    0.05,
    0.17,
    0.14,
    6.1,
    0.15,
    0.57,
    1.44
  ],
  "y_pred": [
    1.0555654752777408,
    4.48189656632592,
    3.256553353439405,
    0.4726229418751103,
    0.37736527227290306,
    4.998257773101632,
    3.515339380753619,
    0.7821387203517124,
    0.17138540090230586,
    1.6380536258428582,
    3.6560250199718793,
    0.45131468276941994,
    4.16647785752833,
    0.15853681667989014,
    0.9515474166012343,
    1.564177770297113,
    0.2179755434495874,
    0.5585298804949255,
    0.5381012546612689,
    0.5905917923077851,
    3.263535045127395,
    0.11055374766192937,
    3.0781943309543247,
    0.2263861245068972,
    1.7672124652833299,
    0.186466637031759,
    3.208020014409729,
    0.9443982539497867,
    26.86510113579759,
    4.759275288688907,
    5.0830311192474245,
    1.8895844365189187,
    9.7343013203937,
    1.487515212550609,
    26.178159738138252,
    2.1167509605479364,
    3.205472959260789,
    0.42068521724523533,
    0.1655370335537315,
    0.41658743176908697,
    1.514581336001065,
    3.954145592798268,
    0.9208237975890441,
    0.42135468198171955,
    0.18148416168302456
  ],
  "selected_features": [
    "K2O_wt",
    "Fe2O3T_wt",
    "SiO2_wt",
    "Al2O3_wt",
    "P2O5_tot_wt"
  ],
  "selected_models": [],
  "stacking_used": false,
  "stacked_model": true,
  "number_of_models": 1,
  "final_estimator": "knn",
  "final_estimator_params": {
    "knn_n": 6,
    "knn_weights": "distance"
  },
  "model_params": {
    "knn": {
      "knn_n": 6,
      "knn_weights": "distance"
    }
  },
  "use_random_split": true,
  "use_feature_selection": false,
  "model_name": "KNN",
  "error_mean": 0.4599641202756646,
  "error_sdev": 2.719061297228583,
  "uncertainty_median": 3.995533572486547,
  "uncertainty_mad": 7.590228413367699,
  "uncertainty_measure": 189.96782971952504,
  "feature_importance": {
    "K2O_wt": 0.006155887329979212,
    "Fe2O3T_wt": -0.01992034360513279,
    "SiO2_wt": 1.7132695272318474,
    "Al2O3_wt": 0.004177975458628775,
    "P2O5_tot_wt": 0.01030155184779733
  }
}