{
  "y_test": [
    0.57,
    0.04,
    0.19,
    4.2,
    0.19,
    0.34,
    6.3,
    29.4,
    0.04,
    0.73,
    25.0,
    0.02,
    6.7,
    8.9,
    0.1,
    0.56,
    0.14,
    0.4,
    0.41,
    0.14,
    31.8,
    0.23,
    0.19,
    34.0,
    1.9,
    0.52,
    0.36,
    1.3,
    10.4,
    0.87,
    2.6,
    0.24,
    0.44,
    0.09,
    0.13,
    0.68,
    5.1,
    0.04,
    3.4,
    1.18,
    0.18,
    25.8,
    0.17,
    6.1,
    0.25
  ],
  "y_pred": [
    0.7459096760019235,
    0.9997233578080056,
    -0.1347427379494719,
    2.914367587115176,
    0.3975203777391956,
    1.5286202732582992,
    5.7154563387462005,
    13.590520540982348,
    1.0395702040915746,
    1.2503626372859997,
    6.0539683705500265,
    1.3746708627584776,
    6.046683693744003,
    4.006235597187963,
    0.8989338960449336,
    0.7042554411095239,
    0.07002057025647312,
    0.29837070315695025,
    1.3574994900645603,
    1.3665411842628408,
    4.598104479694137,
    0.8863314989520983,
    0.9667318975593382,
    3.8168962229358145,
    2.274543606378492,
    0.7765314318352341,
    0.9634984922348759,
    1.5707896208407348,
    3.150525330123269,
    1.4452975706039952,
    2.65772513707242,
    0.8914616239294044,
    0.5092326043581825,
    1.4008960035802092,
    0.9418006555941048,
    1.7294236503307676,
    2.982962680462243,
    0.5180827012306133,
    2.73144340702437,
    1.7795929784400126,
    0.12596062556199294,
    19.400472907842286,
    0.7823006899131073,
    3.0265270858088797,
    0.9315431172813831
  ],
  "selected_features": [
    "K2O_wt",
    "SiO2_wt",
    "Al2O3_wt",
    "P2O5_tot_wt"
  ],
  "selected_models": [],
  "stacking_used": false,
  "stacked_model": true,
  "number_of_models": 1,
  "final_estimator": "svr",
  "final_estimator_params": {
    "svr_C": 1.0685764993708482,
    "svr_epsilon": 0.45592494684480694
  },
  "model_params": {
    "svr": {
      "svr_C": 1.0685764993708482,
      "svr_epsilon": 0.45592494684480694
    }
  },
  "feature_names": [
    "K2O_wt",
    "Fe2O3T_wt",
    "SiO2_wt",
    "Al2O3_wt",
    "P2O5_tot_wt"
  ],
  "use_random_split": true,
  "use_feature_selection": true,
  "model_name": "SVR-FS",
  "error_mean": 2.2501519092488227,
  "error_sdev": 7.042582831070419,
  "uncertainty_median": 10.243163855655546,
  "uncertainty_mad": 4.3829111900799385,
  "uncertainty_measure": 42.78864667053048,
  "feature_importance": {
    "K2O_wt": 0.0029459699375260517,
    "Fe2O3T_wt": 0.09365161855641063,
    "SiO2_wt": -0.03219201547972797,
    "Al2O3_wt": 0.45112441002700615
  },
  "run": 5
}