{
  "y_test": [
    0.52,
    2.7,
    0.47,
    7.0,
    1.3,
    1.53,
    0.25,
    4.2,
    6.7,
    1.9,
    0.21,
    0.25,
    0.22,
    0.19,
    1.0,
    0.27,
    0.17,
    6.9,
    8.7,
    1.4,
    0.36,
    1.44,
    0.14,
    24.5,
    0.19,
    0.19,
    6.0,
    4.2,
    1.47,
    0.03,
    6.2,
    1.18,
    0.57,
    0.29,
    6.2,
    3.4,
    1.9,
    0.04,
    1.3,
    0.23,
    5.1,
    0.84,
    1.2,
    6.5,
    0.09
  ],
  "y_pred": [
    1.3781981127470235,
    -0.32225245114174456,
    0.37169582633520953,
    13.65349157830802,
    2.7495826656337172,
    -5.06818006168437,
    -1.3166366223190518,
    9.409441504185144,
    7.750868626924229,
    -2.2027726286535954,
    1.4741078632512719,
    -0.25684771439289833,
    0.5126781762763751,
    0.0806089279452831,
    0.6370585585315743,
    2.8848663102148993,
    -0.50186617473605,
    7.750868626924229,
    17.576735686953565,
    2.7495826656337172,
    1.499650448587865,
    0.9350220944541512,
    1.4741078632512719,
    24.851891601429344,
    1.4741078632512719,
    0.0007663065574834947,
    9.409441504185144,
    25.120151967577122,
    0.4901131314663914,
    -0.4717559994527017,
    10.004719624219824,
    0.5344544564292438,
    0.08504307927460061,
    1.4741078632512719,
    5.837497087479806,
    -0.1507663446636776,
    0.836211126189295,
    1.4741078632512719,
    -0.5972564957397928,
    0.18520530180303738,
    9.409441504185144,
    0.2571082385216856,
    0.53623799839979,
    17.576735686953565,
    1.4741078632512719
  ],
  "selected_features": [
    "SiO2_wt",
    "Al2O3_wt",
    "P2O5_tot_wt"
  ],
  "selected_models": [],
  "stacking_used": false,
  "stacked_model": true,
  "number_of_models": 1,
  "final_estimator": "lgbm",
  "final_estimator_params": {
    "lgbm_num_leaves": 15,
    "lgbm_lr": 0.2824290132457875,
    "lgbm_n_estimators": 287
  },
  "model_params": {
    "lgbm": {
      "lgbm_num_leaves": 15,
      "lgbm_lr": 0.2824290132457875,
      "lgbm_n_estimators": 287
    }
  },
  "use_random_split": true,
  "use_feature_selection": true,
  "model_name": "LGBM-FS",
  "error_mean": -1.1909262469122275,
  "error_sdev": 4.290208516417618,
  "uncertainty_median": 8.917707612189366,
  "uncertainty_mad": 5.221110224556164,
  "uncertainty_measure": 58.547672245046186,
  "feature_importance": {
    "K2O_wt": -0.19690587881991117,
    "Fe2O3T_wt": 0.9136179541498574,
    "SiO2_wt": 1.2711777331117728
  }
}