{
  "y_test": [
    0.27,
    22.1,
    0.41,
    6.2,
    1.47,
    1.0,
    0.04,
    0.14,
    6.1,
    2.4,
    0.09,
    0.02,
    1.9,
    5.4,
    0.19,
    1.3,
    0.17,
    6.9,
    2.4,
    0.05,
    0.4,
    0.15,
    0.17,
    0.4,
    0.73,
    0.21,
    0.15,
    0.04,
    10.4,
    0.87,
    0.07,
    0.9,
    3.8,
    0.18,
    0.34,
    1.8,
    0.56,
    25.0,
    25.6,
    0.14,
    0.14,
    0.04,
    1.3,
    0.14,
    0.21
  ],
  "y_pred": [
    1.187691047230592,
    23.24992583261873,
    4.5477748020526025,
    5.946222559527272,
    1.157216635041461,
    3.7090110078415583,
    0.493727054131097,
    1.110220242747372,
    4.416746454322244,
    1.255111777038224,
    0.7328127586115989,
    1.7083397627599741,
    4.177979553724868,
    5.306692838220061,
    -0.7930353859178665,
    4.4078196974695745,
    0.10987905220829929,
    0.40713507163464274,
    6.488414718031984,
    31.750456262451003,
    0.4927509315445891,
    2.8375818977857503,
    0.6608410616988338,
    0.1575251580730641,
    0.3734415923271983,
    -0.19041900940919632,
    1.1999716051045475,
    0.11435499149180074,
    11.02350923850379,
    2.479358320951345,
    3.8181539459313063,
    5.570635637925023,
    4.897242925280889,
    0.6238457991296109,
    0.7048537272108635,
    0.6871162261469128,
    1.1120683637161526,
    16.20936248976514,
    12.8074172033382,
    3.4617090882196275,
    0.4712947475391486,
    1.4079594043293673,
    1.1384837260444802,
    11.82294405465732,
    1.026102576613092
  ],
  "selected_features": [
    "K2O_wt",
    "Fe2O3T_wt",
    "SiO2_wt",
    "Al2O3_wt",
    "P2O5_tot_wt"
  ],
  "selected_models": [],
  "stacking_used": false,
  "stacked_model": true,
  "number_of_models": 1,
  "final_estimator": "ann",
  "final_estimator_params": {
    "ann_hidden": 17,
    "ann_alpha": 1.6149737300573182e-05
  },
  "model_params": {
    "ann": {
      "ann_hidden": 17,
      "ann_alpha": 1.6149737300573182e-05
    }
  },
  "use_random_split": true,
  "use_feature_selection": false,
  "model_name": "ANN",
  "error_mean": -1.19973883212587,
  "error_sdev": 5.823459059237473,
  "uncertainty_median": 24.260428231433295,
  "uncertainty_mad": 9.741668681828019,
  "uncertainty_measure": 40.15456194300032,
  "feature_importance": {
    "K2O_wt": 0.02264165982441779,
    "Fe2O3T_wt": 0.23892963545931895,
    "SiO2_wt": 0.23964349313744307,
    "Al2O3_wt": 0.3154082807807617,
    "P2O5_tot_wt": 0.2948043030715404
  }
}