{
  "y_test": [
    0.04,
    2.4,
    0.29,
    0.29,
    0.42,
    1.4,
    0.1,
    6.6,
    0.36,
    0.07,
    0.04,
    0.31,
    4.5,
    38.0,
    2.6,
    0.52,
    3.8,
    0.27,
    6.2,
    11.7,
    0.16,
    0.14,
    1.44,
    0.4,
    0.04,
    2.4,
    5.1,
    0.21,
    0.05,
    0.07,
    1.47,
    0.09,
    0.56,
    25.6,
    0.44,
    0.57,
    0.37,
    6.0,
    0.19,
    10.1,
    0.17,
    6.2,
    1.5,
    5.4,
    6.7
  ],
  "y_pred": [
    0.8095170086586357,
    2.5491470005222343,
    0.5552480391382391,
    2.05450585746014,
    4.360348040261365,
    3.3007001582909856,
    1.845620388493654,
    13.092441853877258,
    -2.2712235921507995,
    -1.2305782745867004,
    1.3417000898697296,
    -4.614491376154673,
    8.07338330177745,
    15.715193495247895,
    3.604953825500432,
    1.1606842307095384,
    8.07338330177745,
    0.4357882984815007,
    5.896269202105024,
    9.269237312847638,
    1.7090268014792862,
    -0.49411046272014725,
    0.5552480391382391,
    -1.2431030997611792,
    0.5552480391382391,
    2.0601143051728887,
    7.787737893880725,
    0.5552480391382391,
    5.746600305326403,
    1.5445915656743527,
    2.0342969366365242,
    1.2979003226765207,
    1.2535334978668904,
    26.000617634858944,
    0.38994336673557417,
    1.4172214208404847,
    0.6731402528498067,
    8.07338330177745,
    0.6260969015803509,
    23.741507360987388,
    0.912360549639467,
    7.934720239534165,
    2.4554957388428122,
    4.315127775422006,
    5.819735289655802
  ],
  "selected_features": [
    "K2O_wt",
    "SiO2_wt",
    "Al2O3_wt",
    "P2O5_tot_wt"
  ],
  "selected_models": [],
  "stacking_used": false,
  "stacked_model": true,
  "number_of_models": 1,
  "final_estimator": "lgbm",
  "final_estimator_params": {
    "lgbm_num_leaves": 90,
    "lgbm_lr": 0.21690724141441606,
    "lgbm_n_estimators": 295
  },
  "model_params": {
    "lgbm": {
      "lgbm_num_leaves": 90,
      "lgbm_lr": 0.21690724141441606,
      "lgbm_n_estimators": 295
    }
  },
  "use_random_split": true,
  "use_feature_selection": true,
  "model_name": "LGBM-FS",
  "error_mean": -0.543633559522183,
  "error_sdev": 4.4552298242517825,
  "uncertainty_median": 10.729685540325235,
  "uncertainty_mad": 5.979216583613717,
  "uncertainty_measure": 55.72592562141833,
  "feature_importance": {
    "K2O_wt": 0.26444068169961815,
    "Fe2O3T_wt": 0.06323797304624809,
    "SiO2_wt": 0.029894806421093725,
    "Al2O3_wt": 1.0517866884848395
  }
}