{
  "y_test": [
    1.2,
    0.46,
    0.23,
    34.0,
    3.4,
    6.9,
    0.34,
    22.1,
    0.4,
    0.68,
    0.73,
    0.21,
    0.17,
    0.1,
    0.04,
    0.04,
    0.47,
    1.4,
    0.15,
    8.7,
    0.35,
    2.4,
    0.19,
    1.5,
    5.1,
    3.8,
    0.09,
    0.14,
    1.3,
    0.04,
    10.1,
    29.4,
    8.0,
    0.43,
    0.36,
    0.04,
    0.14,
    0.4,
    1.18,
    0.05,
    4.5,
    6.1,
    1.3,
    1.9,
    0.19
  ],
  "y_pred": [
    1.077040433883667,
    0.6374689936637878,
    0.28435224294662476,
    30.365930557250977,
    2.516869306564331,
    0.9736496210098267,
    0.332610547542572,
    25.91181755065918,
    0.373182088136673,
    0.46085435152053833,
    0.6156538128852844,
    0.4237792193889618,
    0.8725879788398743,
    0.219085231423378,
    0.3166717290878296,
    0.5377646684646606,
    0.3015984892845154,
    1.6820588111877441,
    0.29927071928977966,
    8.087254524230957,
    0.2115788459777832,
    1.860256552696228,
    0.3967772126197815,
    0.7125047445297241,
    5.431690216064453,
    5.339901447296143,
    3.0594642162323,
    0.1246284693479538,
    1.432527780532837,
    0.24096471071243286,
    15.755779266357422,
    19.3504638671875,
    6.323851108551025,
    0.20624147355556488,
    0.1983719915151596,
    0.25953465700149536,
    2.1727206707000732,
    0.18260858952999115,
    0.5429206490516663,
    0.17172686755657196,
    6.252285480499268,
    4.953911781311035,
    1.7547931671142578,
    1.9512120485305786,
    0.4805370569229126
  ],
  "selected_features": [
    "K2O_wt",
    "Fe2O3T_wt",
    "SiO2_wt",
    "Al2O3_wt",
    "P2O5_tot_wt"
  ],
  "selected_models": [],
  "stacking_used": false,
  "stacked_model": true,
  "number_of_models": 1,
  "final_estimator": "xgb",
  "final_estimator_params": {
    "xgb_n_estimators": 215,
    "xgb_lr": 0.02147197725723849,
    "xgb_max_depth": 7,
    "xgb_subsample": 0.6081837641169625,
    "xgb_colsample": 0.8145177136975689
  },
  "model_params": {
    "xgb": {
      "xgb_n_estimators": 215,
      "xgb_lr": 0.02147197725723849,
      "xgb_max_depth": 7,
      "xgb_subsample": 0.6081837641169625,
      "xgb_colsample": 0.8145177136975689
    }
  },
  "use_random_split": true,
  "use_feature_selection": false,
  "model_name": "XGB",
  "error_mean": 0.11251658336321509,
  "error_sdev": 2.2466463376544663,
  "uncertainty_median": 13.346343994140625,
  "uncertainty_mad": 5.627645015716553,
  "uncertainty_measure": 42.166191866381,
  "feature_importance": {
    "K2O_wt": 0.09148298233011459,
    "Fe2O3T_wt": 0.07780614221292265,
    "SiO2_wt": 0.3954398834978683,
    "Al2O3_wt": 0.008883383506564558,
    "P2O5_tot_wt": 0.7751669365041889
  }
}