{
  "y_test": [
    0.03,
    1.3,
    0.23,
    0.04,
    1.9,
    0.36,
    2.4,
    1.18,
    0.37,
    0.41,
    38.0,
    0.02,
    11.7,
    2.4,
    0.35,
    25.8,
    0.07,
    0.1,
    0.52,
    6.9,
    24.5,
    0.14,
    0.27,
    0.4,
    0.29,
    8.0,
    2.7,
    0.68,
    0.25,
    0.12,
    0.14,
    3.4,
    1.44,
    1.8,
    1.5,
    1.4,
    0.37,
    0.34,
    0.57,
    1.3,
    8.7,
    6.7,
    29.4,
    0.14,
    0.43
  ],
  "y_pred": [
    -0.3552561651294689,
    4.260108386023682,
    0.3793378623303295,
    0.28194023915952393,
    2.9783120783108714,
    -0.22008103020315406,
    1.909159429395955,
    0.5216007170513778,
    -0.3239404193940282,
    2.2934547687587594,
    4.462162437686732,
    -0.15422414036925935,
    7.699331458380955,
    -0.41442050475344405,
    3.715573301608936,
    23.10905501952345,
    0.5778001887108754,
    0.26778421982147027,
    -1.5952785492021722,
    4.798419980619386,
    20.840618049931805,
    4.318606715639457,
    2.7864855729018254,
    2.864653417777098,
    0.45716082166170235,
    2.7722411657122725,
    0.8772175658439682,
    0.5313608051462825,
    1.0876489371204956,
    1.9234367826197198,
    -0.38030490239763715,
    4.8900281992085395,
    0.5582850414917343,
    0.5373329089786428,
    -1.210699879549587,
    3.8104918849724774,
    0.06624077802357597,
    1.7709900569741803,
    -0.7698747332593,
    4.125046056515798,
    7.3568836285993235,
    3.33324348254191,
    13.86433348705176,
    2.8099892869946794,
    1.601283646477671
  ],
  "selected_features": [
    "SiO2_wt",
    "Al2O3_wt"
  ],
  "selected_models": [],
  "stacking_used": false,
  "stacked_model": true,
  "number_of_models": 1,
  "final_estimator": "ann",
  "final_estimator_params": {
    "ann_hidden": 91,
    "ann_alpha": 0.0001833671182296616
  },
  "model_params": {
    "ann": {
      "ann_hidden": 91,
      "ann_alpha": 0.0001833671182296616
    }
  },
  "use_random_split": true,
  "use_feature_selection": true,
  "model_name": "ANN-FS",
  "error_mean": 1.2010324876597964,
  "error_sdev": 5.834108335274247,
  "uncertainty_median": 7.025129665900691,
  "uncertainty_mad": 5.985253714592195,
  "uncertainty_measure": 85.1977685713624,
  "feature_importance": {
    "K2O_wt": 0.716406228935275,
    "Fe2O3T_wt": 0.16131551818796003
  }
}