{
  "y_test": [
    0.09,
    4.2,
    1.3,
    7.4,
    0.15,
    6.9,
    1.9,
    0.1,
    38.0,
    11.7,
    0.03,
    6.6,
    5.7,
    0.44,
    0.17,
    6.7,
    0.84,
    6.3,
    0.22,
    1.3,
    0.14,
    0.25,
    0.12,
    0.05,
    0.14,
    0.04,
    0.4,
    0.04,
    0.12,
    5.4,
    0.11,
    2.4,
    8.9,
    6.1,
    0.09,
    1.4,
    1.53,
    0.68,
    0.18,
    3.4,
    1.8,
    0.15,
    6.2,
    2.6,
    0.12
  ],
  "y_pred": [
    8.481683609657734,
    16.854063920222845,
    1.133320893461592,
    11.126686744314881,
    2.5289850977363453,
    6.168515716699811,
    1.4373741636755581,
    0.40260966270410325,
    8.232375019455432,
    8.307694899085556,
    -0.6362335041519342,
    12.598708439755335,
    5.576157658012518,
    1.1971788562149956,
    -3.3052701347677167,
    6.168515716699811,
    -0.4482393518058934,
    13.462166868126934,
    0.3999811680771069,
    1.8900954878536929,
    0.9382310389496358,
    1.4717506203991173,
    0.9382310389496358,
    0.9382310389496358,
    -3.4533703682760923,
    0.9382310389496358,
    0.6895058333188528,
    0.9382310389496358,
    7.7192784714188525,
    6.249788815866962,
    0.9382310389496358,
    -0.8336556172429906,
    7.268542685430336,
    6.028621836529832,
    0.07370656862923639,
    1.8900954878536929,
    1.068028181189659,
    0.5871271235739426,
    -0.7759951081737883,
    -0.16265126897154142,
    8.936639787240562,
    0.2759950760978807,
    7.268542685430336,
    2.012147137706972,
    -1.044991099473468
  ],
  "selected_features": [
    "SiO2_wt",
    "Al2O3_wt",
    "P2O5_tot_wt"
  ],
  "selected_models": [],
  "stacking_used": false,
  "stacked_model": true,
  "number_of_models": 1,
  "final_estimator": "lgbm",
  "final_estimator_params": {
    "lgbm_num_leaves": 77,
    "lgbm_lr": 0.2998107615216495,
    "lgbm_n_estimators": 264
  },
  "model_params": {
    "lgbm": {
      "lgbm_num_leaves": 77,
      "lgbm_lr": 0.2998107615216495,
      "lgbm_n_estimators": 264
    }
  },
  "use_random_split": true,
  "use_feature_selection": true,
  "model_name": "LGBM-FS",
  "error_mean": -0.22388586696166388,
  "error_sdev": 5.655606173699617,
  "uncertainty_median": 7.411694436278206,
  "uncertainty_mad": 4.058357454257764,
  "uncertainty_measure": 54.75613557937872,
  "feature_importance": {
    "K2O_wt": 0.1210577948123812,
    "Fe2O3T_wt": 0.3657802977931764,
    "SiO2_wt": 0.9863061272899291
  }
}