{
  "y_test": [
    25.0,
    0.87,
    11.7,
    1.3,
    1.47,
    6.0,
    0.14,
    1.2,
    0.15,
    0.41,
    0.04,
    0.74,
    0.09,
    0.15,
    0.04,
    0.62,
    34.0,
    0.4,
    0.19,
    0.05,
    1.18,
    6.2,
    5.1,
    0.23,
    0.47,
    6.5,
    1.5,
    0.37,
    0.25,
    0.73,
    0.15,
    0.17,
    0.44,
    2.4,
    2.4,
    1.3,
    22.1,
    6.7,
    0.09,
    0.36,
    0.32,
    0.34,
    0.44,
    4.2,
    0.31
  ],
  "y_pred": [
    23.183055877685547,
    1.4601292610168457,
    11.445449829101562,
    0.864338219165802,
    0.5372436046600342,
    4.770782470703125,
    0.12245939671993256,
    0.6282333135604858,
    0.6098558902740479,
    0.5517670512199402,
    0.07250980287790298,
    0.419965922832489,
    0.26092880964279175,
    0.2794732451438904,
    0.35012564063072205,
    0.37885186076164246,
    29.944026947021484,
    0.4742165803909302,
    0.15497298538684845,
    14.5648193359375,
    0.7767280340194702,
    4.383403778076172,
    3.925656795501709,
    0.3643195629119873,
    0.11894294619560242,
    8.513720512390137,
    1.0593353509902954,
    8.239649772644043,
    0.07647991180419922,
    0.33351513743400574,
    4.414222240447998,
    0.4518221318721771,
    0.2940244972705841,
    1.755821943283081,
    3.380868434906006,
    1.4040606021881104,
    24.74036407470703,
    6.984704971313477,
    0.39375558495521545,
    0.1950499564409256,
    0.3400215804576874,
    0.24934495985507965,
    0.09049610793590546,
    8.985457420349121,
    4.940234184265137
  ],
  "selected_features": [
    "K2O_wt",
    "Fe2O3T_wt",
    "SiO2_wt",
    "Al2O3_wt",
    "P2O5_tot_wt"
  ],
  "selected_models": [],
  "stacking_used": false,
  "stacked_model": true,
  "number_of_models": 1,
  "final_estimator": "xgb",
  "final_estimator_params": {
    "xgb_n_estimators": 265,
    "xgb_lr": 0.21151509772714763,
    "xgb_max_depth": 5,
    "xgb_subsample": 0.8624828663408691,
    "xgb_colsample": 0.6435985105764449
  },
  "model_params": {
    "xgb": {
      "xgb_n_estimators": 265,
      "xgb_lr": 0.21151509772714763,
      "xgb_max_depth": 5,
      "xgb_subsample": 0.8624828663408691,
      "xgb_colsample": 0.6435985105764449
    }
  },
  "use_random_split": true,
  "use_feature_selection": false,
  "model_name": "XGB",
  "error_mean": -0.6372268119321929,
  "error_sdev": 2.8551326758976177,
  "uncertainty_median": 11.487866401672363,
  "uncertainty_mad": 6.580664157867432,
  "uncertainty_measure": 57.28360626573305,
  "feature_importance": {
    "K2O_wt": 0.020337252155760814,
    "Fe2O3T_wt": 0.08909815514253985,
    "SiO2_wt": 0.5823820986451973,
    "Al2O3_wt": 0.028555376392858465,
    "P2O5_tot_wt": 0.6771104172062821
  }
}