{
  "y_test": [
    8.7,
    1.3,
    0.52,
    0.57,
    1.4,
    0.1,
    0.23,
    0.51,
    0.19,
    0.44,
    0.27,
    0.41,
    0.09,
    0.34,
    0.35,
    0.46,
    0.14,
    0.4,
    0.14,
    0.07,
    0.21,
    0.43,
    1.53,
    0.42,
    2.7,
    0.68,
    8.0,
    10.4,
    0.04,
    2.4,
    2.4,
    0.15,
    0.19,
    0.47,
    0.24,
    5.1,
    0.04,
    0.37,
    0.18,
    2.4,
    5.4,
    7.4,
    0.14,
    4.5,
    0.13
  ],
  "y_pred": [
    7.419956303332719,
    2.0336863321151886,
    0.6266683164619699,
    0.5906892177410671,
    2.50021580334274,
    0.6636797054239116,
    0.6609297868881683,
    0.6057493046242161,
    0.5660314751961972,
    0.6093583472846671,
    1.082278434649946,
    1.3013451526426043,
    0.6122687160693066,
    1.2335036904452013,
    1.5948940817390844,
    0.8506540502724936,
    1.3999051694787372,
    0.5247632408379888,
    0.9483391662959868,
    0.5613470362375985,
    1.228667778164174,
    0.4947700263460432,
    1.4652941023867028,
    2.53748323087913,
    2.677424669522413,
    1.227925901356611,
    5.9340341626391995,
    8.018901999892204,
    1.3435502126142311,
    1.3214440457792902,
    2.745398835484155,
    1.628054164036596,
    0.5859997888233475,
    0.6652908391999488,
    0.863640730972567,
    4.626362682207436,
    0.5087274854596021,
    3.027194842613385,
    0.49061431939429856,
    2.74341085285056,
    4.971521139319702,
    6.979843969094036,
    0.6741026640359151,
    6.074967337867127,
    0.7601555384987413
  ],
  "selected_features": [
    "K2O_wt",
    "Fe2O3T_wt",
    "SiO2_wt",
    "Al2O3_wt",
    "P2O5_tot_wt"
  ],
  "selected_models": [],
  "stacking_used": false,
  "stacked_model": true,
  "number_of_models": 1,
  "final_estimator": "et",
  "final_estimator_params": {
    "et_n_estimators": 298,
    "et_max_depth": 4,
    "et_min_samples_split": 3,
    "et_min_samples_leaf": 1,
    "et_bootstrap": false
  },
  "model_params": {
    "et": {
      "et_n_estimators": 298,
      "et_max_depth": 4,
      "et_min_samples_split": 3,
      "et_min_samples_leaf": 1,
      "et_bootstrap": false
    }
  },
  "use_random_split": true,
  "use_feature_selection": true,
  "model_name": "ET-FS",
  "error_mean": -0.3873565477892713,
  "error_sdev": 0.9147299093862191,
  "uncertainty_median": 5.961743735793453,
  "uncertainty_mad": 1.4759861931537441,
  "uncertainty_measure": 24.757625596889294,
  "feature_importance": {
    "K2O_wt": 0.0030633111882830966,
    "Fe2O3T_wt": -0.003488881268301226,
    "SiO2_wt": 0.22046832615042852,
    "Al2O3_wt": 0.010077612292822115,
    "P2O5_tot_wt": 1.1070881433123017
  }
}