{
  "y_test": [
    0.03,
    1.3,
    0.23,
    0.04,
    1.9,
    0.36,
    2.4,
    1.18,
    0.37,
    0.41,
    38.0,
    0.02,
    11.7,
    2.4,
    0.35,
    25.8,
    0.07,
    0.1,
    0.52,
    6.9,
    24.5,
    0.14,
    0.27,
    0.4,
    0.29,
    8.0,
    2.7,
    0.68,
    0.25,
    0.12,
    0.14,
    3.4,
    1.44,
    1.8,
    1.5,
    1.4,
    0.37,
    0.34,
    0.57,
    1.3,
    8.7,
    6.7,
    29.4,
    0.14,
    0.43
  ],
  "y_pred": [
    0.670343502572532,
    5.558417975239863,
    1.6157718083468708,
    -0.056768349235962745,
    4.172921165232843,
    1.0427512859644636,
    3.033766185474054,
    1.698900101151061,
    0.9583346148017462,
    3.3873966211228606,
    5.444021242023087,
    1.1115078291964196,
    8.684745051835254,
    0.8537115246120344,
    4.679058484066648,
    20.697221687575592,
    1.50539558516288,
    1.5070171172279743,
    -0.24132111873613837,
    4.275767158028071,
    17.443392197943652,
    5.303679710206463,
    3.852136346611335,
    3.9367677395682996,
    -0.7904922688087623,
    4.137158272969465,
    2.048250854336363,
    1.7058305454039875,
    2.2702176501939704,
    3.059496214686611,
    -0.6664032386532348,
    6.119295407266904,
    -1.132068467782105,
    1.7330488499583154,
    0.11431588952283178,
    5.106976437945427,
    1.3008807680519467,
    2.917436884719489,
    0.5394350714674232,
    5.45335064044718,
    8.149634711048257,
    4.175290517375057,
    14.190821389455202,
    3.898280080443115,
    0.23411787240240045
  ],
  "selected_features": [
    "SiO2_wt",
    "Al2O3_wt"
  ],
  "selected_models": [],
  "stacking_used": false,
  "stacked_model": true,
  "number_of_models": 1,
  "final_estimator": "svr",
  "final_estimator_params": {
    "svr_C": 8.937345652295985,
    "svr_epsilon": 0.011026843513907559
  },
  "model_params": {
    "svr": {
      "svr_C": 8.937345652295985,
      "svr_epsilon": 0.011026843513907559
    }
  },
  "use_random_split": true,
  "use_feature_selection": true,
  "model_name": "SVR-FS",
  "error_mean": 0.5191153433679612,
  "error_sdev": 6.015222000814828,
  "uncertainty_median": 7.050065731014191,
  "uncertainty_mad": 5.497547007763927,
  "uncertainty_measure": 77.97866314323107,
  "feature_importance": {
    "K2O_wt": 0.7197339561303244,
    "Fe2O3T_wt": 0.09382208290793854
  }
}