{
  "y_test": [
    0.19,
    0.04,
    1.44,
    5.4,
    0.12,
    0.35,
    0.47,
    0.19,
    10.4,
    6.7,
    0.16,
    0.04,
    0.25,
    0.27,
    34.0,
    0.04,
    2.4,
    0.04,
    6.9,
    0.21,
    4.2,
    0.34,
    0.43,
    6.3,
    6.2,
    3.4,
    4.5,
    0.12,
    1.4,
    31.8,
    0.62,
    1.0,
    0.07,
    0.57,
    0.68,
    2.6,
    0.07,
    0.18,
    1.5,
    0.15,
    0.04,
    0.04,
    0.17,
    0.15,
    0.05
  ],
  "y_pred": [
    0.37620020165320767,
    4.627824169530354,
    0.4164282930733342,
    6.006550266592106,
    0.2039222546477116,
    0.6621045487466413,
    0.3219050224080571,
    0.4345113285714856,
    12.44429509379509,
    8.62117411225659,
    0.3969642150233453,
    0.2265593217029304,
    0.2667125390471315,
    2.1406414476130977,
    23.39915120274918,
    0.23844377143416154,
    1.9550017067186725,
    0.4542327368016649,
    7.0922088583428895,
    0.17588133430098596,
    6.051776143426225,
    0.8306208086667919,
    0.21879693470915776,
    6.431521764032079,
    6.600099398063913,
    3.934156743353223,
    7.524379675060704,
    3.72031916673588,
    1.444032671262659,
    23.290766323024084,
    0.48372903711617,
    1.0347432350738897,
    0.2056664510562519,
    0.32485233627959104,
    0.6969177710222854,
    2.0304309430322176,
    0.8906779901675682,
    0.24228732365328848,
    1.9042005266643087,
    0.4063463219907217,
    0.23536053753141592,
    0.34492772119423293,
    0.48256440316535737,
    0.40394789796656894,
    14.796056093581873
  ],
  "selected_features": [
    "K2O_wt",
    "Fe2O3T_wt",
    "SiO2_wt",
    "Al2O3_wt",
    "P2O5_tot_wt"
  ],
  "selected_models": [],
  "stacking_used": false,
  "stacked_model": true,
  "number_of_models": 1,
  "final_estimator": "et",
  "final_estimator_params": {
    "et_n_estimators": 291,
    "et_max_depth": 10,
    "et_min_samples_split": 6,
    "et_min_samples_leaf": 1,
    "et_bootstrap": false
  },
  "model_params": {
    "et": {
      "et_n_estimators": 291,
      "et_max_depth": 10,
      "et_min_samples_split": 6,
      "et_min_samples_leaf": 1,
      "et_bootstrap": false
    }
  },
  "use_random_split": true,
  "use_feature_selection": false,
  "model_name": "ET",
  "error_mean": -0.4177753476186465,
  "error_sdev": 3.22236624575853,
  "uncertainty_median": 10.677244826355963,
  "uncertainty_mad": 4.8010315675124895,
  "uncertainty_measure": 44.965078965516554,
  "feature_importance": {
    "K2O_wt": 0.052502808804408045,
    "Fe2O3T_wt": -0.031095814161024762,
    "SiO2_wt": 0.5461892856086256,
    "Al2O3_wt": 0.05460022840376251,
    "P2O5_tot_wt": 0.38721348619035856
  }
}