{
  "y_test": [
    0.09,
    0.14,
    25.6,
    6.6,
    0.04,
    0.24,
    0.22,
    0.07,
    0.4,
    22.1,
    0.31,
    1.3,
    6.7,
    0.32,
    0.09,
    0.02,
    0.17,
    10.4,
    0.04,
    0.16,
    1.18,
    6.0,
    6.1,
    6.5,
    0.14,
    0.17,
    5.4,
    0.15,
    0.36,
    25.8,
    0.07,
    0.37,
    0.16,
    0.12,
    10.1,
    7.4,
    0.25,
    2.4,
    1.2,
    6.2,
    0.1,
    1.53,
    0.52,
    11.7,
    1.9
  ],
  "y_pred": [
    0.7075934410095215,
    0.5677550435066223,
    27.84244155883789,
    5.506420135498047,
    0.644726037979126,
    0.09938408434391022,
    0.7314975261688232,
    0.4082799255847931,
    0.41232600808143616,
    31.511917114257812,
    0.4597773551940918,
    1.5782091617584229,
    6.514072895050049,
    0.4426251947879791,
    2.5105035305023193,
    3.593278646469116,
    1.2675690650939941,
    4.758252143859863,
    1.3537410497665405,
    0.4340003728866577,
    0.43470829725265503,
    5.0343403816223145,
    4.77686882019043,
    9.18893051147461,
    0.7970118522644043,
    1.4927113056182861,
    4.708316326141357,
    1.6228644847869873,
    0.1368558257818222,
    30.755979537963867,
    0.18193268775939941,
    0.6107468605041504,
    0.3309018313884735,
    0.4611067771911621,
    17.35974884033203,
    4.482169151306152,
    0.2081719934940338,
    3.233267068862915,
    0.2948586940765381,
    11.589083671569824,
    0.630212664604187,
    0.33556419610977173,
    0.24200350046157837,
    5.0351386070251465,
    3.602050304412842
  ],
  "selected_features": [
    "K2O_wt",
    "SiO2_wt",
    "P2O5_tot_wt"
  ],
  "selected_models": [],
  "stacking_used": false,
  "stacked_model": true,
  "number_of_models": 1,
  "final_estimator": "xgb",
  "final_estimator_params": {
    "xgb_n_estimators": 281,
    "xgb_lr": 0.027754382792109605,
    "xgb_max_depth": 5,
    "xgb_subsample": 0.6267217497076593,
    "xgb_colsample": 0.9074761883052197
  },
  "model_params": {
    "xgb": {
      "xgb_n_estimators": 281,
      "xgb_lr": 0.027754382792109605,
      "xgb_max_depth": 5,
      "xgb_subsample": 0.6267217497076593,
      "xgb_colsample": 0.9074761883052197
    }
  },
  "use_random_split": true,
  "use_feature_selection": true,
  "model_name": "XGB-FS",
  "error_mean": -0.6235536551740433,
  "error_sdev": 2.6682164757078537,
  "uncertainty_median": 11.219030380249023,
  "uncertainty_mad": 6.91323709487915,
  "uncertainty_measure": 61.62062906122285,
  "feature_importance": {
    "K2O_wt": 0.08115412057330829,
    "Fe2O3T_wt": 0.6420731560239075,
    "SiO2_wt": 0.602316450049744
  }
}