{
  "y_test": [
    7.0,
    0.25,
    8.0,
    0.05,
    1.53,
    0.44,
    4.2,
    38.0,
    1.2,
    0.36,
    0.4,
    0.04,
    5.1,
    6.7,
    0.12,
    1.4,
    0.68,
    0.09,
    0.37,
    0.04,
    2.6,
    6.7,
    0.19,
    25.6,
    6.2,
    0.14,
    0.36,
    0.02,
    0.21,
    29.4,
    1.8,
    0.14,
    0.32,
    0.05,
    0.12,
    0.15,
    1.3,
    6.9,
    0.12,
    0.15,
    0.17,
    5.4,
    0.19,
    2.4,
    5.7
  ],
  "y_pred": [
    6.441901408450714,
    0.2005412938426744,
    6.264436619718327,
    9.251852503912371,
    0.5381335451109643,
    0.25064385874613876,
    3.9154225352112637,
    4.737112676056346,
    0.7660534736194967,
    0.373740790503253,
    0.4419323351962489,
    0.19467416395830944,
    4.3793661971830895,
    7.505985915492965,
    1.0107286274627836,
    1.4079626242302354,
    0.5679580778129714,
    3.6847417840375494,
    0.28387451100611805,
    0.2167934184823083,
    1.9510352112676037,
    6.721830985915514,
    0.4558174804408582,
    28.67000000000005,
    6.847183098591558,
    0.2966132854843423,
    0.24344184194992954,
    1.9012059859154888,
    0.4524802981899907,
    17.652464788732384,
    5.599049295774664,
    0.2834303290137501,
    0.5062254763963894,
    0.2694678068410464,
    0.2230818022708079,
    0.3075504961062085,
    1.0802699530516429,
    1.2899902063898558,
    0.26663080384220617,
    0.46179840004941963,
    0.4109988203645677,
    4.220140845070427,
    0.3468632810145307,
    1.2202749832327302,
    6.085211267605648
  ],
  "selected_features": [
    "K2O_wt",
    "SiO2_wt",
    "Al2O3_wt",
    "P2O5_tot_wt"
  ],
  "selected_models": [],
  "stacking_used": false,
  "stacked_model": true,
  "number_of_models": 1,
  "final_estimator": "et",
  "final_estimator_params": {
    "et_n_estimators": 284,
    "et_max_depth": 12,
    "et_min_samples_split": 2,
    "et_min_samples_leaf": 1,
    "et_bootstrap": true
  },
  "model_params": {
    "et": {
      "et_n_estimators": 284,
      "et_max_depth": 12,
      "et_min_samples_split": 2,
      "et_min_samples_leaf": 1,
      "et_bootstrap": true
    }
  },
  "use_random_split": true,
  "use_feature_selection": true,
  "model_name": "ET-FS",
  "error_mean": 0.7134019310323166,
  "error_sdev": 5.61849679203686,
  "uncertainty_median": 9.170563380281681,
  "uncertainty_mad": 4.332462367205546,
  "uncertainty_measure": 47.24314295151265,
  "feature_importance": {
    "K2O_wt": -0.008721204971336062,
    "Fe2O3T_wt": 0.2596819883719653,
    "SiO2_wt": 0.01143949589153548,
    "Al2O3_wt": 0.2791429046554925
  }
}