{
  "y_test": [
    0.03,
    1.3,
    0.23,
    0.04,
    1.9,
    0.36,
    2.4,
    1.18,
    0.37,
    0.41,
    38.0,
    0.02,
    11.7,
    2.4,
    0.35,
    25.8,
    0.07,
    0.1,
    0.52,
    6.9,
    24.5,
    0.14,
    0.27,
    0.4,
    0.29,
    8.0,
    2.7,
    0.68,
    0.25,
    0.12,
    0.14,
    3.4,
    1.44,
    1.8,
    1.5,
    1.4,
    0.37,
    0.34,
    0.57,
    1.3,
    8.7,
    6.7,
    29.4,
    0.14,
    0.43
  ],
  "y_pred": [
    0.27359992265701294,
    1.9422847032546997,
    0.1906847059726715,
    0.15152326226234436,
    1.1178268194198608,
    0.32560935616493225,
    1.973030924797058,
    0.3295955955982208,
    0.2563144862651825,
    0.410992830991745,
    4.69273567199707,
    4.429330825805664,
    8.020387649536133,
    0.4811970293521881,
    0.18461667001247406,
    22.52701187133789,
    0.06021803244948387,
    0.683931291103363,
    0.1904284507036209,
    6.625555515289307,
    24.717838287353516,
    0.7610607743263245,
    0.27999427914619446,
    0.14267446100711823,
    0.032095979899168015,
    5.925695896148682,
    1.830519676208496,
    0.34159526228904724,
    0.7405967712402344,
    0.493680477142334,
    0.22985835373401642,
    3.0870819091796875,
    -0.09296762943267822,
    6.842005729675293,
    2.3312666416168213,
    1.4723814725875854,
    0.5094972252845764,
    0.22403305768966675,
    0.18249455094337463,
    1.3365806341171265,
    6.474277973175049,
    6.189414024353027,
    21.993532180786133,
    0.5701642036437988,
    0.44186609983444214
  ],
  "selected_features": [
    "K2O_wt",
    "Fe2O3T_wt",
    "SiO2_wt",
    "P2O5_tot_wt"
  ],
  "selected_models": [],
  "stacking_used": false,
  "stacked_model": true,
  "number_of_models": 1,
  "final_estimator": "xgb",
  "final_estimator_params": {
    "xgb_n_estimators": 64,
    "xgb_lr": 0.09334115631608011,
    "xgb_max_depth": 5,
    "xgb_subsample": 0.6291640291926047,
    "xgb_colsample": 0.8091891990929674
  },
  "model_params": {
    "xgb": {
      "xgb_n_estimators": 64,
      "xgb_lr": 0.09334115631608011,
      "xgb_max_depth": 5,
      "xgb_subsample": 0.6291640291926047,
      "xgb_colsample": 0.8091891990929674
    }
  },
  "use_random_split": true,
  "use_feature_selection": true,
  "model_name": "XGB-FS",
  "error_mean": 1.0474641354017789,
  "error_sdev": 5.233371561542364,
  "uncertainty_median": 7.449531555175781,
  "uncertainty_mad": 4.94487190246582,
  "uncertainty_measure": 66.37829326369153,
  "feature_importance": {
    "K2O_wt": -0.009575858278039633,
    "Fe2O3T_wt": 0.0026640249947249128,
    "SiO2_wt": 0.6281841773605995,
    "Al2O3_wt": 0.20446432253213107
  }
}