{
  "y_test": [
    0.05,
    0.23,
    0.04,
    2.4,
    1.47,
    31.8,
    0.14,
    0.74,
    0.29,
    0.19,
    0.17,
    2.6,
    1.4,
    2.4,
    0.56,
    0.02,
    1.3,
    0.62,
    1.4,
    4.2,
    0.52,
    0.1,
    5.1,
    6.5,
    22.1,
    0.84,
    0.27,
    25.6,
    0.68,
    10.4,
    0.44,
    0.25,
    8.0,
    2.4,
    0.29,
    0.15,
    0.18,
    0.17,
    0.09,
    29.4,
    1.8,
    0.27,
    0.9,
    6.9,
    0.04
  ],
  "y_pred": [
    0.3653052747249603,
    0.3364676237106323,
    0.17406822741031647,
    1.8992106914520264,
    0.939647912979126,
    34.43244552612305,
    0.06942734122276306,
    0.5967203378677368,
    2.1967029571533203,
    0.3480864465236664,
    0.20360806584358215,
    0.7497808337211609,
    1.6216011047363281,
    1.9475212097167969,
    0.23063522577285767,
    1.542022943496704,
    1.4681998491287231,
    0.44868913292884827,
    1.2701367139816284,
    5.536462306976318,
    -0.016179943457245827,
    0.2755639851093292,
    4.7468109130859375,
    8.790765762329102,
    25.1860408782959,
    1.626184344291687,
    1.0731583833694458,
    23.257450103759766,
    0.8539408445358276,
    10.579276084899902,
    0.1740662306547165,
    0.17341983318328857,
    6.712164878845215,
    1.0771397352218628,
    0.058463744819164276,
    0.6051459908485413,
    -0.07623476535081863,
    0.3733999729156494,
    0.4708573818206787,
    15.523183822631836,
    15.128464698791504,
    0.06909526884555817,
    1.5607552528381348,
    2.012047052383423,
    0.18805596232414246
  ],
  "selected_features": [
    "K2O_wt",
    "Fe2O3T_wt",
    "SiO2_wt",
    "Al2O3_wt",
    "P2O5_tot_wt"
  ],
  "selected_models": [],
  "stacking_used": false,
  "stacked_model": true,
  "number_of_models": 1,
  "final_estimator": "xgb",
  "final_estimator_params": {
    "xgb_n_estimators": 126,
    "xgb_lr": 0.20579839789534962,
    "xgb_max_depth": 8,
    "xgb_subsample": 0.6790281663930636,
    "xgb_colsample": 0.7693556613454715
  },
  "model_params": {
    "xgb": {
      "xgb_n_estimators": 126,
      "xgb_lr": 0.20579839789534962,
      "xgb_max_depth": 8,
      "xgb_subsample": 0.6790281663930636,
      "xgb_colsample": 0.7693556613454715
    }
  },
  "use_random_split": true,
  "use_feature_selection": false,
  "model_name": "XGB",
  "error_mean": -0.03088391427695745,
  "error_sdev": 3.161659080571361,
  "uncertainty_median": 14.542346000671387,
  "uncertainty_mad": 5.404679298400879,
  "uncertainty_measure": 37.165112823964975,
  "feature_importance": {
    "K2O_wt": 0.14886485483060885,
    "Fe2O3T_wt": 0.060100201513928066,
    "SiO2_wt": 0.13518176944851976,
    "Al2O3_wt": 0.03517619445656591,
    "P2O5_tot_wt": 1.0942547375685938
  }
}