{
  "y_test": [
    0.09,
    1.18,
    0.25,
    0.34,
    10.4,
    0.37,
    1.5,
    0.09,
    22.1,
    1.3,
    0.1,
    1.2,
    0.4,
    0.19,
    5.1,
    0.44,
    25.8,
    5.7,
    0.05,
    1.3,
    6.1,
    0.18,
    1.3,
    2.7,
    0.18,
    6.5,
    0.25,
    0.29,
    0.14,
    0.15,
    1.3,
    3.8,
    2.4,
    2.4,
    0.27,
    0.1,
    2.6,
    1.4,
    0.09,
    0.11,
    0.13,
    0.27,
    0.16,
    4.2,
    0.37
  ],
  "y_pred": [
    1.3431877712221076,
    1.2972781820626362,
    0.08708779346563272,
    0.06523410039191344,
    9.126604995571594,
    0.8468107980224636,
    3.103467961104376,
    1.8667549538127854,
    22.407278106681034,
    1.5912125098117706,
    0.7780338174396785,
    0.8425668232959801,
    0.7629671032372086,
    0.7629671032372086,
    6.798450271864938,
    0.2831513071649711,
    18.293968217127407,
    6.798450271864938,
    0.2612976140912518,
    0.8425668232959801,
    6.798450271864938,
    0.08708779346563272,
    1.5912125098117706,
    1.69691312172923,
    0.7629671032372086,
    18.293968217127407,
    0.7780338174396785,
    0.39929128558828475,
    1.158676795699168,
    0.784820796310928,
    1.5912125098117706,
    6.798450271864938,
    1.69691312172923,
    3.103467961104376,
    -0.5919972486648262,
    0.7966572341365065,
    0.7780338174396785,
    1.5912125098117706,
    0.7629671032372086,
    0.7629671032372086,
    0.08708779346563272,
    3.103467961104376,
    0.7629671032372086,
    -0.4666403188129193,
    0.7966572341365065
  ],
  "selected_features": [
    "K2O_wt",
    "P2O5_tot_wt"
  ],
  "selected_models": [],
  "stacking_used": false,
  "stacked_model": true,
  "number_of_models": 1,
  "final_estimator": "lgbm",
  "final_estimator_params": {
    "lgbm_num_leaves": 72,
    "lgbm_lr": 0.06671619516924707,
    "lgbm_n_estimators": 152
  },
  "model_params": {
    "lgbm": {
      "lgbm_num_leaves": 72,
      "lgbm_lr": 0.06671619516924707,
      "lgbm_n_estimators": 152
    }
  },
  "use_random_split": true,
  "use_feature_selection": true,
  "model_name": "LGBM-FS",
  "error_mean": -0.3732040531973063,
  "error_sdev": 2.4006200540548317,
  "uncertainty_median": 9.126604995571594,
  "uncertainty_mad": 6.383801893709025,
  "uncertainty_measure": 69.94716980527338,
  "feature_importance": {
    "K2O_wt": 0.6236008440404864,
    "Fe2O3T_wt": 1.7922614975672044
  }
}