{
  "y_test": [
    0.03,
    1.3,
    0.23,
    0.04,
    1.9,
    0.36,
    2.4,
    1.18,
    0.37,
    0.41,
    38.0,
    0.02,
    11.7,
    2.4,
    0.35,
    25.8,
    0.07,
    0.1,
    0.52,
    6.9,
    24.5,
    0.14,
    0.27,
    0.4,
    0.29,
    8.0,
    2.7,
    0.68,
    0.25,
    0.12,
    0.14,
    3.4,
    1.44,
    1.8,
    1.5,
    1.4,
    0.37,
    0.34,
    0.57,
    1.3,
    8.7,
    6.7,
    29.4,
    0.14,
    0.43
  ],
  "y_pred": [
    0.17188106069321352,
    2.2977246906690514,
    -0.4207716558956385,
    0.06648395502673932,
    4.424032772130447,
    0.12331836894190662,
    0.6560712173469425,
    0.15724242737938443,
    0.38125703884734996,
    -0.8972588369904444,
    1.1401955114365294,
    -0.09505180404985225,
    3.4145498228287066,
    -0.19935271943006727,
    0.4379325500490423,
    10.914516997507054,
    0.27147977032273074,
    -0.5305402464420039,
    1.0915838800729838,
    6.440977996943736,
    24.924948919769708,
    -0.4734483048377367,
    0.333030763814528,
    -0.3454197918055666,
    0.029315670479235667,
    4.803786215556711,
    1.1199446583220483,
    -0.03300872758264273,
    -0.05328026866883295,
    0.49796286846787297,
    0.08932434170914538,
    4.235672001352148,
    0.0935984537585508,
    3.611139072622305,
    0.8998854020189038,
    1.6483296901689524,
    1.0915769487158333,
    -0.3275069290126611,
    0.6762456097677236,
    1.9635793816737923,
    7.794292419252775,
    5.395413268825388,
    19.35190510670456,
    -0.3183934534539432,
    0.2271476108759538
  ],
  "selected_features": [
    "K2O_wt",
    "Fe2O3T_wt",
    "SiO2_wt",
    "Al2O3_wt",
    "P2O5_tot_wt"
  ],
  "selected_models": [],
  "stacking_used": false,
  "stacked_model": true,
  "number_of_models": 1,
  "final_estimator": "gpr",
  "final_estimator_params": {
    "gpr_nu": 2.5,
    "gpr_const": 9.939111932112272,
    "gpr_length_scale": 3.53294201467542,
    "gpr_alpha": 0.009999701145091945
  },
  "model_params": {
    "gpr": {
      "gpr_nu": 2.5,
      "gpr_const": 9.939111932112272,
      "gpr_length_scale": 3.53294201467542,
      "gpr_alpha": 0.009999701145091945
    }
  },
  "use_random_split": true,
  "use_feature_selection": false,
  "model_name": "GPR",
  "error_mean": 1.8217263616470538,
  "error_sdev": 6.118076927799783,
  "uncertainty_median": 7.642159600032065,
  "uncertainty_mad": 5.258293164864037,
  "uncertainty_measure": 68.80637725548122,
  "feature_importance": {
    "K2O_wt": 0.006976742869691929,
    "Fe2O3T_wt": -0.04096551361379271,
    "SiO2_wt": 0.5668040923995331,
    "Al2O3_wt": 0.03882521788701285,
    "P2O5_tot_wt": 0.10456985349798092
  }
}