{
  "y_test": [
    0.23,
    0.22,
    0.4,
    6.9,
    8.9,
    0.4,
    0.62,
    0.15,
    7.4,
    0.02,
    0.04,
    0.12,
    0.14,
    10.4,
    0.04,
    1.3,
    0.42,
    6.5,
    1.53,
    0.14,
    1.3,
    0.14,
    25.6,
    0.1,
    0.51,
    0.32,
    4.2,
    0.16,
    0.4,
    6.2,
    0.73,
    11.7,
    0.11,
    6.3,
    2.4,
    0.21,
    0.14,
    2.7,
    1.5,
    6.1,
    0.04,
    10.1,
    24.5,
    0.09,
    0.87
  ],
  "y_pred": [
    0.24065696649029972,
    0.5881481481481481,
    0.137283950617284,
    6.6537037037037,
    7.890740740740738,
    0.502777777777778,
    0.6696296296296297,
    0.5526543209876542,
    6.811111111111111,
    3.9774074074074104,
    0.5005335097001764,
    1.830740740740741,
    0.3099779541446208,
    6.673518518518518,
    3.4038888888888916,
    1.1037037037037036,
    0.30262345679012337,
    13.762962962962966,
    0.29707671957671955,
    0.15333333333333335,
    1.3807407407407402,
    0.26414462081128737,
    23.5211111111111,
    0.4107921810699587,
    0.4196296296296296,
    0.2824588477366255,
    5.094444444444445,
    7.273703703703702,
    0.2307407407407407,
    6.790740740740739,
    0.7725925925925927,
    8.282777777777778,
    6.723888888888888,
    6.807407407407411,
    2.737037037037039,
    0.1783333333333332,
    1.88216049382716,
    2.481481481481484,
    3.8114403292181094,
    5.048148148148147,
    0.19370370370370374,
    18.894444444444453,
    22.99888888888888,
    0.7529629629629633,
    1.6525617283950622
  ],
  "selected_features": [
    "K2O_wt",
    "Fe2O3T_wt",
    "Al2O3_wt",
    "P2O5_tot_wt"
  ],
  "selected_models": [],
  "stacking_used": false,
  "stacked_model": true,
  "number_of_models": 1,
  "final_estimator": "rf",
  "final_estimator_params": {
    "rf_n_estimators": 54,
    "rf_max_depth": 14
  },
  "model_params": {
    "rf": {
      "rf_n_estimators": 54,
      "rf_max_depth": 14
    }
  },
  "feature_names": [
    "K2O_wt",
    "Fe2O3T_wt",
    "SiO2_wt",
    "Al2O3_wt",
    "P2O5_tot_wt"
  ],
  "use_random_split": true,
  "use_feature_selection": true,
  "model_name": "RF-FS",
  "error_mean": -0.7324179894179892,
  "error_sdev": 2.5147331918536513,
  "uncertainty_median": 8.320370370370371,
  "uncertainty_mad": 6.927860990463944,
  "uncertainty_measure": 83.26385343535564,
  "feature_importance": {
    "K2O_wt": 0.33868342402864643,
    "Fe2O3T_wt": 0.12276201884174139,
    "SiO2_wt": 0.4472728129920317,
    "Al2O3_wt": 1.576866114196554
  },
  "run": 4
}