{
  "y_test": [
    11.7,
    0.31,
    0.36,
    0.25,
    25.6,
    2.4,
    0.19,
    0.41,
    0.11,
    0.14,
    0.29,
    0.37,
    0.05,
    1.3,
    0.16,
    0.12,
    0.15,
    0.35,
    0.19,
    0.34,
    0.13,
    1.44,
    1.44,
    0.4,
    34.0,
    0.52,
    4.5,
    1.3,
    6.9,
    0.02,
    1.2,
    1.9,
    4.2,
    6.1,
    0.12,
    8.0,
    0.74,
    6.3,
    0.17,
    0.4,
    0.27,
    0.04,
    1.4,
    24.5,
    0.27
  ],
  "y_pred": [
    4.008948848695364,
    1.3384684774254387,
    0.8162273643813639,
    1.768756967808251,
    7.892176445887354,
    2.107383492948494,
    0.9183952665794838,
    2.6692872285792117,
    1.044552923755271,
    2.3104323140322713,
    -0.5387490482173917,
    0.9372588712990133,
    -0.023949557478545047,
    2.615531892339045,
    0.8937557864029232,
    2.740811459676633,
    1.1423803484898447,
    1.8349235209553616,
    -0.20213762706736946,
    1.89632296704605,
    1.4066485531323019,
    2.0845204944866684,
    0.364980899016575,
    1.187189292848711,
    4.405759848945931,
    1.3346934066080431,
    4.859270207110746,
    2.4604272534159244,
    1.369346281648245,
    2.1628571840272817,
    1.1744219567959258,
    1.8793586020531623,
    6.870319434941301,
    3.3364073955314275,
    4.08601354974243,
    5.240427958146063,
    1.251828892060672,
    7.814273102966093,
    1.474816707290541,
    0.29533803525692914,
    1.3535136538727068,
    1.5458856438055473,
    2.881266953971164,
    7.151101256703954,
    2.3389928297216946
  ],
  "selected_features": [
    "K2O_wt",
    "Fe2O3T_wt",
    "SiO2_wt",
    "Al2O3_wt",
    "P2O5_tot_wt"
  ],
  "selected_models": [],
  "stacking_used": false,
  "stacked_model": true,
  "number_of_models": 1,
  "final_estimator": "ann",
  "final_estimator_params": {
    "ann_hidden": 5,
    "ann_alpha": 0.02492389562646456
  },
  "model_params": {
    "ann": {
      "ann_hidden": 5,
      "ann_alpha": 0.02492389562646456
    }
  },
  "use_random_split": true,
  "use_feature_selection": false,
  "model_name": "ANN",
  "error_mean": 0.98999028138582,
  "error_sdev": 6.08584860010133,
  "uncertainty_median": 4.812509081930237,
  "uncertainty_mad": 1.9680288175205134,
  "uncertainty_measure": 40.8940281257851,
  "feature_importance": {
    "K2O_wt": -0.03311535598885994,
    "Fe2O3T_wt": 0.03292836537918535,
    "SiO2_wt": 0.10134936528547966,
    "Al2O3_wt": 0.12153467327645352,
    "P2O5_tot_wt": 0.14403773184340746
  }
}