{
  "y_test": [
    0.09,
    1.18,
    0.25,
    0.34,
    10.4,
    0.37,
    1.5,
    0.09,
    22.1,
    1.3,
    0.1,
    1.2,
    0.4,
    0.19,
    5.1,
    0.44,
    25.8,
    5.7,
    0.05,
    1.3,
    6.1,
    0.18,
    1.3,
    2.7,
    0.18,
    6.5,
    0.25,
    0.29,
    0.14,
    0.15,
    1.3,
    3.8,
    2.4,
    2.4,
    0.27,
    0.1,
    2.6,
    1.4,
    0.09,
    0.11,
    0.13,
    0.27,
    0.16,
    4.2,
    0.37
  ],
  "y_pred": [
    3.612296650717698,
    0.6311056765536429,
    0.3086175507574223,
    0.2765949100088615,
    10.685071770334936,
    0.46040937829810197,
    2.0295998395197468,
    0.6693081530031806,
    28.522009569378,
    1.5868867623604455,
    0.425715745777093,
    0.4690931598203608,
    0.20777038021448682,
    0.7471820906019986,
    5.289234449760763,
    0.2937610680065394,
    27.83827751196172,
    6.3655502392344525,
    0.25251527822209907,
    0.8097179078563648,
    4.2641148325358955,
    0.3429749836449554,
    1.8145901116427399,
    3.018307814992018,
    0.17407599915206032,
    8.750837320574172,
    0.5058358509407536,
    0.28510294971811007,
    0.40402705829741253,
    0.3981965252143722,
    1.7106666666666637,
    5.341866028708132,
    2.216140350877185,
    1.820457779825056,
    0.2210320872769267,
    0.37812999862255925,
    1.817751196172253,
    1.8029154704944146,
    0.42876184779159204,
    0.3092931191615404,
    0.2727540388823006,
    1.9879728867623552,
    0.2904064518082384,
    3.590406698564583,
    0.3833511160531477
  ],
  "selected_features": [
    "K2O_wt",
    "Fe2O3T_wt",
    "SiO2_wt",
    "P2O5_tot_wt"
  ],
  "selected_models": [],
  "stacking_used": false,
  "stacked_model": true,
  "number_of_models": 1,
  "final_estimator": "et",
  "final_estimator_params": {
    "et_n_estimators": 209,
    "et_max_depth": 12,
    "et_min_samples_split": 2,
    "et_min_samples_leaf": 1,
    "et_bootstrap": false
  },
  "model_params": {
    "et": {
      "et_n_estimators": 209,
      "et_max_depth": 12,
      "et_min_samples_split": 2,
      "et_min_samples_leaf": 1,
      "et_bootstrap": false
    }
  },
  "use_random_split": true,
  "use_feature_selection": true,
  "model_name": "ET-FS",
  "error_mean": -0.41601527281705225,
  "error_sdev": 1.2540125454821063,
  "uncertainty_median": 14.349736842105258,
  "uncertainty_mad": 6.03938097853257,
  "uncertainty_measure": 42.0870504106508,
  "feature_importance": {
    "K2O_wt": 0.15877238266830987,
    "Fe2O3T_wt": 0.07290625889626456,
    "SiO2_wt": 0.8653866595943959,
    "Al2O3_wt": 0.7862278796025681
  }
}