{
  "y_test": [
    0.05,
    0.23,
    0.04,
    2.4,
    1.47,
    31.8,
    0.14,
    0.74,
    0.29,
    0.19,
    0.17,
    2.6,
    1.4,
    2.4,
    0.56,
    0.02,
    1.3,
    0.62,
    1.4,
    4.2,
    0.52,
    0.1,
    5.1,
    6.5,
    22.1,
    0.84,
    0.27,
    25.6,
    0.68,
    10.4,
    0.44,
    0.25,
    8.0,
    2.4,
    0.29,
    0.15,
    0.18,
    0.17,
    0.09,
    29.4,
    1.8,
    0.27,
    0.9,
    6.9,
    0.04
  ],
  "y_pred": [
    0.32923027873039246,
    0.5168696641921997,
    1.3544857501983643,
    2.591116189956665,
    0.9648802876472473,
    33.65468215942383,
    0.2467721849679947,
    0.5794072151184082,
    1.5183149576187134,
    0.46921786665916443,
    0.16854578256607056,
    0.7688136100769043,
    1.866541862487793,
    2.9844918251037598,
    0.12671275436878204,
    4.2808637619018555,
    1.505402684211731,
    0.4554656445980072,
    1.490158200263977,
    6.035567760467529,
    0.05821511521935463,
    0.23481342196464539,
    5.080197334289551,
    8.912714004516602,
    23.282316207885742,
    0.6805891394615173,
    1.5178484916687012,
    24.415809631347656,
    0.47386354207992554,
    9.150177001953125,
    0.1128210797905922,
    0.26463332772254944,
    5.541416168212891,
    1.117463231086731,
    0.026540976017713547,
    0.2407618910074234,
    -0.012362509034574032,
    0.14648577570915222,
    0.0762530118227005,
    10.889237403869629,
    20.893571853637695,
    0.08380120992660522,
    0.8140327334403992,
    1.2454911470413208,
    0.23555198311805725
  ],
  "selected_features": [
    "K2O_wt",
    "Fe2O3T_wt",
    "Al2O3_wt",
    "P2O5_tot_wt"
  ],
  "selected_models": [],
  "stacking_used": false,
  "stacked_model": true,
  "number_of_models": 1,
  "final_estimator": "xgb",
  "final_estimator_params": {
    "xgb_n_estimators": 245,
    "xgb_lr": 0.1156375236598623,
    "xgb_max_depth": 3,
    "xgb_subsample": 0.7415688268576178,
    "xgb_colsample": 0.7929442826529184
  },
  "model_params": {
    "xgb": {
      "xgb_n_estimators": 245,
      "xgb_lr": 0.1156375236598623,
      "xgb_max_depth": 3,
      "xgb_subsample": 0.7415688268576178,
      "xgb_colsample": 0.7929442826529184
    }
  },
  "use_random_split": true,
  "use_feature_selection": true,
  "model_name": "XGB-FS",
  "error_mean": -0.043995191429224215,
  "error_sdev": 4.242848108771958,
  "uncertainty_median": 13.431534767150879,
  "uncertainty_mad": 6.773354530334473,
  "uncertainty_measure": 50.42874584146461,
  "feature_importance": {
    "K2O_wt": 0.1274148709229847,
    "Fe2O3T_wt": 0.13353530596482183,
    "SiO2_wt": 0.1175337783447101,
    "Al2O3_wt": 1.6682856370859955
  }
}