{
  "y_test": [
    0.04,
    2.4,
    0.29,
    0.29,
    0.42,
    1.4,
    0.1,
    6.6,
    0.36,
    0.07,
    0.04,
    0.31,
    4.5,
    38.0,
    2.6,
    0.52,
    3.8,
    0.27,
    6.2,
    11.7,
    0.16,
    0.14,
    1.44,
    0.4,
    0.04,
    2.4,
    5.1,
    0.21,
    0.05,
    0.07,
    1.47,
    0.09,
    0.56,
    25.6,
    0.44,
    0.57,
    0.37,
    6.0,
    0.19,
    10.1,
    0.17,
    6.2,
    1.5,
    5.4,
    6.7
  ],
  "y_pred": [
    0.21505000000000013,
    1.3984000000000005,
    0.13839999999999997,
    1.271300000000003,
    0.4681500000000007,
    1.3086000000000044,
    0.40115,
    6.395499999999999,
    0.20414999999999986,
    0.22745,
    0.43750000000000017,
    0.31809999999999994,
    8.405500000000021,
    4.147700000000001,
    1.1839000000000026,
    0.2022499999999998,
    5.10200000000001,
    0.11529999999999968,
    6.927000000000001,
    6.897500000000012,
    0.21604999999999985,
    0.2567500000000001,
    0.15739999999999996,
    0.31205,
    0.19799999999999987,
    3.106449999999993,
    5.263000000000009,
    0.13655,
    21.609100000000023,
    1.0273500000000018,
    0.801900000000002,
    0.2445000000000001,
    0.3450000000000003,
    28.447500000000037,
    0.21424999999999983,
    0.40874999999999984,
    0.4033500000000003,
    5.263500000000013,
    0.3811500000000008,
    6.648500000000004,
    0.24555,
    4.976200000000005,
    1.7873999999999988,
    4.541500000000006,
    7.062500000000007
  ],
  "selected_features": [
    "K2O_wt",
    "Fe2O3T_wt",
    "SiO2_wt",
    "Al2O3_wt",
    "P2O5_tot_wt"
  ],
  "selected_models": [],
  "stacking_used": false,
  "stacked_model": true,
  "number_of_models": 1,
  "final_estimator": "rf",
  "final_estimator_params": {
    "rf_n_estimators": 200,
    "rf_max_depth": 20
  },
  "model_params": {
    "rf": {
      "rf_n_estimators": 200,
      "rf_max_depth": 20
    }
  },
  "use_random_split": true,
  "use_feature_selection": false,
  "model_name": "RF",
  "error_mean": 0.3435744444444409,
  "error_sdev": 6.174163897762544,
  "uncertainty_median": 8.208500000000004,
  "uncertainty_mad": 6.041875735833335,
  "uncertainty_measure": 73.60511342916892,
  "feature_importance": {
    "K2O_wt": -0.0008154822998596845,
    "Fe2O3T_wt": 0.01677115415403813,
    "SiO2_wt": 0.30353893463013965,
    "Al2O3_wt": 0.0021959229621919605,
    "P2O5_tot_wt": 0.3065315824812702
  }
}