{
  "y_test": [
    8.7,
    6.6,
    0.04,
    0.14,
    1.53,
    0.25,
    0.04,
    0.11,
    0.23,
    6.0,
    0.19,
    4.2,
    1.3,
    7.4,
    0.74,
    0.25,
    4.2,
    1.3,
    0.21,
    2.4,
    0.37,
    0.36,
    1.18,
    38.0,
    1.9,
    0.51,
    6.5,
    0.17,
    5.4,
    0.14,
    0.15,
    0.56,
    22.1,
    0.04,
    0.73,
    0.15,
    0.87,
    2.4,
    0.24,
    0.18,
    0.4,
    1.8,
    0.19,
    2.4,
    0.12
  ],
  "y_pred": [
    16.118768788545605,
    13.292690515526973,
    -0.5681987663979449,
    3.236641988853448,
    2.3396111805363415,
    0.40211039258628684,
    0.8546948835975057,
    1.1244164403010388,
    -0.5756110825151397,
    4.440017804541943,
    -1.0946073182248743,
    4.275516842568588,
    2.692909938905266,
    14.359750022308846,
    1.025302913886542,
    0.8106225167742203,
    4.779717992963283,
    1.7043772729534132,
    -0.600406473470732,
    0.8911021865100786,
    -1.0896039908548933,
    -0.7312809144727022,
    0.9331549904870919,
    4.881062077361767,
    6.399487256425997,
    -0.6400776646640214,
    16.22649416016146,
    -0.7861050326042518,
    5.89745091196346,
    1.5003664995303356,
    0.08603219643300036,
    2.00655554568809,
    26.678748666390398,
    0.2523861618089311,
    -0.22355448872506406,
    2.2159851749717157,
    1.4890845351810151,
    2.4978059084817117,
    -1.4737649305069958,
    0.09266327624471943,
    -0.02133341814623818,
    2.8557924208181205,
    -1.3039573477984951,
    0.9706097549610087,
    3.7567335652674885
  ],
  "selected_features": [
    "SiO2_wt",
    "Al2O3_wt",
    "P2O5_tot_wt"
  ],
  "selected_models": [],
  "stacking_used": false,
  "stacked_model": true,
  "number_of_models": 1,
  "final_estimator": "ann",
  "final_estimator_params": {
    "ann_hidden": 59,
    "ann_alpha": 0.0012872057505865168
  },
  "model_params": {
    "ann": {
      "ann_hidden": 59,
      "ann_alpha": 0.0012872057505865168
    }
  },
  "feature_names": [
    "K2O_wt",
    "Fe2O3T_wt",
    "SiO2_wt",
    "Al2O3_wt",
    "P2O5_tot_wt"
  ],
  "use_random_split": true,
  "use_feature_selection": true,
  "model_name": "ANN-FS",
  "error_mean": -0.20644807455898517,
  "error_sdev": 5.718857238578836,
  "uncertainty_median": 21.460203869061125,
  "uncertainty_mad": 8.806033862058182,
  "uncertainty_measure": 41.03425072654467,
  "feature_importance": {
    "K2O_wt": 0.714970314593649,
    "Fe2O3T_wt": 0.10672819401150085,
    "SiO2_wt": 0.819860186798065
  },
  "run": 2
}