{
  "y_test": [
    0.29,
    1.44,
    0.12,
    0.07,
    6.5,
    2.4,
    8.9,
    8.0,
    29.4,
    1.9,
    6.2,
    0.09,
    0.24,
    0.14,
    31.8,
    6.2,
    0.04,
    0.18,
    0.02,
    0.04,
    0.04,
    0.04,
    0.05,
    25.6,
    0.74,
    34.0,
    5.7,
    1.44,
    2.4,
    0.19,
    0.37,
    6.7,
    0.14,
    0.36,
    1.3,
    10.4,
    0.41,
    2.6,
    7.4,
    0.24,
    0.31,
    0.14,
    4.2,
    0.19,
    6.0
  ],
  "y_pred": [
    -2.024076439942043,
    -1.053970584086695,
    -1.5999077361601657,
    0.7823325188177499,
    8.858737472814337,
    2.248242340410332,
    1.2390451782069931,
    2.6234131254594537,
    15.366091701295879,
    8.451502864626086,
    -0.14540282683220696,
    10.73688189702088,
    -0.6926414389673816,
    3.437835936642582,
    22.99445923929394,
    2.1029832912995197,
    0.028574346211140522,
    2.208080427000553,
    0.41778519102890854,
    2.9999744359643437,
    -0.2526751333687436,
    -0.0898826190959312,
    11.220461153444518,
    20.433182270456104,
    1.0962331224804949,
    24.91324949074398,
    2.749635801365489,
    0.7739106220676355,
    -0.19199221020921797,
    -1.0925275140953268,
    0.39745295401926484,
    2.217190858692014,
    5.32510782331989,
    -0.07176426238575573,
    4.47831603736871,
    10.548462738118758,
    2.6591106847173442,
    3.0450122836004496,
    8.569889167017571,
    3.1217055774929143,
    4.8458614212580535,
    3.054448047233752,
    5.819288388614179,
    -0.26400163336674964,
    5.670440325603941
  ],
  "selected_features": [
    "Fe2O3T_wt",
    "SiO2_wt",
    "Al2O3_wt"
  ],
  "selected_models": [],
  "stacking_used": false,
  "stacked_model": true,
  "number_of_models": 1,
  "final_estimator": "lr",
  "final_estimator_params": {},
  "model_params": {
    "lr": {}
  },
  "use_random_split": true,
  "use_feature_selection": true,
  "model_name": "LR-FS",
  "error_mean": 0.3771987481067213,
  "error_sdev": 4.696295289290462,
  "uncertainty_median": 6.611982858216525,
  "uncertainty_mad": 6.363196005435415,
  "uncertainty_measure": 96.23733366955194,
  "feature_importance": {
    "K2O_wt": 0.01132991378349809,
    "Fe2O3T_wt": 1.008731422198289,
    "SiO2_wt": 0.19866416557330602
  }
}