{
  "y_test": [
    0.36,
    0.14,
    6.9,
    0.18,
    8.7,
    38.0,
    6.5,
    0.04,
    0.1,
    0.09,
    7.4,
    1.44,
    0.14,
    0.19,
    0.15,
    0.03,
    25.8,
    0.07,
    1.47,
    0.09,
    25.0,
    0.09,
    0.14,
    34.0,
    1.4,
    1.3,
    0.14,
    0.37,
    0.56,
    1.2,
    6.6,
    0.34,
    0.44,
    3.4,
    0.04,
    6.7,
    1.9,
    0.36,
    0.87,
    0.31,
    0.51,
    0.19,
    4.2,
    0.07,
    0.14
  ],
  "y_pred": [
    0.32317685560119586,
    0.3208256651250054,
    0.9781096504688406,
    0.31819275956902293,
    7.017439094639771,
    6.582632702296208,
    7.017439094639771,
    0.823844206956658,
    0.3208256651250054,
    0.37730185573487357,
    6.49377901872129,
    0.9802604517692274,
    0.4092893780191212,
    0.37187951163932537,
    0.3360430553109789,
    0.3208256651250054,
    26.2679748822606,
    0.8087502684652701,
    0.5940086542288019,
    0.4344507028637207,
    25.000722135007845,
    0.5688514395400469,
    0.31819275956902293,
    27.906593406593398,
    1.38897303195333,
    0.4756388479436279,
    0.4557863332652395,
    0.3967244394582773,
    0.38759281203132434,
    0.4397340054173469,
    6.638180059754524,
    0.3208256651250054,
    0.3208256651250054,
    3.1618164797260375,
    0.31819275956902293,
    6.1505335312668485,
    3.547417582990827,
    0.31819275956902293,
    0.8139472921463636,
    0.33189748799653795,
    0.3208256651250054,
    0.3280393114075264,
    5.686863823469801,
    0.3208256651250054,
    0.41676011194447643
  ],
  "selected_features": [
    "K2O_wt",
    "Fe2O3T_wt",
    "SiO2_wt",
    "Al2O3_wt",
    "P2O5_tot_wt"
  ],
  "selected_models": [],
  "stacking_used": false,
  "stacked_model": true,
  "number_of_models": 1,
  "final_estimator": "rf",
  "final_estimator_params": {
    "rf_n_estimators": 91,
    "rf_max_depth": 4
  },
  "model_params": {
    "rf": {
      "rf_n_estimators": 91,
      "rf_max_depth": 4
    }
  },
  "use_random_split": true,
  "use_feature_selection": false,
  "model_name": "RF",
  "error_mean": 0.9028666175626631,
  "error_sdev": 4.853766114772326,
  "uncertainty_median": 7.3417420140323815,
  "uncertainty_mad": 5.790628578709752,
  "uncertainty_measure": 78.8726785501593,
  "feature_importance": {
    "K2O_wt": 0.005698985962492854,
    "Fe2O3T_wt": 0.011197154762653145,
    "SiO2_wt": 0.7244301855013172,
    "Al2O3_wt": 0.011690609733815414,
    "P2O5_tot_wt": 0.20840026944130927
  }
}