{
  "y_test": [
    7.0,
    0.25,
    8.0,
    0.05,
    1.53,
    0.44,
    4.2,
    38.0,
    1.2,
    0.36,
    0.4,
    0.04,
    5.1,
    6.7,
    0.12,
    1.4,
    0.68,
    0.09,
    0.37,
    0.04,
    2.6,
    6.7,
    0.19,
    25.6,
    6.2,
    0.14,
    0.36,
    0.02,
    0.21,
    29.4,
    1.8,
    0.14,
    0.32,
    0.05,
    0.12,
    0.15,
    1.3,
    6.9,
    0.12,
    0.15,
    0.17,
    5.4,
    0.19,
    2.4,
    5.7
  ],
  "y_pred": [
    8.349827403810023,
    0.4137332440991493,
    6.715728690423841,
    1.9653526613313692,
    1.039202067791098,
    0.2369223976557036,
    2.3418890241634482,
    2.3814468486265143,
    1.793178973084096,
    0.4320526697062344,
    0.6957723821762272,
    0.160243761128331,
    2.6844225750861463,
    13.025703876642941,
    1.134837434826626,
    1.7122243257560024,
    1.9031910603533484,
    2.276466520211402,
    0.791573209681592,
    0.2577020611629543,
    1.2034644113279727,
    8.07510469177433,
    0.910232898363206,
    20.923669184911343,
    11.036193716941453,
    0.07012775707965374,
    -0.02165299711484353,
    1.0638593784870563,
    0.23859576890453366,
    18.377080525686953,
    2.1843930993032306,
    0.4717416485587627,
    0.9751274404540224,
    9.5219988106688,
    0.3422505963947436,
    0.720038421685147,
    1.3054080088293094,
    1.3763934497832835,
    0.5023092982581032,
    0.4513128235217419,
    -0.12440999907343525,
    2.5180654408513803,
    1.4506685664879961,
    1.4422345195388926,
    3.754020281392215
  ],
  "selected_features": [
    "K2O_wt",
    "Al2O3_wt",
    "P2O5_tot_wt"
  ],
  "selected_models": [],
  "stacking_used": false,
  "stacked_model": true,
  "number_of_models": 1,
  "final_estimator": "ann",
  "final_estimator_params": {
    "ann_hidden": 91,
    "ann_alpha": 1.7371062296877604e-05
  },
  "model_params": {
    "ann": {
      "ann_hidden": 91,
      "ann_alpha": 1.7371062296877604e-05
    }
  },
  "use_random_split": true,
  "use_feature_selection": true,
  "model_name": "ANN-FS",
  "error_mean": 0.7382289126503798,
  "error_sdev": 6.063249964349984,
  "uncertainty_median": 14.395914104495361,
  "uncertainty_mad": 8.221142261635242,
  "uncertainty_measure": 57.10746953587376,
  "feature_importance": {
    "K2O_wt": 0.26907589231901224,
    "Fe2O3T_wt": 0.8030790027133026,
    "SiO2_wt": 0.5343358531270497
  }
}