{
  "y_test": [
    1.44,
    0.73,
    3.4,
    25.0,
    8.0,
    4.2,
    0.24,
    38.0,
    0.12,
    0.17,
    0.37,
    0.74,
    0.9,
    0.19,
    0.16,
    29.4,
    0.11,
    0.07,
    6.1,
    1.4,
    0.57,
    0.1,
    10.4,
    0.05,
    0.25,
    0.09,
    1.8,
    0.47,
    6.2,
    0.14,
    0.15,
    0.44,
    0.43,
    0.09,
    0.36,
    6.0,
    1.3,
    7.4,
    0.17,
    6.7,
    0.14,
    0.37,
    0.87,
    0.03,
    1.2
  ],
  "y_pred": [
    0.7042947453447717,
    -0.06727346771701193,
    5.523161811791734,
    18.483219083609747,
    3.4849373106587116,
    6.063547109076286,
    2.776335874002452,
    5.665363388062875,
    3.7307439236920388,
    0.5092877642384295,
    0.3005232574875194,
    1.2782065963701612,
    2.8559390638662165,
    -2.064115008780078,
    2.1648775975918504,
    15.431365277825076,
    -1.8998452339762792,
    0.6021311629201485,
    6.346414435755275,
    4.260333775690771,
    0.030905801396741595,
    0.5946436221794897,
    9.358104034738002,
    -0.5022999692933858,
    1.2625766198528936,
    0.03583220755641392,
    1.5009990130802535,
    0.8023962845187,
    3.709972451693357,
    -2.953217425425372,
    -0.21217096487457354,
    -0.20829560616529008,
    0.4910515850249979,
    -0.6252906190950505,
    0.41858130717521647,
    5.967027787766238,
    4.460492235117375,
    8.57982068021397,
    1.7117081312332196,
    3.674338195445774,
    -0.16463837076372556,
    0.5544355717025127,
    1.664698209124463,
    -0.06013642439948441,
    1.1417704351501357
  ],
  "selected_features": [
    "K2O_wt",
    "Fe2O3T_wt",
    "SiO2_wt",
    "Al2O3_wt",
    "P2O5_tot_wt"
  ],
  "selected_models": [],
  "stacking_used": false,
  "stacked_model": true,
  "number_of_models": 1,
  "final_estimator": "lr",
  "final_estimator_params": {},
  "model_params": {
    "lr": {}
  },
  "use_random_split": true,
  "use_feature_selection": false,
  "model_name": "LR",
  "error_mean": 1.0906054831008096,
  "error_sdev": 5.535394762722839,
  "uncertainty_median": 4.035818761222513,
  "uncertainty_mad": 6.209884259701724,
  "uncertainty_measure": 153.869254966758,
  "feature_importance": {
    "K2O_wt": 0.004665345269667037,
    "Fe2O3T_wt": 0.014709595341791875,
    "SiO2_wt": 1.0310529773577497,
    "Al2O3_wt": 0.14865795559992295,
    "P2O5_tot_wt": 0.038272560418961446
  }
}