{
  "y_test": [
    0.36,
    0.14,
    6.9,
    0.18,
    8.7,
    38.0,
    6.5,
    0.04,
    0.1,
    0.09,
    7.4,
    1.44,
    0.14,
    0.19,
    0.15,
    0.03,
    25.8,
    0.07,
    1.47,
    0.09,
    25.0,
    0.09,
    0.14,
    34.0,
    1.4,
    1.3,
    0.14,
    0.37,
    0.56,
    1.2,
    6.6,
    0.34,
    0.44,
    3.4,
    0.04,
    6.7,
    1.9,
    0.36,
    0.87,
    0.31,
    0.51,
    0.19,
    4.2,
    0.07,
    0.14
  ],
  "y_pred": [
    0.16518438699529425,
    0.029403309312066916,
    0.7056377795007637,
    -0.14761691310431546,
    6.297627771255651,
    1.4968565550004302,
    6.2758474533360555,
    0.6794726254168351,
    0.1998290340258646,
    0.11600872968868314,
    5.378200176003999,
    0.9579666154172813,
    -0.5177803273727271,
    0.3433913202533781,
    0.31567791655079636,
    -0.07786767621600255,
    20.062062403819155,
    0.4636878024148647,
    0.878339190399743,
    0.4399191827888279,
    5.576489258102498,
    0.782812681658263,
    0.22450781265226105,
    2.614850491723124,
    1.3542096506050387,
    0.9703322857690331,
    0.8167173382966821,
    0.5671527724863019,
    0.3843734905358118,
    0.8009488013478028,
    5.118699759514726,
    0.06209619233290564,
    -0.015807280684212,
    1.6256181853682041,
    -0.17025713769279127,
    4.703311130635495,
    1.6273186343566772,
    -0.35899790106792606,
    0.7426163159200369,
    0.503569067523127,
    0.047863901062608294,
    -0.8140841133390662,
    1.949387142120533,
    -0.22808871554140242,
    0.7116183414795569
  ],
  "selected_features": [
    "K2O_wt",
    "Fe2O3T_wt",
    "SiO2_wt",
    "Al2O3_wt",
    "P2O5_tot_wt"
  ],
  "selected_models": [],
  "stacking_used": false,
  "stacked_model": true,
  "number_of_models": 1,
  "final_estimator": "svr",
  "final_estimator_params": {
    "svr_C": 0.249753419116994,
    "svr_epsilon": 0.002999358478568574
  },
  "model_params": {
    "svr": {
      "svr_C": 0.249753419116994,
      "svr_epsilon": 0.002999358478568574
    }
  },
  "use_random_split": true,
  "use_feature_selection": false,
  "model_name": "SVR",
  "error_mean": 2.5422421013188456,
  "error_sdev": 7.545877503920561,
  "uncertainty_median": 9.805841953866137,
  "uncertainty_mad": 4.499817035761781,
  "uncertainty_measure": 45.88914503142327,
  "feature_importance": {
    "K2O_wt": 0.007129118539969153,
    "Fe2O3T_wt": 0.0040352678158915665,
    "SiO2_wt": 0.03267760109480927,
    "Al2O3_wt": -0.011389329551671969,
    "P2O5_tot_wt": 0.3445311750482756
  }
}