{
  "y_test": [
    8.7,
    6.6,
    0.04,
    0.14,
    1.53,
    0.25,
    0.04,
    0.11,
    0.23,
    6.0,
    0.19,
    4.2,
    1.3,
    7.4,
    0.74,
    0.25,
    4.2,
    1.3,
    0.21,
    2.4,
    0.37,
    0.36,
    1.18,
    38.0,
    1.9,
    0.51,
    6.5,
    0.17,
    5.4,
    0.14,
    0.15,
    0.56,
    22.1,
    0.04,
    0.73,
    0.15,
    0.87,
    2.4,
    0.24,
    0.18,
    0.4,
    1.8,
    0.19,
    2.4,
    0.12
  ],
  "y_pred": [
    8.95394229888916,
    5.959591865539551,
    2.3436648845672607,
    0.36922791600227356,
    0.09500332176685333,
    0.11441269516944885,
    0.3220508396625519,
    0.22728222608566284,
    0.15512213110923767,
    5.075328826904297,
    0.211706280708313,
    3.481139659881592,
    1.3118891716003418,
    6.457573413848877,
    0.5701484084129333,
    0.45417600870132446,
    4.66085147857666,
    0.4933243989944458,
    0.9129148721694946,
    3.050203323364258,
    0.21198523044586182,
    0.2591453492641449,
    0.38950425386428833,
    4.818932056427002,
    5.410472393035889,
    0.19871731102466583,
    9.210689544677734,
    0.3119999170303345,
    3.9800682067871094,
    2.1064538955688477,
    0.24540047347545624,
    0.28869837522506714,
    26.947288513183594,
    0.25052234530448914,
    0.5860099792480469,
    0.7866345047950745,
    1.574655294418335,
    2.6196868419647217,
    0.17909537255764008,
    0.23164676129817963,
    0.5809995532035828,
    8.649029731750488,
    0.4563922584056854,
    3.5595223903656006,
    1.727974772453308
  ],
  "selected_features": [
    "K2O_wt",
    "Fe2O3T_wt",
    "SiO2_wt",
    "Al2O3_wt",
    "P2O5_tot_wt"
  ],
  "selected_models": [],
  "stacking_used": false,
  "stacked_model": true,
  "number_of_models": 1,
  "final_estimator": "xgb",
  "final_estimator_params": {
    "xgb_n_estimators": 211,
    "xgb_lr": 0.10069174885232955,
    "xgb_max_depth": 3,
    "xgb_subsample": 0.9342818349690045,
    "xgb_colsample": 0.6210553525829196
  },
  "model_params": {
    "xgb": {
      "xgb_n_estimators": 211,
      "xgb_lr": 0.10069174885232955,
      "xgb_max_depth": 3,
      "xgb_subsample": 0.9342818349690045,
      "xgb_colsample": 0.6210553525829196
    }
  },
  "feature_names": [
    "K2O_wt",
    "Fe2O3T_wt",
    "SiO2_wt",
    "Al2O3_wt",
    "P2O5_tot_wt"
  ],
  "use_random_split": true,
  "use_feature_selection": false,
  "model_name": "XGB",
  "error_mean": 0.26419823671711834,
  "error_sdev": 5.248027287146495,
  "uncertainty_median": 11.231037139892578,
  "uncertainty_mad": 5.253028869628906,
  "uncertainty_measure": 46.77242897693018,
  "feature_importance": {
    "K2O_wt": 0.00562796399408115,
    "Fe2O3T_wt": 0.013373592051170937,
    "SiO2_wt": 0.1851408757509292,
    "Al2O3_wt": -0.008733878276997108,
    "P2O5_tot_wt": 0.35466223952655157
  },
  "run": 2
}