{
  "y_test": [
    8.7,
    0.46,
    2.4,
    1.3,
    3.8,
    0.27,
    0.19,
    4.5,
    0.37,
    6.7,
    0.15,
    1.8,
    0.36,
    25.6,
    1.18,
    0.04,
    1.2,
    6.2,
    0.07,
    0.25,
    31.8,
    11.7,
    1.5,
    0.34,
    0.19,
    7.4,
    1.47,
    0.52,
    0.12,
    0.4,
    4.2,
    0.19,
    34.0,
    0.03,
    0.4,
    0.14,
    0.17,
    0.14,
    0.41,
    0.35,
    0.4,
    0.15,
    0.12,
    2.4,
    1.44
  ],
  "y_pred": [
    6.665378309674523,
    1.5723810463233747,
    0.3375701328932868,
    1.9634259488385333,
    3.6040724972876568,
    0.4160713693053712,
    0.2252849641082116,
    4.4053209324815725,
    9.627656180458493,
    4.666310593883911,
    0.20050502513550922,
    1.4782746051654605,
    0.2883953175634566,
    22.668727708504623,
    0.8027428433801834,
    0.334143654935491,
    1.1116285503614434,
    1.995995321987353,
    0.30896806710178815,
    0.4754283719275006,
    23.09030194946445,
    4.790250935160314,
    0.29424414422590905,
    1.7518417533017543,
    0.2445021023428911,
    6.574571590133756,
    0.8193284185129163,
    0.4166567612025747,
    0.8999592486335618,
    0.8443216263112346,
    10.04189339196951,
    0.10980631215189039,
    22.58534836117065,
    0.25268394200267763,
    0.9668638990723777,
    0.347248429810797,
    0.15669313076010882,
    12.373477597509144,
    0.9813859783214836,
    3.9424182110464776,
    0.2441770280583462,
    0.21572035202822654,
    6.732261529302074,
    1.861009707454063,
    2.332246090073814
  ],
  "selected_features": [
    "K2O_wt",
    "Fe2O3T_wt",
    "SiO2_wt",
    "Al2O3_wt",
    "P2O5_tot_wt"
  ],
  "selected_models": [],
  "stacking_used": false,
  "stacked_model": true,
  "number_of_models": 1,
  "final_estimator": "knn",
  "final_estimator_params": {
    "knn_n": 8,
    "knn_weights": "distance"
  },
  "model_params": {
    "knn": {
      "knn_n": 8,
      "knn_weights": "distance"
    }
  },
  "use_random_split": true,
  "use_feature_selection": false,
  "model_name": "KNN",
  "error_mean": -0.011055420696416471,
  "error_sdev": 3.778652571295728,
  "uncertainty_median": 5.578010869359319,
  "uncertainty_mad": 6.532734400985091,
  "uncertainty_measure": 117.11584208037641,
  "feature_importance": {
    "K2O_wt": -0.0067751878278623015,
    "Fe2O3T_wt": 0.013041204018375371,
    "SiO2_wt": 1.2661527354954007,
    "Al2O3_wt": -0.026122468094110448,
    "P2O5_tot_wt": 0.006478974258245305
  }
}