{
  "y_test": [
    8.9,
    0.19,
    0.34,
    0.37,
    6.9,
    0.12,
    0.19,
    34.0,
    0.51,
    0.52,
    1.3,
    0.32,
    0.1,
    1.44,
    0.21,
    0.15,
    6.7,
    3.8,
    6.9,
    0.1,
    1.47,
    0.14,
    0.04,
    0.17,
    0.04,
    6.3,
    0.11,
    0.07,
    0.68,
    0.19,
    0.4,
    0.17,
    0.37,
    2.7,
    0.02,
    0.04,
    0.07,
    0.73,
    0.24,
    0.35,
    1.2,
    0.43,
    0.15,
    0.4,
    25.8
  ],
  "y_pred": [
    1.7219657016852956,
    -2.4914197288868536,
    -0.453183718328269,
    7.093274553617654,
    3.6480393566971827,
    4.352353033336499,
    -0.4779780158126101,
    27.55231269647922,
    1.722454428432588,
    -1.217233905076185,
    4.288170554112494,
    -0.9896742546787323,
    0.6946539308631685,
    -1.4381395895132059,
    -2.8205870055777,
    2.806355088432639,
    4.316107003386961,
    5.398945805506184,
    -0.4870312253449356,
    0.1765305518112612,
    0.021173091821061973,
    -2.6767513633545903,
    -1.0005564956318764,
    -0.3265703058153875,
    -0.38117114950479447,
    6.084585133927341,
    -1.2944138801788725,
    -0.5010488278393765,
    0.19982239039732974,
    -1.1315285028004922,
    0.1621555618974213,
    1.9340397227968857,
    0.2769956020473643,
    0.4248135158295341,
    -0.4332836452428097,
    -0.1575283286184117,
    1.1094987577469198,
    -0.28363436697080857,
    -2.704500241745528,
    4.720426110091299,
    1.8041196796050585,
    0.724301864459882,
    0.021547394306992373,
    3.7456782946985747,
    22.995234589433082
  ],
  "selected_features": [
    "K2O_wt",
    "Fe2O3T_wt",
    "SiO2_wt",
    "Al2O3_wt",
    "P2O5_tot_wt"
  ],
  "selected_models": [],
  "stacking_used": false,
  "stacked_model": true,
  "number_of_models": 1,
  "final_estimator": "lr",
  "final_estimator_params": {},
  "model_params": {
    "lr": {}
  },
  "use_random_split": true,
  "use_feature_selection": false,
  "model_name": "LR",
  "error_mean": 0.6357928919444787,
  "error_sdev": 2.7533168623389046,
  "uncertainty_median": 6.510223640348061,
  "uncertainty_mad": 7.842195786418527,
  "uncertainty_measure": 120.45969877002956,
  "feature_importance": {
    "K2O_wt": 0.015712401377627305,
    "Fe2O3T_wt": 0.09490806564985783,
    "SiO2_wt": 1.6901459881469085,
    "Al2O3_wt": 0.1316495093344349,
    "P2O5_tot_wt": 0.06033827891268264
  }
}