{
  "y_test": [
    8.9,
    0.19,
    0.34,
    0.37,
    6.9,
    0.12,
    0.19,
    34.0,
    0.51,
    0.52,
    1.3,
    0.32,
    0.1,
    1.44,
    0.21,
    0.15,
    6.7,
    3.8,
    6.9,
    0.1,
    1.47,
    0.14,
    0.04,
    0.17,
    0.04,
    6.3,
    0.11,
    0.07,
    0.68,
    0.19,
    0.4,
    0.17,
    0.37,
    2.7,
    0.02,
    0.04,
    0.07,
    0.73,
    0.24,
    0.35,
    1.2,
    0.43,
    0.15,
    0.4,
    25.8
  ],
  "y_pred": [
    6.232221597684194,
    0.8914368084761888,
    0.5459465451707324,
    0.33776689641609314,
    6.927806895478819,
    0.816646582877083,
    0.2360479491122187,
    24.229959738104448,
    -0.28559813032855574,
    0.2571573660320978,
    1.350011876194667,
    0.929574184806758,
    0.7584677862282443,
    2.1218371631573607,
    0.1702836735079889,
    0.46264655027684576,
    8.000011125697776,
    5.100020299858731,
    1.7547698823986728,
    0.3700869809154379,
    0.8185869523641847,
    4.758292578886374,
    0.46864887760957386,
    1.6530280490372191,
    -0.4426579659016556,
    7.299868822179104,
    12.809173097483594,
    0.5422290786902328,
    0.3100090069840564,
    12.401824924708196,
    0.5458925919097779,
    1.6708565429495796,
    0.523547370524152,
    2.4094421041221312,
    3.2720065771583235,
    7.526021428294152,
    0.18437354279563012,
    0.35774645096425584,
    0.5140220614133906,
    0.1802136108324106,
    0.4008084732319137,
    0.4591236888789201,
    -0.2177059905786698,
    0.004537982856841705,
    23.53699025649936
  ],
  "selected_features": [
    "K2O_wt",
    "P2O5_tot_wt"
  ],
  "selected_models": [],
  "stacking_used": false,
  "stacked_model": true,
  "number_of_models": 1,
  "final_estimator": "gpr",
  "final_estimator_params": {
    "gpr_nu": 0.5,
    "gpr_const": 4.451427420894567,
    "gpr_length_scale": 4.511184032392921,
    "gpr_alpha": 3.913115900139821e-06
  },
  "model_params": {
    "gpr": {
      "gpr_nu": 0.5,
      "gpr_const": 4.451427420894567,
      "gpr_length_scale": 4.511184032392921,
      "gpr_alpha": 3.913115900139821e-06
    }
  },
  "use_random_split": true,
  "use_feature_selection": true,
  "model_name": "GPR-FS",
  "error_mean": -0.6189773752435299,
  "error_sdev": 3.4699554010467395,
  "uncertainty_median": 17.999655497060623,
  "uncertainty_mad": 7.214630735637896,
  "uncertainty_measure": 40.082048997082524,
  "feature_importance": {
    "K2O_wt": 0.5399701880076692,
    "Fe2O3T_wt": 1.7041340548638855
  }
}