{
  "y_test": [
    2.7,
    5.4,
    10.1,
    0.41,
    1.2,
    0.36,
    0.4,
    0.12,
    0.1,
    0.32,
    0.52,
    1.9,
    0.19,
    0.04,
    0.56,
    0.37,
    0.09,
    0.31,
    0.15,
    0.18,
    0.14,
    0.84,
    0.62,
    0.36,
    4.2,
    0.42,
    3.4,
    6.0,
    1.9,
    0.14,
    4.2,
    0.44,
    29.4,
    6.1,
    0.15,
    0.25,
    0.74,
    0.19,
    1.4,
    6.2,
    1.44,
    0.04,
    0.04,
    1.8,
    0.18
  ],
  "y_pred": [
    1.4197814088336536,
    3.7949544948295655,
    10.739065446925967,
    0.7358644073748603,
    1.707684637094463,
    0.43484027322504837,
    1.9019270718389625,
    -1.28247233187897,
    1.1595418744807042,
    0.2552704273975267,
    1.3842711699588892,
    3.4106970411617414,
    -1.372411063383864,
    -0.23760303884870815,
    0.9259188220859019,
    0.864725722288553,
    0.264983539884169,
    2.889067055160706,
    2.1451150839516355,
    0.1333042737169966,
    -1.223161277072922,
    0.2365437953346895,
    1.126988721304028,
    0.9777405105305216,
    3.7873496717947095,
    2.4044235887560603,
    4.31015372011167,
    4.065828099514686,
    5.6160638026920715,
    -0.2948964867721847,
    4.976112079719558,
    0.4540812948552425,
    14.543141817817578,
    4.952315042557762,
    -0.3651011248308328,
    1.0495032996966,
    1.7599784911359917,
    -0.7034350463171294,
    2.9615644782157506,
    9.909742720396048,
    1.713350243649593,
    -0.11243489790292649,
    1.0985513739893893,
    3.0541667384926328,
    1.2532980943385357
  ],
  "selected_features": [
    "K2O_wt",
    "Fe2O3T_wt",
    "SiO2_wt",
    "Al2O3_wt",
    "P2O5_tot_wt"
  ],
  "selected_models": [],
  "stacking_used": false,
  "stacked_model": true,
  "number_of_models": 1,
  "final_estimator": "ann",
  "final_estimator_params": {
    "ann_hidden": 66,
    "ann_alpha": 0.0002635765681904524
  },
  "model_params": {
    "ann": {
      "ann_hidden": 66,
      "ann_alpha": 0.0002635765681904524
    }
  },
  "use_random_split": true,
  "use_feature_selection": false,
  "model_name": "ANN",
  "error_mean": -0.06258655706899838,
  "error_sdev": 2.6016919898559934,
  "uncertainty_median": 9.759143607940047,
  "uncertainty_mad": 4.797389343498914,
  "uncertainty_measure": 49.157892702754715,
  "feature_importance": {
    "K2O_wt": -0.004287741836803074,
    "Fe2O3T_wt": -0.08565142137961164,
    "SiO2_wt": 0.11480669482915092,
    "Al2O3_wt": 0.20551443852725693,
    "P2O5_tot_wt": 0.8997238315372909
  }
}