{
  "y_test": [
    0.19,
    0.04,
    1.44,
    5.4,
    0.12,
    0.35,
    0.47,
    0.19,
    10.4,
    6.7,
    0.16,
    0.04,
    0.25,
    0.27,
    34.0,
    0.04,
    2.4,
    0.04,
    6.9,
    0.21,
    4.2,
    0.34,
    0.43,
    6.3,
    6.2,
    3.4,
    4.5,
    0.12,
    1.4,
    31.8,
    0.62,
    1.0,
    0.07,
    0.57,
    0.68,
    2.6,
    0.07,
    0.18,
    1.5,
    0.15,
    0.04,
    0.04,
    0.17,
    0.15,
    0.05
  ],
  "y_pred": [
    0.2178135727615778,
    0.38156797215551996,
    0.15620244566807764,
    1.822771732179023,
    0.15994670109981182,
    4.575942689201607,
    0.34076546445287187,
    0.36391201800109646,
    6.003412524097779,
    4.620052546848043,
    0.1408984114653164,
    0.28207247016680204,
    0.2519124872449603,
    0.6594859586752563,
    24.685145158677585,
    0.21380769125755755,
    0.3245222213473394,
    0.5742433291465557,
    5.089622834176122,
    0.14907544083557792,
    4.507218583000827,
    2.290676753535698,
    0.14509950363253937,
    7.49982620573776,
    2.825688003980547,
    3.654239138562845,
    4.041886449225957,
    7.827980564991238,
    1.8391361188925006,
    25.227167885589495,
    0.47268921276397835,
    2.612511077292106,
    0.2831425667350938,
    0.26849988575684575,
    1.123358634131211,
    4.50390058530585,
    3.0346606132932528,
    0.27220846571822865,
    0.31275224138812224,
    0.24712532445718258,
    0.20575419068257395,
    0.25133043940896016,
    0.2231207463549119,
    0.18449176388753982,
    20.427579544892993
  ],
  "selected_features": [
    "K2O_wt",
    "Fe2O3T_wt",
    "SiO2_wt",
    "Al2O3_wt",
    "P2O5_tot_wt"
  ],
  "selected_models": [],
  "stacking_used": false,
  "stacked_model": true,
  "number_of_models": 1,
  "final_estimator": "knn",
  "final_estimator_params": {
    "knn_n": 6,
    "knn_weights": "distance"
  },
  "model_params": {
    "knn": {
      "knn_n": 6,
      "knn_weights": "distance"
    }
  },
  "use_random_split": true,
  "use_feature_selection": false,
  "model_name": "KNN",
  "error_mean": -0.2023381815261496,
  "error_sdev": 3.991956741451685,
  "uncertainty_median": 4.557007424785359,
  "uncertainty_mad": 7.4356532511854505,
  "uncertainty_measure": 163.169654074805,
  "feature_importance": {
    "K2O_wt": -0.004913948588996199,
    "Fe2O3T_wt": -0.023988994589120703,
    "SiO2_wt": 1.3629888161292498,
    "Al2O3_wt": 0.00704780580778837,
    "P2O5_tot_wt": 0.0015982596809028904
  }
}