{
  "y_test": [
    1.53,
    0.04,
    0.52,
    0.15,
    0.19,
    2.4,
    0.23,
    25.0,
    0.37,
    1.3,
    6.2,
    0.15,
    0.13,
    0.17,
    0.4,
    0.19,
    0.1,
    0.14,
    0.29,
    0.84,
    4.2,
    1.3,
    0.24,
    29.4,
    0.31,
    0.68,
    6.9,
    0.04,
    0.07,
    0.24,
    0.41,
    0.21,
    2.7,
    0.14,
    0.37,
    0.36,
    6.7,
    0.27,
    22.1,
    0.87,
    0.46,
    5.7,
    0.12,
    0.25,
    0.15
  ],
  "y_pred": [
    0.07987892422316412,
    0.18324804887854862,
    0.41652519967062407,
    0.49761555864962537,
    -0.5919520261487641,
    2.6801127592935705,
    1.731864004640542,
    11.35168703172019,
    0.027733695161413774,
    1.801578104361258,
    7.849472511152995,
    2.996075967596436,
    5.000390246404353,
    -0.09372820004297422,
    -0.08959793865379595,
    0.8343567605699143,
    -0.5630554284156508,
    0.2206114244706061,
    3.4391315171630823,
    1.3991002611866659,
    8.327948506314767,
    1.2915241162493833,
    0.22968849342028408,
    12.133162618093998,
    2.6348452780358094,
    1.3968427565512789,
    6.432465477768527,
    0.01608701255607281,
    -0.36029600923869953,
    -0.2632400162173232,
    0.5687587209259832,
    -0.14729440607416233,
    2.5833051656453234,
    2.8103575480410634,
    1.3247717481139252,
    -0.3041002428274897,
    6.559722110222544,
    1.3616286752960365,
    23.3572890332423,
    0.9868940700080486,
    0.9957359930709981,
    6.543902849782013,
    -0.08363443897772127,
    4.817064925640954,
    1.2739709308923683
  ],
  "selected_features": [
    "K2O_wt",
    "Al2O3_wt",
    "P2O5_tot_wt"
  ],
  "selected_models": [],
  "stacking_used": false,
  "stacked_model": true,
  "number_of_models": 1,
  "final_estimator": "gpr",
  "final_estimator_params": {
    "gpr_nu": 0.5,
    "gpr_const": 4.9972097863221085,
    "gpr_length_scale": 1.280669472634725,
    "gpr_alpha": 1.1207794572035513e-10
  },
  "model_params": {
    "gpr": {
      "gpr_nu": 0.5,
      "gpr_const": 4.9972097863221085,
      "gpr_length_scale": 1.280669472634725,
      "gpr_alpha": 1.1207794572035513e-10
    }
  },
  "use_random_split": true,
  "use_feature_selection": true,
  "model_name": "GPR-FS",
  "error_mean": 0.01936779247959816,
  "error_sdev": 3.6746935932498217,
  "uncertainty_median": 11.004170776224132,
  "uncertainty_mad": 3.7001314840146673,
  "uncertainty_measure": 33.62480971314311,
  "feature_importance": {
    "K2O_wt": -0.002782392187784394,
    "Fe2O3T_wt": 0.36646591195479666,
    "SiO2_wt": 0.8375690205139484
  }
}