{
  "y_test": [
    0.36,
    0.14,
    6.9,
    0.18,
    8.7,
    38.0,
    6.5,
    0.04,
    0.1,
    0.09,
    7.4,
    1.44,
    0.14,
    0.19,
    0.15,
    0.03,
    25.8,
    0.07,
    1.47,
    0.09,
    25.0,
    0.09,
    0.14,
    34.0,
    1.4,
    1.3,
    0.14,
    0.37,
    0.56,
    1.2,
    6.6,
    0.34,
    0.44,
    3.4,
    0.04,
    6.7,
    1.9,
    0.36,
    0.87,
    0.31,
    0.51,
    0.19,
    4.2,
    0.07,
    0.14
  ],
  "y_pred": [
    0.4409445496333255,
    3.1976761584043345,
    -0.06332302798594824,
    0.4486250500340212,
    9.656658648501018,
    6.107472307465816,
    9.945558923612136,
    -0.04652990394772871,
    0.5375581441206982,
    -0.07710300031497397,
    9.294776666656087,
    0.8483380870966712,
    -2.525060169801691,
    -0.2129939643963752,
    1.5738734779141907,
    -0.14493943821509347,
    23.09888007456961,
    0.1273431627915329,
    0.3524777370520553,
    -0.10109322177921243,
    19.255456634192612,
    10.803896824659702,
    0.0201206412532855,
    26.915081815908728,
    4.44346007836069,
    2.5416125324832137,
    0.3591399927777985,
    7.038966897164382,
    1.9325590835856943,
    1.8345584518246945,
    8.01066306868881,
    2.6063942812888,
    0.04205331802429768,
    5.842813056881553,
    -0.22615195551367862,
    4.488002252831528,
    9.173556138455062,
    0.2534301832001944,
    1.741094059404972,
    5.210363186142473,
    1.8983733352379346,
    -1.8706365419293576,
    6.456101588471125,
    1.4889804437919594,
    4.989784386758121
  ],
  "selected_features": [
    "K2O_wt",
    "Fe2O3T_wt",
    "SiO2_wt",
    "Al2O3_wt",
    "P2O5_tot_wt"
  ],
  "selected_models": [],
  "stacking_used": false,
  "stacked_model": true,
  "number_of_models": 1,
  "final_estimator": "lr",
  "final_estimator_params": {},
  "model_params": {
    "lr": {}
  },
  "use_random_split": true,
  "use_feature_selection": false,
  "model_name": "LR",
  "error_mean": 0.007804132992109598,
  "error_sdev": 5.835281047143972,
  "uncertainty_median": 6.943963548472194,
  "uncertainty_mad": 7.653852591752489,
  "uncertainty_measure": 110.22311016359647,
  "feature_importance": {
    "K2O_wt": 0.00837112574580356,
    "Fe2O3T_wt": 0.04412892539208386,
    "SiO2_wt": 0.9479203808374912,
    "Al2O3_wt": 0.07921452245225145,
    "P2O5_tot_wt": 0.044816324264025445
  }
}