{
  "y_test": [
    8.7,
    6.6,
    0.04,
    0.14,
    1.53,
    0.25,
    0.04,
    0.11,
    0.23,
    6.0,
    0.19,
    4.2,
    1.3,
    7.4,
    0.74,
    0.25,
    4.2,
    1.3,
    0.21,
    2.4,
    0.37,
    0.36,
    1.18,
    38.0,
    1.9,
    0.51,
    6.5,
    0.17,
    5.4,
    0.14,
    0.15,
    0.56,
    22.1,
    0.04,
    0.73,
    0.15,
    0.87,
    2.4,
    0.24,
    0.18,
    0.4,
    1.8,
    0.19,
    2.4,
    0.12
  ],
  "y_pred": [
    14.944840226309335,
    12.822887855922243,
    -0.5632067295197345,
    4.643473668142281,
    3.9901244718082403,
    1.8519846448471604,
    3.061416582581394,
    -1.7592407416787168,
    0.6890266855586304,
    5.737559442190207,
    -0.6446709266742516,
    5.487733792069449,
    2.8959026645243213,
    13.646140505609186,
    1.2751147473367261,
    2.85842050463593,
    5.913502367205073,
    0.16393937757893084,
    -2.3283937425886023,
    -0.5748495912185696,
    0.5744322249130391,
    0.8193758583839106,
    -1.1132609224156376,
    6.412541354070008,
    8.46178850570805,
    1.2873610136095124,
    15.1608619850192,
    -0.37929447796480176,
    5.466915270394242,
    1.6772631809995389,
    0.4789447668544433,
    2.3289781320835203,
    53.393240974788114,
    0.03420922544343341,
    0.005004253930820823,
    2.7006630251228287,
    2.3244384611779054,
    1.643348096095675,
    -1.2533219996617255,
    2.324623597529783,
    0.7244640310462032,
    3.5159816904531667,
    -2.345059642485417,
    -1.4800437143318348,
    4.025762489705734
  ],
  "selected_features": [
    "K2O_wt",
    "Fe2O3T_wt",
    "SiO2_wt",
    "Al2O3_wt",
    "P2O5_tot_wt"
  ],
  "selected_models": [],
  "stacking_used": false,
  "stacked_model": true,
  "number_of_models": 1,
  "final_estimator": "svr",
  "final_estimator_params": {
    "svr_C": 9.974336837909249,
    "svr_epsilon": 0.6976963551655522
  },
  "model_params": {
    "svr": {
      "svr_C": 9.974336837909249,
      "svr_epsilon": 0.6976963551655522
    }
  },
  "feature_names": [
    "K2O_wt",
    "Fe2O3T_wt",
    "SiO2_wt",
    "Al2O3_wt",
    "P2O5_tot_wt"
  ],
  "use_random_split": true,
  "use_feature_selection": false,
  "model_name": "SVR",
  "error_mean": -1.0713538485579768,
  "error_sdev": 7.233482751650615,
  "uncertainty_median": 21.739301981737718,
  "uncertainty_mad": 9.557156649335289,
  "uncertainty_measure": 43.96257367124233,
  "feature_importance": {
    "K2O_wt": 0.015356105345751991,
    "Fe2O3T_wt": 0.0789584609357159,
    "SiO2_wt": 0.15019025472959072,
    "Al2O3_wt": 0.029810122531259413,
    "P2O5_tot_wt": -0.07103946888398363
  },
  "run": 2
}