{
  "y_test": [
    0.57,
    0.04,
    0.19,
    4.2,
    0.19,
    0.34,
    6.3,
    29.4,
    0.04,
    0.73,
    25.0,
    0.02,
    6.7,
    8.9,
    0.1,
    0.56,
    0.14,
    0.4,
    0.41,
    0.14,
    31.8,
    0.23,
    0.19,
    34.0,
    1.9,
    0.52,
    0.36,
    1.3,
    10.4,
    0.87,
    2.6,
    0.24,
    0.44,
    0.09,
    0.13,
    0.68,
    5.1,
    0.04,
    3.4,
    1.18,
    0.18,
    25.8,
    0.17,
    6.1,
    0.25
  ],
  "y_pred": [
    0.25892041375709685,
    0.20889534795188103,
    0.26791515268650923,
    1.8838190954773832,
    0.1766834170854274,
    0.3992462311557783,
    7.618760469011729,
    7.872026800670017,
    0.3341419380452046,
    0.6591582914572879,
    11.806365159128953,
    1.2952763819095505,
    6.69296482412061,
    6.8155778894472405,
    0.34208441014596747,
    0.44886934673366885,
    0.08351591289782215,
    0.1509840686951239,
    0.4018357044965083,
    0.2965967119145514,
    23.589447236180902,
    0.3254526583132109,
    0.3856951206247685,
    24.68844221105527,
    2.1799999999999975,
    0.27911220605190473,
    0.26262297417825087,
    0.8371608040201,
    21.370753768844253,
    0.980201005025129,
    0.9546733668341718,
    0.22838107202680075,
    0.16558127760012195,
    0.5058291457286442,
    0.17061059083295282,
    0.3795979899497482,
    5.005527638190964,
    0.18661561595858103,
    2.1962814070351704,
    0.4415577889447228,
    0.08504857621440508,
    21.28492462311554,
    0.11976636972742513,
    6.796984924623131,
    0.17061059083295282
  ],
  "selected_features": [
    "Al2O3_wt",
    "P2O5_tot_wt"
  ],
  "selected_models": [],
  "stacking_used": false,
  "stacked_model": true,
  "number_of_models": 1,
  "final_estimator": "rf",
  "final_estimator_params": {
    "rf_n_estimators": 199,
    "rf_max_depth": 13
  },
  "model_params": {
    "rf": {
      "rf_n_estimators": 199,
      "rf_max_depth": 13
    }
  },
  "feature_names": [
    "K2O_wt",
    "Fe2O3T_wt",
    "SiO2_wt",
    "Al2O3_wt",
    "P2O5_tot_wt"
  ],
  "use_random_split": true,
  "use_feature_selection": true,
  "model_name": "RF-FS",
  "error_mean": 1.127455188251168,
  "error_sdev": 4.509189964168754,
  "uncertainty_median": 7.940536013400346,
  "uncertainty_mad": 3.5990315943001483,
  "uncertainty_measure": 45.324794046982085,
  "feature_importance": {
    "K2O_wt": 0.4953167401543988,
    "Fe2O3T_wt": 0.7643635094158769
  },
  "run": 5
}