{
  "y_test": [
    0.27,
    0.43,
    0.1,
    0.27,
    0.04,
    0.44,
    0.56,
    1.3,
    0.74,
    0.41,
    0.37,
    1.18,
    0.42,
    25.6,
    0.29,
    0.04,
    25.0,
    0.14,
    25.8,
    0.09,
    5.4,
    8.9,
    0.09,
    0.14,
    0.15,
    1.2,
    0.16,
    0.14,
    0.14,
    2.6,
    0.44,
    1.4,
    4.2,
    0.21,
    4.5,
    6.1,
    1.3,
    0.34,
    0.07,
    1.3,
    0.15,
    6.7,
    1.0,
    0.19,
    7.4
  ],
  "y_pred": [
    1.9558221057511718,
    0.7004240326642206,
    1.661417261598353,
    2.513159636048221,
    2.0100652326511286,
    1.2675298839214983,
    1.412038015938971,
    3.2557658377183234,
    2.2763742935742544,
    1.8329489300902981,
    1.9506866392848252,
    2.3742849129435664,
    2.441792183884144,
    5.967459483791281,
    3.016081287245205,
    1.6683788773805377,
    8.71772258760398,
    0.16443483938869807,
    21.749267893213656,
    3.2338736200648874,
    3.853250221114789,
    5.08933310806078,
    1.1806427527218464,
    2.380376336884586,
    1.5362900520920961,
    2.25645665615094,
    0.46906584953014807,
    -0.3921442821970711,
    1.734467177061898,
    3.522847960884037,
    1.1798284069670775,
    3.3860425003618095,
    4.540845837854949,
    -0.10850971225779116,
    6.366195818347114,
    4.506432442941117,
    3.6124658380879655,
    1.670130873863597,
    2.0765085175511198,
    2.4991297882633665,
    1.5809870175479057,
    7.610046846786551,
    3.136382498285508,
    0.21283848185748955,
    7.545977960255761
  ],
  "selected_features": [
    "K2O_wt",
    "Fe2O3T_wt",
    "SiO2_wt",
    "Al2O3_wt",
    "P2O5_tot_wt"
  ],
  "selected_models": [],
  "stacking_used": false,
  "stacked_model": true,
  "number_of_models": 1,
  "final_estimator": "svr",
  "final_estimator_params": {
    "svr_C": 2.7402521641122086,
    "svr_epsilon": 0.01793562668152703
  },
  "model_params": {
    "svr": {
      "svr_C": 2.7402521641122086,
      "svr_epsilon": 0.01793562668152703
    }
  },
  "use_random_split": true,
  "use_feature_selection": false,
  "model_name": "SVR",
  "error_mean": -0.08678703341721807,
  "error_sdev": 4.208198332333359,
  "uncertainty_median": 11.29657952731295,
  "uncertainty_mad": 5.117868363383881,
  "uncertainty_measure": 45.304584020409564,
  "feature_importance": {
    "K2O_wt": 0.0187796271938704,
    "Fe2O3T_wt": -0.031579262072845136,
    "SiO2_wt": 0.26263660585117227,
    "Al2O3_wt": -0.03289036064377832,
    "P2O5_tot_wt": 0.6347288445831949
  }
}