{
  "y_test": [
    0.31,
    0.22,
    0.04,
    0.4,
    0.37,
    3.8,
    22.1,
    0.18,
    25.6,
    0.57,
    0.21,
    0.14,
    1.3,
    0.07,
    0.32,
    0.27,
    6.9,
    25.8,
    0.27,
    0.87,
    0.51,
    0.17,
    0.1,
    0.23,
    0.44,
    0.29,
    0.11,
    0.19,
    6.0,
    1.3,
    0.43,
    0.15,
    24.5,
    0.12,
    4.2,
    0.34,
    0.17,
    0.14,
    7.0,
    0.9,
    0.18,
    0.74,
    1.5,
    0.16,
    0.09
  ],
  "y_pred": [
    8.30956059102702,
    0.7111138219837182,
    0.10674492825929857,
    0.7486955222454069,
    0.7189800830477068,
    3.90574097850536,
    27.27722057619083,
    0.19675657791466594,
    26.78384443224182,
    0.2999539897539935,
    1.4700652201705646,
    13.591522716923073,
    2.2239911445338696,
    0.22416564385173457,
    0.4906765627538284,
    0.43753533351549434,
    1.34644718118611,
    25.336655979215774,
    0.32594499214643335,
    0.35332537118752816,
    0.27854438770015677,
    0.20891528039057178,
    0.21330714654822652,
    0.18833762306120871,
    0.20781322998102977,
    0.4176406565327489,
    0.404550784369994,
    0.10209284583339676,
    4.045604449068591,
    2.063786899389556,
    0.11129685258947565,
    1.7592164880172108,
    26.710012026514516,
    7.779780473635367,
    3.953752580207455,
    0.20207696246270765,
    0.39160286865930527,
    0.22390302495111641,
    7.330867835638401,
    3.1976737879209507,
    0.20086391111707372,
    1.470369746516228,
    0.25613129984901567,
    0.3092526941407327,
    7.036350510467211
  ],
  "selected_features": [
    "K2O_wt",
    "Fe2O3T_wt",
    "SiO2_wt",
    "Al2O3_wt",
    "P2O5_tot_wt"
  ],
  "selected_models": [],
  "stacking_used": false,
  "stacked_model": true,
  "number_of_models": 1,
  "final_estimator": "knn",
  "final_estimator_params": {
    "knn_n": 6,
    "knn_weights": "distance"
  },
  "model_params": {
    "knn": {
      "knn_n": 6,
      "knn_weights": "distance"
    }
  },
  "use_random_split": true,
  "use_feature_selection": false,
  "model_name": "KNN",
  "error_mean": -0.9827263558270328,
  "error_sdev": 2.9805048730043326,
  "uncertainty_median": 7.1390811965185375,
  "uncertainty_mad": 8.357712783082597,
  "uncertainty_measure": 117.06986589756593,
  "feature_importance": {
    "K2O_wt": -0.007767247208015439,
    "Fe2O3T_wt": 0.020818384922570075,
    "SiO2_wt": 2.012218568741713,
    "Al2O3_wt": -0.024625240310972765,
    "P2O5_tot_wt": 0.0002122721578881992
  }
}