{
  "y_test": [
    1.53,
    0.04,
    0.52,
    0.15,
    0.19,
    2.4,
    0.23,
    25.0,
    0.37,
    1.3,
    6.2,
    0.15,
    0.13,
    0.17,
    0.4,
    0.19,
    0.1,
    0.14,
    0.29,
    0.84,
    4.2,
    1.3,
    0.24,
    29.4,
    0.31,
    0.68,
    6.9,
    0.04,
    0.07,
    0.24,
    0.41,
    0.21,
    2.7,
    0.14,
    0.37,
    0.36,
    6.7,
    0.27,
    22.1,
    0.87,
    0.46,
    5.7,
    0.12,
    0.25,
    0.15
  ],
  "y_pred": [
    2.9079480455542104,
    2.5458594159396633,
    1.6476277325224906,
    1.9437656582006575,
    -1.7035923690461132,
    -0.11981333546193085,
    0.43941408947945604,
    14.763609034495936,
    4.330458470725091,
    2.9041214931410497,
    4.9277405673475965,
    0.6453831595517805,
    1.884130196225179,
    0.3868839191175901,
    -0.45688247681376026,
    -0.36152445465409144,
    0.4509696504251721,
    0.07194252968915293,
    -1.1985180268674114,
    -0.9245408201222993,
    5.850329001450408,
    3.5772807180801784,
    -0.42998995894888736,
    17.0086493548204,
    2.9950772377085997,
    0.31253435559561993,
    3.9610386816161203,
    -0.9179017626960508,
    0.49888733849081746,
    1.6505354675260016,
    1.8582883223706474,
    -2.4945001429703915,
    1.0011826550126344,
    1.5743661585732234,
    -0.008250485135672392,
    -0.7591870177965383,
    5.654473043654908,
    2.3324094948348915,
    28.504746094308324,
    1.5043536704537637,
    -0.2256759788934417,
    3.1873219402332875,
    -1.6927774710140362,
    1.8343465480913537,
    0.7415844030250867
  ],
  "selected_features": [
    "K2O_wt",
    "SiO2_wt",
    "Al2O3_wt",
    "P2O5_tot_wt"
  ],
  "selected_models": [],
  "stacking_used": false,
  "stacked_model": true,
  "number_of_models": 1,
  "final_estimator": "svr",
  "final_estimator_params": {
    "svr_C": 6.736915076942783,
    "svr_epsilon": 0.01823458195544909
  },
  "model_params": {
    "svr": {
      "svr_C": 6.736915076942783,
      "svr_epsilon": 0.01823458195544909
    }
  },
  "use_random_split": true,
  "use_feature_selection": true,
  "model_name": "SVR-FS",
  "error_mean": 0.2650199078257631,
  "error_sdev": 3.0542050585603677,
  "uncertainty_median": 10.576666213087037,
  "uncertainty_mad": 5.338161328191351,
  "uncertainty_measure": 50.4711146276525,
  "feature_importance": {
    "K2O_wt": -0.0007705277553230173,
    "Fe2O3T_wt": 0.6374076426850457,
    "SiO2_wt": 0.0774001305629863,
    "Al2O3_wt": 0.2475294137614807
  }
}