{
  "y_test": [
    7.0,
    0.51,
    0.14,
    0.18,
    24.5,
    1.3,
    0.56,
    0.29,
    0.87,
    0.36,
    0.27,
    1.3,
    8.0,
    0.13,
    0.05,
    0.34,
    0.07,
    0.17,
    29.4,
    0.25,
    0.24,
    6.3,
    25.6,
    2.4,
    1.8,
    4.2,
    0.1,
    6.6,
    0.17,
    0.04,
    5.4,
    0.14,
    0.43,
    0.14,
    2.4,
    0.37,
    0.04,
    1.9,
    1.0,
    1.3,
    25.8,
    4.2,
    0.4,
    0.35,
    1.44
  ],
  "y_pred": [
    7.531765873015871,
    0.34074891424425136,
    0.30407380348003754,
    0.28852247071544596,
    25.924999999999983,
    1.6608925092764377,
    0.548080151943614,
    0.3502438903407506,
    2.1541287873223967,
    0.34403313195091123,
    2.449409399567295,
    1.4002729591836733,
    6.584603174603175,
    0.2881232145023698,
    0.2278051275768502,
    0.304570424812683,
    0.7817287336897301,
    0.2815676764920069,
    15.633035714285711,
    0.2789196777707116,
    0.3171035240659778,
    8.795357142857142,
    26.5964880952381,
    2.3914285714285732,
    10.641785714285712,
    10.148928571428575,
    0.26847304904439967,
    8.84291666666667,
    0.3256421150183886,
    0.2127898135681811,
    6.725952380952383,
    2.0852873013276096,
    0.6522173196891797,
    0.2589795195938654,
    1.9141254023935457,
    0.4818734098148691,
    0.336285334439968,
    2.120912509448224,
    1.167811821445751,
    0.810340825962537,
    22.423392857142836,
    6.475734126984126,
    0.4602659835110142,
    0.6530758868926998,
    1.8092853363567645
  ],
  "selected_features": [
    "K2O_wt",
    "Fe2O3T_wt",
    "SiO2_wt",
    "Al2O3_wt",
    "P2O5_tot_wt"
  ],
  "selected_models": [],
  "stacking_used": false,
  "stacked_model": true,
  "number_of_models": 1,
  "final_estimator": "et",
  "final_estimator_params": {
    "et_n_estimators": 84,
    "et_max_depth": 10,
    "et_min_samples_split": 3,
    "et_min_samples_leaf": 1,
    "et_bootstrap": false
  },
  "model_params": {
    "et": {
      "et_n_estimators": 84,
      "et_max_depth": 10,
      "et_min_samples_split": 3,
      "et_min_samples_leaf": 1,
      "et_bootstrap": false
    }
  },
  "use_random_split": true,
  "use_feature_selection": false,
  "model_name": "ET",
  "error_mean": -0.35875508698513336,
  "error_sdev": 2.7969936205302557,
  "uncertainty_median": 10.385679563492063,
  "uncertainty_mad": 3.889541533469487,
  "uncertainty_measure": 37.45100654888368,
  "feature_importance": {
    "K2O_wt": 0.037191314579015484,
    "Fe2O3T_wt": 0.017596596535373366,
    "SiO2_wt": 0.49438795607297586,
    "Al2O3_wt": 0.09609907145482513,
    "P2O5_tot_wt": 0.4885585502264669
  }
}