{
  "y_test": [
    4.2,
    5.1,
    0.25,
    6.6,
    1.3,
    5.4,
    1.4,
    6.9,
    0.14,
    0.14,
    0.16,
    0.14,
    0.04,
    6.7,
    0.02,
    1.3,
    0.29,
    0.18,
    3.4,
    1.9,
    0.73,
    0.74,
    1.18,
    0.17,
    7.0,
    1.47,
    2.7,
    22.1,
    0.09,
    2.4,
    0.37,
    1.3,
    0.05,
    6.2,
    0.04,
    0.07,
    0.15,
    0.1,
    0.36,
    1.3,
    1.0,
    0.57,
    6.3,
    0.24,
    2.4
  ],
  "y_pred": [
    10.026480772210501,
    3.9541348867954027,
    1.2638223248649343,
    7.463650997874906,
    2.327281890606306,
    4.22325475256138,
    3.325403553350774,
    7.526465256970336,
    0.17248866447402333,
    2.327866613181962,
    0.29629327256460414,
    0.07215496624434703,
    8.391712462920738,
    9.771900624245909,
    5.250868315914206,
    3.325403553350774,
    -0.48194256734353047,
    -0.2231030546702204,
    3.509701258762109,
    2.4116581481094617,
    0.18435991415303743,
    0.3061563228749775,
    0.5915693566833955,
    2.288621525658252,
    6.729727317538442,
    0.6998764435078915,
    2.4755598999091712,
    21.53979523204281,
    2.1241987318348086,
    2.4115619930879753,
    0.14447308771401524,
    0.4795626067774754,
    -0.031046324483167353,
    8.509890154175537,
    0.5027161103069426,
    0.3826594885402481,
    1.22014031770492,
    0.410671983693192,
    0.2777017991708446,
    3.325403553350774,
    0.7301337759061517,
    0.36854354851808013,
    7.3520731865110625,
    0.2536272785716531,
    2.4116581481094617
  ],
  "selected_features": [
    "K2O_wt",
    "P2O5_tot_wt"
  ],
  "selected_models": [],
  "stacking_used": false,
  "stacked_model": true,
  "number_of_models": 1,
  "final_estimator": "gpr",
  "final_estimator_params": {
    "gpr_nu": 0.5,
    "gpr_const": 9.090233191808656,
    "gpr_length_scale": 7.691757615642817,
    "gpr_alpha": 0.009813968471585489
  },
  "model_params": {
    "gpr": {
      "gpr_nu": 0.5,
      "gpr_const": 9.090233191808656,
      "gpr_length_scale": 7.691757615642817,
      "gpr_alpha": 0.009813968471585489
    }
  },
  "use_random_split": true,
  "use_feature_selection": true,
  "model_name": "GPR-FS",
  "error_mean": -0.8007807143299306,
  "error_sdev": 1.8747830945712596,
  "uncertainty_median": 18.820602072497223,
  "uncertainty_mad": 6.380118216574229,
  "uncertainty_measure": 33.89964992617093,
  "feature_importance": {
    "K2O_wt": 0.9781519830432482,
    "Fe2O3T_wt": 2.9635727182353633
  }
}