{
  "y_test": [
    0.09,
    1.18,
    0.25,
    0.34,
    10.4,
    0.37,
    1.5,
    0.09,
    22.1,
    1.3,
    0.1,
    1.2,
    0.4,
    0.19,
    5.1,
    0.44,
    25.8,
    5.7,
    0.05,
    1.3,
    6.1,
    0.18,
    1.3,
    2.7,
    0.18,
    6.5,
    0.25,
    0.29,
    0.14,
    0.15,
    1.3,
    3.8,
    2.4,
    2.4,
    0.27,
    0.1,
    2.6,
    1.4,
    0.09,
    0.11,
    0.13,
    0.27,
    0.16,
    4.2,
    0.37
  ],
  "y_pred": [
    4.317421052631574,
    0.6940701754385966,
    0.2086386521860208,
    0.33062719298245613,
    14.741070175438583,
    0.44454385964912424,
    1.498947368421049,
    0.3077456140350875,
    28.29614035087717,
    1.585631578947366,
    0.26999749373433596,
    0.4932909356725149,
    0.18160000000000007,
    0.5045964912280707,
    5.159421052631579,
    0.2568534391534391,
    26.931403508771897,
    5.898245614035089,
    0.3338421052631577,
    0.7791578947368425,
    4.461228070175435,
    0.30477006404901136,
    1.9191052631578913,
    3.0585964912280605,
    0.1372526315789471,
    8.831578947368444,
    0.32604649122807017,
    0.8040350877192997,
    0.3707626566416042,
    0.322306516290727,
    1.816807017543857,
    5.1823508771929845,
    2.4989824561403418,
    1.5577894736842075,
    0.13245285435811713,
    0.3600092871066555,
    1.8870175438596506,
    1.9682105263157852,
    0.4684736842105269,
    0.5210701754385965,
    0.2240655527708162,
    1.566228070175436,
    0.48877192982456175,
    3.4718421052631476,
    0.36640193539404103
  ],
  "selected_features": [
    "K2O_wt",
    "Fe2O3T_wt",
    "SiO2_wt",
    "Al2O3_wt",
    "P2O5_tot_wt"
  ],
  "selected_models": [],
  "stacking_used": false,
  "stacked_model": true,
  "number_of_models": 1,
  "final_estimator": "et",
  "final_estimator_params": {
    "et_n_estimators": 285,
    "et_max_depth": 17,
    "et_min_samples_split": 3,
    "et_min_samples_leaf": 1,
    "et_bootstrap": false
  },
  "model_params": {
    "et": {
      "et_n_estimators": 285,
      "et_max_depth": 17,
      "et_min_samples_split": 3,
      "et_min_samples_leaf": 1,
      "et_bootstrap": false
    }
  },
  "use_random_split": true,
  "use_feature_selection": false,
  "model_name": "ET",
  "error_mean": -0.4664311169900037,
  "error_sdev": 1.3778466270540723,
  "uncertainty_median": 14.573657894736856,
  "uncertainty_mad": 5.4128782022287005,
  "uncertainty_measure": 37.14152096422898,
  "feature_importance": {
    "K2O_wt": 0.09693674620896225,
    "Fe2O3T_wt": 0.051235082562233615,
    "SiO2_wt": 0.5680979820671589,
    "Al2O3_wt": 0.06480452011359175,
    "P2O5_tot_wt": 0.7809922337320796
  }
}