{
  "y_test": [
    11.7,
    0.31,
    0.36,
    0.25,
    25.6,
    2.4,
    0.19,
    0.41,
    0.11,
    0.14,
    0.29,
    0.37,
    0.05,
    1.3,
    0.16,
    0.12,
    0.15,
    0.35,
    0.19,
    0.34,
    0.13,
    1.44,
    1.44,
    0.4,
    34.0,
    0.52,
    4.5,
    1.3,
    6.9,
    0.02,
    1.2,
    1.9,
    4.2,
    6.1,
    0.12,
    8.0,
    0.74,
    6.3,
    0.17,
    0.4,
    0.27,
    0.04,
    1.4,
    24.5,
    0.27
  ],
  "y_pred": [
    6.109867526933138,
    1.4352256058863833,
    1.2299101732626325,
    1.5455188669812525,
    4.563685584849588,
    3.040953720757089,
    1.2905538395271838,
    1.8335865300844287,
    0.3751537056262372,
    1.8113851886065233,
    0.9360808735706609,
    1.4546809363210929,
    0.15041485310651542,
    2.5172165029328712,
    1.1153166997202533,
    1.8341048088814271,
    1.538964173889076,
    1.636264020378381,
    0.15249546567063843,
    1.5282020456124203,
    1.3488270535682814,
    2.288959275737418,
    0.7479894850527125,
    0.9836615422823755,
    3.914336157893679,
    1.3941996302668458,
    6.8895789925039725,
    1.8340270670618781,
    2.090036175995539,
    2.6497317973127825,
    1.7011615104589275,
    2.392674649424352,
    9.013922978998972,
    3.7540838935388576,
    2.250626525065765,
    7.640489926778236,
    1.6621580723264784,
    10.360855014940942,
    1.385529622424551,
    0.9597668335056084,
    1.303454476869717,
    1.359658764792211,
    2.5179939211283706,
    6.4080861358912244,
    2.453179149794357
  ],
  "selected_features": [
    "Fe2O3T_wt",
    "P2O5_tot_wt"
  ],
  "selected_models": [],
  "stacking_used": false,
  "stacked_model": true,
  "number_of_models": 1,
  "final_estimator": "ann",
  "final_estimator_params": {
    "ann_hidden": 53,
    "ann_alpha": 0.049394267874083936
  },
  "model_params": {
    "ann": {
      "ann_hidden": 53,
      "ann_alpha": 0.049394267874083936
    }
  },
  "use_random_split": true,
  "use_feature_selection": true,
  "model_name": "ANN-FS",
  "error_mean": 0.7921206716397368,
  "error_sdev": 6.399194084995815,
  "uncertainty_median": 6.029322113117765,
  "uncertainty_mad": 2.178116546820623,
  "uncertainty_measure": 36.12539695103996,
  "feature_importance": {
    "K2O_wt": -0.021418164250707746,
    "Fe2O3T_wt": 0.3072780278344018
  }
}