{
  "y_test": [
    1.5,
    2.4,
    3.8,
    0.41,
    0.07,
    0.42,
    0.4,
    0.44,
    0.04,
    6.7,
    5.1,
    0.36,
    0.47,
    1.3,
    25.6,
    6.5,
    0.04,
    2.4,
    0.14,
    6.3,
    0.22,
    0.14,
    0.03,
    0.11,
    6.9,
    8.0,
    1.8,
    0.15,
    0.1,
    0.52,
    1.9,
    2.7,
    34.0,
    0.09,
    0.51,
    0.05,
    7.4,
    25.0,
    0.15,
    0.14,
    0.73,
    38.0,
    1.2,
    0.12,
    0.23
  ],
  "y_pred": [
    0.9254370331764221,
    2.1684281826019287,
    5.339003562927246,
    0.871789813041687,
    1.1688716411590576,
    0.9174813628196716,
    0.23200172185897827,
    0.18294650316238403,
    0.029817750677466393,
    6.2836713790893555,
    5.378843307495117,
    0.190400168299675,
    0.33958783745765686,
    1.3215993642807007,
    25.151559829711914,
    9.135481834411621,
    0.524431586265564,
    2.1370019912719727,
    1.3253659009933472,
    5.691096782684326,
    0.505750298500061,
    1.0844331979751587,
    0.21555612981319427,
    1.0977007150650024,
    0.8271827697753906,
    6.268019676208496,
    5.198282718658447,
    1.1440272331237793,
    0.3373139202594757,
    0.43746164441108704,
    6.502766132354736,
    2.2049427032470703,
    26.0352840423584,
    0.5855695605278015,
    0.34523043036460876,
    19.703784942626953,
    6.626540184020996,
    25.483001708984375,
    0.404863566160202,
    0.27960005402565,
    0.6208364963531494,
    4.593640327453613,
    0.7586002945899963,
    0.167653426527977,
    0.2543872594833374
  ],
  "selected_features": [
    "K2O_wt",
    "Fe2O3T_wt",
    "SiO2_wt",
    "Al2O3_wt",
    "P2O5_tot_wt"
  ],
  "selected_models": [],
  "stacking_used": false,
  "stacked_model": true,
  "number_of_models": 1,
  "final_estimator": "xgb",
  "final_estimator_params": {
    "xgb_n_estimators": 142,
    "xgb_lr": 0.034256494365085204,
    "xgb_max_depth": 9,
    "xgb_subsample": 0.6002478575646462,
    "xgb_colsample": 0.867927070851472
  },
  "model_params": {
    "xgb": {
      "xgb_n_estimators": 142,
      "xgb_lr": 0.034256494365085204,
      "xgb_max_depth": 9,
      "xgb_subsample": 0.6002478575646462,
      "xgb_colsample": 0.867927070851472
    }
  },
  "use_random_split": true,
  "use_feature_selection": false,
  "model_name": "XGB",
  "error_mean": 0.3018389558609989,
  "error_sdev": 6.129145564533192,
  "uncertainty_median": 7.367470741271973,
  "uncertainty_mad": 5.563729763031006,
  "uncertainty_measure": 75.51750062424333,
  "feature_importance": {
    "K2O_wt": 0.007943937610184337,
    "Fe2O3T_wt": -0.005799228745430977,
    "SiO2_wt": 0.4645069097292651,
    "Al2O3_wt": 0.014769065910247483,
    "P2O5_tot_wt": 0.19599098427557327
  }
}