{
  "y_test": [
    1.3,
    0.31,
    0.04,
    4.2,
    29.4,
    0.03,
    0.32,
    0.09,
    1.0,
    2.4,
    0.07,
    1.3,
    0.4,
    0.15,
    1.9,
    0.27,
    0.12,
    0.84,
    34.0,
    0.1,
    0.05,
    0.29,
    0.37,
    1.5,
    0.25,
    7.0,
    3.8,
    0.04,
    0.87,
    1.9,
    0.21,
    25.8,
    0.52,
    2.6,
    0.24,
    6.7,
    0.17,
    0.4,
    1.4,
    5.7,
    0.44,
    31.8,
    1.44,
    1.44,
    0.73
  ],
  "y_pred": [
    3.3675669233424905,
    5.181472918699988,
    4.426878380518545,
    6.740023133595564,
    14.450811887016698,
    -0.22114617791582702,
    -0.3641571084182509,
    -0.2495256241288608,
    4.239387624658871,
    0.009206436961022746,
    0.448882590188024,
    5.232001500202614,
    4.151165179050761,
    0.21888268506865316,
    9.334877903912048,
    3.5872632272201948,
    5.196716600284841,
    -0.33069459255404965,
    25.186080318654327,
    0.629487740432559,
    8.066213607025233,
    0.7046349560637672,
    0.5926944785817803,
    -0.7179892630868707,
    1.4055901890430818,
    6.655387925439136,
    5.982818474358677,
    -0.26647992347940175,
    1.9673260740607006,
    4.424373804688663,
    1.063529710875951,
    19.7239457566311,
    -0.7819847906563062,
    3.922009721963409,
    -1.6197535505448606,
    3.771628780248289,
    -0.3319801390957302,
    0.6583982862804874,
    4.6437303113511135,
    3.577396826165497,
    -0.09236305194658456,
    22.86024645719851,
    -1.355043484677342,
    1.371136879172159,
    0.2717531483564777
  ],
  "selected_features": [
    "K2O_wt",
    "Fe2O3T_wt",
    "SiO2_wt",
    "Al2O3_wt"
  ],
  "selected_models": [],
  "stacking_used": false,
  "stacked_model": true,
  "number_of_models": 1,
  "final_estimator": "lr",
  "final_estimator_params": {},
  "model_params": {
    "lr": {}
  },
  "use_random_split": true,
  "use_feature_selection": true,
  "model_name": "LR-FS",
  "error_mean": -0.0851645051290477,
  "error_sdev": 4.086481891266525,
  "uncertainty_median": 5.29805054581378,
  "uncertainty_mad": 6.8123063766918595,
  "uncertainty_measure": 128.5813775799961,
  "feature_importance": {
    "K2O_wt": 0.01880723714830038,
    "Fe2O3T_wt": 0.05504227360135243,
    "SiO2_wt": 1.1760743903984414,
    "Al2O3_wt": 0.12365965581525198
  }
}