{
  "y_test": [
    1.44,
    0.73,
    3.4,
    25.0,
    8.0,
    4.2,
    0.24,
    38.0,
    0.12,
    0.17,
    0.37,
    0.74,
    0.9,
    0.19,
    0.16,
    29.4,
    0.11,
    0.07,
    6.1,
    1.4,
    0.57,
    0.1,
    10.4,
    0.05,
    0.25,
    0.09,
    1.8,
    0.47,
    6.2,
    0.14,
    0.15,
    0.44,
    0.43,
    0.09,
    0.36,
    6.0,
    1.3,
    7.4,
    0.17,
    6.7,
    0.14,
    0.37,
    0.87,
    0.03,
    1.2
  ],
  "y_pred": [
    3.694439766409388,
    1.381739274993505,
    3.9670534646019187,
    24.213868252731704,
    6.803801708099629,
    4.433667917607204,
    0.4868385549373233,
    1.1436883956592543,
    1.1142506287871279,
    -0.3159370613275727,
    0.402324585824672,
    2.018394959994728,
    1.1469038848547313,
    -0.025907653794000396,
    -0.13739335550496934,
    21.05829487540487,
    0.7746148930777439,
    3.411234450475358,
    4.401283105922663,
    1.5072711178930591,
    0.5197442236419088,
    -0.24841501719569026,
    2.4068747021224457,
    0.17319060762754956,
    0.30026518408235425,
    0.3515642706263127,
    4.395517587335467,
    0.028253813744414824,
    10.47583292630523,
    0.7060228796569517,
    0.37603895064797044,
    0.3997037542330695,
    0.05147908803205947,
    0.2576327820554769,
    -0.1180694027741902,
    5.080391882691148,
    1.8951540636429742,
    7.121565822933155,
    0.3665809324793754,
    7.234698156740867,
    0.40377445240674037,
    0.8937444135654857,
    0.9272645688852421,
    0.2725179117735643,
    1.3299136677677112
  ],
  "selected_features": [
    "K2O_wt",
    "Fe2O3T_wt",
    "SiO2_wt",
    "Al2O3_wt",
    "P2O5_tot_wt"
  ],
  "selected_models": [],
  "stacking_used": false,
  "stacked_model": true,
  "number_of_models": 1,
  "final_estimator": "gpr",
  "final_estimator_params": {
    "gpr_nu": 1.5,
    "gpr_const": 3.7861193014296894,
    "gpr_length_scale": 9.888789281209721,
    "gpr_alpha": 0.005968927358598354
  },
  "model_params": {
    "gpr": {
      "gpr_nu": 1.5,
      "gpr_const": 3.7861193014296894,
      "gpr_length_scale": 9.888789281209721,
      "gpr_alpha": 0.005968927358598354
    }
  },
  "use_random_split": true,
  "use_feature_selection": false,
  "model_name": "GPR",
  "error_mean": 0.8750739113405349,
  "error_sdev": 5.860455510110596,
  "uncertainty_median": 6.758933548707082,
  "uncertainty_mad": 5.931918933925737,
  "uncertainty_measure": 87.76412567424126,
  "feature_importance": {
    "K2O_wt": 0.0025341980560224533,
    "Fe2O3T_wt": -0.017583938814791637,
    "SiO2_wt": 0.6336232302061348,
    "Al2O3_wt": 0.010923325971921916,
    "P2O5_tot_wt": 0.09371166528358543
  }
}