{
  "y_test": [
    0.09,
    1.18,
    0.25,
    0.34,
    10.4,
    0.37,
    1.5,
    0.09,
    22.1,
    1.3,
    0.1,
    1.2,
    0.4,
    0.19,
    5.1,
    0.44,
    25.8,
    5.7,
    0.05,
    1.3,
    6.1,
    0.18,
    1.3,
    2.7,
    0.18,
    6.5,
    0.25,
    0.29,
    0.14,
    0.15,
    1.3,
    3.8,
    2.4,
    2.4,
    0.27,
    0.1,
    2.6,
    1.4,
    0.09,
    0.11,
    0.13,
    0.27,
    0.16,
    4.2,
    0.37
  ],
  "y_pred": [
    8.087735757988924,
    -0.11701293770878374,
    1.7864704840332464,
    1.1159449590576789,
    8.919859976370526,
    -0.05140993099214197,
    -0.776525679612542,
    0.5064344085050557,
    47.72730005698012,
    2.8398028548129313,
    0.34391540131968557,
    0.2699149550400636,
    -0.20765800129315382,
    -2.176918915337382,
    4.934045935476979,
    0.06920379935683096,
    46.916566340967634,
    3.89405878383215,
    4.35266679538766,
    0.738599301763515,
    5.352482416341919,
    0.9141145586709515,
    3.606950900548472,
    0.9781979402476711,
    0.15466058066049249,
    12.602415674435889,
    0.9709035142451349,
    -2.410910827702098,
    0.6309221341500383,
    0.3792883479533812,
    3.494360987534254,
    4.751154928733765,
    -0.07374024863570428,
    -0.20859984722279934,
    2.1626940226469817,
    0.0626957057057217,
    2.5827795595758745,
    3.468579344731053,
    -0.07049070707520977,
    -0.7843085337640469,
    1.8379400027608992,
    2.399391342792716,
    2.871235352928903,
    5.055476012799061,
    -0.24019278779582487
  ],
  "selected_features": [
    "K2O_wt",
    "SiO2_wt",
    "Al2O3_wt",
    "P2O5_tot_wt"
  ],
  "selected_models": [],
  "stacking_used": false,
  "stacked_model": true,
  "number_of_models": 1,
  "final_estimator": "ann",
  "final_estimator_params": {
    "ann_hidden": 50,
    "ann_alpha": 2.3258636016662276e-05
  },
  "model_params": {
    "ann": {
      "ann_hidden": 50,
      "ann_alpha": 2.3258636016662276e-05
    }
  },
  "use_random_split": true,
  "use_feature_selection": true,
  "model_name": "ANN-FS",
  "error_mean": -1.430466549360366,
  "error_sdev": 5.257924462197684,
  "uncertainty_median": 21.18550781850914,
  "uncertainty_mad": 11.097448792998104,
  "uncertainty_measure": 52.382264744688335,
  "feature_importance": {
    "K2O_wt": 0.22189790469927387,
    "Fe2O3T_wt": 1.1230661768977246,
    "SiO2_wt": 0.09271048043618853,
    "Al2O3_wt": 0.9734709644589575
  }
}