{
  "y_test": [
    0.04,
    2.4,
    0.29,
    0.29,
    0.42,
    1.4,
    0.1,
    6.6,
    0.36,
    0.07,
    0.04,
    0.31,
    4.5,
    38.0,
    2.6,
    0.52,
    3.8,
    0.27,
    6.2,
    11.7,
    0.16,
    0.14,
    1.44,
    0.4,
    0.04,
    2.4,
    5.1,
    0.21,
    0.05,
    0.07,
    1.47,
    0.09,
    0.56,
    25.6,
    0.44,
    0.57,
    0.37,
    6.0,
    0.19,
    10.1,
    0.17,
    6.2,
    1.5,
    5.4,
    6.7
  ],
  "y_pred": [
    0.5225482999429515,
    1.0821179869406112,
    0.438269451050536,
    1.0235785087483715,
    0.9620614934913135,
    1.7483660643933308,
    0.5517765588553375,
    6.3394056534911725,
    0.474212833287463,
    0.4981089640027854,
    0.5775318224854924,
    0.8807927650002587,
    5.952704793559544,
    2.9228011396159603,
    1.8819272335848338,
    0.5639310832293836,
    3.502952550116608,
    0.5818145365578338,
    6.6885016682706535,
    7.721466230027304,
    0.531810959380667,
    0.552111602160042,
    0.4285244097011943,
    0.6874105627448521,
    0.4416379759674128,
    1.8335705182267767,
    3.4380888774060385,
    0.4482794179940379,
    11.908349030540407,
    1.0122055580342726,
    1.153996075881464,
    0.6541032341654254,
    0.697394590299208,
    27.209354094579037,
    0.4902008708617584,
    0.5259890783685796,
    0.6617687685545287,
    3.8344647268572856,
    0.5001130699680043,
    7.068616781030753,
    0.5157337185118687,
    2.9807048327359666,
    0.9928029014464242,
    3.219550132253771,
    7.540421741642759
  ],
  "selected_features": [
    "K2O_wt",
    "Fe2O3T_wt",
    "SiO2_wt",
    "Al2O3_wt",
    "P2O5_tot_wt"
  ],
  "selected_models": [],
  "stacking_used": false,
  "stacked_model": true,
  "number_of_models": 1,
  "final_estimator": "et",
  "final_estimator_params": {
    "et_n_estimators": 289,
    "et_max_depth": 4,
    "et_min_samples_split": 2,
    "et_min_samples_leaf": 1,
    "et_bootstrap": false
  },
  "model_params": {
    "et": {
      "et_n_estimators": 289,
      "et_max_depth": 4,
      "et_min_samples_split": 2,
      "et_min_samples_leaf": 1,
      "et_bootstrap": false
    }
  },
  "use_random_split": true,
  "use_feature_selection": false,
  "model_name": "ET",
  "error_mean": 0.6897317074230159,
  "error_sdev": 5.663733386327521,
  "uncertainty_median": 8.488823875814354,
  "uncertainty_mad": 5.132188730951019,
  "uncertainty_measure": 60.458183678109066,
  "feature_importance": {
    "K2O_wt": -0.012337235003826925,
    "Fe2O3T_wt": -0.021040684296960092,
    "SiO2_wt": 0.2826015221865196,
    "Al2O3_wt": 0.007841256805998098,
    "P2O5_tot_wt": 0.20581273121289656
  }
}