{
  "y_test": [
    1.44,
    0.73,
    3.4,
    25.0,
    8.0,
    4.2,
    0.24,
    38.0,
    0.12,
    0.17,
    0.37,
    0.74,
    0.9,
    0.19,
    0.16,
    29.4,
    0.11,
    0.07,
    6.1,
    1.4,
    0.57,
    0.1,
    10.4,
    0.05,
    0.25,
    0.09,
    1.8,
    0.47,
    6.2,
    0.14,
    0.15,
    0.44,
    0.43,
    0.09,
    0.36,
    6.0,
    1.3,
    7.4,
    0.17,
    6.7,
    0.14,
    0.37,
    0.87,
    0.03,
    1.2
  ],
  "y_pred": [
    1.8123529411764714,
    0.7374705882352934,
    3.4139999999999993,
    21.24823529411763,
    5.92023529411764,
    4.681176470588236,
    0.3074791189202952,
    4.281176470588232,
    1.1014117647058832,
    0.37362941176470565,
    0.2706004074357015,
    1.0529411764705885,
    1.1867058823529413,
    0.6397647058823527,
    0.15699999999999997,
    15.389999999999999,
    1.316117647058822,
    0.6615294117647061,
    4.797647058823531,
    1.338823529411763,
    0.2214313725490195,
    0.30501960784313714,
    5.453764705882349,
    0.2272941176470588,
    0.31828431372549004,
    0.6102352941176473,
    6.038117647058817,
    0.33589215686274504,
    7.383764705882352,
    2.0590588235294107,
    0.35283725490196066,
    0.22174649859943957,
    0.13705882352941162,
    0.5957882352941174,
    0.36098039215686273,
    4.454117647058826,
    1.3682352941176454,
    6.808235294117647,
    0.367796485867074,
    6.702352941176463,
    0.37823529411764695,
    0.43467843137254863,
    1.7763529411764718,
    0.2117254901960783,
    0.7588627450980386
  ],
  "selected_features": [
    "K2O_wt",
    "Fe2O3T_wt",
    "SiO2_wt",
    "Al2O3_wt",
    "P2O5_tot_wt"
  ],
  "selected_models": [],
  "stacking_used": false,
  "stacked_model": true,
  "number_of_models": 1,
  "final_estimator": "et",
  "final_estimator_params": {
    "et_n_estimators": 85,
    "et_max_depth": 17,
    "et_min_samples_split": 2,
    "et_min_samples_leaf": 1,
    "et_bootstrap": false
  },
  "model_params": {
    "et": {
      "et_n_estimators": 85,
      "et_max_depth": 17,
      "et_min_samples_split": 2,
      "et_min_samples_leaf": 1,
      "et_bootstrap": false
    }
  },
  "use_random_split": true,
  "use_feature_selection": false,
  "model_name": "ET",
  "error_mean": 1.064218584726821,
  "error_sdev": 5.556067308671621,
  "uncertainty_median": 7.593941176470587,
  "uncertainty_mad": 2.086572918771966,
  "uncertainty_measure": 27.476811714542887,
  "feature_importance": {
    "K2O_wt": 0.001077372513830709,
    "Fe2O3T_wt": -0.007814286042594038,
    "SiO2_wt": 0.23351940914630498,
    "Al2O3_wt": 0.013930275926614649,
    "P2O5_tot_wt": 0.3179098614506977
  }
}