{
  "y_test": [
    0.4,
    7.4,
    6.6,
    6.2,
    0.57,
    0.47,
    0.14,
    0.29,
    0.36,
    8.9,
    1.4,
    6.7,
    2.4,
    5.7,
    0.05,
    1.8,
    0.9,
    6.3,
    1.53,
    34.0,
    0.02,
    4.2,
    4.2,
    1.3,
    6.9,
    0.87,
    29.4,
    0.04,
    6.5,
    1.9,
    0.09,
    0.52,
    1.47,
    0.17,
    0.04,
    0.18,
    4.5,
    0.07,
    31.8,
    0.25,
    0.19,
    0.23,
    0.15,
    25.6,
    1.44
  ],
  "y_pred": [
    -0.49077210820120554,
    8.449081069048672,
    7.900887124439164,
    7.427326492042118,
    0.45810229726389773,
    0.18192789620910688,
    0.08218614325378049,
    0.10419129326355625,
    0.18370623118927654,
    2.825309427859039,
    1.8585417882353403,
    4.738981163263732,
    3.003564382072753,
    5.017598860559039,
    10.262562446679365,
    1.9734751360614418,
    2.463591377424287,
    8.649635098981411,
    1.020118899229067,
    19.501382194266284,
    0.34251298004965536,
    6.2799840988772795,
    11.630954003051983,
    2.2927613761775936,
    5.871563581635961,
    0.4628978190052724,
    19.23568467976981,
    0.07069508380345768,
    9.239986077673233,
    9.535182606936688,
    0.25916161559603834,
    0.22986941519294612,
    0.4557633378408621,
    0.12220599854009251,
    0.2033930211854802,
    0.1790348367154646,
    4.1706041146878725,
    1.9482641436337673,
    21.864577063568444,
    0.4988838059725391,
    0.10251323152485625,
    0.28651101621343056,
    0.39932936577868006,
    24.416548734825138,
    0.12878166416434889
  ],
  "selected_features": [
    "K2O_wt",
    "Fe2O3T_wt",
    "SiO2_wt",
    "Al2O3_wt",
    "P2O5_tot_wt"
  ],
  "selected_models": [],
  "stacking_used": false,
  "stacked_model": true,
  "number_of_models": 1,
  "final_estimator": "gpr",
  "final_estimator_params": {
    "gpr_nu": 0.5,
    "gpr_const": 8.218618659744216,
    "gpr_length_scale": 4.732179354445096,
    "gpr_alpha": 0.009715016228909688
  },
  "model_params": {
    "gpr": {
      "gpr_nu": 0.5,
      "gpr_const": 8.218618659744216,
      "gpr_length_scale": 4.732179354445096,
      "gpr_alpha": 0.009715016228909688
    }
  },
  "use_random_split": true,
  "use_feature_selection": false,
  "model_name": "GPR",
  "error_mean": 0.1844653136541995,
  "error_sdev": 4.005751751701262,
  "uncertainty_median": 5.515474278163593,
  "uncertainty_mad": 5.272319993221233,
  "uncertainty_measure": 95.59141657309443,
  "feature_importance": {
    "K2O_wt": -0.0012393871438654558,
    "Fe2O3T_wt": 0.051373981988935974,
    "SiO2_wt": 1.0817390151554203,
    "Al2O3_wt": 0.08471549586489095,
    "P2O5_tot_wt": 0.009819922744114286
  }
}