{
  "y_test": [
    11.7,
    6.6,
    3.8,
    0.04,
    0.15,
    0.04,
    2.4,
    8.7,
    6.7,
    24.5,
    1.9,
    1.4,
    2.7,
    0.24,
    0.14,
    3.4,
    34.0,
    0.04,
    0.04,
    4.2,
    0.15,
    1.47,
    0.18,
    0.37,
    7.4,
    0.19,
    0.04,
    25.6,
    0.34,
    1.5,
    0.15,
    1.53,
    0.09,
    0.35,
    0.05,
    0.14,
    0.37,
    4.2,
    1.44,
    25.6,
    0.23,
    0.57,
    0.43,
    0.17,
    0.17
  ],
  "y_pred": [
    2.91437310573186,
    5.152617803349801,
    1.3997650867848788,
    -1.1345146958700227,
    -0.716545653153344,
    -2.096608211493534,
    -0.02721215065578131,
    6.736935547160952,
    7.975462816856524,
    3.776030792989338,
    0.2593756421147364,
    0.6167220141204914,
    0.3362896709458837,
    -0.5843011172405518,
    -2.736623717912724,
    0.9473283176857595,
    2.7570727494017238,
    -1.6413072034869969,
    -1.0958406175365187,
    1.2786323318274966,
    -1.3933013786085393,
    -0.30227385980635657,
    -1.308369634110608,
    -1.0349619959994087,
    5.61305464247766,
    -1.505423665826242,
    -0.8498180738529618,
    3.649322874299515,
    -0.7089377392646184,
    -0.8545545942656901,
    -0.5380231541995285,
    -0.41206959017686073,
    -1.0260110406643723,
    -0.6572504357741472,
    4.858491835524227,
    -1.4098828751147763,
    -1.2670100057471179,
    1.3359810711075664,
    -2.3608317785123187,
    3.383913752699393,
    -1.1091159543383138,
    -1.538418184392404,
    -2.2856399541993326,
    -1.2551844364737246,
    -1.8595706882929917
  ],
  "selected_features": [
    "K2O_wt",
    "Fe2O3T_wt",
    "SiO2_wt",
    "Al2O3_wt",
    "P2O5_tot_wt"
  ],
  "selected_models": [],
  "stacking_used": false,
  "stacked_model": true,
  "number_of_models": 1,
  "final_estimator": "svr",
  "final_estimator_params": {
    "svr_C": 0.5605468280344934,
    "svr_epsilon": 0.18766713882626754
  },
  "model_params": {
    "svr": {
      "svr_C": 0.5605468280344934,
      "svr_epsilon": 0.18766713882626754
    }
  },
  "feature_names": [
    "K2O_wt",
    "Fe2O3T_wt",
    "SiO2_wt",
    "Al2O3_wt",
    "P2O5_tot_wt"
  ],
  "use_random_split": true,
  "use_feature_selection": false,
  "model_name": "SVR",
  "error_mean": 3.691960718930933,
  "error_sdev": 6.754754496720035,
  "uncertainty_median": 5.0203441015734285,
  "uncertainty_mad": 2.2961879553169298,
  "uncertainty_measure": 45.737660782998525,
  "feature_importance": {
    "K2O_wt": 0.001873470650199629,
    "Fe2O3T_wt": -0.0024543031974894503,
    "SiO2_wt": 0.13228519136361283,
    "Al2O3_wt": -0.012281669761334553,
    "P2O5_tot_wt": 0.1731819722979418
  },
  "run": 3
}