{
  "y_test": [
    0.16,
    34.0,
    29.4,
    0.74,
    0.23,
    24.5,
    0.17,
    4.2,
    0.52,
    2.4,
    0.41,
    3.8,
    0.1,
    0.02,
    8.7,
    0.35,
    0.14,
    0.09,
    22.1,
    38.0,
    0.44,
    5.7,
    25.0,
    0.4,
    1.3,
    0.04,
    25.8,
    0.12,
    0.1,
    4.2,
    0.25,
    0.04,
    0.04,
    7.0,
    1.18,
    0.24,
    25.6,
    3.4,
    0.56,
    1.3,
    0.16,
    4.2,
    0.05,
    0.04,
    0.09
  ],
  "y_pred": [
    0.19997151408262517,
    23.97584362139923,
    14.232592592592587,
    0.8947855450448037,
    0.30477384560354803,
    20.676625514403316,
    0.28396184510024647,
    3.2853497942386793,
    0.2309002537176102,
    2.703415637860076,
    0.5753429355281214,
    5.46008230452675,
    0.4066137916321282,
    2.5025514403292135,
    7.297530864197532,
    0.3010502107564564,
    1.9512997256515756,
    0.480438324364251,
    22.089629629629666,
    4.9745267489711935,
    0.27588790035376815,
    6.389629629629637,
    17.170987654320996,
    0.29714668358138174,
    1.313374485596708,
    0.21753278740007093,
    21.731193415637883,
    0.46532889150173107,
    0.35782788522567033,
    5.6444855967078125,
    0.22997158430745954,
    2.356430727023315,
    0.3869295245221171,
    6.7761728395061605,
    0.8368661927921206,
    0.21250966779585456,
    19.62613168724281,
    3.0221810699588447,
    0.8586248285322371,
    1.3774148896371132,
    0.6021942158207597,
    6.787242798353898,
    8.741399176954722,
    0.34452299319873797,
    0.6505874458525157
  ],
  "selected_features": [
    "K2O_wt",
    "Fe2O3T_wt",
    "SiO2_wt",
    "Al2O3_wt",
    "P2O5_tot_wt"
  ],
  "selected_models": [],
  "stacking_used": false,
  "stacked_model": true,
  "number_of_models": 1,
  "final_estimator": "et",
  "final_estimator_params": {
    "et_n_estimators": 243,
    "et_max_depth": 13,
    "et_min_samples_split": 2,
    "et_min_samples_leaf": 1,
    "et_bootstrap": true
  },
  "model_params": {
    "et": {
      "et_n_estimators": 243,
      "et_max_depth": 13,
      "et_min_samples_split": 2,
      "et_min_samples_leaf": 1,
      "et_bootstrap": true
    }
  },
  "use_random_split": true,
  "use_feature_selection": false,
  "model_name": "ET",
  "error_mean": 1.284003095309246,
  "error_sdev": 5.996639510858492,
  "uncertainty_median": 10.105637860082318,
  "uncertainty_mad": 3.794642536132493,
  "uncertainty_measure": 37.54975775573243,
  "feature_importance": {
    "K2O_wt": 0.012057158952184462,
    "Fe2O3T_wt": -0.0028786601453759065,
    "SiO2_wt": 0.3453502263437067,
    "Al2O3_wt": 0.06085526954082688,
    "P2O5_tot_wt": 0.21503555173510558
  }
}