{
  "y_test": [
    1.3,
    0.31,
    0.04,
    4.2,
    29.4,
    0.03,
    0.32,
    0.09,
    1.0,
    2.4,
    0.07,
    1.3,
    0.4,
    0.15,
    1.9,
    0.27,
    0.12,
    0.84,
    34.0,
    0.1,
    0.05,
    0.29,
    0.37,
    1.5,
    0.25,
    7.0,
    3.8,
    0.04,
    0.87,
    1.9,
    0.21,
    25.8,
    0.52,
    2.6,
    0.24,
    6.7,
    0.17,
    0.4,
    1.4,
    5.7,
    0.44,
    31.8,
    1.44,
    1.44,
    0.73
  ],
  "y_pred": [
    3.284397352534455,
    4.953578873242542,
    4.236164340571445,
    6.557201617392597,
    15.650331736852687,
    -0.22766039217184186,
    -0.3092467439478739,
    -0.22947888800172933,
    4.0174107436196245,
    0.12677247867322095,
    0.3526376372379012,
    5.012631185644864,
    3.942661394617076,
    0.24622520625235111,
    8.980476898370757,
    3.4940954515548377,
    5.072716672103134,
    -0.29465051496408634,
    24.25371386818223,
    0.5872723440611018,
    7.962000452697801,
    0.6733705618790431,
    0.5911458273452759,
    -0.6208209340579351,
    1.3271394743025375,
    7.060383544329483,
    5.833266208634058,
    -0.22691297927184806,
    1.9211624425959606,
    4.284924800653787,
    1.0654995656551023,
    21.657474109912208,
    -0.7343151131319168,
    3.683633589799765,
    -1.491023494459352,
    4.560321605271881,
    -0.28507435366516987,
    0.6236874510127244,
    4.4608258787871655,
    3.604807536144712,
    -0.07220361600263558,
    22.203298995498315,
    -1.2428875969680675,
    1.3302901068901214,
    0.26804847043479185
  ],
  "selected_features": [
    "K2O_wt",
    "Fe2O3T_wt",
    "SiO2_wt",
    "Al2O3_wt",
    "P2O5_tot_wt"
  ],
  "selected_models": [],
  "stacking_used": false,
  "stacked_model": true,
  "number_of_models": 1,
  "final_estimator": "lr",
  "final_estimator_params": {},
  "model_params": {
    "lr": {}
  },
  "use_random_split": true,
  "use_feature_selection": false,
  "model_name": "LR",
  "error_mean": -0.09433986213584657,
  "error_sdev": 3.935901768909177,
  "uncertainty_median": 6.443622156505883,
  "uncertainty_mad": 6.4786919154399625,
  "uncertainty_measure": 100.54425535952122,
  "feature_importance": {
    "K2O_wt": 0.019293929247528863,
    "Fe2O3T_wt": 0.053603234086142294,
    "SiO2_wt": 1.0634748841066146,
    "Al2O3_wt": 0.1137068136720525,
    "P2O5_tot_wt": 0.03372963549612996
  }
}