{
  "y_test": [
    1.44,
    0.73,
    3.4,
    25.0,
    8.0,
    4.2,
    0.24,
    38.0,
    0.12,
    0.17,
    0.37,
    0.74,
    0.9,
    0.19,
    0.16,
    29.4,
    0.11,
    0.07,
    6.1,
    1.4,
    0.57,
    0.1,
    10.4,
    0.05,
    0.25,
    0.09,
    1.8,
    0.47,
    6.2,
    0.14,
    0.15,
    0.44,
    0.43,
    0.09,
    0.36,
    6.0,
    1.3,
    7.4,
    0.17,
    6.7,
    0.14,
    0.37,
    0.87,
    0.03,
    1.2
  ],
  "y_pred": [
    1.3005982637405396,
    0.48676228523254395,
    3.4045815467834473,
    20.956836700439453,
    6.927840709686279,
    4.041969299316406,
    0.4644729197025299,
    4.312480926513672,
    1.3844717741012573,
    0.43456563353538513,
    0.3754883408546448,
    0.5417581796646118,
    1.5228509902954102,
    1.1274445056915283,
    0.020058032125234604,
    20.378156661987305,
    1.1343218088150024,
    0.9634127020835876,
    4.571155071258545,
    1.999316692352295,
    0.21962745487689972,
    0.27500101923942566,
    5.360345363616943,
    0.14044195413589478,
    0.33813712000846863,
    0.4114381968975067,
    4.569598197937012,
    0.1855398267507553,
    6.535224437713623,
    1.1587029695510864,
    0.3330264389514923,
    0.15104877948760986,
    0.09598391503095627,
    1.2385610342025757,
    0.32854723930358887,
    4.243976593017578,
    1.7528961896896362,
    7.4915595054626465,
    0.5172402262687683,
    6.872310638427734,
    0.6660771369934082,
    0.4326522648334503,
    1.4284813404083252,
    0.31086257100105286,
    0.946067214012146
  ],
  "selected_features": [
    "K2O_wt",
    "Fe2O3T_wt",
    "SiO2_wt",
    "Al2O3_wt",
    "P2O5_tot_wt"
  ],
  "selected_models": [],
  "stacking_used": false,
  "stacked_model": true,
  "number_of_models": 1,
  "final_estimator": "xgb",
  "final_estimator_params": {
    "xgb_n_estimators": 297,
    "xgb_lr": 0.10262090244610395,
    "xgb_max_depth": 7,
    "xgb_subsample": 0.9968371683626451,
    "xgb_colsample": 0.6381606404535114
  },
  "model_params": {
    "xgb": {
      "xgb_n_estimators": 297,
      "xgb_lr": 0.10262090244610395,
      "xgb_max_depth": 7,
      "xgb_subsample": 0.9968371683626451,
      "xgb_colsample": 0.6381606404535114
    }
  },
  "use_random_split": true,
  "use_feature_selection": false,
  "model_name": "XGB",
  "error_mean": 0.9801802072889274,
  "error_sdev": 5.305448444841523,
  "uncertainty_median": 5.8893585205078125,
  "uncertainty_mad": 1.9326844215393066,
  "uncertainty_measure": 32.81655234282901,
  "feature_importance": {
    "K2O_wt": -0.004319510327461132,
    "Fe2O3T_wt": 0.00402407655167423,
    "SiO2_wt": 0.4897387281462784,
    "Al2O3_wt": -0.0003368184659338769,
    "P2O5_tot_wt": 0.1994797518563437
  }
}