{
  "y_test": [
    3.4,
    0.34,
    1.4,
    5.7,
    0.19,
    0.03,
    0.52,
    2.6,
    0.04,
    0.56,
    25.0,
    0.16,
    3.8,
    0.41,
    0.13,
    0.14,
    0.11,
    0.46,
    8.7,
    34.0,
    6.3,
    31.8,
    0.15,
    0.4,
    1.53,
    0.29,
    0.37,
    2.4,
    0.12,
    4.2,
    0.17,
    0.52,
    6.7,
    1.0,
    6.2,
    0.15,
    22.1,
    0.47,
    0.15,
    0.84,
    4.5,
    0.1,
    0.05,
    0.32,
    0.14
  ],
  "y_pred": [
    4.179185241187393,
    0.23593067663159406,
    2.344039559219156,
    4.078346480306518,
    0.1638965199549718,
    0.1357152204658174,
    0.21086312270669305,
    4.872622816172322,
    0.11421362984720629,
    0.7765173564637462,
    25.473693468812048,
    0.30771521592660545,
    5.040874254835534,
    0.700386010545722,
    0.3077603991204785,
    1.3044973917339218,
    0.3766911290669248,
    1.7918787970210475,
    7.257384741056153,
    20.32962139415685,
    6.061268126326796,
    22.82530456943637,
    0.12448616941515267,
    2.4662090336258187,
    0.619939586937885,
    0.4899548424656732,
    0.5489872025915195,
    0.6501178080490613,
    1.7608322882399174,
    5.695086934054672,
    0.335073896782323,
    0.5096673165056904,
    7.400640899226806,
    1.4964474339596363,
    8.35406793461221,
    1.045854139719498,
    20.778159277860443,
    0.09700549967758132,
    2.698861486416984,
    0.23244763729987516,
    5.980278980010146,
    0.2423010047998675,
    15.135759244270163,
    0.7603365157502715,
    18.016026411541155
  ],
  "selected_features": [
    "K2O_wt",
    "Fe2O3T_wt",
    "SiO2_wt",
    "P2O5_tot_wt"
  ],
  "selected_models": [],
  "stacking_used": false,
  "stacked_model": true,
  "number_of_models": 1,
  "final_estimator": "gpr",
  "final_estimator_params": {
    "gpr_nu": 0.5,
    "gpr_const": 7.924650378878544,
    "gpr_length_scale": 3.259278219012812,
    "gpr_alpha": 1.0147751915361706e-10
  },
  "model_params": {
    "gpr": {
      "gpr_nu": 0.5,
      "gpr_const": 7.924650378878544,
      "gpr_length_scale": 3.259278219012812,
      "gpr_alpha": 1.0147751915361706e-10
    }
  },
  "use_random_split": true,
  "use_feature_selection": true,
  "model_name": "GPR-FS",
  "error_mean": -0.5703766147734713,
  "error_sdev": 4.38786123128892,
  "uncertainty_median": 8.282193049638918,
  "uncertainty_mad": 8.191014458707691,
  "uncertainty_measure": 98.89910087358804,
  "feature_importance": {
    "K2O_wt": -0.013097540944548253,
    "Fe2O3T_wt": 0.04322874535020337,
    "SiO2_wt": 1.3234835760987134,
    "Al2O3_wt": 0.027067155028997352
  }
}