{
  "y_test": [
    1.9,
    1.44,
    0.09,
    2.4,
    0.68,
    0.42,
    34.0,
    25.6,
    2.6,
    0.27,
    25.0,
    0.18,
    0.24,
    6.3,
    0.32,
    1.47,
    0.74,
    1.4,
    0.41,
    1.3,
    6.7,
    0.87,
    0.15,
    1.53,
    0.46,
    6.5,
    1.2,
    2.4,
    0.37,
    0.04,
    0.35,
    1.8,
    0.25,
    0.19,
    0.34,
    11.7,
    0.14,
    0.1,
    0.04,
    0.18,
    0.1,
    5.1,
    0.37,
    4.2,
    0.27
  ],
  "y_pred": [
    4.24212646484375,
    0.22414880990982056,
    5.571969985961914,
    1.8240586519241333,
    0.434273898601532,
    0.45614907145500183,
    29.991479873657227,
    23.690828323364258,
    1.1756037473678589,
    0.08265722543001175,
    20.34037971496582,
    0.21424733102321625,
    0.39937305450439453,
    6.222891330718994,
    0.32159700989723206,
    0.9581449031829834,
    0.7976582050323486,
    1.959022879600525,
    0.6144320964813232,
    1.4550144672393799,
    7.012411117553711,
    1.2716494798660278,
    0.22970086336135864,
    0.1530911922454834,
    0.8899906873703003,
    9.29158878326416,
    0.40014365315437317,
    1.1800856590270996,
    0.3489868640899658,
    0.23962298035621643,
    0.1319488286972046,
    14.285377502441406,
    0.26546573638916016,
    0.18535096943378448,
    0.33649682998657227,
    12.968931198120117,
    0.1531771421432495,
    0.2985028624534607,
    0.23453567922115326,
    0.16474147140979767,
    0.3024790287017822,
    4.928230285644531,
    5.125180244445801,
    5.417153835296631,
    0.929203987121582
  ],
  "selected_features": [
    "Fe2O3T_wt",
    "SiO2_wt",
    "Al2O3_wt",
    "P2O5_tot_wt"
  ],
  "selected_models": [],
  "stacking_used": false,
  "stacked_model": true,
  "number_of_models": 1,
  "final_estimator": "xgb",
  "final_estimator_params": {
    "xgb_n_estimators": 56,
    "xgb_lr": 0.07172852203241475,
    "xgb_max_depth": 10,
    "xgb_subsample": 0.6037025775281671,
    "xgb_colsample": 0.9912870194834525
  },
  "model_params": {
    "xgb": {
      "xgb_n_estimators": 56,
      "xgb_lr": 0.07172852203241475,
      "xgb_max_depth": 10,
      "xgb_subsample": 0.6037025775281671,
      "xgb_colsample": 0.9912870194834525
    }
  },
  "use_random_split": true,
  "use_feature_selection": true,
  "model_name": "XGB-FS",
  "error_mean": -0.34689119837681454,
  "error_sdev": 2.4803109615029677,
  "uncertainty_median": 12.616840362548828,
  "uncertainty_mad": 6.215860843658447,
  "uncertainty_measure": 49.26638258901401,
  "feature_importance": {
    "K2O_wt": 0.1762426734214949,
    "Fe2O3T_wt": 0.3888228142950102,
    "SiO2_wt": 0.11592279832012176,
    "Al2O3_wt": 0.7792063439238532
  }
}