{
  "y_test": [
    1.2,
    0.46,
    0.23,
    34.0,
    3.4,
    6.9,
    0.34,
    22.1,
    0.4,
    0.68,
    0.73,
    0.21,
    0.17,
    0.1,
    0.04,
    0.04,
    0.47,
    1.4,
    0.15,
    8.7,
    0.35,
    2.4,
    0.19,
    1.5,
    5.1,
    3.8,
    0.09,
    0.14,
    1.3,
    0.04,
    10.1,
    29.4,
    8.0,
    0.43,
    0.36,
    0.04,
    0.14,
    0.4,
    1.18,
    0.05,
    4.5,
    6.1,
    1.3,
    1.9,
    0.19
  ],
  "y_pred": [
    3.577986885822405,
    2.3513576809190724,
    3.293627444986811,
    21.55933091237917,
    6.766761882278249,
    2.286149379777335,
    4.345691952643435,
    28.600907174331446,
    2.8160133376220315,
    2.7318312627351986,
    2.406962513335504,
    0.5204899760688129,
    3.8934987412465354,
    3.1522869945267935,
    4.6596956062093255,
    2.06170429192537,
    2.8061742332464448,
    5.698426845823644,
    3.703511396620666,
    10.909860927973986,
    6.21296443421906,
    4.556919311504853,
    1.4414566172498766,
    1.914460836810072,
    6.954691000800153,
    6.769082950032445,
    10.578519866976114,
    1.7366352275551513,
    5.975758575117705,
    2.376706142789679,
    11.28525483826578,
    18.130844656837453,
    5.5007595082362855,
    2.717205550860804,
    2.2205824056717596,
    5.729762330306688,
    6.552076240247327,
    2.5982507246401916,
    2.782548589471375,
    1.8591650492225007,
    5.221114825867854,
    7.410980210997874,
    4.369470749094617,
    4.945934543597229,
    1.6533173735537332
  ],
  "selected_features": [
    "SiO2_wt",
    "Al2O3_wt",
    "P2O5_tot_wt"
  ],
  "selected_models": [],
  "stacking_used": false,
  "stacked_model": true,
  "number_of_models": 1,
  "final_estimator": "svr",
  "final_estimator_params": {
    "svr_C": 9.601260115786769,
    "svr_epsilon": 0.052754770549491126
  },
  "model_params": {
    "svr": {
      "svr_C": 9.601260115786769,
      "svr_epsilon": 0.052754770549491126
    }
  },
  "use_random_split": true,
  "use_feature_selection": true,
  "model_name": "SVR-FS",
  "error_mean": -1.9759273777866402,
  "error_sdev": 3.799269937457202,
  "uncertainty_median": 11.673301988458647,
  "uncertainty_mad": 5.424469100402905,
  "uncertainty_measure": 46.46902055447601,
  "feature_importance": {
    "K2O_wt": 0.8038475755514775,
    "Fe2O3T_wt": 0.1381595819473589,
    "SiO2_wt": 0.0791695898858166
  }
}