{
  "y_test": [
    7.0,
    0.25,
    8.0,
    0.05,
    1.53,
    0.44,
    4.2,
    38.0,
    1.2,
    0.36,
    0.4,
    0.04,
    5.1,
    6.7,
    0.12,
    1.4,
    0.68,
    0.09,
    0.37,
    0.04,
    2.6,
    6.7,
    0.19,
    25.6,
    6.2,
    0.14,
    0.36,
    0.02,
    0.21,
    29.4,
    1.8,
    0.14,
    0.32,
    0.05,
    0.12,
    0.15,
    1.3,
    6.9,
    0.12,
    0.15,
    0.17,
    5.4,
    0.19,
    2.4,
    5.7
  ],
  "y_pred": [
    7.673462732565963,
    0.33291281164221137,
    6.535108995675271,
    10.062740247794517,
    0.6741370979817944,
    0.07538150043364295,
    4.170168331922447,
    3.012457995516684,
    0.7422093171898714,
    0.4582414068398391,
    0.5366069323204898,
    -0.028084491061058425,
    3.7520186638180846,
    10.069911379198958,
    2.018383741503895,
    2.98395713845328,
    0.6773388981237554,
    4.600914274572631,
    0.24989237028103412,
    -0.4525515914003206,
    1.8233652917971754,
    6.677826080615567,
    -0.17960535645571446,
    19.395361226429834,
    9.996593151372174,
    0.9576453128802125,
    0.29667746247329757,
    0.5292915919197732,
    -0.8256201398694911,
    18.927032220511514,
    2.781691795456825,
    -0.6149505825329522,
    -0.3774880000839575,
    2.0841267027983887,
    -0.9317142077364455,
    0.4260465869118078,
    2.537469649959588,
    0.9724803062293732,
    -0.4482242668269431,
    -0.18993285387615017,
    0.3764407979276852,
    3.230558256260651,
    -1.8057079256197721,
    0.032019196241008185,
    4.416958235836092
  ],
  "selected_features": [
    "K2O_wt",
    "Fe2O3T_wt",
    "SiO2_wt",
    "Al2O3_wt",
    "P2O5_tot_wt"
  ],
  "selected_models": [],
  "stacking_used": false,
  "stacked_model": true,
  "number_of_models": 1,
  "final_estimator": "ann",
  "final_estimator_params": {
    "ann_hidden": 74,
    "ann_alpha": 0.0003069873077225834
  },
  "model_params": {
    "ann": {
      "ann_hidden": 74,
      "ann_alpha": 0.0003069873077225834
    }
  },
  "use_random_split": true,
  "use_feature_selection": false,
  "model_name": "ANN",
  "error_mean": 0.9792544825334993,
  "error_sdev": 5.936420312047729,
  "uncertainty_median": 13.188870932360274,
  "uncertainty_mad": 12.4694349203105,
  "uncertainty_measure": 94.54512811794555,
  "feature_importance": {
    "K2O_wt": 0.05455600341749012,
    "Fe2O3T_wt": 0.27022571707321297,
    "SiO2_wt": 0.20754956099761915,
    "Al2O3_wt": 0.5758964672373658,
    "P2O5_tot_wt": 0.28610557687362875
  }
}