{
  "y_test": [
    1.53,
    0.04,
    0.52,
    0.15,
    0.19,
    2.4,
    0.23,
    25.0,
    0.37,
    1.3,
    6.2,
    0.15,
    0.13,
    0.17,
    0.4,
    0.19,
    0.1,
    0.14,
    0.29,
    0.84,
    4.2,
    1.3,
    0.24,
    29.4,
    0.31,
    0.68,
    6.9,
    0.04,
    0.07,
    0.24,
    0.41,
    0.21,
    2.7,
    0.14,
    0.37,
    0.36,
    6.7,
    0.27,
    22.1,
    0.87,
    0.46,
    5.7,
    0.12,
    0.25,
    0.15
  ],
  "y_pred": [
    3.665241690651614,
    3.6146623787121506,
    3.008827862942363,
    3.4431079682833516,
    0.40200679139907436,
    2.0688185409140996,
    2.232597055610647,
    13.716042355091563,
    4.984245406213294,
    4.231758898789533,
    9.633207662579197,
    1.675804002589798,
    3.13524062465536,
    1.690062064843982,
    1.8340924638644118,
    1.833036451598261,
    1.8684832523409867,
    1.4219135974417814,
    3.1970447935006927,
    1.6073171515466793,
    7.944038328808233,
    4.561467235579148,
    0.08795825018702885,
    19.3426442408703,
    4.39887737309172,
    2.5191397724718243,
    7.937603500075694,
    1.4787039531530173,
    2.292270430434586,
    3.050251222286466,
    2.3201916837253904,
    0.2165982960377093,
    2.722252566849546,
    3.1212200039890856,
    2.1840389173648322,
    1.7883088863363668,
    10.77150290155318,
    3.5840878008700887,
    35.042829114416406,
    2.719753435960941,
    2.1685201709460795,
    5.2374768789171195,
    0.28275623543603245,
    2.7495417627597476,
    2.519308341051712
  ],
  "selected_features": [
    "K2O_wt",
    "Fe2O3T_wt",
    "SiO2_wt",
    "Al2O3_wt",
    "P2O5_tot_wt"
  ],
  "selected_models": [],
  "stacking_used": false,
  "stacked_model": true,
  "number_of_models": 1,
  "final_estimator": "svr",
  "final_estimator_params": {
    "svr_C": 5.589629222175611,
    "svr_epsilon": 0.023850407047239484
  },
  "model_params": {
    "svr": {
      "svr_C": 5.589629222175611,
      "svr_epsilon": 0.023850407047239484
    }
  },
  "use_random_split": true,
  "use_feature_selection": false,
  "model_name": "SVR",
  "error_mean": -1.683885607038691,
  "error_sdev": 3.3894313827693447,
  "uncertainty_median": 16.10284595442402,
  "uncertainty_mad": 6.4931088017630385,
  "uncertainty_measure": 40.322740589710186,
  "feature_importance": {
    "K2O_wt": 0.014682642928151666,
    "Fe2O3T_wt": -0.015135464561373147,
    "SiO2_wt": 0.35454121080875134,
    "Al2O3_wt": 0.0013587042432913444,
    "P2O5_tot_wt": 0.7216031977518068
  }
}