{
  "y_test": [
    25.0,
    0.87,
    11.7,
    1.3,
    1.47,
    6.0,
    0.14,
    1.2,
    0.15,
    0.41,
    0.04,
    0.74,
    0.09,
    0.15,
    0.04,
    0.62,
    34.0,
    0.4,
    0.19,
    0.05,
    1.18,
    6.2,
    5.1,
    0.23,
    0.47,
    6.5,
    1.5,
    0.37,
    0.25,
    0.73,
    0.15,
    0.17,
    0.44,
    2.4,
    2.4,
    1.3,
    22.1,
    6.7,
    0.09,
    0.36,
    0.32,
    0.34,
    0.44,
    4.2,
    0.31
  ],
  "y_pred": [
    20.6931055535092,
    1.5900644534124275,
    10.924144186969524,
    2.3110463163398443,
    -0.01177695805634471,
    5.940261926843352,
    -1.5896649945041688,
    1.651041532841159,
    -0.2546968693596128,
    1.3505279286907914,
    4.1880808549192,
    1.1884460856949204,
    -0.05072007499209974,
    1.654467281133165,
    -0.00962409093002492,
    0.07922470378272806,
    28.038815487176482,
    0.33032620348198094,
    -1.74548516735409,
    1.5126993933409736,
    -0.02650910139200846,
    0.05867242261365391,
    5.383839681551397,
    0.9018431966135054,
    0.852672600332852,
    11.792071359893455,
    -0.9628868979799066,
    6.991301291869796,
    2.5729474923779527,
    -0.12001331489035039,
    2.779656132299948,
    2.0794890576985523,
    0.18395783039228064,
    0.8501635160070364,
    -1.3304276647575435,
    4.08102474100188,
    40.09618723088865,
    4.843961537571339,
    -0.09865907532974205,
    0.31341269409883665,
    -0.8125062636983955,
    2.4153507035342443,
    0.4727059106620324,
    7.69206197380052,
    5.1963581874128835
  ],
  "selected_features": [
    "K2O_wt",
    "Fe2O3T_wt",
    "SiO2_wt",
    "Al2O3_wt",
    "P2O5_tot_wt"
  ],
  "selected_models": [],
  "stacking_used": false,
  "stacked_model": true,
  "number_of_models": 1,
  "final_estimator": "lr",
  "final_estimator_params": {},
  "model_params": {
    "lr": {}
  },
  "use_random_split": true,
  "use_feature_selection": false,
  "model_name": "LR",
  "error_mean": -0.5597101999002727,
  "error_sdev": 3.6989478243083527,
  "uncertainty_median": 10.803082887910403,
  "uncertainty_mad": 8.320400684337525,
  "uncertainty_measure": 77.01876187258345,
  "feature_importance": {
    "K2O_wt": -0.00837044952287468,
    "Fe2O3T_wt": 0.20999235485116494,
    "SiO2_wt": 1.072804924771215,
    "Al2O3_wt": 0.027736899354890793,
    "P2O5_tot_wt": -0.008494549285087201
  }
}