{
  "y_test": [
    1.47,
    0.29,
    0.02,
    0.27,
    1.44,
    0.07,
    24.5,
    0.15,
    1.3,
    10.4,
    0.05,
    0.84,
    0.73,
    0.04,
    0.09,
    4.2,
    6.7,
    25.0,
    0.21,
    0.18,
    25.8,
    6.5,
    0.43,
    0.17,
    0.14,
    0.12,
    1.44,
    0.36,
    0.16,
    0.74,
    4.2,
    0.1,
    0.12,
    0.68,
    0.51,
    0.04,
    6.9,
    0.37,
    1.3,
    0.62,
    0.42,
    0.44,
    8.7,
    0.24,
    6.9
  ],
  "y_pred": [
    1.2072398219434732,
    0.2624247941275629,
    0.8679225662785577,
    2.2114825014582262,
    0.32185586605645905,
    0.7651993634508715,
    32.29384442554027,
    0.19192944646525215,
    3.0282365850738966,
    4.785557035975945,
    0.2128733329795189,
    0.1754112126577427,
    0.9790215971321462,
    1.3704799631887332,
    -0.2411196289795852,
    4.78981670191142,
    10.678066680742406,
    28.112863553503495,
    1.1316001501473085,
    0.5110465917791185,
    14.429495214217287,
    11.110571194364796,
    0.9830586184612906,
    0.49990420003121616,
    2.419222869734811,
    1.92337477396978,
    1.45542505267766,
    0.5820072245389408,
    1.0598433421537303,
    1.6305521690946192,
    7.677590395177688,
    0.4883328223531193,
    0.4395389336793215,
    1.0761867534029101,
    1.0341120993224768,
    0.5879594541298687,
    6.747948887690319,
    0.6741230123952618,
    3.097733015418288,
    1.0353953351820844,
    2.5901845102531644,
    0.25754402825931727,
    10.86258690422544,
    1.270641293477093,
    1.2730104430256637
  ],
  "selected_features": [
    "K2O_wt",
    "Fe2O3T_wt",
    "SiO2_wt",
    "Al2O3_wt",
    "P2O5_tot_wt"
  ],
  "selected_models": [],
  "stacking_used": false,
  "stacked_model": true,
  "number_of_models": 1,
  "final_estimator": "ann",
  "final_estimator_params": {
    "ann_hidden": 81,
    "ann_alpha": 0.03293281335365629
  },
  "model_params": {
    "ann": {
      "ann_hidden": 81,
      "ann_alpha": 0.03293281335365629
    }
  },
  "use_random_split": true,
  "use_feature_selection": false,
  "model_name": "ANN",
  "error_mean": -0.5224910024148658,
  "error_sdev": 2.7728243962300447,
  "uncertainty_median": 15.355695466804551,
  "uncertainty_mad": 16.30209436324194,
  "uncertainty_measure": 106.16317833655458,
  "feature_importance": {
    "K2O_wt": 0.17362749574010686,
    "Fe2O3T_wt": 0.13720973702504252,
    "SiO2_wt": 2.38076571933397,
    "Al2O3_wt": 2.879384882153879,
    "P2O5_tot_wt": 0.9170316031131697
  }
}