{
  "y_test": [
    8.7,
    1.3,
    0.52,
    0.57,
    1.4,
    0.1,
    0.23,
    0.51,
    0.19,
    0.44,
    0.27,
    0.41,
    0.09,
    0.34,
    0.35,
    0.46,
    0.14,
    0.4,
    0.14,
    0.07,
    0.21,
    0.43,
    1.53,
    0.42,
    2.7,
    0.68,
    8.0,
    10.4,
    0.04,
    2.4,
    2.4,
    0.15,
    0.19,
    0.47,
    0.24,
    5.1,
    0.04,
    0.37,
    0.18,
    2.4,
    5.4,
    7.4,
    0.14,
    4.5,
    0.13
  ],
  "y_pred": [
    10.030898160306197,
    2.278041140874521,
    -0.9507364853866491,
    0.29508772434181196,
    3.971937513250314,
    1.1336884701620633,
    1.039164546728486,
    2.0812219914530417,
    -2.179708677212176,
    0.6769720245015662,
    4.248927253371704,
    1.812145348959227,
    -0.17251703727029621,
    0.2640055642720185,
    5.164869682974103,
    -0.15574022868180037,
    0.26288322858287927,
    0.5249963579352226,
    -2.4486539750558762,
    1.8660744010455659,
    0.057274949684810395,
    1.1719571680940248,
    4.6506711383279615,
    6.182471400669389,
    0.42932086494810306,
    0.06515848224756837,
    3.8560761898877765,
    10.229175517961668,
    4.5885140719172455,
    -0.5438722927593673,
    0.9453471350024358,
    3.1871684349516407,
    -1.4495095239762392,
    1.048816851445416,
    -2.605085604090192,
    5.755254784873074,
    -0.08603218516605438,
    7.598581546762105,
    0.640197589684675,
    -1.4710106602339152,
    5.435886190610226,
    9.693460185967872,
    0.1148503508312757,
    3.468218358725462,
    3.478491653248973
  ],
  "selected_features": [
    "K2O_wt",
    "Fe2O3T_wt",
    "SiO2_wt",
    "Al2O3_wt",
    "P2O5_tot_wt"
  ],
  "selected_models": [],
  "stacking_used": false,
  "stacked_model": true,
  "number_of_models": 1,
  "final_estimator": "lr",
  "final_estimator_params": {},
  "model_params": {
    "lr": {}
  },
  "use_random_split": true,
  "use_feature_selection": false,
  "model_name": "LR",
  "error_mean": -0.5252208801059524,
  "error_sdev": 2.4491369459077195,
  "uncertainty_median": 1.3331049328220637,
  "uncertainty_mad": 5.272126768822265,
  "uncertainty_measure": 395.4772530667668,
  "feature_importance": {
    "K2O_wt": 0.025898851252388857,
    "Fe2O3T_wt": 0.22781315591793805,
    "SiO2_wt": 4.389467185360297,
    "Al2O3_wt": 0.5231595097093765,
    "P2O5_tot_wt": 0.06886016781567683
  }
}