{
  "y_test": [
    3.4,
    0.34,
    1.4,
    5.7,
    0.19,
    0.03,
    0.52,
    2.6,
    0.04,
    0.56,
    25.0,
    0.16,
    3.8,
    0.41,
    0.13,
    0.14,
    0.11,
    0.46,
    8.7,
    34.0,
    6.3,
    31.8,
    0.15,
    0.4,
    1.53,
    0.29,
    0.37,
    2.4,
    0.12,
    4.2,
    0.17,
    0.52,
    6.7,
    1.0,
    6.2,
    0.15,
    22.1,
    0.47,
    0.15,
    0.84,
    4.5,
    0.1,
    0.05,
    0.32,
    0.14
  ],
  "y_pred": [
    3.3177280666955506,
    0.8821419483574946,
    2.6677870427073045,
    4.020531320419362,
    0.15617180816901755,
    0.32301213700225073,
    0.4806512277381163,
    3.669961504079985,
    0.19455084078841445,
    1.2528861766886674,
    21.793918208844914,
    -0.0042541152288810835,
    3.710315747810468,
    1.411408427395715,
    1.3091857289848585,
    8.430425793699623,
    -0.21784453023038175,
    1.0933006656417241,
    10.380682836539691,
    8.378378663808057,
    8.552091998157021,
    10.153468461936626,
    0.5844598144498399,
    0.9523482871741464,
    1.9933141152951501,
    -0.044665670431183635,
    0.8674919124051543,
    1.2782703194433944,
    7.993386602454132,
    3.8532947106451756,
    1.0668713721900955,
    1.2654135259687287,
    11.089716679544903,
    2.072820211078758,
    9.509711441784322,
    0.8702085244891409,
    12.753429066096043,
    0.868098644915543,
    1.6325639911687162,
    0.45384399495558014,
    6.809141962371127,
    0.8856892192342336,
    60.09477166126298,
    0.8591076925583039,
    2.033614941229531
  ],
  "selected_features": [
    "K2O_wt",
    "Fe2O3T_wt",
    "SiO2_wt",
    "P2O5_tot_wt"
  ],
  "selected_models": [],
  "stacking_used": false,
  "stacked_model": true,
  "number_of_models": 1,
  "final_estimator": "ann",
  "final_estimator_params": {
    "ann_hidden": 38,
    "ann_alpha": 0.05144932826799853
  },
  "model_params": {
    "ann": {
      "ann_hidden": 38,
      "ann_alpha": 0.05144932826799853
    }
  },
  "use_random_split": true,
  "use_feature_selection": true,
  "model_name": "ANN-FS",
  "error_mean": -0.9564311773397647,
  "error_sdev": 10.641833967873522,
  "uncertainty_median": 29.25138613139259,
  "uncertainty_mad": 12.663702295993131,
  "uncertainty_measure": 43.29265710387121,
  "feature_importance": {
    "K2O_wt": -0.028163329546129576,
    "Fe2O3T_wt": -0.3529680840445022,
    "SiO2_wt": 0.24497787663745563,
    "Al2O3_wt": 0.40061815104330883
  }
}