{
  "y_test": [
    0.13,
    0.29,
    1.5,
    0.04,
    0.12,
    0.34,
    0.27,
    0.17,
    25.8,
    25.0,
    0.37,
    7.0,
    0.21,
    38.0,
    0.51,
    1.3,
    0.16,
    0.37,
    0.15,
    0.34,
    0.19,
    0.14,
    6.7,
    0.14,
    0.44,
    1.18,
    4.2,
    0.29,
    1.3,
    0.23,
    0.09,
    6.6,
    0.15,
    0.03,
    0.36,
    6.5,
    31.8,
    0.17,
    1.47,
    6.1,
    1.44,
    2.6,
    0.15,
    0.19,
    0.24
  ],
  "y_pred": [
    1.5413367062013825,
    0.22044861811742933,
    0.21578437246344329,
    0.3669242634662301,
    1.5277012618545402,
    1.6867628128760135,
    2.059243661179168,
    0.8345423659931609,
    19.670666577525775,
    15.280442898221912,
    4.757875955714531,
    4.899138554823601,
    1.4653280857560862,
    3.679299949038155,
    0.9459804851698593,
    3.435938618919951,
    0.8453139554368584,
    0.4656949638452951,
    2.0846333291571284,
    1.4463275724671218,
    0.513403821436312,
    2.09241662127784,
    6.691951727944021,
    1.3684205379133916,
    0.5484783461613859,
    1.5761195791626408,
    5.247596130766763,
    1.9274104709728332,
    1.9308081428816193,
    0.7744844196410953,
    7.742773438792516,
    5.008876796136656,
    0.7486851994375517,
    0.34048213819673634,
    0.09218063632417184,
    6.575924209812074,
    18.23899896121087,
    0.8824984562654244,
    1.5055922416659149,
    4.649329174079218,
    0.2543533145332394,
    6.141816085126248,
    1.5668945557638798,
    -0.3847933897161485,
    0.24007110809353527
  ],
  "selected_features": [
    "SiO2_wt",
    "Al2O3_wt"
  ],
  "selected_models": [],
  "stacking_used": false,
  "stacked_model": true,
  "number_of_models": 1,
  "final_estimator": "ann",
  "final_estimator_params": {
    "ann_hidden": 41,
    "ann_alpha": 0.09964063979292245
  },
  "model_params": {
    "ann": {
      "ann_hidden": 41,
      "ann_alpha": 0.09964063979292245
    }
  },
  "use_random_split": true,
  "use_feature_selection": true,
  "model_name": "ANN-FS",
  "error_mean": 0.6903520503976127,
  "error_sdev": 6.048352693781543,
  "uncertainty_median": 6.040174193289108,
  "uncertainty_mad": 4.919203655073605,
  "uncertainty_measure": 81.44142035736404,
  "feature_importance": {
    "K2O_wt": 0.6183488462851574,
    "Fe2O3T_wt": 0.0714707161798389
  }
}