{
  "y_test": [
    0.04,
    2.4,
    0.29,
    0.29,
    0.42,
    1.4,
    0.1,
    6.6,
    0.36,
    0.07,
    0.04,
    0.31,
    4.5,
    38.0,
    2.6,
    0.52,
    3.8,
    0.27,
    6.2,
    11.7,
    0.16,
    0.14,
    1.44,
    0.4,
    0.04,
    2.4,
    5.1,
    0.21,
    0.05,
    0.07,
    1.47,
    0.09,
    0.56,
    25.6,
    0.44,
    0.57,
    0.37,
    6.0,
    0.19,
    10.1,
    0.17,
    6.2,
    1.5,
    5.4,
    6.7
  ],
  "y_pred": [
    0.14988879691034462,
    0.416553010051651,
    0.10564796498148565,
    0.4859704292052607,
    0.755866855325265,
    1.0165232192165674,
    0.0825260130960137,
    5.358065054163622,
    0.1550878489156302,
    0.35003664457329586,
    0.30355331759100235,
    0.8973174738196992,
    5.333084957627896,
    1.0026257520745419,
    5.02904476378245,
    0.2747922875827151,
    3.6623487089098052,
    0.7460337375905648,
    8.922949628166103,
    10.789054995511624,
    0.2839376751255558,
    0.40090630088879964,
    0.10981628948467659,
    0.04454478739529266,
    0.19963663069182758,
    1.0225193062444027,
    3.413201251062355,
    0.11265846417093428,
    19.65618798605106,
    0.43551589160472925,
    1.1060857533688675,
    0.16205066513038346,
    0.3241397330214024,
    33.1625936194458,
    0.6504917663415575,
    0.23032350285187064,
    0.43938734197718077,
    4.168238718827477,
    0.06938982175903385,
    7.81431650289648,
    0.1274679350300265,
    3.1264428792522185,
    0.3065769533920606,
    2.807689153053208,
    8.913512789698796
  ],
  "selected_features": [
    "SiO2_wt",
    "P2O5_tot_wt"
  ],
  "selected_models": [],
  "stacking_used": false,
  "stacked_model": true,
  "number_of_models": 1,
  "final_estimator": "gpr",
  "final_estimator_params": {
    "gpr_nu": 0.5,
    "gpr_const": 4.040332295989714,
    "gpr_length_scale": 7.9672792290528855,
    "gpr_alpha": 1.9771759944908e-10
  },
  "model_params": {
    "gpr": {
      "gpr_nu": 0.5,
      "gpr_const": 4.040332295989714,
      "gpr_length_scale": 7.9672792290528855,
      "gpr_alpha": 1.9771759944908e-10
    }
  },
  "use_random_split": true,
  "use_feature_selection": true,
  "model_name": "GPR-FS",
  "error_mean": 0.4523421516030771,
  "error_sdev": 6.503545699210779,
  "uncertainty_median": 5.657911231807236,
  "uncertainty_mad": 8.635867200427136,
  "uncertainty_measure": 152.63348692850892,
  "feature_importance": {
    "K2O_wt": 0.7013553188760104,
    "Fe2O3T_wt": 0.10712710569491549
  }
}