{
  "y_test": [
    0.4,
    7.4,
    6.6,
    6.2,
    0.57,
    0.47,
    0.14,
    0.29,
    0.36,
    8.9,
    1.4,
    6.7,
    2.4,
    5.7,
    0.05,
    1.8,
    0.9,
    6.3,
    1.53,
    34.0,
    0.02,
    4.2,
    4.2,
    1.3,
    6.9,
    0.87,
    29.4,
    0.04,
    6.5,
    1.9,
    0.09,
    0.52,
    1.47,
    0.17,
    0.04,
    0.18,
    4.5,
    0.07,
    31.8,
    0.25,
    0.19,
    0.23,
    0.15,
    25.6,
    1.44
  ],
  "y_pred": [
    0.5339988183099642,
    10.97320541001783,
    10.97320541001783,
    6.227724541289428,
    0.40714039325216794,
    0.4603486807360105,
    0.32944135044917316,
    0.32944135044917316,
    1.6127951305972528,
    6.227724541289428,
    2.203495786362757,
    6.227724541289428,
    0.42634465444516206,
    6.227724541289428,
    9.421873788986357,
    6.227724541289428,
    1.0896755435629666,
    10.97320541001783,
    -1.5455574573835573,
    22.38791547442657,
    -2.398653718954504,
    -2.398653718954504,
    10.97320541001783,
    2.203495786362757,
    6.227724541289428,
    1.0398976173363614,
    17.07685500056554,
    0.32944135044917316,
    17.07685500056554,
    0.42634465444516206,
    0.32944135044917316,
    0.8284367245015917,
    1.6043967559052077,
    0.32944135044917316,
    0.32944135044917316,
    0.4362698353088557,
    6.227724541289428,
    0.18386061782128388,
    22.38791547442657,
    1.0896755435629666,
    0.32944135044917316,
    0.4362698353088557,
    -0.12609158205025744,
    22.38791547442657,
    0.32944135044917316
  ],
  "selected_features": [
    "K2O_wt",
    "P2O5_tot_wt"
  ],
  "selected_models": [],
  "stacking_used": false,
  "stacked_model": true,
  "number_of_models": 1,
  "final_estimator": "lgbm",
  "final_estimator_params": {
    "lgbm_num_leaves": 69,
    "lgbm_lr": 0.28533952609664087,
    "lgbm_n_estimators": 265
  },
  "model_params": {
    "lgbm": {
      "lgbm_num_leaves": 69,
      "lgbm_lr": 0.28533952609664087,
      "lgbm_n_estimators": 265
    }
  },
  "use_random_split": true,
  "use_feature_selection": true,
  "model_name": "LGBM-FS",
  "error_mean": 0.10588345896523678,
  "error_sdev": 4.225761744066457,
  "uncertainty_median": 6.227724541289428,
  "uncertainty_mad": 5.2524266116867135,
  "uncertainty_measure": 84.33941766151426,
  "feature_importance": {
    "K2O_wt": 0.6436909382872724,
    "Fe2O3T_wt": 1.240370130745376
  }
}