{
  "y_test": [
    1.53,
    4.2,
    8.7,
    0.24,
    0.04,
    0.35,
    3.4,
    1.3,
    0.56,
    1.8,
    8.0,
    0.22,
    6.7,
    0.18,
    0.4,
    2.4,
    0.51,
    1.47,
    0.52,
    1.2,
    7.4,
    0.43,
    10.1,
    0.25,
    5.4,
    0.11,
    6.5,
    2.7,
    25.0,
    11.7,
    2.6,
    2.4,
    0.31,
    0.15,
    25.8,
    1.3,
    1.44,
    0.47,
    0.05,
    0.17,
    0.14,
    6.1,
    0.15,
    0.57,
    1.44
  ],
  "y_pred": [
    0.135,
    1.2658333333333334,
    14.100000000000001,
    0.2575,
    5.211666666666666,
    0.14833333333333334,
    1.5241666666666667,
    0.5791666666666667,
    0.18000000000000002,
    25.25833333333333,
    6.5249999999999995,
    0.37166666666666665,
    6.4750000000000005,
    0.24749999999999997,
    0.3358333333333334,
    1.9849999999999997,
    0.3258333333333333,
    0.48,
    0.3033333333333333,
    0.5675,
    6.583333333333333,
    0.12083333333333335,
    14.125,
    0.12750000000000003,
    4.800000000000001,
    0.21,
    14.158333333333333,
    1.9433333333333331,
    27.933333333333334,
    18.341666666666672,
    0.8566666666666668,
    1.8516666666666663,
    0.16666666666666666,
    0.4150000000000001,
    25.71666666666667,
    1.375,
    0.7925,
    0.305,
    0.2133333333333333,
    0.32833333333333337,
    0.11333333333333336,
    4.425000000000002,
    0.9,
    0.2625,
    0.1575
  ],
  "selected_features": [
    "K2O_wt",
    "Fe2O3T_wt",
    "SiO2_wt",
    "Al2O3_wt",
    "P2O5_tot_wt"
  ],
  "selected_models": [],
  "stacking_used": false,
  "stacked_model": true,
  "number_of_models": 1,
  "final_estimator": "rf",
  "final_estimator_params": {
    "rf_n_estimators": 12,
    "rf_max_depth": 19
  },
  "model_params": {
    "rf": {
      "rf_n_estimators": 12,
      "rf_max_depth": 19
    }
  },
  "use_random_split": true,
  "use_feature_selection": false,
  "model_name": "RF",
  "error_mean": -0.8022037037037041,
  "error_sdev": 4.085026732799675,
  "uncertainty_median": 15.191666666666668,
  "uncertainty_mad": 8.390232124999997,
  "uncertainty_measure": 55.22917471201315,
  "feature_importance": {
    "K2O_wt": 0.1339576931467335,
    "Fe2O3T_wt": 0.770266326408488,
    "SiO2_wt": 0.9756308639615854,
    "Al2O3_wt": 0.014785526288786245,
    "P2O5_tot_wt": 2.3171638950544224
  }
}