{
  "y_test": [
    6.5,
    1.47,
    2.4,
    1.9,
    0.14,
    10.1,
    0.05,
    1.4,
    38.0,
    6.9,
    0.37,
    0.56,
    0.27,
    1.3,
    0.07,
    4.2,
    0.19,
    0.15,
    22.1,
    0.22,
    0.47,
    0.31,
    0.36,
    1.3,
    0.12,
    0.37,
    0.18,
    0.04,
    0.57,
    0.19,
    1.53,
    0.05,
    34.0,
    8.0,
    2.4,
    8.7,
    0.16,
    6.3,
    0.14,
    0.04,
    1.2,
    0.15,
    0.44,
    0.14,
    0.21
  ],
  "y_pred": [
    6.9486083984375,
    0.7245940566062927,
    0.22276276350021362,
    1.4532859325408936,
    0.34631139039993286,
    6.787229061126709,
    16.009660720825195,
    1.6689127683639526,
    5.570568084716797,
    6.553645610809326,
    0.9842824935913086,
    1.028916358947754,
    1.5844049453735352,
    1.6449544429779053,
    0.15899230539798737,
    3.380476951599121,
    0.040661245584487915,
    1.3547983169555664,
    20.882211685180664,
    0.48282405734062195,
    0.14218324422836304,
    0.18271121382713318,
    0.23794904351234436,
    0.328142374753952,
    0.1506899893283844,
    0.5292169451713562,
    0.06615135073661804,
    0.3265407979488373,
    0.24408285319805145,
    -0.3329184651374817,
    0.5636962056159973,
    -0.40383878350257874,
    22.895263671875,
    5.1254801750183105,
    3.215052366256714,
    7.967476844787598,
    -0.3329184651374817,
    6.575870037078857,
    1.8920685052871704,
    0.424164742231369,
    -0.010405156761407852,
    0.3627195954322815,
    0.37455618381500244,
    0.5726750493049622,
    0.576084315776825
  ],
  "selected_features": [
    "Fe2O3T_wt",
    "SiO2_wt",
    "P2O5_tot_wt"
  ],
  "selected_models": [],
  "stacking_used": false,
  "stacked_model": true,
  "number_of_models": 1,
  "final_estimator": "xgb",
  "final_estimator_params": {
    "xgb_n_estimators": 218,
    "xgb_lr": 0.18799322549956185,
    "xgb_max_depth": 5,
    "xgb_subsample": 0.7817870277147787,
    "xgb_colsample": 0.9237370829592892
  },
  "model_params": {
    "xgb": {
      "xgb_n_estimators": 218,
      "xgb_lr": 0.18799322549956185,
      "xgb_max_depth": 5,
      "xgb_subsample": 0.7817870277147787,
      "xgb_colsample": 0.9237370829592892
    }
  },
  "use_random_split": true,
  "use_feature_selection": true,
  "model_name": "XGB-FS",
  "error_mean": 0.8035378616684012,
  "error_sdev": 5.723265802485071,
  "uncertainty_median": 11.465753555297852,
  "uncertainty_mad": 6.373708724975586,
  "uncertainty_measure": 55.58909577321726,
  "feature_importance": {
    "K2O_wt": 0.014510503151449226,
    "Fe2O3T_wt": 0.501503639177352,
    "SiO2_wt": 0.26608718877178494
  }
}