{
  "y_test": [
    0.52,
    2.7,
    0.47,
    7.0,
    1.3,
    1.53,
    0.25,
    4.2,
    6.7,
    1.9,
    0.21,
    0.25,
    0.22,
    0.19,
    1.0,
    0.27,
    0.17,
    6.9,
    8.7,
    1.4,
    0.36,
    1.44,
    0.14,
    24.5,
    0.19,
    0.19,
    6.0,
    4.2,
    1.47,
    0.03,
    6.2,
    1.18,
    0.57,
    0.29,
    6.2,
    3.4,
    1.9,
    0.04,
    1.3,
    0.23,
    5.1,
    0.84,
    1.2,
    6.5,
    0.09
  ],
  "y_pred": [
    0.21153336900183284,
    0.8664542821281715,
    0.32775565359035097,
    3.697190275926331,
    1.5216963505405134,
    0.7853901086426762,
    0.45596056519969963,
    5.400694294825072,
    4.947452081225358,
    9.139522570169303,
    0.5601019189928755,
    0.12039706744289358,
    0.9674591998179709,
    0.20313085391928798,
    1.6086174909330349,
    0.5142660940647681,
    0.24955163750712872,
    4.992567965139074,
    7.9679838883281295,
    1.3932932862637069,
    0.3616608627923039,
    2.753072562045498,
    0.11494626556379073,
    25.089155080344188,
    0.17475995406029865,
    0.8132462762819554,
    4.741047547332347,
    10.346791481195758,
    0.4747359078309157,
    0.08007007765227137,
    3.104618433473972,
    0.5204148582083263,
    0.4853489331436571,
    0.5000364934780221,
    8.035852663968278,
    4.186093497497002,
    4.588641034372856,
    0.07373694297481403,
    1.6364911998615521,
    0.2755693755835762,
    3.936793705335778,
    0.29865186485206685,
    1.002919461144499,
    8.651450603150217,
    0.2539541549263
  ],
  "selected_features": [
    "K2O_wt",
    "Fe2O3T_wt",
    "SiO2_wt",
    "Al2O3_wt",
    "P2O5_tot_wt"
  ],
  "selected_models": [],
  "stacking_used": false,
  "stacked_model": true,
  "number_of_models": 1,
  "final_estimator": "gpr",
  "final_estimator_params": {
    "gpr_nu": 0.5,
    "gpr_const": 3.8384119065472433,
    "gpr_length_scale": 6.861047523639255,
    "gpr_alpha": 0.009967963515868998
  },
  "model_params": {
    "gpr": {
      "gpr_nu": 0.5,
      "gpr_const": 3.8384119065472433,
      "gpr_length_scale": 6.861047523639255,
      "gpr_alpha": 0.009967963515868998
    }
  },
  "use_random_split": true,
  "use_feature_selection": false,
  "model_name": "GPR",
  "error_mean": -0.1998017375717427,
  "error_sdev": 1.8217839966049696,
  "uncertainty_median": 4.91842212327897,
  "uncertainty_mad": 5.326479787039239,
  "uncertainty_measure": 108.29651570223966,
  "feature_importance": {
    "K2O_wt": -0.007618139554031217,
    "Fe2O3T_wt": 0.14507019788264117,
    "SiO2_wt": 1.7008558079951857,
    "Al2O3_wt": 0.04013050350921285,
    "P2O5_tot_wt": 0.06043382397073721
  }
}