{
  "y_test": [
    7.0,
    0.25,
    8.0,
    0.05,
    1.53,
    0.44,
    4.2,
    38.0,
    1.2,
    0.36,
    0.4,
    0.04,
    5.1,
    6.7,
    0.12,
    1.4,
    0.68,
    0.09,
    0.37,
    0.04,
    2.6,
    6.7,
    0.19,
    25.6,
    6.2,
    0.14,
    0.36,
    0.02,
    0.21,
    29.4,
    1.8,
    0.14,
    0.32,
    0.05,
    0.12,
    0.15,
    1.3,
    6.9,
    0.12,
    0.15,
    0.17,
    5.4,
    0.19,
    2.4,
    5.7
  ],
  "y_pred": [
    3.838257570723334,
    0.384209775193561,
    4.152139343891561,
    4.766487845023835,
    -1.1443416807377111,
    0.9798002115066188,
    1.9931386623671756,
    10.163172974393055,
    0.884891658344739,
    0.6619864755434125,
    -0.4733853107816542,
    -0.17320656121362873,
    5.876912162805782,
    4.10484240663869,
    6.25647950614513,
    2.831772103314538,
    0.43820570751295657,
    17.883146818792667,
    0.2660623456082175,
    0.5713507041956388,
    2.7123828611338574,
    5.876912162805782,
    0.6727391016736385,
    24.34721910170992,
    4.388132469696125,
    -0.04171934531389168,
    0.4377121310646819,
    -0.054798771909351014,
    0.5713507041956388,
    8.49901326041746,
    7.224925511599619,
    -1.2777953177348196,
    1.3636274001369886,
    0.3800370509496908,
    0.27444426944841577,
    -0.7260716412329549,
    0.6140582056917506,
    2.127566683954375,
    1.067797359362312,
    0.007076256062301856,
    0.5474835890030888,
    4.184169342792079,
    -0.9074945786064383,
    2.885502671507851,
    4.152139343891561
  ],
  "selected_features": [
    "K2O_wt",
    "Fe2O3T_wt",
    "SiO2_wt",
    "Al2O3_wt",
    "P2O5_tot_wt"
  ],
  "selected_models": [],
  "stacking_used": false,
  "stacked_model": true,
  "number_of_models": 1,
  "final_estimator": "lgbm",
  "final_estimator_params": {
    "lgbm_num_leaves": 72,
    "lgbm_lr": 0.2794673042515025,
    "lgbm_n_estimators": 239
  },
  "model_params": {
    "lgbm": {
      "lgbm_num_leaves": 72,
      "lgbm_lr": 0.2794673042515025,
      "lgbm_n_estimators": 239
    }
  },
  "use_random_split": true,
  "use_feature_selection": false,
  "model_name": "LGBM",
  "error_mean": 0.8602592768540532,
  "error_sdev": 6.164066063675827,
  "uncertainty_median": 7.683342747059534,
  "uncertainty_mad": 4.757319218037627,
  "uncertainty_measure": 61.917310923794005,
  "feature_importance": {
    "K2O_wt": 0.02536521390595631,
    "Fe2O3T_wt": 0.022188248623585646,
    "SiO2_wt": 0.36913344169313833,
    "Al2O3_wt": 0.09461002116029892,
    "P2O5_tot_wt": 0.4492798570209122
  }
}