{
  "y_test": [
    8.9,
    0.19,
    0.34,
    0.37,
    6.9,
    0.12,
    0.19,
    34.0,
    0.51,
    0.52,
    1.3,
    0.32,
    0.1,
    1.44,
    0.21,
    0.15,
    6.7,
    3.8,
    6.9,
    0.1,
    1.47,
    0.14,
    0.04,
    0.17,
    0.04,
    6.3,
    0.11,
    0.07,
    0.68,
    0.19,
    0.4,
    0.17,
    0.37,
    2.7,
    0.02,
    0.04,
    0.07,
    0.73,
    0.24,
    0.35,
    1.2,
    0.43,
    0.15,
    0.4,
    25.8
  ],
  "y_pred": [
    0.7534336574985417,
    -2.1959526256003294,
    0.09370938042119337,
    6.463865512272979,
    4.566385499917646,
    5.7521673778849856,
    -0.6745285154673603,
    23.911451877436516,
    1.0697133375320536,
    -1.6100971833591857,
    4.146822824661449,
    -0.8171196273774551,
    0.25017557572118465,
    -1.4441721276383732,
    -2.8065116977303135,
    2.40424960353528,
    3.053013572896156,
    4.839767749053426,
    -0.8407977303337407,
    0.4728505878709829,
    -0.15815016859659214,
    -2.713795812360273,
    -0.5572055441204306,
    0.13832022787986065,
    -0.6978449262791194,
    5.241589266964221,
    -2.1611549543084245,
    0.3584586864032776,
    -0.18298915280341033,
    -1.368479966864499,
    -0.020186864684829664,
    1.4916143769035908,
    -0.05935735234277251,
    0.5534976086841731,
    0.01107181945052782,
    -1.1034382489449563,
    0.8515538724649115,
    -0.5752317022467771,
    -0.8674212300721486,
    4.480542996405278,
    0.9927924054014824,
    0.050066752283564164,
    0.6055564632055607,
    3.2350524446000555,
    23.497248418368724
  ],
  "selected_features": [
    "SiO2_wt",
    "Al2O3_wt"
  ],
  "selected_models": [],
  "stacking_used": false,
  "stacked_model": true,
  "number_of_models": 1,
  "final_estimator": "ann",
  "final_estimator_params": {
    "ann_hidden": 60,
    "ann_alpha": 2.356650520002274e-05
  },
  "model_params": {
    "ann": {
      "ann_hidden": 60,
      "ann_alpha": 2.356650520002274e-05
    }
  },
  "use_random_split": true,
  "use_feature_selection": true,
  "model_name": "ANN-FS",
  "error_mean": 0.8202103007869639,
  "error_sdev": 2.990430313120642,
  "uncertainty_median": 6.529566348446278,
  "uncertainty_mad": 7.168564831198525,
  "uncertainty_measure": 109.78623156045116,
  "feature_importance": {
    "K2O_wt": 1.3978003021549532,
    "Fe2O3T_wt": 0.2808086588961003
  }
}