{
  "y_test": [
    0.03,
    1.3,
    0.23,
    0.04,
    1.9,
    0.36,
    2.4,
    1.18,
    0.37,
    0.41,
    38.0,
    0.02,
    11.7,
    2.4,
    0.35,
    25.8,
    0.07,
    0.1,
    0.52,
    6.9,
    24.5,
    0.14,
    0.27,
    0.4,
    0.29,
    8.0,
    2.7,
    0.68,
    0.25,
    0.12,
    0.14,
    3.4,
    1.44,
    1.8,
    1.5,
    1.4,
    0.37,
    0.34,
    0.57,
    1.3,
    8.7,
    6.7,
    29.4,
    0.14,
    0.43
  ],
  "y_pred": [
    0.04215712218264074,
    2.150515636551326,
    1.1836994252078565,
    -0.13074265514235234,
    1.3638029462604793,
    0.386418498842765,
    -0.7730543329400557,
    0.6610629109667557,
    0.37161518600731197,
    -0.6515517813037629,
    7.042804288288135,
    2.3519971988403054,
    7.791224848275611,
    1.4782689009001635,
    0.9960240370824771,
    20.860871481445326,
    0.09242279233913137,
    1.4398343047929905,
    -0.3587042059751856,
    6.474172492773295,
    24.54846738016104,
    -1.4727456016742875,
    0.8170237977266962,
    0.6725479305299102,
    1.0651578355491453,
    6.226285137376157,
    0.6529428402896893,
    0.4453574480085164,
    1.343741155873191,
    -0.6196475604716601,
    0.624078691933103,
    1.096186921109185,
    1.0651578355491453,
    8.204590418126722,
    2.1493029043844127,
    -1.0019156518812689,
    0.45296377857705966,
    -0.8112140311723566,
    -0.19738776622814153,
    -1.0019156518812689,
    7.344526399898258,
    3.321741204340697,
    7.344526399898258,
    -0.8921222969376686,
    1.0651578355491453
  ],
  "selected_features": [
    "K2O_wt",
    "Fe2O3T_wt",
    "SiO2_wt",
    "Al2O3_wt",
    "P2O5_tot_wt"
  ],
  "selected_models": [],
  "stacking_used": false,
  "stacked_model": true,
  "number_of_models": 1,
  "final_estimator": "lgbm",
  "final_estimator_params": {
    "lgbm_num_leaves": 41,
    "lgbm_lr": 0.1379517610205014,
    "lgbm_n_estimators": 258
  },
  "model_params": {
    "lgbm": {
      "lgbm_num_leaves": 41,
      "lgbm_lr": 0.1379517610205014,
      "lgbm_n_estimators": 258
    }
  },
  "use_random_split": true,
  "use_feature_selection": false,
  "model_name": "LGBM",
  "error_mean": 1.6409856344438023,
  "error_sdev": 5.78732961486613,
  "uncertainty_median": 8.235688543037556,
  "uncertainty_mad": 4.106641553325237,
  "uncertainty_measure": 49.86397350828655,
  "feature_importance": {
    "K2O_wt": 0.02247098626876392,
    "Fe2O3T_wt": -0.01701771210082232,
    "SiO2_wt": 0.11359099545672074,
    "Al2O3_wt": 0.13147989295348014,
    "P2O5_tot_wt": 0.4676877765508277
  }
}