{
  "y_test": [
    25.0,
    0.87,
    11.7,
    1.3,
    1.47,
    6.0,
    0.14,
    1.2,
    0.15,
    0.41,
    0.04,
    0.74,
    0.09,
    0.15,
    0.04,
    0.62,
    34.0,
    0.4,
    0.19,
    0.05,
    1.18,
    6.2,
    5.1,
    0.23,
    0.47,
    6.5,
    1.5,
    0.37,
    0.25,
    0.73,
    0.15,
    0.17,
    0.44,
    2.4,
    2.4,
    1.3,
    22.1,
    6.7,
    0.09,
    0.36,
    0.32,
    0.34,
    0.44,
    4.2,
    0.31
  ],
  "y_pred": [
    26.053706097372196,
    0.6695642514018119,
    4.552349355319807,
    0.9194480425177455,
    0.7643117778520049,
    4.554557812267619,
    0.12534122916981558,
    0.6604511339729341,
    1.000669237722876,
    0.8720612023361182,
    0.5668148580220218,
    0.13311429182182086,
    0.22768955274809372,
    0.09821362395552048,
    0.09315707492405818,
    0.2982973462349928,
    28.015943985305096,
    1.8290496988150653,
    0.09934992345082981,
    22.70132687378244,
    0.8902518202394021,
    2.071044233696217,
    3.010011812159515,
    0.5624238411246059,
    0.1845705232311837,
    8.283454116487292,
    0.4138596632366381,
    3.2787672603640035,
    0.20087389539470066,
    0.1683891491949281,
    2.4029754299903696,
    0.17073469604617347,
    0.36331204611963586,
    0.9967134337652827,
    2.3257268015283765,
    1.804193444828409,
    27.183861026303127,
    5.152068394830311,
    0.16986490668568147,
    0.13470017075652818,
    0.30399185066820594,
    0.3802720067384559,
    0.33832704610939063,
    12.004610926203545,
    10.809356111965707
  ],
  "selected_features": [
    "Fe2O3T_wt",
    "SiO2_wt",
    "P2O5_tot_wt"
  ],
  "selected_models": [],
  "stacking_used": false,
  "stacked_model": true,
  "number_of_models": 1,
  "final_estimator": "knn",
  "final_estimator_params": {
    "knn_n": 4,
    "knn_weights": "distance"
  },
  "model_params": {
    "knn": {
      "knn_n": 4,
      "knn_weights": "distance"
    }
  },
  "use_random_split": true,
  "use_feature_selection": true,
  "model_name": "KNN-FS",
  "error_mean": -0.6451060439257901,
  "error_sdev": 4.3452954603400125,
  "uncertainty_median": 5.6919399980132805,
  "uncertainty_mad": 9.474090936820804,
  "uncertainty_measure": 166.44748433974442,
  "feature_importance": {
    "K2O_wt": -0.061817369331826286,
    "Fe2O3T_wt": 1.6411980459730102,
    "SiO2_wt": 0.0004944021606013205
  }
}