{
  "y_test": [
    25.0,
    0.87,
    11.7,
    1.3,
    1.47,
    6.0,
    0.14,
    1.2,
    0.15,
    0.41,
    0.04,
    0.74,
    0.09,
    0.15,
    0.04,
    0.62,
    34.0,
    0.4,
    0.19,
    0.05,
    1.18,
    6.2,
    5.1,
    0.23,
    0.47,
    6.5,
    1.5,
    0.37,
    0.25,
    0.73,
    0.15,
    0.17,
    0.44,
    2.4,
    2.4,
    1.3,
    22.1,
    6.7,
    0.09,
    0.36,
    0.32,
    0.34,
    0.44,
    4.2,
    0.31
  ],
  "y_pred": [
    20.72245422543457,
    2.107958545349355,
    9.64676054285409,
    3.110436725792251,
    0.4268594479548895,
    6.334347328231864,
    -0.9922039387621666,
    2.1915805298150985,
    1.1026443378762387,
    2.8378585485570156,
    4.702081214830699,
    1.0609308742450736,
    -0.21188313788865187,
    1.6915068349067859,
    -0.20180641468160587,
    -0.11839820692739877,
    26.19784926209343,
    0.2646121278104836,
    -2.9384863613794323,
    14.350924874370055,
    0.7938827367291275,
    -0.2102874920033031,
    6.020016051031636,
    1.2638525308953135,
    0.3650854137144819,
    9.686334450534169,
    -0.9526254882005247,
    7.51507502638351,
    3.3466568229784635,
    -0.22031686167200704,
    3.0560503246816673,
    2.1699074345365865,
    -0.42745006571072963,
    2.6862538916304644,
    -0.6058419052579964,
    4.960128597921255,
    27.638426285911258,
    3.279359766241985,
    1.6356568430357363,
    -0.008971387041732726,
    -0.4587583789429779,
    2.6692367738313507,
    0.5507156111260763,
    6.333410006358129,
    5.119992734080004
  ],
  "selected_features": [
    "K2O_wt",
    "SiO2_wt",
    "Al2O3_wt"
  ],
  "selected_models": [],
  "stacking_used": false,
  "stacked_model": true,
  "number_of_models": 1,
  "final_estimator": "lr",
  "final_estimator_params": {},
  "model_params": {
    "lr": {}
  },
  "use_random_split": true,
  "use_feature_selection": true,
  "model_name": "LR-FS",
  "error_mean": -0.6595959351838796,
  "error_sdev": 3.546251343859094,
  "uncertainty_median": 9.065525497405664,
  "uncertainty_mad": 7.057843365457863,
  "uncertainty_measure": 77.85365964143666,
  "feature_importance": {
    "K2O_wt": -0.009697775380707737,
    "Fe2O3T_wt": 1.2556490869899186,
    "SiO2_wt": 0.1287504141429678
  }
}