{
  "y_test": [
    6.5,
    1.47,
    2.4,
    1.9,
    0.14,
    10.1,
    0.05,
    1.4,
    38.0,
    6.9,
    0.37,
    0.56,
    0.27,
    1.3,
    0.07,
    4.2,
    0.19,
    0.15,
    22.1,
    0.22,
    0.47,
    0.31,
    0.36,
    1.3,
    0.12,
    0.37,
    0.18,
    0.04,
    0.57,
    0.19,
    1.53,
    0.05,
    34.0,
    8.0,
    2.4,
    8.7,
    0.16,
    6.3,
    0.14,
    0.04,
    1.2,
    0.15,
    0.44,
    0.14,
    0.21
  ],
  "y_pred": [
    10.353213300783917,
    1.0378088895708335,
    0.3072661266563099,
    2.439999379339912,
    1.0073294874375096,
    10.419272508928962,
    22.06178905672594,
    2.971298861507496,
    3.0048050148049628,
    6.791761479485931,
    2.289826185051672,
    0.8633353619269112,
    1.539602130900168,
    2.908319821150761,
    1.3768051911381463,
    3.786746199569876,
    -1.335310485023991,
    1.6168889260010424,
    26.72043556580811,
    0.5908795503721136,
    0.7824848885177489,
    2.0282981313573365,
    0.48914716932549274,
    0.9121349066182536,
    -0.48826944894093505,
    0.8207101002571514,
    0.24902242714483025,
    1.20094470106448,
    0.3643176016698968,
    0.26108657023729165,
    1.029089200814214,
    0.6441362024373186,
    17.859995934459334,
    5.913904998512541,
    0.8330564350755885,
    11.018439671022799,
    1.0165754458743699,
    7.050555291755287,
    5.41219001812528,
    0.14506394683882884,
    0.6887170636453919,
    -0.21279004383557532,
    0.3411569969570508,
    -0.037473344646835716,
    -0.507021682512007
  ],
  "selected_features": [
    "K2O_wt",
    "Fe2O3T_wt",
    "SiO2_wt",
    "Al2O3_wt",
    "P2O5_tot_wt"
  ],
  "selected_models": [],
  "stacking_used": false,
  "stacked_model": true,
  "number_of_models": 1,
  "final_estimator": "ann",
  "final_estimator_params": {
    "ann_hidden": 82,
    "ann_alpha": 0.00026031539419043724
  },
  "model_params": {
    "ann": {
      "ann_hidden": 82,
      "ann_alpha": 0.00026031539419043724
    }
  },
  "use_random_split": true,
  "use_feature_selection": false,
  "model_name": "ANN",
  "error_mean": 0.1576100948019618,
  "error_sdev": 6.867996720773774,
  "uncertainty_median": 20.576821016826074,
  "uncertainty_mad": 17.232028859186574,
  "uncertainty_measure": 83.7448546842858,
  "feature_importance": {
    "K2O_wt": 0.005146510993723461,
    "Fe2O3T_wt": 0.17313026947460675,
    "SiO2_wt": 0.7295247546445575,
    "Al2O3_wt": 0.7343346080265174,
    "P2O5_tot_wt": 0.34009670017695953
  }
}