{
  "y_test": [
    1.8,
    1.44,
    0.14,
    0.42,
    0.09,
    0.27,
    0.09,
    0.9,
    1.5,
    25.6,
    0.14,
    0.4,
    10.1,
    0.57,
    1.0,
    38.0,
    0.1,
    3.4,
    0.24,
    0.15,
    6.6,
    24.5,
    0.13,
    0.11,
    6.1,
    0.25,
    22.1,
    0.43,
    0.27,
    0.24,
    0.1,
    0.04,
    11.7,
    0.17,
    1.53,
    0.16,
    1.9,
    6.0,
    0.21,
    0.19,
    0.15,
    7.0,
    0.34,
    0.21,
    0.62
  ],
  "y_pred": [
    5.997083333333341,
    1.7580906502010296,
    0.29389205357506826,
    0.5935754448170898,
    0.3984266563236925,
    0.2092486387439191,
    3.471871203480049,
    1.3298109100753097,
    2.098225002153088,
    29.16451388888888,
    0.4772607238786546,
    0.4857951676947022,
    7.29003747795415,
    0.37057557889025866,
    1.1608961674105676,
    4.897550613609635,
    0.3549004576067919,
    3.659449811759132,
    0.2575817693781119,
    0.2364657367769579,
    6.145287309368199,
    26.66134259259264,
    0.2909074887806826,
    0.43283156483988133,
    4.636661978680362,
    0.2857726442492271,
    28.029861111111114,
    0.17433062322556875,
    1.5566218019536882,
    0.6269896366567543,
    0.3062555159586627,
    0.3750741616515764,
    8.122054284676839,
    0.4283475536767949,
    0.38873158300990035,
    0.2184371950756746,
    4.288522263071896,
    4.524810126828509,
    0.4041936982290707,
    0.21579398799589586,
    0.5858305916102321,
    6.170287309368201,
    0.333984666151573,
    1.0233157947173115,
    0.5064965521908709
  ],
  "selected_features": [
    "K2O_wt",
    "Fe2O3T_wt",
    "SiO2_wt",
    "Al2O3_wt",
    "P2O5_tot_wt"
  ],
  "selected_models": [],
  "stacking_used": false,
  "stacked_model": true,
  "number_of_models": 1,
  "final_estimator": "et",
  "final_estimator_params": {
    "et_n_estimators": 216,
    "et_max_depth": 10,
    "et_min_samples_split": 3,
    "et_min_samples_leaf": 1,
    "et_bootstrap": false
  },
  "model_params": {
    "et": {
      "et_n_estimators": 216,
      "et_max_depth": 10,
      "et_min_samples_split": 3,
      "et_min_samples_leaf": 1,
      "et_bootstrap": false
    }
  },
  "use_random_split": true,
  "use_feature_selection": false,
  "model_name": "ET",
  "error_mean": 0.35915570395063207,
  "error_sdev": 5.2412940258421585,
  "uncertainty_median": 14.235582010582007,
  "uncertainty_mad": 5.283384883164654,
  "uncertainty_measure": 37.11393660784121,
  "feature_importance": {
    "K2O_wt": -0.005660562779490984,
    "Fe2O3T_wt": 0.005872486063094556,
    "SiO2_wt": 0.367163675436095,
    "Al2O3_wt": -0.002228548350899404,
    "P2O5_tot_wt": 0.2236272930149353
  }
}