{
  "y_test": [
    7.0,
    0.03,
    6.5,
    0.56,
    0.14,
    1.3,
    0.04,
    2.6,
    0.07,
    0.24,
    0.17,
    0.52,
    1.18,
    0.04,
    0.36,
    0.05,
    6.9,
    0.17,
    2.7,
    0.9,
    1.4,
    0.1,
    5.4,
    4.2,
    0.27,
    34.0,
    1.9,
    6.7,
    1.3,
    2.4,
    6.0,
    0.37,
    0.16,
    0.15,
    0.02,
    0.23,
    22.1,
    0.34,
    1.2,
    0.68,
    0.17,
    6.7,
    31.8,
    0.46,
    6.1
  ],
  "y_pred": [
    9.107958091521725,
    0.03301401808992537,
    20.40554289456053,
    1.558885151154116,
    0.43718495968482546,
    0.8368505129378415,
    0.33037762530915554,
    0.48283426736051893,
    0.4545658868952402,
    1.1650129366575774,
    0.43718495968482546,
    0.20050977026011857,
    1.285982712313792,
    0.40456453592477887,
    0.6967435016579332,
    0.28083327083628745,
    7.347021037504485,
    0.4545658868952402,
    0.38977382318147935,
    0.48283426736051893,
    1.5945452496468475,
    0.48283426736051893,
    8.027789474407061,
    9.07998510026861,
    0.33037762530915554,
    20.51630838730902,
    0.4603966962915361,
    7.347021037504485,
    1.5945452496468475,
    0.4603966962915361,
    7.347021037504485,
    0.6740965366217395,
    0.44037539634547,
    0.8876708706716555,
    -1.2784176007011125,
    0.12224003882437832,
    20.51630838730902,
    0.26672195236649954,
    0.8368505129378415,
    0.28459224125316285,
    0.414861870189517,
    7.347021037504485,
    20.51630838730902,
    0.4059592273900974,
    8.027789474407061
  ],
  "selected_features": [
    "K2O_wt",
    "P2O5_tot_wt"
  ],
  "selected_models": [],
  "stacking_used": false,
  "stacked_model": true,
  "number_of_models": 1,
  "final_estimator": "lgbm",
  "final_estimator_params": {
    "lgbm_num_leaves": 37,
    "lgbm_lr": 0.05645507320528965,
    "lgbm_n_estimators": 200
  },
  "model_params": {
    "lgbm": {
      "lgbm_num_leaves": 37,
      "lgbm_lr": 0.05645507320528965,
      "lgbm_n_estimators": 200
    }
  },
  "feature_names": [
    "K2O_wt",
    "Fe2O3T_wt",
    "SiO2_wt",
    "Al2O3_wt",
    "P2O5_tot_wt"
  ],
  "use_random_split": true,
  "use_feature_selection": true,
  "model_name": "LGBM-FS",
  "error_mean": 0.04720357191644775,
  "error_sdev": 3.5943780700590926,
  "uncertainty_median": 7.347021037504485,
  "uncertainty_mad": 3.4528266245432326,
  "uncertainty_measure": 46.996280627447774,
  "feature_importance": {
    "K2O_wt": 0.5112823074452737,
    "Fe2O3T_wt": 1.2527454313262012
  },
  "run": 6
}