{
  "y_test": [
    0.23,
    0.22,
    0.4,
    6.9,
    8.9,
    0.4,
    0.62,
    0.15,
    7.4,
    0.02,
    0.04,
    0.12,
    0.14,
    10.4,
    0.04,
    1.3,
    0.42,
    6.5,
    1.53,
    0.14,
    1.3,
    0.14,
    25.6,
    0.1,
    0.51,
    0.32,
    4.2,
    0.16,
    0.4,
    6.2,
    0.73,
    11.7,
    0.11,
    6.3,
    2.4,
    0.21,
    0.14,
    2.7,
    1.5,
    6.1,
    0.04,
    10.1,
    24.5,
    0.09,
    0.87
  ],
  "y_pred": [
    0.34005538302277427,
    0.5949148550724639,
    0.15583462732919254,
    6.505615942028987,
    6.448612318840577,
    0.6140887681159419,
    0.6904166666666667,
    1.011449275362319,
    7.501364130434783,
    5.647288043478261,
    0.40094251129305475,
    3.8894927536231907,
    2.863105072463768,
    12.192659420289854,
    5.747775362318842,
    1.6215307971014488,
    2.2837282608695655,
    8.28179891304348,
    1.086447463768116,
    0.1320289855072464,
    1.4672101449275345,
    0.2982846790890269,
    25.191865942028972,
    0.38595962732919237,
    0.3892792443064182,
    0.4947210144927537,
    4.988224637681158,
    0.416856884057971,
    1.2347309782608695,
    7.288007246376809,
    0.7572137681159421,
    8.945048913043477,
    0.526253623188406,
    7.14517753623188,
    2.957434782608697,
    0.38821739130434785,
    0.5457826086956521,
    2.6612246376811606,
    2.8756775362318847,
    5.058532608695651,
    0.30394021739130445,
    9.3046884057971,
    26.265478260869553,
    5.34301086956522,
    2.1506938405797102
  ],
  "selected_features": [
    "K2O_wt",
    "Fe2O3T_wt",
    "SiO2_wt",
    "Al2O3_wt",
    "P2O5_tot_wt"
  ],
  "selected_models": [],
  "stacking_used": false,
  "stacked_model": true,
  "number_of_models": 1,
  "final_estimator": "et",
  "final_estimator_params": {
    "et_n_estimators": 92,
    "et_max_depth": 15,
    "et_min_samples_split": 6,
    "et_min_samples_leaf": 1,
    "et_bootstrap": false
  },
  "model_params": {
    "et": {
      "et_n_estimators": 92,
      "et_max_depth": 15,
      "et_min_samples_split": 6,
      "et_min_samples_leaf": 1,
      "et_bootstrap": false
    }
  },
  "feature_names": [
    "K2O_wt",
    "Fe2O3T_wt",
    "SiO2_wt",
    "Al2O3_wt",
    "P2O5_tot_wt"
  ],
  "use_random_split": true,
  "use_feature_selection": false,
  "model_name": "ET",
  "error_mean": -0.7356147766484715,
  "error_sdev": 1.698414163751309,
  "uncertainty_median": 7.810967391304345,
  "uncertainty_mad": 3.5894438165608924,
  "uncertainty_measure": 45.953895807539595,
  "feature_importance": {
    "K2O_wt": 0.02951798733450361,
    "Fe2O3T_wt": 0.006669334402082395,
    "SiO2_wt": 0.5749855989927114,
    "Al2O3_wt": 0.04333567214088828,
    "P2O5_tot_wt": 0.6889310163270523
  },
  "run": 4
}