{
  "y_test": [
    1.2,
    0.46,
    0.23,
    34.0,
    3.4,
    6.9,
    0.34,
    22.1,
    0.4,
    0.68,
    0.73,
    0.21,
    0.17,
    0.1,
    0.04,
    0.04,
    0.47,
    1.4,
    0.15,
    8.7,
    0.35,
    2.4,
    0.19,
    1.5,
    5.1,
    3.8,
    0.09,
    0.14,
    1.3,
    0.04,
    10.1,
    29.4,
    8.0,
    0.43,
    0.36,
    0.04,
    0.14,
    0.4,
    1.18,
    0.05,
    4.5,
    6.1,
    1.3,
    1.9,
    0.19
  ],
  "y_pred": [
    1.0264079899203677,
    0.6221806528166828,
    0.4055351367192552,
    28.57658730158741,
    3.4057539682539724,
    1.5214483182161775,
    0.3462054690104206,
    26.531944444444555,
    0.44519952480031066,
    0.4007500472411181,
    0.5890761800635556,
    0.22031948078376593,
    0.5438772741685385,
    0.25521507035095675,
    0.6443386476547369,
    6.993754960317449,
    0.3092602920203031,
    1.373385582010586,
    0.6668499359657101,
    6.485714285714283,
    0.48562952178993857,
    2.515469576719567,
    0.19167489934007803,
    1.3968979010407572,
    4.604146825396841,
    4.715773809523823,
    1.3192483719983739,
    0.10332346291274849,
    1.346732142857148,
    0.21439788386216918,
    9.515079365079362,
    12.424999999999999,
    7.123412698412728,
    0.46691751700680356,
    0.19168547888269502,
    0.2822717833189999,
    0.38960463341524004,
    0.13132284663088234,
    0.49664701436129854,
    0.30894032356532364,
    7.761111111111142,
    4.588273809523825,
    1.7572222222222265,
    1.4692969576719572,
    0.39182113064404755
  ],
  "selected_features": [
    "K2O_wt",
    "Al2O3_wt",
    "P2O5_tot_wt"
  ],
  "selected_models": [],
  "stacking_used": false,
  "stacked_model": true,
  "number_of_models": 1,
  "final_estimator": "et",
  "final_estimator_params": {
    "et_n_estimators": 252,
    "et_max_depth": 13,
    "et_min_samples_split": 2,
    "et_min_samples_leaf": 1,
    "et_bootstrap": false
  },
  "model_params": {
    "et": {
      "et_n_estimators": 252,
      "et_max_depth": 13,
      "et_min_samples_split": 2,
      "et_min_samples_leaf": 1,
      "et_bootstrap": false
    }
  },
  "use_random_split": true,
  "use_feature_selection": true,
  "model_name": "ET-FS",
  "error_mean": 0.33698431445893057,
  "error_sdev": 3.1377013432881697,
  "uncertainty_median": 16.678591269841274,
  "uncertainty_mad": 4.83930426006724,
  "uncertainty_measure": 29.015065971535705,
  "feature_importance": {
    "K2O_wt": 0.16997977229080646,
    "Fe2O3T_wt": 0.2200085961527368,
    "SiO2_wt": 1.2942721621110334
  }
}