{
  "y_test": [
    1.3,
    0.31,
    0.04,
    4.2,
    29.4,
    0.03,
    0.32,
    0.09,
    1.0,
    2.4,
    0.07,
    1.3,
    0.4,
    0.15,
    1.9,
    0.27,
    0.12,
    0.84,
    34.0,
    0.1,
    0.05,
    0.29,
    0.37,
    1.5,
    0.25,
    7.0,
    3.8,
    0.04,
    0.87,
    1.9,
    0.21,
    25.8,
    0.52,
    2.6,
    0.24,
    6.7,
    0.17,
    0.4,
    1.4,
    5.7,
    0.44,
    31.8,
    1.44,
    1.44,
    0.73
  ],
  "y_pred": [
    2.3381124335329786,
    2.60393520545548,
    2.1116011322034005,
    4.869018019828156,
    23.159947473143514,
    0.28099365090547807,
    0.5759611804115221,
    0.3070322411893565,
    4.445011165356849,
    1.2507179134298165,
    2.920413433047491,
    4.662878403139661,
    2.336482823140436,
    0.1470706641716864,
    5.424693878800992,
    2.3826128614465927,
    7.17549470220427,
    -0.013229296157218184,
    11.707314663692896,
    0.9945297716457153,
    57.4791099216179,
    4.039503052934713,
    0.5938933924585128,
    0.420297828510841,
    1.491206067483584,
    4.144328432549352,
    4.602954755565525,
    0.1747145158164996,
    1.7700112637958223,
    3.827048245775675,
    1.9531099525997688,
    53.4442436723015,
    0.1565823314680604,
    5.905508673690561,
    0.8644155538958138,
    5.45473744567294,
    0.05798093159410295,
    1.3077162390002774,
    4.166681249514595,
    4.691616504613727,
    0.21478396774856728,
    14.490073505570093,
    -0.07055004912873425,
    2.792488226696627,
    1.2765725388580442
  ],
  "selected_features": [
    "Fe2O3T_wt",
    "SiO2_wt",
    "Al2O3_wt"
  ],
  "selected_models": [],
  "stacking_used": false,
  "stacked_model": true,
  "number_of_models": 1,
  "final_estimator": "ann",
  "final_estimator_params": {
    "ann_hidden": 94,
    "ann_alpha": 7.64756339105856e-05
  },
  "model_params": {
    "ann": {
      "ann_hidden": 94,
      "ann_alpha": 7.64756339105856e-05
    }
  },
  "use_random_split": true,
  "use_feature_selection": true,
  "model_name": "ANN-FS",
  "error_mean": -1.8006582342487432,
  "error_sdev": 10.582919588748636,
  "uncertainty_median": 19.269764796849685,
  "uncertainty_mad": 14.799060218525776,
  "uncertainty_measure": 76.79938169741023,
  "feature_importance": {
    "K2O_wt": -0.36129335478726576,
    "Fe2O3T_wt": 0.07933831915456385,
    "SiO2_wt": -0.022394782516708008
  }
}