{
  "y_test": [
    0.29,
    1.44,
    0.12,
    0.07,
    6.5,
    2.4,
    8.9,
    8.0,
    29.4,
    1.9,
    6.2,
    0.09,
    0.24,
    0.14,
    31.8,
    6.2,
    0.04,
    0.18,
    0.02,
    0.04,
    0.04,
    0.04,
    0.05,
    25.6,
    0.74,
    34.0,
    5.7,
    1.44,
    2.4,
    0.19,
    0.37,
    6.7,
    0.14,
    0.36,
    1.3,
    10.4,
    0.41,
    2.6,
    7.4,
    0.24,
    0.31,
    0.14,
    4.2,
    0.19,
    6.0
  ],
  "y_pred": [
    0.7336377322579396,
    0.19111932031554976,
    0.18092864237680042,
    0.6894737798370416,
    9.104226967675906,
    0.7568253793464468,
    0.7686528515644054,
    1.0770798069522565,
    22.230736183692944,
    7.915518056523234,
    0.7135116993325589,
    8.89808806592219,
    0.7887889231027182,
    0.4364514769966346,
    25.078518367529153,
    1.2015893437030993,
    0.25651311359988227,
    0.1627245351765252,
    0.20527845848673765,
    0.24381717339558306,
    0.0861792373673561,
    0.29522994957686,
    19.304416873878115,
    24.69041633317595,
    1.8696879895017489,
    25.37937827162695,
    1.081082522687411,
    0.6875076789072843,
    0.3584109440655995,
    0.13858680852727864,
    0.41135077270156567,
    3.91291539204383,
    24.704301648542863,
    0.2132565807537836,
    1.6978526817891941,
    8.175846471622423,
    0.5280248308102482,
    5.93698943210059,
    9.0062935630634,
    0.458302153309846,
    12.71951188266402,
    0.28851158748062605,
    19.047881009231755,
    0.2807925862493382,
    4.556167257436562
  ],
  "selected_features": [
    "SiO2_wt",
    "Al2O3_wt",
    "P2O5_tot_wt"
  ],
  "selected_models": [],
  "stacking_used": false,
  "stacked_model": true,
  "number_of_models": 1,
  "final_estimator": "knn",
  "final_estimator_params": {
    "knn_n": 3,
    "knn_weights": "distance"
  },
  "model_params": {
    "knn": {
      "knn_n": 3,
      "knn_weights": "distance"
    }
  },
  "use_random_split": true,
  "use_feature_selection": true,
  "model_name": "KNN-FS",
  "error_mean": -0.72294165193116,
  "error_sdev": 6.48080154780559,
  "uncertainty_median": 5.505097836056429,
  "uncertainty_mad": 7.714341230974917,
  "uncertainty_measure": 140.13086525817454,
  "feature_importance": {
    "K2O_wt": 1.1553119464410477,
    "Fe2O3T_wt": -0.1903525393994155,
    "SiO2_wt": 0.02765538772601044
  }
}