{
  "y_test": [
    0.52,
    0.29,
    0.24,
    0.14,
    0.07,
    0.56,
    0.18,
    6.9,
    0.09,
    0.12,
    6.5,
    0.84,
    6.1,
    1.5,
    0.31,
    8.0,
    1.9,
    0.87,
    0.14,
    0.17,
    0.32,
    0.74,
    0.19,
    0.21,
    0.51,
    0.17,
    1.2,
    0.62,
    5.4,
    0.04,
    0.22,
    6.3,
    25.6,
    0.9,
    25.8,
    0.18,
    1.3,
    0.11,
    6.9,
    0.05,
    0.41,
    0.43,
    0.04,
    2.4,
    0.17
  ],
  "y_pred": [
    0.6302555715869532,
    0.6302555715869532,
    0.6302555715869532,
    0.6302555715869532,
    0.6302555715869532,
    0.648635968441131,
    0.6302555715869532,
    0.6885343774814794,
    0.6302555715869532,
    0.6302555715869532,
    7.998732967589062,
    0.6302555715869532,
    8.086266181677079,
    0.6885343774814794,
    0.6302555715869532,
    7.998732967589062,
    1.52327938750274,
    0.6885343774814794,
    0.6302555715869532,
    0.6302555715869532,
    0.6302555715869532,
    0.6302555715869532,
    0.6302555715869532,
    0.6302555715869532,
    0.6302555715869532,
    0.6302555715869532,
    0.6302555715869532,
    0.6302555715869532,
    8.086266181677079,
    0.6885343774814794,
    0.6302555715869532,
    8.150650746779569,
    27.948657917451623,
    0.6360258013571831,
    24.90429858020767,
    0.6302555715869532,
    0.6943046072517093,
    0.6302555715869532,
    7.998732967589062,
    0.6302555715869532,
    0.6302555715869532,
    0.6302555715869532,
    0.6302555715869532,
    1.3778915829615221,
    0.6302555715869532
  ],
  "selected_features": [
    "SiO2_wt",
    "P2O5_tot_wt"
  ],
  "selected_models": [],
  "stacking_used": false,
  "stacked_model": true,
  "number_of_models": 1,
  "final_estimator": "rf",
  "final_estimator_params": {
    "rf_n_estimators": 143,
    "rf_max_depth": 2
  },
  "model_params": {
    "rf": {
      "rf_n_estimators": 143,
      "rf_max_depth": 2
    }
  },
  "use_random_split": true,
  "use_feature_selection": true,
  "model_name": "RF-FS",
  "error_mean": -0.240083763831891,
  "error_sdev": 1.2425668885028116,
  "uncertainty_median": 8.150650746779569,
  "uncertainty_mad": 4.998603078828334,
  "uncertainty_measure": 61.32765633226708,
  "feature_importance": {
    "K2O_wt": 1.103091908713826,
    "Fe2O3T_wt": 0.40251831109615915
  }
}