{
  "y_test": [
    3.4,
    0.34,
    1.4,
    5.7,
    0.19,
    0.03,
    0.52,
    2.6,
    0.04,
    0.56,
    25.0,
    0.16,
    3.8,
    0.41,
    0.13,
    0.14,
    0.11,
    0.46,
    8.7,
    34.0,
    6.3,
    31.8,
    0.15,
    0.4,
    1.53,
    0.29,
    0.37,
    2.4,
    0.12,
    4.2,
    0.17,
    0.52,
    6.7,
    1.0,
    6.2,
    0.15,
    22.1,
    0.47,
    0.15,
    0.84,
    4.5,
    0.1,
    0.05,
    0.32,
    0.14
  ],
  "y_pred": [
    2.109787711001903,
    0.22559615425871013,
    1.9303416168274201,
    3.0597109098845245,
    0.34518991873976745,
    0.15327769212460696,
    0.16773712403324742,
    1.9029544594789702,
    0.08426392094404761,
    0.600512327327142,
    7.198067099291816,
    -0.7839102875535294,
    2.574398446557715,
    1.340160894389141,
    0.5692443418561033,
    2.3552764958619137,
    -0.803985128691428,
    0.7575533074245848,
    7.73196861720594,
    2.8602043317031276,
    6.570860506280841,
    4.396971661321046,
    0.47978863007677613,
    0.5659617259953214,
    1.2144900345581884,
    -0.37967397646493617,
    0.379370780227603,
    1.1506069491201958,
    2.2209581584515052,
    2.438046035658803,
    0.36989546592379485,
    0.5434049629372857,
    8.645526114435333,
    1.485889887529848,
    7.295758796095861,
    0.9555042659961903,
    25.493656024729212,
    0.23853415145110762,
    0.8940841737945318,
    0.0961348777296347,
    4.514225570378446,
    0.2832658213932076,
    7.715223524886607,
    0.7642765310811943,
    1.1919008846702082
  ],
  "selected_features": [
    "Fe2O3T_wt",
    "SiO2_wt",
    "P2O5_tot_wt"
  ],
  "selected_models": [],
  "stacking_used": false,
  "stacked_model": true,
  "number_of_models": 1,
  "final_estimator": "svr",
  "final_estimator_params": {
    "svr_C": 0.22383563077051408,
    "svr_epsilon": 0.15826364550207225
  },
  "model_params": {
    "svr": {
      "svr_C": 0.22383563077051408,
      "svr_epsilon": 0.15826364550207225
    }
  },
  "use_random_split": true,
  "use_feature_selection": true,
  "model_name": "SVR-FS",
  "error_mean": 1.439044188646144,
  "error_sdev": 6.830172588014151,
  "uncertainty_median": 14.939591151324995,
  "uncertainty_mad": 6.005409419559876,
  "uncertainty_measure": 40.197950256672556,
  "feature_importance": {
    "K2O_wt": -0.03145599163859659,
    "Fe2O3T_wt": 0.0417921367278496,
    "SiO2_wt": 0.4720448772269598
  }
}