{
  "y_test": [
    7.0,
    0.25,
    8.0,
    0.05,
    1.53,
    0.44,
    4.2,
    38.0,
    1.2,
    0.36,
    0.4,
    0.04,
    5.1,
    6.7,
    0.12,
    1.4,
    0.68,
    0.09,
    0.37,
    0.04,
    2.6,
    6.7,
    0.19,
    25.6,
    6.2,
    0.14,
    0.36,
    0.02,
    0.21,
    29.4,
    1.8,
    0.14,
    0.32,
    0.05,
    0.12,
    0.15,
    1.3,
    6.9,
    0.12,
    0.15,
    0.17,
    5.4,
    0.19,
    2.4,
    5.7
  ],
  "y_pred": [
    6.353318505338071,
    0.24174308021733582,
    5.965643534994082,
    10.587099910706147,
    0.42039595340195857,
    0.26872814523019,
    3.675490990227635,
    5.212794284541094,
    0.6794725735774483,
    0.36092125062335273,
    0.4343496244205686,
    0.22148015092974468,
    4.326368694571537,
    7.6968119810201685,
    0.864954182347349,
    1.3659838704879228,
    0.6477532702920802,
    4.573184934644446,
    0.3052614259116504,
    0.26842823689477907,
    1.9654630503386101,
    6.944231909845817,
    0.38178601450701083,
    28.792811387900418,
    6.784030249110321,
    0.29578728797194537,
    0.2680517820825899,
    1.926639706675291,
    0.3852559265804407,
    18.63540925266903,
    6.220026274437328,
    0.2678205211202247,
    0.48348132717922404,
    0.23603063195227167,
    0.265049962343641,
    0.34157856546291654,
    1.0477238423036304,
    1.3325282500980387,
    0.3302534965485267,
    0.5219214328302123,
    0.35257627483478954,
    4.426278802257452,
    0.35319014540997284,
    1.1724779820288465,
    6.201229375606611
  ],
  "selected_features": [
    "K2O_wt",
    "Fe2O3T_wt",
    "SiO2_wt",
    "Al2O3_wt",
    "P2O5_tot_wt"
  ],
  "selected_models": [],
  "stacking_used": false,
  "stacked_model": true,
  "number_of_models": 1,
  "final_estimator": "et",
  "final_estimator_params": {
    "et_n_estimators": 281,
    "et_max_depth": 9,
    "et_min_samples_split": 2,
    "et_min_samples_leaf": 1,
    "et_bootstrap": false
  },
  "model_params": {
    "et": {
      "et_n_estimators": 281,
      "et_max_depth": 9,
      "et_min_samples_split": 2,
      "et_min_samples_leaf": 1,
      "et_bootstrap": false
    }
  },
  "use_random_split": true,
  "use_feature_selection": false,
  "model_name": "ET",
  "error_mean": 0.6199595988339395,
  "error_sdev": 5.603830331917362,
  "uncertainty_median": 9.698821174377219,
  "uncertainty_mad": 4.543218145708741,
  "uncertainty_measure": 46.8429932259316,
  "feature_importance": {
    "K2O_wt": -0.010125902855777658,
    "Fe2O3T_wt": 0.006251521193015005,
    "SiO2_wt": 0.29824386378073464,
    "Al2O3_wt": 0.0031122922414387934,
    "P2O5_tot_wt": 0.29191377718719097
  }
}