{
  "y_test": [
    7.0,
    0.25,
    8.0,
    0.05,
    1.53,
    0.44,
    4.2,
    38.0,
    1.2,
    0.36,
    0.4,
    0.04,
    5.1,
    6.7,
    0.12,
    1.4,
    0.68,
    0.09,
    0.37,
    0.04,
    2.6,
    6.7,
    0.19,
    25.6,
    6.2,
    0.14,
    0.36,
    0.02,
    0.21,
    29.4,
    1.8,
    0.14,
    0.32,
    0.05,
    0.12,
    0.15,
    1.3,
    6.9,
    0.12,
    0.15,
    0.17,
    5.4,
    0.19,
    2.4,
    5.7
  ],
  "y_pred": [
    6.579393939393943,
    0.2791875176549952,
    5.961212121212121,
    4.470890909090911,
    0.5912594280852838,
    0.306214474611164,
    2.6881818181818176,
    6.9694545454545445,
    0.24103555345445238,
    0.25523009372092187,
    0.41638596310437664,
    0.360495599225831,
    4.5500000000000025,
    9.045454545454554,
    0.7927207300275483,
    1.3354363636363635,
    0.6309428559927893,
    1.1216893939393942,
    0.33286252100921043,
    0.3646162028163223,
    0.9019090909090913,
    6.62727272727272,
    0.19963549776390344,
    26.12454545454542,
    7.593939393939402,
    0.3018472858323463,
    0.22898423049571376,
    2.294272727272731,
    0.7025453659976385,
    24.966363636363624,
    7.7399999999999975,
    0.27612037966750175,
    0.45782227841114725,
    0.20516429739850797,
    0.26200268863195275,
    0.42501973080773037,
    0.8684545454545454,
    1.0956353535353542,
    0.4496699637335332,
    0.5675279766801827,
    0.3308436143540555,
    4.720909090909093,
    0.2242462317985046,
    1.0000444444444452,
    5.637575757575758
  ],
  "selected_features": [
    "Fe2O3T_wt",
    "SiO2_wt",
    "P2O5_tot_wt"
  ],
  "selected_models": [],
  "stacking_used": false,
  "stacked_model": true,
  "number_of_models": 1,
  "final_estimator": "rf",
  "final_estimator_params": {
    "rf_n_estimators": 110,
    "rf_max_depth": 10
  },
  "model_params": {
    "rf": {
      "rf_n_estimators": 110,
      "rf_max_depth": 10
    }
  },
  "use_random_split": true,
  "use_feature_selection": true,
  "model_name": "RF-FS",
  "error_mean": 0.6845551924475233,
  "error_sdev": 4.953450014298452,
  "uncertainty_median": 9.243636363636373,
  "uncertainty_mad": 5.517435570651079,
  "uncertainty_measure": 59.68901581152814,
  "feature_importance": {
    "K2O_wt": 0.023371648286021344,
    "Fe2O3T_wt": 0.7310331021880226,
    "SiO2_wt": 0.32425089400881546
  }
}