{
  "y_test": [
    0.27,
    22.1,
    0.41,
    6.2,
    1.47,
    1.0,
    0.04,
    0.14,
    6.1,
    2.4,
    0.09,
    0.02,
    1.9,
    5.4,
    0.19,
    1.3,
    0.17,
    6.9,
    2.4,
    0.05,
    0.4,
    0.15,
    0.17,
    0.4,
    0.73,
    0.21,
    0.15,
    0.04,
    10.4,
    0.87,
    0.07,
    0.9,
    3.8,
    0.18,
    0.34,
    1.8,
    0.56,
    25.0,
    25.6,
    0.14,
    0.14,
    0.04,
    1.3,
    0.14,
    0.21
  ],
  "y_pred": [
    0.14402660268426917,
    30.1496809242688,
    0.8509306036896185,
    5.916925691324381,
    1.391793036095966,
    2.2322906701701957,
    0.33950240131115483,
    0.13299262973086903,
    4.198385716225111,
    0.24626931104236457,
    0.24549452092412546,
    0.21184329217755712,
    7.930173655234862,
    2.442268045863551,
    0.1354465013096548,
    1.355904210881055,
    0.08879268471373927,
    1.2020607092430895,
    1.2675617931745886,
    22.809104726306845,
    0.41184803833814226,
    1.866380879416943,
    0.3052041059475556,
    0.18812561653802543,
    0.5296971311196425,
    0.5847446901226284,
    0.32262671319566566,
    0.21010194027901405,
    7.742289000771145,
    0.5109061302502614,
    3.684545442690095,
    2.4049651718723024,
    4.210528132478206,
    0.2558266409541205,
    0.12711518595347313,
    0.5164792562958085,
    0.12085564146877695,
    26.96390101483428,
    25.70962865452692,
    18.75548901952128,
    0.2100786290679029,
    0.7477402847140224,
    0.6715628519213207,
    0.5440619634387217,
    1.386143019342589
  ],
  "selected_features": [
    "K2O_wt",
    "Fe2O3T_wt",
    "SiO2_wt",
    "Al2O3_wt",
    "P2O5_tot_wt"
  ],
  "selected_models": [],
  "stacking_used": false,
  "stacked_model": true,
  "number_of_models": 1,
  "final_estimator": "knn",
  "final_estimator_params": {
    "knn_n": 3,
    "knn_weights": "distance"
  },
  "model_params": {
    "knn": {
      "knn_n": 3,
      "knn_weights": "distance"
    }
  },
  "use_random_split": true,
  "use_feature_selection": false,
  "model_name": "KNN",
  "error_mean": -1.1107176195873476,
  "error_sdev": 4.760239320009384,
  "uncertainty_median": 6.413243914859116,
  "uncertainty_mad": 9.626944759632995,
  "uncertainty_measure": 150.11037920026587,
  "feature_importance": {
    "K2O_wt": -0.014122699313189897,
    "Fe2O3T_wt": -0.049257518923871896,
    "SiO2_wt": 1.9412286836687986,
    "Al2O3_wt": -0.09221800607149089,
    "P2O5_tot_wt": -0.0029733102239449262
  }
}