{
  "y_test": [
    1.53,
    4.2,
    8.7,
    0.24,
    0.04,
    0.35,
    3.4,
    1.3,
    0.56,
    1.8,
    8.0,
    0.22,
    6.7,
    0.18,
    0.4,
    2.4,
    0.51,
    1.47,
    0.52,
    1.2,
    7.4,
    0.43,
    10.1,
    0.25,
    5.4,
    0.11,
    6.5,
    2.7,
    25.0,
    11.7,
    2.6,
    2.4,
    0.31,
    0.15,
    25.8,
    1.3,
    1.44,
    0.47,
    0.05,
    0.17,
    0.14,
    6.1,
    0.15,
    0.57,
    1.44
  ],
  "y_pred": [
    0.9017254358279629,
    2.712111749099339,
    6.533347964354836,
    0.6986311436465058,
    0.814598446668279,
    0.9076517096685017,
    2.549215575720946,
    1.3469544773236266,
    0.5234190872555162,
    2.350050598493847,
    5.00613261507846,
    0.7462549924268331,
    8.577726926459803,
    0.5812340289700739,
    0.8458991884093499,
    1.71992408027406,
    0.5695555733747564,
    1.5999810128128837,
    0.6524501966596132,
    1.2008943807034766,
    5.689881368067557,
    -0.2011455925174177,
    6.799217554071372,
    0.7414152637243665,
    2.527818614608785,
    -0.5893704543076179,
    6.564002421336835,
    1.8230123438581618,
    5.7314765859955745,
    4.274408181736261,
    2.49960901081715,
    1.884234229615907,
    1.1142590613653172,
    1.33368994500508,
    19.074245798064347,
    2.3112241343752786,
    1.8027518016045656,
    0.9146258352802303,
    -0.4196022728312476,
    0.8876528004335917,
    0.7070696734686741,
    2.8460236494375963,
    1.0171892518894756,
    0.6242719898465847,
    -0.48132614025020626
  ],
  "selected_features": [
    "K2O_wt",
    "Fe2O3T_wt",
    "SiO2_wt",
    "Al2O3_wt",
    "P2O5_tot_wt"
  ],
  "selected_models": [],
  "stacking_used": false,
  "stacked_model": true,
  "number_of_models": 1,
  "final_estimator": "svr",
  "final_estimator_params": {
    "svr_C": 0.6488294565122636,
    "svr_epsilon": 0.37436226761572095
  },
  "model_params": {
    "svr": {
      "svr_C": 0.6488294565122636,
      "svr_epsilon": 0.37436226761572095
    }
  },
  "use_random_split": true,
  "use_feature_selection": false,
  "model_name": "SVR",
  "error_mean": 1.024124572490558,
  "error_sdev": 3.3414524401132404,
  "uncertainty_median": 10.020574180376826,
  "uncertainty_mad": 4.475638971336688,
  "uncertainty_measure": 44.66449617329594,
  "feature_importance": {
    "K2O_wt": 0.0018282589564594387,
    "Fe2O3T_wt": -0.004209472402386565,
    "SiO2_wt": 0.08001856022015544,
    "Al2O3_wt": -0.01591309260738702,
    "P2O5_tot_wt": 0.8438978909562271
  }
}