{
  "y_test": [
    0.03,
    1.3,
    0.23,
    0.04,
    1.9,
    0.36,
    2.4,
    1.18,
    0.37,
    0.41,
    38.0,
    0.02,
    11.7,
    2.4,
    0.35,
    25.8,
    0.07,
    0.1,
    0.52,
    6.9,
    24.5,
    0.14,
    0.27,
    0.4,
    0.29,
    8.0,
    2.7,
    0.68,
    0.25,
    0.12,
    0.14,
    3.4,
    1.44,
    1.8,
    1.5,
    1.4,
    0.37,
    0.34,
    0.57,
    1.3,
    8.7,
    6.7,
    29.4,
    0.14,
    0.43
  ],
  "y_pred": [
    0.33156511187553406,
    1.7718287706375122,
    0.30768993496894836,
    0.23663927614688873,
    2.4248430728912354,
    0.3720533549785614,
    1.724226713180542,
    0.5629820823669434,
    0.2895698547363281,
    0.5499509572982788,
    5.015068531036377,
    3.318105459213257,
    8.768016815185547,
    0.9585400819778442,
    0.21599824726581573,
    22.069337844848633,
    0.2889123260974884,
    0.6300025582313538,
    0.36253851652145386,
    6.2110395431518555,
    25.051156997680664,
    1.6999608278274536,
    0.07339562475681305,
    0.12347805500030518,
    -0.22411908209323883,
    5.528538703918457,
    1.856542706489563,
    0.5109681487083435,
    1.355237364768982,
    0.9082579016685486,
    0.2067411243915558,
    3.2936172485351562,
    -0.29784923791885376,
    5.445066928863525,
    1.9992213249206543,
    1.5230474472045898,
    0.41394683718681335,
    0.5177509188652039,
    0.3274194300174713,
    1.181721806526184,
    6.624540328979492,
    5.3047776222229,
    19.516868591308594,
    0.16525067389011383,
    -0.0471465177834034
  ],
  "selected_features": [
    "K2O_wt",
    "Fe2O3T_wt",
    "SiO2_wt",
    "Al2O3_wt",
    "P2O5_tot_wt"
  ],
  "selected_models": [],
  "stacking_used": false,
  "stacked_model": true,
  "number_of_models": 1,
  "final_estimator": "xgb",
  "final_estimator_params": {
    "xgb_n_estimators": 211,
    "xgb_lr": 0.20449867374259595,
    "xgb_max_depth": 8,
    "xgb_subsample": 0.6024237643412484,
    "xgb_colsample": 0.603901805070842
  },
  "model_params": {
    "xgb": {
      "xgb_n_estimators": 211,
      "xgb_lr": 0.20449867374259595,
      "xgb_max_depth": 8,
      "xgb_subsample": 0.6024237643412484,
      "xgb_colsample": 0.603901805070842
    }
  },
  "use_random_split": true,
  "use_feature_selection": false,
  "model_name": "XGB",
  "error_mean": 1.1020599815878604,
  "error_sdev": 5.230644837494894,
  "uncertainty_median": 7.18967342376709,
  "uncertainty_mad": 5.166016578674316,
  "uncertainty_measure": 71.85328559704648,
  "feature_importance": {
    "K2O_wt": -0.005722172389497475,
    "Fe2O3T_wt": 0.02147220862506702,
    "SiO2_wt": 0.6223987717673957,
    "Al2O3_wt": -0.004823331018108189,
    "P2O5_tot_wt": 0.18985130921683765
  }
}