{
  "y_test": [
    0.16,
    0.4,
    0.29,
    5.7,
    0.15,
    0.17,
    0.73,
    0.04,
    0.47,
    0.04,
    0.21,
    0.07,
    0.27,
    0.12,
    0.21,
    0.32,
    1.4,
    0.03,
    6.2,
    0.87,
    0.02,
    0.16,
    1.44,
    25.8,
    25.0,
    0.74,
    0.24,
    0.31,
    4.2,
    2.7,
    0.51,
    4.5,
    1.4,
    7.4,
    0.52,
    1.8,
    1.3,
    0.14,
    31.8,
    1.3,
    1.2,
    0.36,
    0.19,
    25.6,
    1.47
  ],
  "y_pred": [
    0.10594470240924636,
    2.11570192933086,
    0.3052316886134041,
    4.793026091378867,
    0.23412262087223512,
    0.167944231150138,
    0.5717591118235354,
    0.05142820761686995,
    0.2160974119204675,
    0.34813711043130446,
    0.5533821994875798,
    0.3201929337476015,
    0.2424400728719842,
    -1.8376114619405524,
    0.2183019616126618,
    1.1038917610888506,
    2.0634233815400487,
    0.25484998746461596,
    2.496363350120858,
    0.2892062981903485,
    0.8775123577830626,
    0.29349021029495503,
    0.3057814918059347,
    16.550674856391318,
    25.37077096085014,
    0.22650061018472245,
    0.5861981349850582,
    14.266243218083703,
    7.8742883212856665,
    0.5951200548933908,
    0.2632917650760036,
    5.424471598583091,
    1.5109887371433257,
    7.025847373004803,
    0.4095494187235129,
    0.7294218399846462,
    0.5688131640934455,
    0.32738682398936403,
    29.531455250663516,
    1.5361020414393227,
    0.1419988208917511,
    0.3216688196123805,
    0.7373164194815023,
    24.701449359368624,
    0.28961756724777343
  ],
  "selected_features": [
    "Fe2O3T_wt",
    "SiO2_wt",
    "P2O5_tot_wt"
  ],
  "selected_models": [],
  "stacking_used": false,
  "stacked_model": true,
  "number_of_models": 1,
  "final_estimator": "gpr",
  "final_estimator_params": {
    "gpr_nu": 0.5,
    "gpr_const": 4.984202599480576,
    "gpr_length_scale": 6.786276097683007,
    "gpr_alpha": 0.009692812143088798
  },
  "model_params": {
    "gpr": {
      "gpr_nu": 0.5,
      "gpr_const": 4.984202599480576,
      "gpr_length_scale": 6.786276097683007,
      "gpr_alpha": 0.009692812143088798
    }
  },
  "use_random_split": true,
  "use_feature_selection": true,
  "model_name": "GPR-FS",
  "error_mean": 0.06378238209795697,
  "error_sdev": 2.760880449943838,
  "uncertainty_median": 6.944140713887194,
  "uncertainty_mad": 8.270179374379005,
  "uncertainty_measure": 119.09579190755656,
  "feature_importance": {
    "K2O_wt": 0.11426087805840647,
    "Fe2O3T_wt": 2.1152473509596144,
    "SiO2_wt": 0.036634532812842104
  }
}