{
  "y_test": [
    1.3,
    24.5,
    0.51,
    0.25,
    0.04,
    6.2,
    1.53,
    0.17,
    0.07,
    0.1,
    0.19,
    1.4,
    0.04,
    10.4,
    0.18,
    0.36,
    0.09,
    0.14,
    0.27,
    0.14,
    0.07,
    0.22,
    6.9,
    0.14,
    0.05,
    0.15,
    2.4,
    31.8,
    0.29,
    1.44,
    38.0,
    1.5,
    0.12,
    1.18,
    0.14,
    0.29,
    6.2,
    1.2,
    2.4,
    1.3,
    1.9,
    2.7,
    1.8,
    6.5,
    8.7
  ],
  "y_pred": [
    -1.2207129385747333,
    24.286924648398696,
    0.3149151798156087,
    -0.7283093361192478,
    0.3333294636332052,
    0.6516949273086068,
    -5.843158040760306,
    -0.19231755011702334,
    0.4518988563505545,
    0.347647828575857,
    -4.221301787432844,
    3.1053902166732406,
    0.599209636026567,
    12.023467919937689,
    2.5244945834640613,
    -0.13447278361911122,
    0.10176822029511114,
    0.8131516877560299,
    0.6557049548539866,
    0.7558419068486573,
    0.2986203567088509,
    1.3108026011143863,
    2.8002350284444417,
    0.5041997119144772,
    1.5739549292108792,
    -1.0758641522940458,
    -0.43066240554953367,
    29.784910341017287,
    1.333742432710262,
    1.5155931780196648,
    5.446510809655828,
    1.148395113108436,
    4.400600749375611,
    -0.4127164606837865,
    0.599209636026567,
    0.599209636026567,
    7.1560630792337445,
    -2.3624007932367843,
    0.2248931810595493,
    1.3248549620666026,
    4.9991065826820495,
    1.3616375728660053,
    9.696520742631238,
    22.8717901391919,
    17.592428514472452
  ],
  "selected_features": [
    "K2O_wt",
    "Fe2O3T_wt",
    "SiO2_wt",
    "Al2O3_wt",
    "P2O5_tot_wt"
  ],
  "selected_models": [],
  "stacking_used": false,
  "stacked_model": true,
  "number_of_models": 1,
  "final_estimator": "lgbm",
  "final_estimator_params": {
    "lgbm_num_leaves": 34,
    "lgbm_lr": 0.2882630539619617,
    "lgbm_n_estimators": 260
  },
  "model_params": {
    "lgbm": {
      "lgbm_num_leaves": 34,
      "lgbm_lr": 0.2882630539619617,
      "lgbm_n_estimators": 260
    }
  },
  "use_random_split": true,
  "use_feature_selection": false,
  "model_name": "LGBM",
  "error_mean": 0.4085154871313944,
  "error_sdev": 6.166053548216685,
  "uncertainty_median": 10.827764847754963,
  "uncertainty_mad": 5.067513847091995,
  "uncertainty_measure": 46.80110732311199,
  "feature_importance": {
    "K2O_wt": 0.01889560311439477,
    "Fe2O3T_wt": 0.012816068969324879,
    "SiO2_wt": 0.09400731231822618,
    "Al2O3_wt": 0.0027801443643618974,
    "P2O5_tot_wt": 0.418221238317116
  }
}