{
  "y_test": [
    1.3,
    24.5,
    0.51,
    0.25,
    0.04,
    6.2,
    1.53,
    0.17,
    0.07,
    0.1,
    0.19,
    1.4,
    0.04,
    10.4,
    0.18,
    0.36,
    0.09,
    0.14,
    0.27,
    0.14,
    0.07,
    0.22,
    6.9,
    0.14,
    0.05,
    0.15,
    2.4,
    31.8,
    0.29,
    1.44,
    38.0,
    1.5,
    0.12,
    1.18,
    0.14,
    0.29,
    6.2,
    1.2,
    2.4,
    1.3,
    1.9,
    2.7,
    1.8,
    6.5,
    8.7
  ],
  "y_pred": [
    0.5270401337792644,
    25.647491638795994,
    0.37360232521102116,
    0.22423527470219334,
    0.2746398773459267,
    4.48215161649944,
    0.27535263680868616,
    0.2842849641431871,
    0.7534503901895203,
    0.26904075755162715,
    0.21758153472236652,
    1.3944425863991021,
    0.19326925280138882,
    8.187469342251942,
    0.3006911461254559,
    0.3412827414131764,
    0.2278177257525084,
    0.2697324704281228,
    1.3117363433667784,
    0.3516847826086962,
    0.17699442586399106,
    0.3605781175346398,
    1.1989938684503916,
    0.38657938469847775,
    0.2607748049052394,
    0.23127260814170084,
    2.0646321070234106,
    27.662605908584183,
    0.9020317725752514,
    1.3458667781493887,
    4.084233556298774,
    1.0502006688963224,
    0.2579529890399456,
    0.6822993311036792,
    0.9369425863991087,
    0.37551560758082486,
    7.623244147157204,
    0.44785117056856194,
    2.317254738015607,
    1.5420429208472688,
    4.767290969899661,
    2.397246376811594,
    4.892589186176144,
    8.510013935340023,
    8.21740802675585
  ],
  "selected_features": [
    "K2O_wt",
    "Fe2O3T_wt",
    "SiO2_wt",
    "Al2O3_wt",
    "P2O5_tot_wt"
  ],
  "selected_models": [],
  "stacking_used": false,
  "stacked_model": true,
  "number_of_models": 1,
  "final_estimator": "et",
  "final_estimator_params": {
    "et_n_estimators": 299,
    "et_max_depth": 17,
    "et_min_samples_split": 5,
    "et_min_samples_leaf": 1,
    "et_bootstrap": false
  },
  "model_params": {
    "et": {
      "et_n_estimators": 299,
      "et_max_depth": 17,
      "et_min_samples_split": 5,
      "et_min_samples_leaf": 1,
      "et_bootstrap": false
    }
  },
  "use_random_split": true,
  "use_feature_selection": false,
  "model_name": "ET",
  "error_mean": 0.8149019216063634,
  "error_sdev": 5.243385312979813,
  "uncertainty_median": 7.196233277591986,
  "uncertainty_mad": 4.05086228611702,
  "uncertainty_measure": 56.291425386817444,
  "feature_importance": {
    "K2O_wt": 0.00031490763358895334,
    "Fe2O3T_wt": 0.0031444269515427427,
    "SiO2_wt": 0.4116327636328448,
    "Al2O3_wt": 0.028461595064137993,
    "P2O5_tot_wt": 0.1909911819494104
  }
}