{
  "y_test": [
    0.15,
    4.5,
    0.36,
    0.16,
    0.44,
    0.27,
    0.18,
    5.4,
    0.51,
    0.1,
    38.0,
    7.4,
    6.7,
    0.17,
    0.4,
    4.2,
    2.7,
    25.0,
    3.8,
    1.3,
    2.4,
    0.73,
    0.37,
    3.4,
    0.14,
    5.7,
    1.0,
    0.32,
    0.31,
    0.34,
    2.4,
    0.04,
    25.8,
    0.23,
    0.19,
    0.19,
    0.24,
    0.16,
    0.25,
    0.11,
    1.47,
    0.17,
    0.05,
    6.7,
    0.35
  ],
  "y_pred": [
    0.5840260029027452,
    7.997224867724874,
    0.2553837775747332,
    1.0927834362941085,
    0.27733643853340006,
    1.3570092624192,
    0.2608662610756403,
    4.944480158730153,
    0.31854000331694854,
    0.35198805998100785,
    5.334375661375658,
    7.339107867220956,
    7.627931941295036,
    0.4346204467742486,
    0.5509908729028931,
    2.8602867955262887,
    2.228229656677483,
    21.276688932980605,
    5.388756613756606,
    1.422849483499692,
    1.7511944821492442,
    0.6879367238777155,
    0.299773612809374,
    2.7372910300483797,
    0.5403847319228666,
    6.330430555555554,
    1.094170866084405,
    0.5855268619545475,
    0.2929002749685732,
    0.2704974926480284,
    2.067691713048855,
    0.23878265698221038,
    24.01267526455026,
    0.33895176720909703,
    0.39768138476287196,
    0.4927584544875249,
    0.5542257423749993,
    0.21304007110054934,
    0.24991220564711283,
    0.9050248013536658,
    1.4957409881077801,
    0.28963379228949476,
    0.41544714333104904,
    9.180926870748287,
    0.34573595005299496
  ],
  "selected_features": [
    "K2O_wt",
    "Fe2O3T_wt",
    "SiO2_wt",
    "Al2O3_wt",
    "P2O5_tot_wt"
  ],
  "selected_models": [],
  "stacking_used": false,
  "stacked_model": true,
  "number_of_models": 1,
  "final_estimator": "et",
  "final_estimator_params": {
    "et_n_estimators": 252,
    "et_max_depth": 10,
    "et_min_samples_split": 6,
    "et_min_samples_leaf": 1,
    "et_bootstrap": false
  },
  "model_params": {
    "et": {
      "et_n_estimators": 252,
      "et_max_depth": 10,
      "et_min_samples_split": 6,
      "et_min_samples_leaf": 1,
      "et_bootstrap": false
    }
  },
  "feature_names": [
    "K2O_wt",
    "Fe2O3T_wt",
    "SiO2_wt",
    "Al2O3_wt",
    "P2O5_tot_wt"
  ],
  "use_random_split": true,
  "use_feature_selection": false,
  "model_name": "ET",
  "error_mean": 0.6024041782527172,
  "error_sdev": 4.9930629269380535,
  "uncertainty_median": 14.725168650793659,
  "uncertainty_mad": 4.785148917880824,
  "uncertainty_measure": 32.49639465163554,
  "feature_importance": {
    "K2O_wt": 0.012628456969254832,
    "Fe2O3T_wt": -0.0019276931052157153,
    "SiO2_wt": 0.2961604613642199,
    "Al2O3_wt": 0.012442397155803775,
    "P2O5_tot_wt": 0.29591660537493214
  },
  "run": 1
}