{
  "y_test": [
    1.4,
    25.0,
    1.18,
    0.04,
    2.4,
    0.04,
    25.6,
    38.0,
    0.73,
    0.16,
    2.4,
    0.12,
    3.4,
    0.15,
    0.44,
    0.21,
    0.14,
    0.14,
    0.37,
    0.37,
    0.87,
    6.9,
    0.24,
    0.17,
    22.1,
    0.22,
    0.15,
    0.03,
    0.07,
    0.52,
    0.84,
    0.56,
    0.1,
    0.19,
    6.5,
    0.23,
    8.7,
    4.2,
    0.04,
    0.15,
    6.6,
    1.5,
    0.17,
    6.7,
    0.14
  ],
  "y_pred": [
    4.465734750842603,
    12.115860528905007,
    3.57880351555675,
    3.082534938229653,
    3.7509850735247188,
    3.1407515900413614,
    10.026696976759325,
    5.844239037138523,
    3.4161991374367915,
    3.7366818756080544,
    3.336802674768265,
    3.7795458036098726,
    5.4624274720990424,
    2.9642722744237755,
    3.398033979218658,
    2.4291576044938594,
    2.459636042835056,
    3.0297126051296726,
    3.593470780107774,
    5.049822663940628,
    3.7768465187578144,
    8.211821507909162,
    2.033968361768421,
    3.8022517163767553,
    33.221751990004734,
    2.531390092288916,
    3.7317780765657904,
    2.9329210049036156,
    3.5274311894727006,
    3.9431070209878563,
    3.139744064734135,
    3.9136585329553366,
    3.6571826347415755,
    3.2065515308092163,
    11.230258045504517,
    3.4529440846333195,
    11.075664373803153,
    5.458589806213704,
    4.0388770552624305,
    2.79480259990933,
    9.76608978688491,
    3.2828981077630495,
    3.161723164912617,
    8.279785424853209,
    1.9211611293302315
  ],
  "selected_features": [
    "K2O_wt",
    "Fe2O3T_wt",
    "SiO2_wt",
    "Al2O3_wt",
    "P2O5_tot_wt"
  ],
  "selected_models": [],
  "stacking_used": false,
  "stacked_model": true,
  "number_of_models": 1,
  "final_estimator": "svr",
  "final_estimator_params": {
    "svr_C": 4.823889049833378,
    "svr_epsilon": 0.004191347501094992
  },
  "model_params": {
    "svr": {
      "svr_C": 4.823889049833378,
      "svr_epsilon": 0.004191347501094992
    }
  },
  "use_random_split": true,
  "use_feature_selection": false,
  "model_name": "SVR",
  "error_mean": -1.434990381022575,
  "error_sdev": 6.434088269776786,
  "uncertainty_median": 16.7061137706169,
  "uncertainty_mad": 6.318604031659078,
  "uncertainty_measure": 37.82210583751911,
  "feature_importance": {
    "K2O_wt": 0.013430216340529339,
    "Fe2O3T_wt": -0.0058873800321188,
    "SiO2_wt": 0.16512087836789166,
    "Al2O3_wt": 0.0008686274168859631,
    "P2O5_tot_wt": 0.38641977046305714
  }
}