{
  "y_test": [
    0.19,
    0.04,
    1.44,
    5.4,
    0.12,
    0.35,
    0.47,
    0.19,
    10.4,
    6.7,
    0.16,
    0.04,
    0.25,
    0.27,
    34.0,
    0.04,
    2.4,
    0.04,
    6.9,
    0.21,
    4.2,
    0.34,
    0.43,
    6.3,
    6.2,
    3.4,
    4.5,
    0.12,
    1.4,
    31.8,
    0.62,
    1.0,
    0.07,
    0.57,
    0.68,
    2.6,
    0.07,
    0.18,
    1.5,
    0.15,
    0.04,
    0.04,
    0.17,
    0.15,
    0.05
  ],
  "y_pred": [
    0.9592771121414838,
    10.38028375911092,
    0.6427855297250326,
    6.163583768180428,
    -1.617825981588781,
    0.15212146462272358,
    0.3543925627180685,
    2.0828901625425638,
    10.353697011279706,
    7.522024350726843,
    0.6427855297250326,
    0.4653397424073819,
    -0.22186815771053273,
    3.6114413395252654,
    19.812329165538536,
    0.6427855297250326,
    5.350304982859801,
    1.015234439140236,
    7.522024350726843,
    0.6427855297250326,
    6.399089685187368,
    2.495795872216035,
    0.6427855297250326,
    5.589605346476469,
    8.38696698947277,
    -1.6994077601606434,
    7.522024350726843,
    5.086494701534952,
    0.6592675403934921,
    19.812329165538536,
    0.441470894955451,
    -0.5785061578195874,
    -1.8720388363701947,
    0.11109524496959755,
    -1.4856887296990564,
    1.736705707162152,
    1.1768885604808466,
    0.6427855297250326,
    6.836047947876071,
    0.3844830930298088,
    0.6427855297250326,
    -0.22018039394714067,
    2.015373506332451,
    -0.7172509853746633,
    11.963162224569427
  ],
  "selected_features": [
    "K2O_wt",
    "Fe2O3T_wt",
    "SiO2_wt",
    "Al2O3_wt",
    "P2O5_tot_wt"
  ],
  "selected_models": [],
  "stacking_used": false,
  "stacked_model": true,
  "number_of_models": 1,
  "final_estimator": "lgbm",
  "final_estimator_params": {
    "lgbm_num_leaves": 81,
    "lgbm_lr": 0.13047497151260384,
    "lgbm_n_estimators": 169
  },
  "model_params": {
    "lgbm": {
      "lgbm_num_leaves": 81,
      "lgbm_lr": 0.13047497151260384,
      "lgbm_n_estimators": 169
    }
  },
  "use_random_split": true,
  "use_feature_selection": false,
  "model_name": "LGBM",
  "error_mean": -0.36129948328550443,
  "error_sdev": 4.104234827740738,
  "uncertainty_median": 8.081806097239445,
  "uncertainty_mad": 5.638067436073538,
  "uncertainty_measure": 69.76246854028543,
  "feature_importance": {
    "K2O_wt": 0.6154942686985304,
    "Fe2O3T_wt": -0.016083038485314467,
    "SiO2_wt": 0.043736074310267964,
    "Al2O3_wt": -0.0044611379124041076,
    "P2O5_tot_wt": 1.3230456355297773
  }
}