{
  "y_test": [
    0.27,
    0.9,
    0.13,
    0.37,
    10.4,
    6.0,
    0.36,
    0.51,
    11.7,
    38.0,
    0.42,
    0.52,
    0.04,
    0.07,
    0.07,
    0.24,
    10.1,
    0.1,
    8.0,
    1.9,
    2.6,
    4.2,
    0.05,
    0.19,
    0.17,
    5.7,
    0.37,
    0.04,
    0.25,
    4.2,
    0.29,
    6.9,
    0.15,
    0.31,
    0.19,
    0.73,
    0.12,
    2.7,
    8.9,
    1.3,
    1.47,
    0.44,
    0.68,
    25.6,
    25.0
  ],
  "y_pred": [
    1.4812141206128697,
    1.0867917132962883,
    0.28465055560277,
    0.3590509360091836,
    6.970668858918854,
    4.986433939760693,
    0.24927276328076736,
    0.3220520155674936,
    6.8228497659747624,
    3.3070732150445923,
    0.44153369415847304,
    0.4079363032299366,
    0.31300256728606135,
    0.21771328447308302,
    0.7732865802841783,
    0.7322481586802434,
    6.6804772079772095,
    0.3491118633313643,
    6.059826909201919,
    3.8562111887462702,
    1.9254245642714394,
    3.7122152161765802,
    0.24527437274346134,
    0.34249508904837384,
    0.3943506603683338,
    4.812974677708295,
    0.4403950137433854,
    0.22983831740859778,
    0.341564778722981,
    6.240510785510777,
    0.3673672946711847,
    1.2955876847147305,
    0.3367501117078088,
    0.34929533246940575,
    0.4261685442603843,
    0.5340494940328079,
    0.990769627136024,
    2.302992734662856,
    5.142515369560054,
    1.4355646680957501,
    1.0899185955876873,
    0.2653396271881688,
    0.6971546295170308,
    23.284572649572667,
    22.030954415954422
  ],
  "selected_features": [
    "K2O_wt",
    "Fe2O3T_wt",
    "SiO2_wt",
    "Al2O3_wt",
    "P2O5_tot_wt"
  ],
  "selected_models": [],
  "stacking_used": false,
  "stacked_model": true,
  "number_of_models": 1,
  "final_estimator": "et",
  "final_estimator_params": {
    "et_n_estimators": 234,
    "et_max_depth": 8,
    "et_min_samples_split": 2,
    "et_min_samples_leaf": 1,
    "et_bootstrap": false
  },
  "model_params": {
    "et": {
      "et_n_estimators": 234,
      "et_max_depth": 8,
      "et_min_samples_split": 2,
      "et_min_samples_leaf": 1,
      "et_bootstrap": false
    }
  },
  "use_random_split": true,
  "use_feature_selection": false,
  "model_name": "ET",
  "error_mean": 1.282545557860662,
  "error_sdev": 5.3399717844914525,
  "uncertainty_median": 5.962705662393163,
  "uncertainty_mad": 3.2304206947800442,
  "uncertainty_measure": 54.177094723194806,
  "feature_importance": {
    "K2O_wt": -0.0008265124374992972,
    "Fe2O3T_wt": -0.004740289212646977,
    "SiO2_wt": 0.35900830621965907,
    "Al2O3_wt": 0.027847977676823968,
    "P2O5_tot_wt": 0.20154895625466993
  }
}