{
  "y_test": [
    11.7,
    0.31,
    0.36,
    0.25,
    25.6,
    2.4,
    0.19,
    0.41,
    0.11,
    0.14,
    0.29,
    0.37,
    0.05,
    1.3,
    0.16,
    0.12,
    0.15,
    0.35,
    0.19,
    0.34,
    0.13,
    1.44,
    1.44,
    0.4,
    34.0,
    0.52,
    4.5,
    1.3,
    6.9,
    0.02,
    1.2,
    1.9,
    4.2,
    6.1,
    0.12,
    8.0,
    0.74,
    6.3,
    0.17,
    0.4,
    0.27,
    0.04,
    1.4,
    24.5,
    0.27
  ],
  "y_pred": [
    6.083173397404809,
    2.1365698860445805,
    0.8898590854535797,
    1.131639376748672,
    7.917456926382704,
    1.2289353784937873,
    -0.6826004529043406,
    1.3202054167138977,
    -0.8593912416740608,
    2.0246228196335148,
    0.5962258820421535,
    1.0316246486907117,
    -0.06824753243562931,
    2.5084975786449357,
    1.2930627621855013,
    1.01280761652903,
    0.9569872692823864,
    1.880994340616608,
    -0.009965422139361024,
    1.5191926835699263,
    1.4020690147759503,
    1.5421693720778942,
    -0.6930584506419866,
    1.3829257741917473,
    10.013676830655694,
    1.274747953118264,
    4.918252226618151,
    2.0728059326108967,
    1.2137991958867005,
    1.3562441565448324,
    0.9556853299430816,
    2.241292983445783,
    6.465067534223234,
    3.8821383719725713,
    1.570846680759586,
    5.5312587881750535,
    1.385106202426634,
    7.389619637478833,
    1.0775679802369176,
    0.20675925472541756,
    1.4889492753576334,
    1.6017443710544406,
    2.750232023836693,
    8.222483735647305,
    1.8938383148380904
  ],
  "selected_features": [
    "K2O_wt",
    "Fe2O3T_wt",
    "SiO2_wt",
    "Al2O3_wt",
    "P2O5_tot_wt"
  ],
  "selected_models": [],
  "stacking_used": false,
  "stacked_model": true,
  "number_of_models": 1,
  "final_estimator": "svr",
  "final_estimator_params": {
    "svr_C": 6.158049650324645,
    "svr_epsilon": 0.11388458639540681
  },
  "model_params": {
    "svr": {
      "svr_C": 6.158049650324645,
      "svr_epsilon": 0.11388458639540681
    }
  },
  "use_random_split": true,
  "use_feature_selection": false,
  "model_name": "SVR",
  "error_mean": 1.0664917131279374,
  "error_sdev": 5.2776939668180765,
  "uncertainty_median": 5.312356186801022,
  "uncertainty_mad": 2.4438180897712014,
  "uncertainty_measure": 46.00252701133002,
  "feature_importance": {
    "K2O_wt": -0.008310798243551463,
    "Fe2O3T_wt": -0.0006006685141069302,
    "SiO2_wt": 0.3715407658140307,
    "Al2O3_wt": 0.035566877129909136,
    "P2O5_tot_wt": 0.14826515127093326
  }
}