{
  "y_test": [
    0.19,
    0.84,
    1.0,
    8.9,
    10.1,
    6.2,
    3.4,
    1.5,
    0.37,
    31.8,
    0.04,
    0.17,
    0.31,
    0.25,
    10.4,
    1.4,
    0.4,
    2.4,
    6.0,
    0.16,
    0.12,
    25.0,
    1.53,
    0.05,
    0.15,
    0.43,
    5.4,
    1.8,
    2.4,
    0.1,
    0.07,
    0.73,
    0.14,
    0.17,
    0.87,
    0.37,
    0.22,
    0.62,
    0.46,
    2.7,
    1.47,
    6.5,
    0.18,
    5.1,
    0.09
  ],
  "y_pred": [
    0.2625247564566099,
    0.3165743846898724,
    1.376087594928406,
    9.447234092863814,
    9.082685534782437,
    7.907288042745837,
    3.192050832172336,
    1.3224323021999749,
    0.622877128372643,
    29.318506493506526,
    0.5734977783409129,
    0.4640738196618982,
    1.6836897364966357,
    0.433410000091838,
    12.629485184799211,
    1.9389260239857462,
    0.7161875885053327,
    1.533842365209205,
    4.837842941891968,
    0.2970931855944298,
    0.28602897881260514,
    22.593244218254224,
    1.0418116254903769,
    13.552745760679505,
    0.3102893666180544,
    0.2907946738942123,
    6.004867136326396,
    9.311541952905992,
    2.685816586885613,
    0.3897603727801099,
    0.9015563652981252,
    0.8097053651380226,
    0.35918696437311687,
    0.27947739350787365,
    1.4713199910773875,
    3.5144751610638756,
    0.5152660775433439,
    0.6992604255997859,
    0.7089176319856685,
    2.8616081113030853,
    1.4332744047174553,
    7.756224324035511,
    0.32876055099669166,
    4.627445170065145,
    6.861852749878279
  ],
  "selected_features": [
    "K2O_wt",
    "Fe2O3T_wt",
    "SiO2_wt",
    "Al2O3_wt",
    "P2O5_tot_wt"
  ],
  "selected_models": [],
  "stacking_used": false,
  "stacked_model": true,
  "number_of_models": 1,
  "final_estimator": "et",
  "final_estimator_params": {
    "et_n_estimators": 231,
    "et_max_depth": 6,
    "et_min_samples_split": 2,
    "et_min_samples_leaf": 1,
    "et_bootstrap": false
  },
  "model_params": {
    "et": {
      "et_n_estimators": 231,
      "et_max_depth": 6,
      "et_min_samples_split": 2,
      "et_min_samples_leaf": 1,
      "et_bootstrap": false
    }
  },
  "feature_names": [
    "K2O_wt",
    "Fe2O3T_wt",
    "SiO2_wt",
    "Al2O3_wt",
    "P2O5_tot_wt"
  ],
  "use_random_split": true,
  "use_feature_selection": false,
  "model_name": "ET",
  "error_mean": -0.7789231365894687,
  "error_sdev": 2.601093933341274,
  "uncertainty_median": 9.982883751262948,
  "uncertainty_mad": 4.396603899495273,
  "uncertainty_measure": 44.041421387272514,
  "feature_importance": {
    "K2O_wt": 0.04750827614507503,
    "Fe2O3T_wt": 0.016216530275626043,
    "SiO2_wt": 0.5446245795058516,
    "Al2O3_wt": 0.08164630795305611,
    "P2O5_tot_wt": 0.6016256828793898
  },
  "run": 0
}