{
  "y_test": [
    0.16,
    0.4,
    0.29,
    5.7,
    0.15,
    0.17,
    0.73,
    0.04,
    0.47,
    0.04,
    0.21,
    0.07,
    0.27,
    0.12,
    0.21,
    0.32,
    1.4,
    0.03,
    6.2,
    0.87,
    0.02,
    0.16,
    1.44,
    25.8,
    25.0,
    0.74,
    0.24,
    0.31,
    4.2,
    2.7,
    0.51,
    4.5,
    1.4,
    7.4,
    0.52,
    1.8,
    1.3,
    0.14,
    31.8,
    1.3,
    1.2,
    0.36,
    0.19,
    25.6,
    1.47
  ],
  "y_pred": [
    -0.13181588501869612,
    0.5104011557680259,
    -0.9554181454707944,
    3.1034169001372938,
    0.6455642073291905,
    -0.5042666527714559,
    -0.03257319088565325,
    -0.27992543575401285,
    0.503082651914756,
    -0.7521010510124988,
    -2.6078900982079958,
    1.2332661197905317,
    3.9086650548989645,
    6.173869770984897,
    0.3697485919654966,
    -0.343361750126828,
    4.335174971776947,
    0.2280945518206643,
    0.17336410950195003,
    2.2142250711648046,
    0.470663209832459,
    1.9112532165424163,
    1.0562600103247277,
    24.18634721796085,
    19.14191657522023,
    1.1874737567139597,
    -0.4328160359402631,
    4.800418820842559,
    5.925494950412979,
    1.1467664292217528,
    1.5255097419167107,
    2.940699053273594,
    4.6377440413460995,
    8.721658057177233,
    2.978643462747584,
    0.8224369085267504,
    2.287463303844426,
    3.887971938447663,
    22.672809454717505,
    2.7743755715311202,
    1.5581377544201693,
    -0.30711882176678884,
    -0.18481444304154238,
    24.393557040236647,
    0.4824461128178932
  ],
  "selected_features": [
    "SiO2_wt",
    "Al2O3_wt"
  ],
  "selected_models": [],
  "stacking_used": false,
  "stacked_model": true,
  "number_of_models": 1,
  "final_estimator": "lr",
  "final_estimator_params": {},
  "model_params": {
    "lr": {}
  },
  "use_random_split": true,
  "use_feature_selection": true,
  "model_name": "LR-FS",
  "error_mean": 0.03495959388594846,
  "error_sdev": 2.6528833343980796,
  "uncertainty_median": 7.242609769246512,
  "uncertainty_mad": 6.664520623959591,
  "uncertainty_measure": 92.01822045222434,
  "feature_importance": {
    "K2O_wt": 1.2665591663666784,
    "Fe2O3T_wt": 0.22963819658766135
  }
}