{
  "y_test": [
    1.44,
    0.73,
    3.4,
    25.0,
    8.0,
    4.2,
    0.24,
    38.0,
    0.12,
    0.17,
    0.37,
    0.74,
    0.9,
    0.19,
    0.16,
    29.4,
    0.11,
    0.07,
    6.1,
    1.4,
    0.57,
    0.1,
    10.4,
    0.05,
    0.25,
    0.09,
    1.8,
    0.47,
    6.2,
    0.14,
    0.15,
    0.44,
    0.43,
    0.09,
    0.36,
    6.0,
    1.3,
    7.4,
    0.17,
    6.7,
    0.14,
    0.37,
    0.87,
    0.03,
    1.2
  ],
  "y_pred": [
    1.1525,
    0.2604531250000002,
    2.2698437500000015,
    23.982812499999994,
    5.873437499999997,
    5.1000000000000005,
    0.32412499999999983,
    8.448437499999994,
    0.9034375,
    0.3787499999999999,
    0.46031250000000007,
    0.26107812499999994,
    1.3026562499999996,
    0.6295312500000002,
    0.09484375000000002,
    22.684374999999996,
    0.5089062500000003,
    0.5392187500000002,
    5.3921874999999995,
    1.4498437499999994,
    0.16031249999999997,
    0.2588906250000001,
    6.049999999999999,
    0.22390625,
    0.317328125,
    0.5226562499999997,
    8.476562499999995,
    0.09765624999999999,
    7.395312500000001,
    0.5076562500000004,
    0.3854531250000001,
    0.2506249999999998,
    0.09125000000000003,
    0.4021875,
    0.2829687499999998,
    5.181250000000001,
    1.3998437499999992,
    6.815624999999998,
    0.3053124999999999,
    6.470312499999997,
    0.399984375,
    0.4515624999999999,
    1.6710937500000007,
    0.3618749999999998,
    0.56234375
  ],
  "selected_features": [
    "Fe2O3T_wt",
    "SiO2_wt",
    "P2O5_tot_wt"
  ],
  "selected_models": [],
  "stacking_used": false,
  "stacked_model": true,
  "number_of_models": 1,
  "final_estimator": "rf",
  "final_estimator_params": {
    "rf_n_estimators": 64,
    "rf_max_depth": 17
  },
  "model_params": {
    "rf": {
      "rf_n_estimators": 64,
      "rf_max_depth": 17
    }
  },
  "feature_names": [
    "K2O_wt",
    "Fe2O3T_wt",
    "SiO2_wt",
    "Al2O3_wt",
    "P2O5_tot_wt"
  ],
  "use_random_split": true,
  "use_feature_selection": true,
  "model_name": "RF-FS",
  "error_mean": 0.7866951388888894,
  "error_sdev": 4.692566074579879,
  "uncertainty_median": 8.1359375,
  "uncertainty_mad": 2.396128832682291,
  "uncertainty_measure": 29.451170595672483,
  "feature_importance": {
    "K2O_wt": 0.03192252545780623,
    "Fe2O3T_wt": 0.6407389603299329,
    "SiO2_wt": 0.3741147718563706
  },
  "run": 7
}