{
  "y_test": [
    0.23,
    0.22,
    0.4,
    6.9,
    8.9,
    0.4,
    0.62,
    0.15,
    7.4,
    0.02,
    0.04,
    0.12,
    0.14,
    10.4,
    0.04,
    1.3,
    0.42,
    6.5,
    1.53,
    0.14,
    1.3,
    0.14,
    25.6,
    0.1,
    0.51,
    0.32,
    4.2,
    0.16,
    0.4,
    6.2,
    0.73,
    11.7,
    0.11,
    6.3,
    2.4,
    0.21,
    0.14,
    2.7,
    1.5,
    6.1,
    0.04,
    10.1,
    24.5,
    0.09,
    0.87
  ],
  "y_pred": [
    0.9173149909462972,
    0.9627727301261708,
    0.36569332447201575,
    5.575450223603219,
    3.9600861063907464,
    2.036065363494547,
    0.7401828416582843,
    1.3010767872001305,
    7.7343239401378465,
    0.3175850843100885,
    0.29229820438427945,
    9.220918532751934,
    30.72136247253517,
    2.0021975262111438,
    0.27942940153806006,
    1.0356736532651238,
    0.5982131644978015,
    8.218360607953386,
    0.5939974188249448,
    0.12507022614826635,
    2.8285379354587397,
    0.2717740724074744,
    25.21179268862965,
    0.2750849886680964,
    0.3964917819761107,
    0.36366883018678964,
    3.900238426615949,
    0.13674098043631933,
    0.3803154380064915,
    8.030998403775069,
    0.6074761850499946,
    2.2257818527882773,
    0.8205163542346652,
    1.948420652876661,
    2.883229789230093,
    0.9168208623782368,
    0.9646378257756352,
    0.5935382729812844,
    0.5417782364322554,
    4.059632116420993,
    0.25210170947042343,
    8.597473375899082,
    24.796591549167793,
    4.276584970275146,
    0.669698441462991
  ],
  "selected_features": [
    "K2O_wt",
    "SiO2_wt",
    "P2O5_tot_wt"
  ],
  "selected_models": [],
  "stacking_used": false,
  "stacked_model": true,
  "number_of_models": 1,
  "final_estimator": "gpr",
  "final_estimator_params": {
    "gpr_nu": 0.5,
    "gpr_const": 6.828935429979694,
    "gpr_length_scale": 6.7348680149200355,
    "gpr_alpha": 2.582353337583698e-09
  },
  "model_params": {
    "gpr": {
      "gpr_nu": 0.5,
      "gpr_const": 6.828935429979694,
      "gpr_length_scale": 6.7348680149200355,
      "gpr_alpha": 2.582353337583698e-09
    }
  },
  "feature_names": [
    "K2O_wt",
    "Fe2O3T_wt",
    "SiO2_wt",
    "Al2O3_wt",
    "P2O5_tot_wt"
  ],
  "use_random_split": true,
  "use_feature_selection": true,
  "model_name": "GPR-FS",
  "error_mean": -0.45906662980119267,
  "error_sdev": 5.352647407256041,
  "uncertainty_median": 2.542097204099728,
  "uncertainty_mad": 4.066552032567388,
  "uncertainty_measure": 159.968392475674,
  "feature_importance": {
    "K2O_wt": -0.1367145056145686,
    "Fe2O3T_wt": 1.1938640381419898,
    "SiO2_wt": -0.055102795398808864
  },
  "run": 4
}