{
  "y_test": [
    8.9,
    0.19,
    0.34,
    0.37,
    6.9,
    0.12,
    0.19,
    34.0,
    0.51,
    0.52,
    1.3,
    0.32,
    0.1,
    1.44,
    0.21,
    0.15,
    6.7,
    3.8,
    6.9,
    0.1,
    1.47,
    0.14,
    0.04,
    0.17,
    0.04,
    6.3,
    0.11,
    0.07,
    0.68,
    0.19,
    0.4,
    0.17,
    0.37,
    2.7,
    0.02,
    0.04,
    0.07,
    0.73,
    0.24,
    0.35,
    1.2,
    0.43,
    0.15,
    0.4,
    25.8
  ],
  "y_pred": [
    5.268088601898514,
    0.8054146642207552,
    0.883950744908819,
    0.015403800508770667,
    5.268088601898514,
    1.080206619277748,
    0.7324924305946314,
    24.47503901789275,
    0.21711980633793682,
    0.35949291019524654,
    1.3796807609665147,
    0.6221332144380417,
    0.18671343623176914,
    0.4743540269437487,
    0.4743540269437487,
    0.27295085962699717,
    5.268088601898514,
    6.290723996149979,
    1.3796807609665147,
    1.0600404315838448,
    0.6079326557682224,
    0.4743540269437487,
    1.0567302188722965,
    0.883950744908819,
    0.4743540269437487,
    7.883595075146167,
    0.4743540269437487,
    0.883950744908819,
    0.17370125264281133,
    0.4743540269437487,
    0.4988178022126697,
    0.44916188556496595,
    0.17370125264281133,
    2.0716370446033907,
    3.1094692165894595,
    16.124882698903935,
    0.42028172152460586,
    0.4432568998229924,
    0.05660668580481999,
    0.014575214862139627,
    0.856294313771407,
    0.4743540269437487,
    0.42028172152460586,
    0.21711980633793682,
    14.839482535488424
  ],
  "selected_features": [
    "K2O_wt",
    "P2O5_tot_wt"
  ],
  "selected_models": [],
  "stacking_used": false,
  "stacked_model": true,
  "number_of_models": 1,
  "final_estimator": "lgbm",
  "final_estimator_params": {
    "lgbm_num_leaves": 93,
    "lgbm_lr": 0.25861239751386733,
    "lgbm_n_estimators": 228
  },
  "model_params": {
    "lgbm": {
      "lgbm_num_leaves": 93,
      "lgbm_lr": 0.25861239751386733,
      "lgbm_n_estimators": 228
    }
  },
  "use_random_split": true,
  "use_feature_selection": true,
  "model_name": "LGBM-FS",
  "error_mean": 0.11708406799770221,
  "error_sdev": 3.518101459722759,
  "uncertainty_median": 5.268088601898514,
  "uncertainty_mad": 7.059449177674263,
  "uncertainty_measure": 134.00399482898177,
  "feature_importance": {
    "K2O_wt": 0.5852055824085739,
    "Fe2O3T_wt": 1.4428611849815898
  }
}