{
  "y_test": [
    0.27,
    22.1,
    0.41,
    6.2,
    1.47,
    1.0,
    0.04,
    0.14,
    6.1,
    2.4,
    0.09,
    0.02,
    1.9,
    5.4,
    0.19,
    1.3,
    0.17,
    6.9,
    2.4,
    0.05,
    0.4,
    0.15,
    0.17,
    0.4,
    0.73,
    0.21,
    0.15,
    0.04,
    10.4,
    0.87,
    0.07,
    0.9,
    3.8,
    0.18,
    0.34,
    1.8,
    0.56,
    25.0,
    25.6,
    0.14,
    0.14,
    0.04,
    1.3,
    0.14,
    0.21
  ],
  "y_pred": [
    0.10588883608579636,
    22.090904235839844,
    0.5540285110473633,
    6.812188625335693,
    1.408558964729309,
    1.3802570104599,
    0.35169610381126404,
    0.07144223898649216,
    5.011050701141357,
    1.2562626600265503,
    0.25711432099342346,
    1.7959152460098267,
    5.666059970855713,
    5.963967323303223,
    0.13475145399570465,
    1.1856160163879395,
    0.15524420142173767,
    1.0380016565322876,
    2.0085620880126953,
    15.904447555541992,
    0.36912086606025696,
    0.8115800023078918,
    0.30137747526168823,
    0.10066584497690201,
    0.6345789432525635,
    0.6202298402786255,
    0.9395760297775269,
    0.10972359776496887,
    13.059231758117676,
    0.5355930924415588,
    0.9369847178459167,
    1.961382508277893,
    5.138500690460205,
    0.14971411228179932,
    0.41220298409461975,
    19.91483497619629,
    -0.06273388117551804,
    23.95758628845215,
    22.1274356842041,
    6.414803981781006,
    0.2871023416519165,
    0.2411479949951172,
    0.959388256072998,
    0.7711979746818542,
    1.294814944267273
  ],
  "selected_features": [
    "Fe2O3T_wt",
    "SiO2_wt",
    "Al2O3_wt",
    "P2O5_tot_wt"
  ],
  "selected_models": [],
  "stacking_used": false,
  "stacked_model": true,
  "number_of_models": 1,
  "final_estimator": "xgb",
  "final_estimator_params": {
    "xgb_n_estimators": 298,
    "xgb_lr": 0.11032005590905701,
    "xgb_max_depth": 8,
    "xgb_subsample": 0.791591021269319,
    "xgb_colsample": 0.9182014997967347
  },
  "model_params": {
    "xgb": {
      "xgb_n_estimators": 298,
      "xgb_lr": 0.11032005590905701,
      "xgb_max_depth": 8,
      "xgb_subsample": 0.791591021269319,
      "xgb_colsample": 0.9182014997967347
    }
  },
  "use_random_split": true,
  "use_feature_selection": true,
  "model_name": "XGB-FS",
  "error_mean": -0.9521777498854531,
  "error_sdev": 3.875811645474059,
  "uncertainty_median": 14.396415710449219,
  "uncertainty_mad": 6.60816764831543,
  "uncertainty_measure": 45.901478404232826,
  "feature_importance": {
    "K2O_wt": 0.29973715826330527,
    "Fe2O3T_wt": 0.7988817464573899,
    "SiO2_wt": 0.07732927111087733,
    "Al2O3_wt": 1.0754299367063391
  }
}