{
  "y_test": [
    0.09,
    1.18,
    0.25,
    0.34,
    10.4,
    0.37,
    1.5,
    0.09,
    22.1,
    1.3,
    0.1,
    1.2,
    0.4,
    0.19,
    5.1,
    0.44,
    25.8,
    5.7,
    0.05,
    1.3,
    6.1,
    0.18,
    1.3,
    2.7,
    0.18,
    6.5,
    0.25,
    0.29,
    0.14,
    0.15,
    1.3,
    3.8,
    2.4,
    2.4,
    0.27,
    0.1,
    2.6,
    1.4,
    0.09,
    0.11,
    0.13,
    0.27,
    0.16,
    4.2,
    0.37
  ],
  "y_pred": [
    7.466833705743298,
    0.953596561909377,
    0.29400539299317674,
    0.09938307171347988,
    8.450280273394261,
    1.369553355219287,
    1.2773590548081537,
    0.5346952759337213,
    22.673444464821692,
    0.630411642278338,
    0.8618168590185414,
    1.571137859028641,
    1.2266366028760944,
    0.5436432295571277,
    8.450280273394261,
    -0.06107488215529094,
    19.941574811850952,
    6.910718917944715,
    1.001490754598969,
    1.387030855021613,
    8.337978874622257,
    -0.6606319251053859,
    2.057671598955877,
    -0.22070036053346065,
    1.2266366028760944,
    17.251313621947673,
    1.1468164425705183,
    1.5636936736965152,
    1.2608845942046014,
    1.2122670441134904,
    2.169972997727882,
    8.337978874622257,
    0.834357115652765,
    1.1695787180964576,
    -0.8711633286373452,
    0.4652385534322181,
    1.5304837650923035,
    2.169972997727882,
    1.3082232008224368,
    1.2266366028760944,
    0.7993181130907885,
    1.026426198508989,
    1.2266366028760944,
    0.9196637980954602,
    0.3092618965526387
  ],
  "selected_features": [
    "K2O_wt",
    "Fe2O3T_wt",
    "SiO2_wt",
    "Al2O3_wt",
    "P2O5_tot_wt"
  ],
  "selected_models": [],
  "stacking_used": false,
  "stacked_model": true,
  "number_of_models": 1,
  "final_estimator": "lgbm",
  "final_estimator_params": {
    "lgbm_num_leaves": 81,
    "lgbm_lr": 0.11473523246883312,
    "lgbm_n_estimators": 87
  },
  "model_params": {
    "lgbm": {
      "lgbm_num_leaves": 81,
      "lgbm_lr": 0.11473523246883312,
      "lgbm_n_estimators": 87
    }
  },
  "use_random_split": true,
  "use_feature_selection": false,
  "model_name": "LGBM",
  "error_mean": -0.5798074300852336,
  "error_sdev": 2.5017530068921685,
  "uncertainty_median": 9.120049172629846,
  "uncertainty_mad": 4.802647176940268,
  "uncertainty_measure": 52.6603210797753,
  "feature_importance": {
    "K2O_wt": 0.3696263316355348,
    "Fe2O3T_wt": 0.014152913249775025,
    "SiO2_wt": 0.11436526979328962,
    "Al2O3_wt": 0.04813023596660949,
    "P2O5_tot_wt": 1.0754493755471675
  }
}