{
  "y_test": [
    1.3,
    24.5,
    0.51,
    0.25,
    0.04,
    6.2,
    1.53,
    0.17,
    0.07,
    0.1,
    0.19,
    1.4,
    0.04,
    10.4,
    0.18,
    0.36,
    0.09,
    0.14,
    0.27,
    0.14,
    0.07,
    0.22,
    6.9,
    0.14,
    0.05,
    0.15,
    2.4,
    31.8,
    0.29,
    1.44,
    38.0,
    1.5,
    0.12,
    1.18,
    0.14,
    0.29,
    6.2,
    1.2,
    2.4,
    1.3,
    1.9,
    2.7,
    1.8,
    6.5,
    8.7
  ],
  "y_pred": [
    -0.502010447103892,
    12.564172456687245,
    -1.5642767244227223,
    -0.3522108050200856,
    0.39284437781012116,
    -0.8238856034553237,
    0.7893721891434815,
    -1.2978320394676075,
    -1.0453244190772395,
    -1.7570312008897488,
    -3.8357633642883187,
    1.4826106872976546,
    -3.2683875702143723,
    6.056321847334059,
    -1.1815540379612592,
    -2.1222963748162726,
    -2.33253537007462,
    -0.6447044701457045,
    0.35207065025063145,
    0.151451881861842,
    -1.8569461044752593,
    -2.155285750770741,
    -1.9778140252582048,
    1.3507864695006475,
    -3.789941408959745,
    -2.3456157353392797,
    -0.0781455861293523,
    14.432166635095765,
    -2.7515442241206145,
    -0.9003905890286887,
    2.0598056693956686,
    -2.668608442685077,
    -4.1242069193829956,
    -1.4165370477466617,
    -5.174229321649694,
    -3.849903375999137,
    3.986467344049492,
    -1.0723676952907084,
    -1.920302249552737,
    0.5314679347847893,
    4.386520432385666,
    -0.8475165073108712,
    -0.6924029029638881,
    7.448739103058156,
    7.383607098393979
  ],
  "selected_features": [
    "SiO2_wt",
    "Al2O3_wt",
    "P2O5_tot_wt"
  ],
  "selected_models": [],
  "stacking_used": false,
  "stacked_model": true,
  "number_of_models": 1,
  "final_estimator": "svr",
  "final_estimator_params": {
    "svr_C": 8.217622879737412,
    "svr_epsilon": 0.04623781886559464
  },
  "model_params": {
    "svr": {
      "svr_C": 8.217622879737412,
      "svr_epsilon": 0.04623781886559464
    }
  },
  "use_random_split": true,
  "use_feature_selection": true,
  "model_name": "SVR-FS",
  "error_mean": 3.5611370119233685,
  "error_sdev": 5.966481441789431,
  "uncertainty_median": 3.5706545123734257,
  "uncertainty_mad": 4.420085310238178,
  "uncertainty_measure": 123.78921833297538,
  "feature_importance": {
    "K2O_wt": 0.4732652802717896,
    "Fe2O3T_wt": 0.08553032987876798,
    "SiO2_wt": 0.05002118970921719
  }
}