{
  "y_test": [
    8.7,
    0.46,
    2.4,
    1.3,
    3.8,
    0.27,
    0.19,
    4.5,
    0.37,
    6.7,
    0.15,
    1.8,
    0.36,
    25.6,
    1.18,
    0.04,
    1.2,
    6.2,
    0.07,
    0.25,
    31.8,
    11.7,
    1.5,
    0.34,
    0.19,
    7.4,
    1.47,
    0.52,
    0.12,
    0.4,
    4.2,
    0.19,
    34.0,
    0.03,
    0.4,
    0.14,
    0.17,
    0.14,
    0.41,
    0.35,
    0.4,
    0.15,
    0.12,
    2.4,
    1.44
  ],
  "y_pred": [
    10.767364542149924,
    0.6741280896206936,
    0.798851321790322,
    0.9370103212268718,
    7.541799733843202,
    0.6169793110548939,
    0.6169793110548939,
    7.609186336602145,
    0.6169793110548939,
    7.609186336602145,
    0.6169793110548939,
    7.810774989084415,
    0.6169793110548939,
    24.798896738179508,
    0.7551383104914434,
    0.6169793110548939,
    0.6169793110548939,
    7.541799733843202,
    0.6169793110548939,
    0.6169793110548939,
    24.818877825649952,
    7.7245527668621925,
    0.798851321790322,
    0.7472299321956071,
    0.6169793110548939,
    7.856461213025957,
    0.7472299321956071,
    0.6169793110548939,
    0.6386619724219605,
    0.6169793110548939,
    7.856461213025957,
    0.6169793110548939,
    24.80599366489345,
    0.6169793110548939,
    0.6169793110548939,
    0.6169793110548939,
    0.6169793110548939,
    0.6169793110548939,
    0.6248876893507301,
    0.6169793110548939,
    0.6169793110548939,
    0.6169793110548939,
    0.6386619724219605,
    1.15440159981175,
    0.7671379164804111
  ],
  "selected_features": [
    "K2O_wt",
    "Fe2O3T_wt",
    "SiO2_wt",
    "Al2O3_wt",
    "P2O5_tot_wt"
  ],
  "selected_models": [],
  "stacking_used": false,
  "stacked_model": true,
  "number_of_models": 1,
  "final_estimator": "rf",
  "final_estimator_params": {
    "rf_n_estimators": 141,
    "rf_max_depth": 2
  },
  "model_params": {
    "rf": {
      "rf_n_estimators": 141,
      "rf_max_depth": 2
    }
  },
  "use_random_split": true,
  "use_feature_selection": false,
  "model_name": "RF",
  "error_mean": -0.07689135568250001,
  "error_sdev": 2.335355229187985,
  "uncertainty_median": 10.53053130691507,
  "uncertainty_mad": 5.185913090000738,
  "uncertainty_measure": 49.246452423490844,
  "feature_importance": {
    "K2O_wt": 0.09190323223197597,
    "Fe2O3T_wt": 0.0014679317656780611,
    "SiO2_wt": 0.5801257778275503,
    "Al2O3_wt": 0.0006901909444233201,
    "P2O5_tot_wt": 0.43587550386814805
  }
}