{
  "y_test": [
    0.16,
    0.4,
    0.29,
    5.7,
    0.15,
    0.17,
    0.73,
    0.04,
    0.47,
    0.04,
    0.21,
    0.07,
    0.27,
    0.12,
    0.21,
    0.32,
    1.4,
    0.03,
    6.2,
    0.87,
    0.02,
    0.16,
    1.44,
    25.8,
    25.0,
    0.74,
    0.24,
    0.31,
    4.2,
    2.7,
    0.51,
    4.5,
    1.4,
    7.4,
    0.52,
    1.8,
    1.3,
    0.14,
    31.8,
    1.3,
    1.2,
    0.36,
    0.19,
    25.6,
    1.47
  ],
  "y_pred": [
    5.678126983627456,
    6.3432842599746415,
    5.650635532729193,
    8.144648401723197,
    6.042590180190395,
    5.89004658655273,
    6.346245521064773,
    5.8249431916613155,
    6.2517373230174975,
    6.406408412242713,
    5.529787696488912,
    6.0885004977245645,
    6.370958176280369,
    6.725691152901337,
    6.5127236411435305,
    6.273605292184682,
    7.0840430262920515,
    6.038197072699312,
    7.340863051425947,
    6.663939292252971,
    6.696793197940112,
    6.263003293233146,
    6.721590750274942,
    24.099421406330883,
    11.412311956228734,
    6.496686961452878,
    6.250220579497311,
    6.603880304947759,
    10.151311440509396,
    6.950425147484931,
    6.056512035462493,
    9.101185153403566,
    7.138453189528197,
    10.960824176410451,
    6.331061613630194,
    7.4535227535824315,
    6.490282933415966,
    6.42145673788208,
    10.247637957046813,
    6.8167439128328375,
    6.401508456556993,
    5.814438760998009,
    6.166301709232577,
    9.025690101826841,
    6.602649930707763
  ],
  "selected_features": [
    "SiO2_wt",
    "P2O5_tot_wt"
  ],
  "selected_models": [],
  "stacking_used": false,
  "stacked_model": true,
  "number_of_models": 1,
  "final_estimator": "svr",
  "final_estimator_params": {
    "svr_C": 5.170545699044858,
    "svr_epsilon": 0.32283059964451516
  },
  "model_params": {
    "svr": {
      "svr_C": 5.170545699044858,
      "svr_epsilon": 0.32283059964451516
    }
  },
  "use_random_split": true,
  "use_feature_selection": true,
  "model_name": "SVR-FS",
  "error_mean": -3.8206864389465527,
  "error_sdev": 5.938336699683136,
  "uncertainty_median": 14.785751672346027,
  "uncertainty_mad": 4.108103990891436,
  "uncertainty_measure": 27.78420794510484,
  "feature_importance": {
    "K2O_wt": 0.09209271404934972,
    "Fe2O3T_wt": 0.40415478816070516
  }
}