{
  "y_test": [
    1.3,
    24.5,
    0.51,
    0.25,
    0.04,
    6.2,
    1.53,
    0.17,
    0.07,
    0.1,
    0.19,
    1.4,
    0.04,
    10.4,
    0.18,
    0.36,
    0.09,
    0.14,
    0.27,
    0.14,
    0.07,
    0.22,
    6.9,
    0.14,
    0.05,
    0.15,
    2.4,
    31.8,
    0.29,
    1.44,
    38.0,
    1.5,
    0.12,
    1.18,
    0.14,
    0.29,
    6.2,
    1.2,
    2.4,
    1.3,
    1.9,
    2.7,
    1.8,
    6.5,
    8.7
  ],
  "y_pred": [
    2.0719550507584756,
    19.626733692154282,
    1.4397174811036635,
    2.3013965631802904,
    3.7732484142255416,
    0.108244313130065,
    3.935493490008451,
    1.623720481265135,
    -0.11915327776981854,
    0.21698792942333256,
    -2.3096231497193997,
    3.5732423754510663,
    -0.6085924119400339,
    9.3694649997387,
    1.8417584237305356,
    0.07839921754197476,
    -0.36656624331593335,
    2.7255723088517527,
    2.8365702326381346,
    0.2720560171101454,
    1.0905775987711017,
    -0.672185873986269,
    -0.3870843735247256,
    4.538391330860314,
    -1.046432440072767,
    -0.3087063503216214,
    0.8714399498779208,
    23.522846169151297,
    -0.582614598527595,
    0.5207296250989266,
    5.651768227851292,
    -1.2047255638923673,
    -2.4806078621667282,
    0.010849727166331036,
    -2.843496525701525,
    -1.2202060147990679,
    4.482463284731853,
    1.3884393258294097,
    -1.3036798430149084,
    2.0661044340700947,
    8.596451358298683,
    0.37518569181674266,
    1.0863859612544466,
    9.838451645989348,
    9.57325816284309
  ],
  "selected_features": [
    "K2O_wt",
    "Fe2O3T_wt",
    "SiO2_wt",
    "Al2O3_wt",
    "P2O5_tot_wt"
  ],
  "selected_models": [],
  "stacking_used": false,
  "stacked_model": true,
  "number_of_models": 1,
  "final_estimator": "lr",
  "final_estimator_params": {},
  "model_params": {
    "lr": {}
  },
  "use_random_split": true,
  "use_feature_selection": false,
  "model_name": "LR",
  "error_mean": 1.140350467662897,
  "error_sdev": 5.5592458273425125,
  "uncertainty_median": 5.791240852950867,
  "uncertainty_mad": 6.517809345851319,
  "uncertainty_measure": 112.54598990698577,
  "feature_importance": {
    "K2O_wt": 0.011295534323157086,
    "Fe2O3T_wt": 0.027823978122115022,
    "SiO2_wt": 0.809595659381888,
    "Al2O3_wt": 0.10443843762199723,
    "P2O5_tot_wt": 0.018890527993489194
  }
}