{
  "y_test": [
    8.7,
    0.46,
    2.4,
    1.3,
    3.8,
    0.27,
    0.19,
    4.5,
    0.37,
    6.7,
    0.15,
    1.8,
    0.36,
    25.6,
    1.18,
    0.04,
    1.2,
    6.2,
    0.07,
    0.25,
    31.8,
    11.7,
    1.5,
    0.34,
    0.19,
    7.4,
    1.47,
    0.52,
    0.12,
    0.4,
    4.2,
    0.19,
    34.0,
    0.03,
    0.4,
    0.14,
    0.17,
    0.14,
    0.41,
    0.35,
    0.4,
    0.15,
    0.12,
    2.4,
    1.44
  ],
  "y_pred": [
    20.540848915501194,
    0.3746170652487519,
    1.5482594182157403,
    1.9556047536186423,
    7.771070677749373,
    0.36475080097477536,
    0.3276274225110103,
    7.771070677749373,
    0.8449780684115786,
    6.6794035968608805,
    0.8449780684115786,
    6.6794035968608805,
    0.729573964860037,
    23.84362634172771,
    0.509449989962491,
    0.9969915003975285,
    0.9915332069847704,
    6.6794035968608805,
    0.2832046608531511,
    1.7730065605101284,
    23.84362634172771,
    7.775109703279105,
    1.5482594182157403,
    0.3021569559836943,
    0.2483121162111664,
    7.775109703279105,
    0.7119880253174079,
    0.3812662360568877,
    0.0987626886041735,
    0.580904226483978,
    7.775109703279105,
    0.3276274225110103,
    23.84362634172771,
    -0.2465858613852598,
    -0.010597848105242252,
    0.33473647123230554,
    0.281825520518348,
    -0.02258941053407985,
    0.729573964860037,
    0.5607337449264809,
    0.281825520518348,
    -0.29541716872481677,
    0.21032714531056354,
    2.276782957687352,
    1.9556047536186423
  ],
  "selected_features": [
    "K2O_wt",
    "P2O5_tot_wt"
  ],
  "selected_models": [],
  "stacking_used": false,
  "stacked_model": true,
  "number_of_models": 1,
  "final_estimator": "lgbm",
  "final_estimator_params": {
    "lgbm_num_leaves": 66,
    "lgbm_lr": 0.234296326761295,
    "lgbm_n_estimators": 230
  },
  "model_params": {
    "lgbm": {
      "lgbm_num_leaves": 66,
      "lgbm_lr": 0.234296326761295,
      "lgbm_n_estimators": 230
    }
  },
  "use_random_split": true,
  "use_feature_selection": true,
  "model_name": "LGBM-FS",
  "error_mean": -0.16127736793044317,
  "error_sdev": 2.9956167417572526,
  "uncertainty_median": 6.6794035968608805,
  "uncertainty_mad": 6.373287296070831,
  "uncertainty_measure": 95.41701146889949,
  "feature_importance": {
    "K2O_wt": 0.7035380105192846,
    "Fe2O3T_wt": 1.3739188049088884
  }
}