{
  "y_test": [
    11.7,
    6.6,
    3.8,
    0.04,
    0.15,
    0.04,
    2.4,
    8.7,
    6.7,
    24.5,
    1.9,
    1.4,
    2.7,
    0.24,
    0.14,
    3.4,
    34.0,
    0.04,
    0.04,
    4.2,
    0.15,
    1.47,
    0.18,
    0.37,
    7.4,
    0.19,
    0.04,
    25.6,
    0.34,
    1.5,
    0.15,
    1.53,
    0.09,
    0.35,
    0.05,
    0.14,
    0.37,
    4.2,
    1.44,
    25.6,
    0.23,
    0.57,
    0.43,
    0.17,
    0.17
  ],
  "y_pred": [
    9.060549993664859,
    6.8161552523820905,
    5.148616657600938,
    0.8417593483635455,
    0.8550787079443012,
    0.5461445240628787,
    2.375107247700025,
    7.197146029262058,
    8.927494121715414,
    21.706436774652047,
    2.4568775867583454,
    2.49613928337627,
    2.5292772107610513,
    0.8414534619931185,
    0.5263327822693293,
    3.554614023371436,
    23.56036263684793,
    0.6268886312143437,
    1.5052697012480145,
    4.04276325717532,
    0.6268886312143437,
    1.2743657286907655,
    0.7127271643219172,
    0.8328061973524483,
    6.875344572407778,
    0.5626885327398748,
    1.0355094078845484,
    22.46421295378601,
    1.0328047908316293,
    1.3152020560555875,
    1.2933040056791814,
    1.3626333596861517,
    0.6033008176702408,
    1.2539309328334813,
    10.123625774377253,
    0.7915420871585604,
    0.7371389821845586,
    5.155213905121683,
    0.531306348304121,
    21.13090626470512,
    0.7029371254030474,
    0.6464352441445704,
    0.5488032173482573,
    0.6846538521022983,
    0.5684188537977116
  ],
  "selected_features": [
    "SiO2_wt",
    "P2O5_tot_wt"
  ],
  "selected_models": [],
  "stacking_used": false,
  "stacked_model": true,
  "number_of_models": 1,
  "final_estimator": "et",
  "final_estimator_params": {
    "et_n_estimators": 183,
    "et_max_depth": 4,
    "et_min_samples_split": 6,
    "et_min_samples_leaf": 1,
    "et_bootstrap": false
  },
  "model_params": {
    "et": {
      "et_n_estimators": 183,
      "et_max_depth": 4,
      "et_min_samples_split": 6,
      "et_min_samples_leaf": 1,
      "et_bootstrap": false
    }
  },
  "feature_names": [
    "K2O_wt",
    "Fe2O3T_wt",
    "SiO2_wt",
    "Al2O3_wt",
    "P2O5_tot_wt"
  ],
  "use_random_split": true,
  "use_feature_selection": true,
  "model_name": "ET-FS",
  "error_mean": -0.06802595640365447,
  "error_sdev": 2.513464688160263,
  "uncertainty_median": 6.591301728255406,
  "uncertainty_mad": 5.4451087437685315,
  "uncertainty_measure": 82.61052168840327,
  "feature_importance": {
    "K2O_wt": 1.0312308121099658,
    "Fe2O3T_wt": 0.1841575082577933
  },
  "run": 3
}