{
  "y_test": [
    0.27,
    0.43,
    0.1,
    0.27,
    0.04,
    0.44,
    0.56,
    1.3,
    0.74,
    0.41,
    0.37,
    1.18,
    0.42,
    25.6,
    0.29,
    0.04,
    25.0,
    0.14,
    25.8,
    0.09,
    5.4,
    8.9,
    0.09,
    0.14,
    0.15,
    1.2,
    0.16,
    0.14,
    0.14,
    2.6,
    0.44,
    1.4,
    4.2,
    0.21,
    4.5,
    6.1,
    1.3,
    0.34,
    0.07,
    1.3,
    0.15,
    6.7,
    1.0,
    0.19,
    7.4
  ],
  "y_pred": [
    1.5892159964980008,
    0.58151187555698,
    -0.4869390955084485,
    1.6875355196064308,
    -0.6036565456634723,
    0.2917156845270705,
    6.806196342257361,
    1.0755442931125059,
    1.6585051262624406,
    0.65555956692812,
    -0.10637510402517743,
    0.4413213037518437,
    -3.9221975252904104,
    23.44753187129349,
    0.041453992108303486,
    22.192734097465056,
    23.44753187129349,
    1.5359094322660491,
    14.85171459599511,
    7.515589984025108,
    5.873339364943581,
    8.697526539396645,
    1.6731969940111546,
    -1.495815600768489,
    2.747174368275962,
    -0.3307361897742256,
    0.58151187555698,
    0.58151187555698,
    -0.37458886811424424,
    1.0755442931125059,
    0.36197994277785045,
    2.7684485067556,
    8.131881175551337,
    0.58151187555698,
    6.261474815957948,
    7.868808818693214,
    1.208783152224305,
    -0.34911011715031176,
    -0.9207400484967544,
    -2.064072351629857,
    -0.1453918272620457,
    6.261474815957948,
    -0.48412106141878475,
    1.067107749983739,
    8.461053231089625
  ],
  "selected_features": [
    "K2O_wt",
    "Fe2O3T_wt",
    "P2O5_tot_wt"
  ],
  "selected_models": [],
  "stacking_used": false,
  "stacked_model": true,
  "number_of_models": 1,
  "final_estimator": "lgbm",
  "final_estimator_params": {
    "lgbm_num_leaves": 20,
    "lgbm_lr": 0.2777165358625086,
    "lgbm_n_estimators": 262
  },
  "model_params": {
    "lgbm": {
      "lgbm_num_leaves": 20,
      "lgbm_lr": 0.2777165358625086,
      "lgbm_n_estimators": 262
    }
  },
  "use_random_split": true,
  "use_feature_selection": true,
  "model_name": "LGBM-FS",
  "error_mean": -0.5117368136277222,
  "error_sdev": 4.225279838162456,
  "uncertainty_median": 6.848328400124299,
  "uncertainty_mad": 6.583262433293119,
  "uncertainty_measure": 96.12947932189745,
  "feature_importance": {
    "K2O_wt": 0.6482312487554818,
    "Fe2O3T_wt": -0.05451811548501029,
    "SiO2_wt": 2.5363872090414366
  }
}