{
  "y_test": [
    1.3,
    0.31,
    0.04,
    4.2,
    29.4,
    0.03,
    0.32,
    0.09,
    1.0,
    2.4,
    0.07,
    1.3,
    0.4,
    0.15,
    1.9,
    0.27,
    0.12,
    0.84,
    34.0,
    0.1,
    0.05,
    0.29,
    0.37,
    1.5,
    0.25,
    7.0,
    3.8,
    0.04,
    0.87,
    1.9,
    0.21,
    25.8,
    0.52,
    2.6,
    0.24,
    6.7,
    0.17,
    0.4,
    1.4,
    5.7,
    0.44,
    31.8,
    1.44,
    1.44,
    0.73
  ],
  "y_pred": [
    1.0049835735356685,
    7.836946456082902,
    0.4651733586201022,
    4.4165425232803095,
    19.032805283910424,
    0.23489973372146775,
    0.47977888481140885,
    0.24145980266870062,
    2.4807093722647053,
    1.7785757790044956,
    3.264641243305509,
    2.0501905833226464,
    4.608005182895083,
    0.1667108227944335,
    6.786490580087671,
    1.2150761198277653,
    6.752923749037179,
    0.24009858194255335,
    21.845209575431323,
    0.25315622384670045,
    14.347661082573111,
    2.765246698621399,
    0.2706211145513533,
    0.4763737178121679,
    0.3145723106188505,
    6.724503256028768,
    3.718305208101284,
    0.1542336141312759,
    0.6472738014385242,
    3.3234865061521695,
    1.273088796544814,
    21.281286786357743,
    0.22755516126945188,
    4.738061976280528,
    0.4639760938938472,
    4.398514612729514,
    0.20195331626250987,
    0.9548335619500459,
    2.703087495502332,
    4.205352612673546,
    0.2202657973531624,
    22.346289206667187,
    0.15771896958092077,
    3.2200286470797765,
    1.095963006098115
  ],
  "selected_features": [
    "K2O_wt",
    "Fe2O3T_wt",
    "SiO2_wt",
    "Al2O3_wt",
    "P2O5_tot_wt"
  ],
  "selected_models": [],
  "stacking_used": false,
  "stacked_model": true,
  "number_of_models": 1,
  "final_estimator": "knn",
  "final_estimator_params": {
    "knn_n": 8,
    "knn_weights": "distance"
  },
  "model_params": {
    "knn": {
      "knn_n": 8,
      "knn_weights": "distance"
    }
  },
  "use_random_split": true,
  "use_feature_selection": false,
  "model_name": "KNN",
  "error_mean": -0.2552140173480766,
  "error_sdev": 4.138225448826631,
  "uncertainty_median": 6.185416610773894,
  "uncertainty_mad": 6.332841184688673,
  "uncertainty_measure": 102.38342189688552,
  "feature_importance": {
    "K2O_wt": -0.0009065636946045841,
    "Fe2O3T_wt": -0.006786133663158842,
    "SiO2_wt": 1.1820639528589063,
    "Al2O3_wt": 0.039119640791348644,
    "P2O5_tot_wt": 0.001630537073572602
  }
}