{
  "y_test": [
    8.7,
    0.46,
    2.4,
    1.3,
    3.8,
    0.27,
    0.19,
    4.5,
    0.37,
    6.7,
    0.15,
    1.8,
    0.36,
    25.6,
    1.18,
    0.04,
    1.2,
    6.2,
    0.07,
    0.25,
    31.8,
    11.7,
    1.5,
    0.34,
    0.19,
    7.4,
    1.47,
    0.52,
    0.12,
    0.4,
    4.2,
    0.19,
    34.0,
    0.03,
    0.4,
    0.14,
    0.17,
    0.14,
    0.41,
    0.35,
    0.4,
    0.15,
    0.12,
    2.4,
    1.44
  ],
  "y_pred": [
    9.555499999999997,
    0.2581498601586676,
    1.3930031020066909,
    1.396500000000003,
    5.521000000000003,
    0.1944990497191072,
    0.5415700000000006,
    7.473500000000005,
    0.3288277173913046,
    7.318999999999997,
    0.1925502350427354,
    16.214000000000002,
    0.2592529716810965,
    25.556500000000028,
    0.44752871794871807,
    0.33529723498263125,
    0.3940970833333338,
    7.003500000000011,
    0.293265208333333,
    0.34220752747252775,
    25.24700000000001,
    10.19450000000002,
    2.0452462499999995,
    0.33503214285714294,
    0.20644375371609075,
    6.945500000000003,
    0.4807537179487177,
    0.32415990900546815,
    0.36996359584859584,
    0.44748833333333365,
    8.218999999999989,
    0.23525,
    25.090500000000016,
    0.28069287437343377,
    0.3585679166666669,
    0.3662568687818034,
    0.2100706845238093,
    0.6530916459627336,
    0.7734391941391949,
    0.33729444358178057,
    0.26338888627819534,
    0.34645635891425514,
    0.7486166666666679,
    2.72794999999999,
    0.7886400000000005
  ],
  "selected_features": [
    "K2O_wt",
    "Fe2O3T_wt",
    "SiO2_wt",
    "P2O5_tot_wt"
  ],
  "selected_models": [],
  "stacking_used": false,
  "stacked_model": true,
  "number_of_models": 1,
  "final_estimator": "rf",
  "final_estimator_params": {
    "rf_n_estimators": 200,
    "rf_max_depth": 13
  },
  "model_params": {
    "rf": {
      "rf_n_estimators": 200,
      "rf_max_depth": 13
    }
  },
  "use_random_split": true,
  "use_feature_selection": true,
  "model_name": "RF-FS",
  "error_mean": -0.16655671001484687,
  "error_sdev": 2.8858772118903087,
  "uncertainty_median": 15.84700000000001,
  "uncertainty_mad": 5.852069951994067,
  "uncertainty_measure": 36.92856661824991,
  "feature_importance": {
    "K2O_wt": 0.1477172055816808,
    "Fe2O3T_wt": 0.0983578516459544,
    "SiO2_wt": 0.33199274689944747,
    "Al2O3_wt": 1.01699925591928
  }
}