{
  "y_test": [
    0.19,
    0.84,
    1.0,
    8.9,
    10.1,
    6.2,
    3.4,
    1.5,
    0.37,
    31.8,
    0.04,
    0.17,
    0.31,
    0.25,
    10.4,
    1.4,
    0.4,
    2.4,
    6.0,
    0.16,
    0.12,
    25.0,
    1.53,
    0.05,
    0.15,
    0.43,
    5.4,
    1.8,
    2.4,
    0.1,
    0.07,
    0.73,
    0.14,
    0.17,
    0.87,
    0.37,
    0.22,
    0.62,
    0.46,
    2.7,
    1.47,
    6.5,
    0.18,
    5.1,
    0.09
  ],
  "y_pred": [
    0.12666666666666665,
    0.3333333333333333,
    2.8000000000000003,
    0.6433333333333333,
    7.7,
    0.82,
    3.1,
    0.35999999999999993,
    3.2566666666666664,
    28.03333333333333,
    0.34,
    0.31,
    12.916666666666666,
    0.24666666666666667,
    5.933333333333334,
    2.1333333333333333,
    3.2566666666666664,
    0.10333333333333333,
    4.833333333333333,
    0.12666666666666665,
    0.16,
    26.5,
    0.34,
    21.866666666666664,
    0.08666666666666667,
    0.04,
    1.2,
    2.6300000000000003,
    3.1700000000000004,
    0.27666666666666667,
    0.82,
    3.2566666666666664,
    0.23,
    0.2066666666666667,
    0.2366666666666667,
    4.673333333333333,
    0.31,
    2.5766666666666667,
    3.2566666666666673,
    0.52,
    0.69,
    7.7,
    0.16,
    3.1,
    7.7
  ],
  "selected_features": [
    "K2O_wt",
    "Fe2O3T_wt",
    "SiO2_wt",
    "Al2O3_wt",
    "P2O5_tot_wt"
  ],
  "selected_models": [],
  "stacking_used": false,
  "stacked_model": true,
  "number_of_models": 1,
  "final_estimator": "knn",
  "final_estimator_params": {
    "knn_n": 3,
    "knn_weights": "uniform"
  },
  "model_params": {
    "knn": {
      "knn_n": 3,
      "knn_weights": "uniform"
    }
  },
  "feature_names": [
    "K2O_wt",
    "Fe2O3T_wt",
    "SiO2_wt",
    "Al2O3_wt",
    "P2O5_tot_wt"
  ],
  "use_random_split": true,
  "use_feature_selection": false,
  "model_name": "KNN",
  "error_mean": -0.5906666666666665,
  "error_sdev": 4.5574683739767154,
  "uncertainty_median": 4.573333333333333,
  "uncertainty_mad": 7.769086805555554,
  "uncertainty_measure": 169.87799137512144,
  "feature_importance": {
    "K2O_wt": -0.004658293141952925,
    "Fe2O3T_wt": -0.14021534940232586,
    "SiO2_wt": 1.4471538158325388,
    "Al2O3_wt": -0.008645904639615684,
    "P2O5_tot_wt": 0.0010986880523369902
  },
  "run": 0
}