{
  "y_test": [
    1.9,
    1.44,
    0.09,
    2.4,
    0.68,
    0.42,
    34.0,
    25.6,
    2.6,
    0.27,
    25.0,
    0.18,
    0.24,
    6.3,
    0.32,
    1.47,
    0.74,
    1.4,
    0.41,
    1.3,
    6.7,
    0.87,
    0.15,
    1.53,
    0.46,
    6.5,
    1.2,
    2.4,
    0.37,
    0.04,
    0.35,
    1.8,
    0.25,
    0.19,
    0.34,
    11.7,
    0.14,
    0.1,
    0.04,
    0.18,
    0.1,
    5.1,
    0.37,
    4.2,
    0.27
  ],
  "y_pred": [
    2.9968518518518525,
    0.20804331557576075,
    0.41568546210507,
    2.4948148148148146,
    0.786115411986757,
    0.2509951774277663,
    29.01111111111111,
    24.855555555555565,
    0.9062037037037038,
    0.1662716043292592,
    25.881481481481483,
    0.23036861808733786,
    0.3245355756598815,
    7.052191358024691,
    0.3392821630444,
    0.7152216058413169,
    0.49398822869215026,
    1.652119929453262,
    0.29733158034218327,
    1.6473791887125215,
    6.871265432098765,
    2.0510687158321566,
    0.17747194717510162,
    0.1850807887379662,
    0.4967764918604807,
    9.4337037037037,
    0.5080417117531515,
    1.3084637775605517,
    0.4063188379201873,
    0.2511609461296659,
    0.20191775663887274,
    19.889814814814812,
    0.2219656215278359,
    0.14253742918461018,
    0.32903473450768095,
    13.589197530864194,
    0.20375194474245553,
    0.28693931508573994,
    0.23989604926182787,
    0.2697600055841584,
    0.35899797222953644,
    5.166769547325104,
    0.19770680902107463,
    5.818531612420499,
    1.7070246241213982
  ],
  "selected_features": [
    "K2O_wt",
    "Fe2O3T_wt",
    "SiO2_wt",
    "Al2O3_wt",
    "P2O5_tot_wt"
  ],
  "selected_models": [],
  "stacking_used": false,
  "stacked_model": true,
  "number_of_models": 1,
  "final_estimator": "rf",
  "final_estimator_params": {
    "rf_n_estimators": 27,
    "rf_max_depth": 7
  },
  "model_params": {
    "rf": {
      "rf_n_estimators": 27,
      "rf_max_depth": 7
    }
  },
  "use_random_split": true,
  "use_feature_selection": true,
  "model_name": "RF-FS",
  "error_mean": -0.42063879684227595,
  "error_sdev": 2.918136377270649,
  "uncertainty_median": 18.546666666666667,
  "uncertainty_mad": 7.6926985996629815,
  "uncertainty_measure": 41.47752659775151,
  "feature_importance": {
    "K2O_wt": 0.08945889887503061,
    "Fe2O3T_wt": 0.1688489976127031,
    "SiO2_wt": 0.588718793827002,
    "Al2O3_wt": 0.010085342891912114,
    "P2O5_tot_wt": 1.066805419678916
  }
}