{
  "y_test": [
    0.27,
    22.1,
    0.41,
    6.2,
    1.47,
    1.0,
    0.04,
    0.14,
    6.1,
    2.4,
    0.09,
    0.02,
    1.9,
    5.4,
    0.19,
    1.3,
    0.17,
    6.9,
    2.4,
    0.05,
    0.4,
    0.15,
    0.17,
    0.4,
    0.73,
    0.21,
    0.15,
    0.04,
    10.4,
    0.87,
    0.07,
    0.9,
    3.8,
    0.18,
    0.34,
    1.8,
    0.56,
    25.0,
    25.6,
    0.14,
    0.14,
    0.04,
    1.3,
    0.14,
    0.21
  ],
  "y_pred": [
    0.1432562619447708,
    22.06497573852539,
    0.6934639811515808,
    7.567499160766602,
    1.136771321296692,
    1.7667243480682373,
    0.1939125508069992,
    0.103812575340271,
    4.8291192054748535,
    1.2593028545379639,
    0.24904513359069824,
    1.6096018552780151,
    2.3856208324432373,
    5.6790947914123535,
    0.05681945011019707,
    1.4568090438842773,
    0.059672173112630844,
    0.8484475016593933,
    1.6710418462753296,
    14.675971984863281,
    0.43379291892051697,
    0.9077336192131042,
    0.4471447467803955,
    0.14406943321228027,
    0.5133483409881592,
    0.5070879459381104,
    1.9487578868865967,
    0.1573423445224762,
    11.370209693908691,
    0.588537335395813,
    0.9109044671058655,
    1.1909759044647217,
    5.113367557525635,
    0.2676977217197418,
    0.36040276288986206,
    14.86507511138916,
    0.3321444094181061,
    20.028682708740234,
    25.10297966003418,
    1.3024778366088867,
    0.29869529604911804,
    0.22465558350086212,
    0.9285805821418762,
    2.2812981605529785,
    1.3599592447280884
  ],
  "selected_features": [
    "K2O_wt",
    "Fe2O3T_wt",
    "SiO2_wt",
    "Al2O3_wt",
    "P2O5_tot_wt"
  ],
  "selected_models": [],
  "stacking_used": false,
  "stacked_model": true,
  "number_of_models": 1,
  "final_estimator": "xgb",
  "final_estimator_params": {
    "xgb_n_estimators": 267,
    "xgb_lr": 0.16514566813865675,
    "xgb_max_depth": 10,
    "xgb_subsample": 0.9729971273110701,
    "xgb_colsample": 0.7150991844289442
  },
  "model_params": {
    "xgb": {
      "xgb_n_estimators": 267,
      "xgb_lr": 0.16514566813865675,
      "xgb_max_depth": 10,
      "xgb_subsample": 0.9729971273110701,
      "xgb_colsample": 0.7150991844289442
    }
  },
  "use_random_split": true,
  "use_feature_selection": false,
  "model_name": "XGB",
  "error_mean": -0.616597419626183,
  "error_sdev": 3.2097298733660025,
  "uncertainty_median": 14.767183303833008,
  "uncertainty_mad": 4.646509170532227,
  "uncertainty_measure": 31.465101197234862,
  "feature_importance": {
    "K2O_wt": 0.21114217006658603,
    "Fe2O3T_wt": 0.024713047235875408,
    "SiO2_wt": 0.29609815622599417,
    "Al2O3_wt": 0.03189201468839244,
    "P2O5_tot_wt": 1.2110671773475605
  }
}