{
  "y_test": [
    11.7,
    6.6,
    3.8,
    0.04,
    0.15,
    0.04,
    2.4,
    8.7,
    6.7,
    24.5,
    1.9,
    1.4,
    2.7,
    0.24,
    0.14,
    3.4,
    34.0,
    0.04,
    0.04,
    4.2,
    0.15,
    1.47,
    0.18,
    0.37,
    7.4,
    0.19,
    0.04,
    25.6,
    0.34,
    1.5,
    0.15,
    1.53,
    0.09,
    0.35,
    0.05,
    0.14,
    0.37,
    4.2,
    1.44,
    25.6,
    0.23,
    0.57,
    0.43,
    0.17,
    0.17
  ],
  "y_pred": [
    11.212501111111129,
    7.397654999999997,
    5.898775555555561,
    0.3929338888888886,
    0.7024461111111109,
    0.16919222222222224,
    3.005361666666665,
    7.647289999999998,
    7.846799999999996,
    24.503074444444408,
    2.0820927777777776,
    1.4664305555555537,
    2.788183888888888,
    0.5083622222222224,
    1.1537449999999994,
    3.417923333333333,
    25.727704444444406,
    0.2263,
    3.911222222222219,
    3.8182988888888865,
    0.2901322222222222,
    1.4819705555555567,
    0.3255794444444444,
    0.5554644444444444,
    7.048246666666668,
    0.452668888888889,
    0.4005722222222221,
    25.16740277777774,
    0.6070677777777772,
    1.7368127777777769,
    0.6624861111111111,
    0.6073599999999997,
    0.3596283333333335,
    0.6729205555555556,
    12.673485555555578,
    0.31399555555555575,
    0.27617944444444414,
    6.293225555555562,
    0.258785,
    24.457524444444402,
    0.327192222222222,
    0.333368888888889,
    0.22120722222222228,
    0.37230000000000024,
    0.28514722222222244
  ],
  "selected_features": [
    "K2O_wt",
    "Fe2O3T_wt",
    "SiO2_wt",
    "Al2O3_wt",
    "P2O5_tot_wt"
  ],
  "selected_models": [],
  "stacking_used": false,
  "stacked_model": true,
  "number_of_models": 1,
  "final_estimator": "et",
  "final_estimator_params": {
    "et_n_estimators": 300,
    "et_max_depth": 19,
    "et_min_samples_split": 7,
    "et_min_samples_leaf": 1,
    "et_bootstrap": false
  },
  "model_params": {
    "et": {
      "et_n_estimators": 300,
      "et_max_depth": 19,
      "et_min_samples_split": 7,
      "et_min_samples_leaf": 1,
      "et_bootstrap": false
    }
  },
  "feature_names": [
    "K2O_wt",
    "Fe2O3T_wt",
    "SiO2_wt",
    "Al2O3_wt",
    "P2O5_tot_wt"
  ],
  "use_random_split": true,
  "use_feature_selection": false,
  "model_name": "ET",
  "error_mean": -0.32526704938271334,
  "error_sdev": 2.4174434133811147,
  "uncertainty_median": 10.070442500000006,
  "uncertainty_mad": 4.740911780624994,
  "uncertainty_measure": 47.07749218194723,
  "feature_importance": {
    "K2O_wt": 0.02606839768310885,
    "Fe2O3T_wt": 0.00270789244982973,
    "SiO2_wt": 0.6017770195918895,
    "Al2O3_wt": 0.054912587348631296,
    "P2O5_tot_wt": 0.3319602683220701
  },
  "run": 3
}