{
  "y_test": [
    0.13,
    0.29,
    1.5,
    0.04,
    0.12,
    0.34,
    0.27,
    0.17,
    25.8,
    25.0,
    0.37,
    7.0,
    0.21,
    38.0,
    0.51,
    1.3,
    0.16,
    0.37,
    0.15,
    0.34,
    0.19,
    0.14,
    6.7,
    0.14,
    0.44,
    1.18,
    4.2,
    0.29,
    1.3,
    0.23,
    0.09,
    6.6,
    0.15,
    0.03,
    0.36,
    6.5,
    31.8,
    0.17,
    1.47,
    6.1,
    1.44,
    2.6,
    0.15,
    0.19,
    0.24
  ],
  "y_pred": [
    1.2100184339877904,
    0.16248613845243293,
    0.04315153787106313,
    0.3481966348516376,
    2.6034597570245186,
    2.9880841053637752,
    1.9485123657112755,
    2.0046331666035897,
    28.726941510978246,
    17.150877467686247,
    2.3053740876802014,
    9.729823102953565,
    -0.2406571778735645,
    2.8013589320578944,
    -0.6690886011115609,
    2.5299364784918428,
    1.2399250242105069,
    -0.29041122234970024,
    1.3743151609870115,
    0.6182235441882327,
    -0.5319569663402035,
    7.60734634352717,
    6.594447231907043,
    0.469841408972643,
    0.5981894465986706,
    -0.08435429638085173,
    3.995608302606433,
    -4.28767436400879,
    -0.9306225328913147,
    0.02769091713286448,
    3.9080617726129523,
    10.13054713885471,
    0.4711789121142366,
    0.9062959752824682,
    -0.4039903039063138,
    11.978242375838134,
    14.794126774368578,
    -0.15714620208334745,
    0.7112181059482579,
    3.936980911130707,
    0.3715924869045217,
    4.137758289568328,
    1.2720179768831148,
    1.0183886923371777,
    2.3390191912943017
  ],
  "selected_features": [
    "K2O_wt",
    "Fe2O3T_wt",
    "SiO2_wt",
    "Al2O3_wt",
    "P2O5_tot_wt"
  ],
  "selected_models": [],
  "stacking_used": false,
  "stacked_model": true,
  "number_of_models": 1,
  "final_estimator": "ann",
  "final_estimator_params": {
    "ann_hidden": 15,
    "ann_alpha": 1.5988803728589803e-05
  },
  "model_params": {
    "ann": {
      "ann_hidden": 15,
      "ann_alpha": 1.5988803728589803e-05
    }
  },
  "use_random_split": true,
  "use_feature_selection": false,
  "model_name": "ANN",
  "error_mean": 0.6513784880880779,
  "error_sdev": 6.355453407591099,
  "uncertainty_median": 17.016963419104055,
  "uncertainty_mad": 7.8078232861586185,
  "uncertainty_measure": 45.882588414059725,
  "feature_importance": {
    "K2O_wt": -0.016664037587642934,
    "Fe2O3T_wt": 0.07348331437835859,
    "SiO2_wt": 0.274214084645529,
    "Al2O3_wt": 0.2959948406508223,
    "P2O5_tot_wt": 0.3308680517543843
  }
}