{
  "y_test": [
    0.4,
    7.4,
    6.6,
    6.2,
    0.57,
    0.47,
    0.14,
    0.29,
    0.36,
    8.9,
    1.4,
    6.7,
    2.4,
    5.7,
    0.05,
    1.8,
    0.9,
    6.3,
    1.53,
    34.0,
    0.02,
    4.2,
    4.2,
    1.3,
    6.9,
    0.87,
    29.4,
    0.04,
    6.5,
    1.9,
    0.09,
    0.52,
    1.47,
    0.17,
    0.04,
    0.18,
    4.5,
    0.07,
    31.8,
    0.25,
    0.19,
    0.23,
    0.15,
    25.6,
    1.44
  ],
  "y_pred": [
    1.2115714221232752,
    10.34822332868445,
    9.92736617371606,
    12.80296504301126,
    0.7126789648850282,
    1.18905687564726,
    -0.5326339086694443,
    -0.009930529200024352,
    0.8754434319071972,
    6.175834772794702,
    2.6366583702274933,
    14.352672212679566,
    1.8408620057074518,
    5.0905444567612905,
    38.13239942991324,
    3.535302776518725,
    1.8035184878202388,
    10.068319140120076,
    1.4064269506271658,
    11.305874594377482,
    1.1984815605631338,
    4.690671552736848,
    8.563793494473625,
    2.788769494483948,
    7.701127593041835,
    1.3575765116977174,
    22.721712549698758,
    0.21143559038196078,
    12.136892907502189,
    4.436906773914884,
    -0.30162741070059274,
    1.011474220418569,
    1.5843956781873025,
    0.2680881419088777,
    0.3488160761889183,
    0.9140415397387163,
    7.104268213058863,
    0.8917572303561693,
    15.432094845305711,
    0.6167381415021551,
    -0.5844631359602678,
    0.7308600076641864,
    1.6907066510150712,
    21.36411570426092,
    -0.18798255645047224
  ],
  "selected_features": [
    "K2O_wt",
    "Fe2O3T_wt",
    "SiO2_wt",
    "Al2O3_wt",
    "P2O5_tot_wt"
  ],
  "selected_models": [],
  "stacking_used": false,
  "stacked_model": true,
  "number_of_models": 1,
  "final_estimator": "ann",
  "final_estimator_params": {
    "ann_hidden": 93,
    "ann_alpha": 0.00032588776214894906
  },
  "model_params": {
    "ann": {
      "ann_hidden": 93,
      "ann_alpha": 0.00032588776214894906
    }
  },
  "use_random_split": true,
  "use_feature_selection": false,
  "model_name": "ANN",
  "error_mean": -0.7871956749920339,
  "error_sdev": 7.531738695962859,
  "uncertainty_median": 18.536728588438265,
  "uncertainty_mad": 12.080411504568119,
  "uncertainty_measure": 65.17013747562187,
  "feature_importance": {
    "K2O_wt": 0.03071382407625033,
    "Fe2O3T_wt": 0.017013825973685705,
    "SiO2_wt": 0.5948717041691335,
    "Al2O3_wt": 0.50005955057806,
    "P2O5_tot_wt": 0.34430562162771894
  }
}