{
  "y_test": [
    7.0,
    0.03,
    6.5,
    0.56,
    0.14,
    1.3,
    0.04,
    2.6,
    0.07,
    0.24,
    0.17,
    0.52,
    1.18,
    0.04,
    0.36,
    0.05,
    6.9,
    0.17,
    2.7,
    0.9,
    1.4,
    0.1,
    5.4,
    4.2,
    0.27,
    34.0,
    1.9,
    6.7,
    1.3,
    2.4,
    6.0,
    0.37,
    0.16,
    0.15,
    0.02,
    0.23,
    22.1,
    0.34,
    1.2,
    0.68,
    0.17,
    6.7,
    31.8,
    0.46,
    6.1
  ],
  "y_pred": [
    8.658219507357387,
    1.005521140718356,
    10.328066885396638,
    1.5628377970668659,
    0.04642678046447912,
    2.771776319396654,
    2.6020486004262615,
    4.768967232154818,
    2.869505519117408,
    1.3244949301734934,
    0.4556671270051087,
    2.090525922161353,
    2.6661661261674743,
    0.9647947740945249,
    1.6310494851771136,
    -0.320917438775453,
    8.302335964538667,
    1.8120970788043422,
    3.05999243568223,
    3.9725414080488015,
    4.704779305531417,
    1.7192689610780878,
    5.04200624176198,
    7.512314042034561,
    2.4292854601201865,
    10.84101520016627,
    5.89036728750515,
    8.400357604428638,
    4.655768485586432,
    2.6924112860948375,
    5.936453705757966,
    3.592999993644379,
    -0.19897526925142373,
    1.6681555501268264,
    2.1428497125508086,
    1.6681000403050685,
    32.282802194284564,
    1.9939109732957103,
    2.391942464823016,
    2.6045546512452677,
    1.7076011364302737,
    11.21374114431612,
    11.285592079580882,
    1.8335115576193957,
    5.654641491074299
  ],
  "selected_features": [
    "SiO2_wt",
    "P2O5_tot_wt"
  ],
  "selected_models": [],
  "stacking_used": false,
  "stacked_model": true,
  "number_of_models": 1,
  "final_estimator": "svr",
  "final_estimator_params": {
    "svr_C": 6.6175293124289345,
    "svr_epsilon": 0.05120731231003338
  },
  "model_params": {
    "svr": {
      "svr_C": 6.6175293124289345,
      "svr_epsilon": 0.05120731231003338
    }
  },
  "feature_names": [
    "K2O_wt",
    "Fe2O3T_wt",
    "SiO2_wt",
    "Al2O3_wt",
    "P2O5_tot_wt"
  ],
  "use_random_split": true,
  "use_feature_selection": true,
  "model_name": "SVR-FS",
  "error_mean": -0.7692793976730498,
  "error_sdev": 5.2423197426158055,
  "uncertainty_median": 15.989761873391455,
  "uncertainty_mad": 6.080405946836482,
  "uncertainty_measure": 38.026869912020885,
  "feature_importance": {
    "K2O_wt": 0.31052481272891574,
    "Fe2O3T_wt": 0.35800173045748374
  },
  "run": 6
}