{
  "y_test": [
    3.4,
    0.34,
    1.4,
    5.7,
    0.19,
    0.03,
    0.52,
    2.6,
    0.04,
    0.56,
    25.0,
    0.16,
    3.8,
    0.41,
    0.13,
    0.14,
    0.11,
    0.46,
    8.7,
    34.0,
    6.3,
    31.8,
    0.15,
    0.4,
    1.53,
    0.29,
    0.37,
    2.4,
    0.12,
    4.2,
    0.17,
    0.52,
    6.7,
    1.0,
    6.2,
    0.15,
    22.1,
    0.47,
    0.15,
    0.84,
    4.5,
    0.1,
    0.05,
    0.32,
    0.14
  ],
  "y_pred": [
    6.534648990161832,
    0.6715830647076637,
    6.146119872966836,
    6.146119872966836,
    0.6715830647076637,
    0.6715830647076637,
    0.6715830647076637,
    6.534648990161832,
    0.6715830647076637,
    0.6715830647076637,
    24.65837021865696,
    0.6715830647076637,
    6.534648990161832,
    0.6715830647076637,
    0.6715830647076637,
    0.6715830647076637,
    0.6715830647076637,
    0.6715830647076637,
    6.534648990161832,
    24.865654169274244,
    4.053728224695805,
    24.865654169274244,
    0.6715830647076637,
    0.6715830647076637,
    0.6715830647076637,
    0.6715830647076637,
    0.6715830647076637,
    0.6715830647076637,
    4.053728224695805,
    6.534648990161832,
    0.6715830647076637,
    0.6715830647076637,
    6.335232868157475,
    6.146119872966836,
    6.146119872966836,
    0.6715830647076637,
    25.366580095200174,
    0.6715830647076637,
    4.053728224695805,
    0.6715830647076637,
    6.534648990161832,
    0.6715830647076637,
    18.57913048411369,
    0.6715830647076637,
    7.232870171652619
  ],
  "selected_features": [
    "K2O_wt",
    "SiO2_wt"
  ],
  "selected_models": [],
  "stacking_used": false,
  "stacked_model": true,
  "number_of_models": 1,
  "final_estimator": "rf",
  "final_estimator_params": {
    "rf_n_estimators": 27,
    "rf_max_depth": 2
  },
  "model_params": {
    "rf": {
      "rf_n_estimators": 27,
      "rf_max_depth": 2
    }
  },
  "use_random_split": true,
  "use_feature_selection": true,
  "model_name": "RF-FS",
  "error_mean": -1.021925042243261,
  "error_sdev": 3.7807678223571477,
  "uncertainty_median": 6.534648990161832,
  "uncertainty_mad": 8.017664589744209,
  "uncertainty_measure": 122.69464820245301,
  "feature_importance": {
    "K2O_wt": -0.0005069797648632824,
    "Fe2O3T_wt": 1.5482948866324193
  }
}