{
  "y_test": [
    2.7,
    5.4,
    10.1,
    0.41,
    1.2,
    0.36,
    0.4,
    0.12,
    0.1,
    0.32,
    0.52,
    1.9,
    0.19,
    0.04,
    0.56,
    0.37,
    0.09,
    0.31,
    0.15,
    0.18,
    0.14,
    0.84,
    0.62,
    0.36,
    4.2,
    0.42,
    3.4,
    6.0,
    1.9,
    0.14,
    4.2,
    0.44,
    29.4,
    6.1,
    0.15,
    0.25,
    0.74,
    0.19,
    1.4,
    6.2,
    1.44,
    0.04,
    0.04,
    1.8,
    0.18
  ],
  "y_pred": [
    3.044968287420336,
    8.537336061255884,
    7.736829730828306,
    0.582289092861999,
    0.5095984355559325,
    0.2806951733708173,
    0.5812349589304369,
    0.2268171665866046,
    0.27904411395596257,
    0.5915809025618821,
    0.20145933279301406,
    1.9161226748944238,
    0.2564207800717069,
    0.25865692724353007,
    0.7170502396808799,
    0.29204773793218924,
    0.5328815233544077,
    1.1209864236694196,
    0.7156527000648574,
    0.2754242366717984,
    0.23533784125760365,
    0.25139212597931315,
    0.510740104485845,
    0.31464556559813966,
    3.923950374010599,
    1.0749367132253898,
    3.459662031276246,
    5.790351100757222,
    4.983159785476861,
    0.2989964066118129,
    5.462592729372141,
    0.22528198854930342,
    15.018254268169237,
    5.794632303192536,
    0.2591655942644408,
    0.18101074781708573,
    0.895619322974383,
    0.29171892459587906,
    1.534056464848762,
    7.203809509040965,
    1.5125762588272327,
    0.2638191051214613,
    1.7346026435512727,
    7.470814722568156,
    0.2127109881759418
  ],
  "selected_features": [
    "SiO2_wt",
    "Al2O3_wt",
    "P2O5_tot_wt"
  ],
  "selected_models": [],
  "stacking_used": false,
  "stacked_model": true,
  "number_of_models": 1,
  "final_estimator": "et",
  "final_estimator_params": {
    "et_n_estimators": 219,
    "et_max_depth": 10,
    "et_min_samples_split": 4,
    "et_min_samples_leaf": 2,
    "et_bootstrap": false
  },
  "model_params": {
    "et": {
      "et_n_estimators": 219,
      "et_max_depth": 10,
      "et_min_samples_split": 4,
      "et_min_samples_leaf": 2,
      "et_bootstrap": false
    }
  },
  "use_random_split": true,
  "use_feature_selection": true,
  "model_name": "ET-FS",
  "error_mean": -0.034465202654493744,
  "error_sdev": 2.489559360322011,
  "uncertainty_median": 7.60302283440155,
  "uncertainty_mad": 2.186215290813969,
  "uncertainty_measure": 28.754553793025018,
  "feature_importance": {
    "K2O_wt": 0.4150801731016926,
    "Fe2O3T_wt": 0.11300012317231001,
    "SiO2_wt": 0.6849684330890384
  }
}