{
  "y_test": [
    1.4,
    25.0,
    1.18,
    0.04,
    2.4,
    0.04,
    25.6,
    38.0,
    0.73,
    0.16,
    2.4,
    0.12,
    3.4,
    0.15,
    0.44,
    0.21,
    0.14,
    0.14,
    0.37,
    0.37,
    0.87,
    6.9,
    0.24,
    0.17,
    22.1,
    0.22,
    0.15,
    0.03,
    0.07,
    0.52,
    0.84,
    0.56,
    0.1,
    0.19,
    6.5,
    0.23,
    8.7,
    4.2,
    0.04,
    0.15,
    6.6,
    1.5,
    0.17,
    6.7,
    0.14
  ],
  "y_pred": [
    5.323498407804124,
    19.711848563850193,
    0.5857358924403826,
    1.544519510129085,
    0.6649603513558588,
    1.1221379858870115,
    20.88862811729598,
    6.641239863193242,
    1.72207202481221,
    5.0042273519572085,
    1.4144906039752456,
    6.856772116633653,
    6.261829186327397,
    2.5899431162517814,
    1.418255390141887,
    -0.8318723287776493,
    0.8647804821383716,
    2.7744174013158585,
    2.215962217486066,
    8.118650392690668,
    4.286379081505572,
    2.0066898209554687,
    2.0582911836422895,
    3.151540712193885,
    26.978977503587792,
    4.784926123665159,
    3.283391199481322,
    3.1841062343577633,
    4.435352671702763,
    4.68171565762669,
    0.46289987709138813,
    3.581580087252668,
    2.6501983595575886,
    1.1257015405586763,
    10.088018344075078,
    2.4681640165469467,
    10.046967843441944,
    6.9374754703908295,
    -0.3846263270342476,
    2.7799015031754735,
    8.948945607302267,
    0.8787098474999198,
    1.0176865689709942,
    2.3805238473563257,
    6.542177157637134
  ],
  "selected_features": [
    "K2O_wt",
    "SiO2_wt",
    "Al2O3_wt"
  ],
  "selected_models": [],
  "stacking_used": false,
  "stacked_model": true,
  "number_of_models": 1,
  "final_estimator": "svr",
  "final_estimator_params": {
    "svr_C": 9.930917991423245,
    "svr_epsilon": 0.08254388438716269
  },
  "model_params": {
    "svr": {
      "svr_C": 9.930917991423245,
      "svr_epsilon": 0.08254388438716269
    }
  },
  "use_random_split": true,
  "use_feature_selection": true,
  "model_name": "SVR-FS",
  "error_mean": -0.9575064573211169,
  "error_sdev": 5.717158722491133,
  "uncertainty_median": 8.50375008503106,
  "uncertainty_mad": 7.080399155094115,
  "uncertainty_measure": 83.262079486056,
  "feature_importance": {
    "K2O_wt": 0.011782582537752924,
    "Fe2O3T_wt": 0.8937142138003087,
    "SiO2_wt": 0.26999098701241125
  }
}