{
  "y_test": [
    0.31,
    0.22,
    0.04,
    0.4,
    0.37,
    3.8,
    22.1,
    0.18,
    25.6,
    0.57,
    0.21,
    0.14,
    1.3,
    0.07,
    0.32,
    0.27,
    6.9,
    25.8,
    0.27,
    0.87,
    0.51,
    0.17,
    0.1,
    0.23,
    0.44,
    0.29,
    0.11,
    0.19,
    6.0,
    1.3,
    0.43,
    0.15,
    24.5,
    0.12,
    4.2,
    0.34,
    0.17,
    0.14,
    7.0,
    0.9,
    0.18,
    0.74,
    1.5,
    0.16,
    0.09
  ],
  "y_pred": [
    1.3814862966537476,
    0.6015039086341858,
    0.10760466009378433,
    0.5418659448623657,
    0.5702657103538513,
    4.815068244934082,
    22.586984634399414,
    0.2946092486381531,
    26.4067440032959,
    0.3415944576263428,
    1.399735927581787,
    1.6413735151290894,
    1.4414600133895874,
    0.1834329515695572,
    0.6490846872329712,
    0.9927826523780823,
    1.1349259614944458,
    27.42106056213379,
    0.05332987383008003,
    0.8994051814079285,
    0.44217804074287415,
    0.2337130904197693,
    0.3060956597328186,
    0.23205475509166718,
    0.13279004395008087,
    0.25305846333503723,
    0.6293177604675293,
    0.10061996430158615,
    5.405877113342285,
    1.5113592147827148,
    0.1902317851781845,
    0.7002013921737671,
    26.467424392700195,
    4.071341514587402,
    2.8203604221343994,
    0.3740712106227875,
    0.5351870059967041,
    0.2708083391189575,
    6.188945770263672,
    1.6855679750442505,
    0.14760389924049377,
    0.9048272371292114,
    0.6798083186149597,
    1.2138750553131104,
    4.398848533630371
  ],
  "selected_features": [
    "K2O_wt",
    "Fe2O3T_wt",
    "SiO2_wt",
    "Al2O3_wt",
    "P2O5_tot_wt"
  ],
  "selected_models": [],
  "stacking_used": false,
  "stacked_model": true,
  "number_of_models": 1,
  "final_estimator": "xgb",
  "final_estimator_params": {
    "xgb_n_estimators": 255,
    "xgb_lr": 0.04601837604178633,
    "xgb_max_depth": 6,
    "xgb_subsample": 0.9657744191444616,
    "xgb_colsample": 0.6278728110500105
  },
  "model_params": {
    "xgb": {
      "xgb_n_estimators": 255,
      "xgb_lr": 0.04601837604178633,
      "xgb_max_depth": 6,
      "xgb_subsample": 0.9657744191444616,
      "xgb_colsample": 0.6278728110500105
    }
  },
  "use_random_split": true,
  "use_feature_selection": false,
  "model_name": "XGB",
  "error_mean": -0.30356634207897704,
  "error_sdev": 1.3801691658653814,
  "uncertainty_median": 12.681509971618652,
  "uncertainty_mad": 5.285808563232422,
  "uncertainty_measure": 41.6812238847118,
  "feature_importance": {
    "K2O_wt": 0.022095519189435486,
    "Fe2O3T_wt": 0.05336108018472329,
    "SiO2_wt": 0.42579347519144667,
    "Al2O3_wt": 0.020206840600124724,
    "P2O5_tot_wt": 0.5050140154243862
  }
}