{
  "y_test": [
    1.47,
    0.29,
    0.02,
    0.27,
    1.44,
    0.07,
    24.5,
    0.15,
    1.3,
    10.4,
    0.05,
    0.84,
    0.73,
    0.04,
    0.09,
    4.2,
    6.7,
    25.0,
    0.21,
    0.18,
    25.8,
    6.5,
    0.43,
    0.17,
    0.14,
    0.12,
    1.44,
    0.36,
    0.16,
    0.74,
    4.2,
    0.1,
    0.12,
    0.68,
    0.51,
    0.04,
    6.9,
    0.37,
    1.3,
    0.62,
    0.42,
    0.44,
    8.7,
    0.24,
    6.9
  ],
  "y_pred": [
    1.2035033772063133,
    0.13504773741810894,
    0.3744737649182013,
    1.673136123862201,
    0.14538142355724437,
    0.17742345566142514,
    25.21650630668377,
    1.4310006102363055,
    1.7499863268524647,
    8.914827135733441,
    0.13757543096768954,
    0.3587723749965126,
    0.7778645621415587,
    0.3634643282232459,
    0.2285025748377496,
    5.241420218714719,
    4.720829109828462,
    26.038205525994993,
    1.4720564134997742,
    0.19228559208278906,
    17.471770867791598,
    8.525977219936973,
    0.15600090768535857,
    0.34758668457688424,
    22.28592387309564,
    5.065340356561112,
    3.414103896414952,
    0.24719244414919972,
    0.1783648552925987,
    1.0201794397145574,
    16.240103823148953,
    0.33193213425397383,
    0.9224771570250776,
    1.3614826179697799,
    0.19697747675174826,
    0.11506658806891368,
    5.971323697555742,
    0.269423294227511,
    1.8606997329977664,
    0.5872594816385237,
    8.97849728578871,
    0.1510823554679166,
    8.15027615947782,
    0.46707443946953475,
    1.3444761857464145
  ],
  "selected_features": [
    "K2O_wt",
    "Fe2O3T_wt",
    "SiO2_wt",
    "Al2O3_wt",
    "P2O5_tot_wt"
  ],
  "selected_models": [],
  "stacking_used": false,
  "stacked_model": true,
  "number_of_models": 1,
  "final_estimator": "gpr",
  "final_estimator_params": {
    "gpr_nu": 0.5,
    "gpr_const": 7.633957253271377,
    "gpr_length_scale": 5.9549496206862,
    "gpr_alpha": 0.0099494118246567
  },
  "model_params": {
    "gpr": {
      "gpr_nu": 0.5,
      "gpr_const": 7.633957253271377,
      "gpr_length_scale": 5.9549496206862,
      "gpr_alpha": 0.0099494118246567
    }
  },
  "use_random_split": true,
  "use_feature_selection": false,
  "model_name": "GPR",
  "error_mean": -0.9080634526272051,
  "error_sdev": 4.32696574896006,
  "uncertainty_median": 6.425165037914382,
  "uncertainty_mad": 7.0872078891639205,
  "uncertainty_measure": 110.30390421635674,
  "feature_importance": {
    "K2O_wt": -0.04447087159606145,
    "Fe2O3T_wt": -0.0844982805541482,
    "SiO2_wt": 1.4281098055872636,
    "Al2O3_wt": -0.18652082388624613,
    "P2O5_tot_wt": 0.026252204421309964
  }
}