{
  "y_test": [
    1.3,
    0.31,
    0.04,
    4.2,
    29.4,
    0.03,
    0.32,
    0.09,
    1.0,
    2.4,
    0.07,
    1.3,
    0.4,
    0.15,
    1.9,
    0.27,
    0.12,
    0.84,
    34.0,
    0.1,
    0.05,
    0.29,
    0.37,
    1.5,
    0.25,
    7.0,
    3.8,
    0.04,
    0.87,
    1.9,
    0.21,
    25.8,
    0.52,
    2.6,
    0.24,
    6.7,
    0.17,
    0.4,
    1.4,
    5.7,
    0.44,
    31.8,
    1.44,
    1.44,
    0.73
  ],
  "y_pred": [
    0.5387082969522231,
    0.5070062180114172,
    0.5070062180114172,
    7.041302743375346,
    13.147512832706106,
    0.5070062180114172,
    0.5206788825788187,
    0.5431068868756755,
    0.7136268383464223,
    1.8182064597301395,
    0.7061246279131774,
    1.2787819200052477,
    0.5070062180114172,
    0.5070062180114172,
    2.0813058344376856,
    1.0883591051067747,
    0.5593046923122077,
    0.5070062180114172,
    25.649447311947316,
    0.5070062180114172,
    2.2226551936148002,
    0.6974290329098901,
    0.5070062180114172,
    1.0721612996702425,
    0.5070062180114172,
    7.092880246804702,
    7.041302743375346,
    0.5070062180114172,
    1.0808568946735297,
    1.2787819200052477,
    0.7272995029138235,
    16.233473992012883,
    0.5070062180114172,
    0.7136268383464223,
    0.5593046923122077,
    7.092880246804702,
    0.5070062180114172,
    0.5070062180114172,
    1.2787819200052477,
    7.041302743375346,
    0.5070062180114172,
    25.631641044141055,
    0.7185342563687238,
    0.7894510726068593,
    0.5225104915156907
  ],
  "selected_features": [
    "K2O_wt",
    "Fe2O3T_wt",
    "SiO2_wt",
    "Al2O3_wt",
    "P2O5_tot_wt"
  ],
  "selected_models": [],
  "stacking_used": false,
  "stacked_model": true,
  "number_of_models": 1,
  "final_estimator": "rf",
  "final_estimator_params": {
    "rf_n_estimators": 117,
    "rf_max_depth": 2
  },
  "model_params": {
    "rf": {
      "rf_n_estimators": 117,
      "rf_max_depth": 2
    }
  },
  "use_random_split": true,
  "use_feature_selection": true,
  "model_name": "RF-FS",
  "error_mean": 0.6515682752021399,
  "error_sdev": 3.3000929076353147,
  "uncertainty_median": 10.031151472588217,
  "uncertainty_mad": 4.177799472248119,
  "uncertainty_measure": 41.648254277334445,
  "feature_importance": {
    "K2O_wt": 0.11423248285195106,
    "Fe2O3T_wt": 0.0017887178758307898,
    "SiO2_wt": 0.2446448677668493,
    "Al2O3_wt": 0.0635797394343957,
    "P2O5_tot_wt": 0.45258311784544397
  }
}