{
  "y_test": [
    0.15,
    4.5,
    0.36,
    0.16,
    0.44,
    0.27,
    0.18,
    5.4,
    0.51,
    0.1,
    38.0,
    7.4,
    6.7,
    0.17,
    0.4,
    4.2,
    2.7,
    25.0,
    3.8,
    1.3,
    2.4,
    0.73,
    0.37,
    3.4,
    0.14,
    5.7,
    1.0,
    0.32,
    0.31,
    0.34,
    2.4,
    0.04,
    25.8,
    0.23,
    0.19,
    0.19,
    0.24,
    0.16,
    0.25,
    0.11,
    1.47,
    0.17,
    0.05,
    6.7,
    0.35
  ],
  "y_pred": [
    0.4049885377402109,
    4.885631204897319,
    0.17471895778215382,
    0.17712288768630344,
    0.12183844829641349,
    0.4046748364081644,
    0.13114934549042237,
    1.1585234094184025,
    0.42194986894829206,
    0.18927154753040842,
    1.7334670147835616,
    7.607746863085067,
    5.604320423845925,
    0.34045780510418044,
    0.44725424859373747,
    6.028725446911117,
    0.17017287430607797,
    25.062810224280824,
    4.787818440732599,
    1.1939474118557243,
    0.2401420790169714,
    0.5439391897191492,
    0.3077174206462307,
    4.729857478365962,
    0.11999999999999998,
    7.46281673066444,
    1.2181233372046592,
    0.9060737348018265,
    0.29167718459956427,
    0.08283789022004796,
    0.257171661464918,
    0.05730319424848105,
    23.99447992064525,
    0.05699293806090796,
    0.1986080356275333,
    0.17653351704798967,
    0.8819060011819669,
    0.12729993783391416,
    0.17456084171848826,
    0.17950749070376656,
    0.5872444952105379,
    0.12964641201362193,
    0.18319545251320912,
    3.592942168928368,
    0.6947012407049522
  ],
  "selected_features": [
    "K2O_wt",
    "Fe2O3T_wt",
    "SiO2_wt",
    "Al2O3_wt",
    "P2O5_tot_wt"
  ],
  "selected_models": [],
  "stacking_used": false,
  "stacked_model": true,
  "number_of_models": 1,
  "final_estimator": "knn",
  "final_estimator_params": {
    "knn_n": 2,
    "knn_weights": "distance"
  },
  "model_params": {
    "knn": {
      "knn_n": 2,
      "knn_weights": "distance"
    }
  },
  "feature_names": [
    "K2O_wt",
    "Fe2O3T_wt",
    "SiO2_wt",
    "Al2O3_wt",
    "P2O5_tot_wt"
  ],
  "use_random_split": true,
  "use_feature_selection": false,
  "model_name": "KNN",
  "error_mean": 1.0346251522035632,
  "error_sdev": 5.490470666171265,
  "uncertainty_median": 5.054882291078559,
  "uncertainty_mad": 8.299629100791579,
  "uncertainty_measure": 164.190353461637,
  "feature_importance": {
    "K2O_wt": -0.0018668503448260132,
    "Fe2O3T_wt": 0.014773644568095308,
    "SiO2_wt": 1.0134088074606522,
    "Al2O3_wt": 0.009481059770436173,
    "P2O5_tot_wt": 0.006544512382068319
  },
  "run": 1
}