{
  "y_test": [
    0.57,
    0.04,
    0.19,
    4.2,
    0.19,
    0.34,
    6.3,
    29.4,
    0.04,
    0.73,
    25.0,
    0.02,
    6.7,
    8.9,
    0.1,
    0.56,
    0.14,
    0.4,
    0.41,
    0.14,
    31.8,
    0.23,
    0.19,
    34.0,
    1.9,
    0.52,
    0.36,
    1.3,
    10.4,
    0.87,
    2.6,
    0.24,
    0.44,
    0.09,
    0.13,
    0.68,
    5.1,
    0.04,
    3.4,
    1.18,
    0.18,
    25.8,
    0.17,
    6.1,
    0.25
  ],
  "y_pred": [
    -0.5298585576947893,
    0.10218325009969173,
    -2.824375012648546,
    4.293758616550752,
    -0.24726579765745527,
    1.981055805914341,
    0.5229217893999438,
    4.261580462850273,
    -0.11751084622211883,
    0.9894188587909049,
    1.972982867879863,
    0.018750466015883593,
    6.399555174791343,
    2.640047186196573,
    -0.39401944810806466,
    -1.4729907440405223,
    -1.959656700573896,
    -1.7670046044807228,
    1.831429934144925,
    1.1371384249808347,
    0.12186138886288678,
    0.1409242547999364,
    0.5691761223726788,
    -0.4109083706758281,
    3.4914528804940836,
    -0.1598403070188507,
    0.08764518743597283,
    2.48115458277988,
    3.303733096354198,
    0.9149299377076886,
    5.810532818556474,
    0.5943523865467563,
    -1.346234195135231,
    -0.4936547309177185,
    -0.11044120217422754,
    3.1515634992591472,
    3.7395493927839563,
    -1.2336485346174126,
    3.6881052672406334,
    3.0314307615294056,
    -2.097350609784483,
    5.263581715795228,
    -0.38892569357560813,
    3.583908235086116,
    0.09061971526562168
  ],
  "selected_features": [
    "K2O_wt",
    "Fe2O3T_wt",
    "SiO2_wt",
    "Al2O3_wt",
    "P2O5_tot_wt"
  ],
  "selected_models": [],
  "stacking_used": false,
  "stacked_model": true,
  "number_of_models": 1,
  "final_estimator": "ann",
  "final_estimator_params": {
    "ann_hidden": 57,
    "ann_alpha": 0.01644338724045542
  },
  "model_params": {
    "ann": {
      "ann_hidden": 57,
      "ann_alpha": 0.01644338724045542
    }
  },
  "feature_names": [
    "K2O_wt",
    "Fe2O3T_wt",
    "SiO2_wt",
    "Al2O3_wt",
    "P2O5_tot_wt"
  ],
  "use_random_split": true,
  "use_feature_selection": false,
  "model_name": "ANN",
  "error_mean": 3.5928520283297662,
  "error_sdev": 8.773714182776162,
  "uncertainty_median": 3.681515679515308,
  "uncertainty_mad": 2.2670998037180845,
  "uncertainty_measure": 61.5806097562665,
  "feature_importance": {
    "K2O_wt": 0.011641403061391931,
    "Fe2O3T_wt": 0.05482102782841882,
    "SiO2_wt": 0.1929656044289632,
    "Al2O3_wt": -0.12357470941839997,
    "P2O5_tot_wt": 0.012107878390231246
  },
  "run": 5
}