{
  "y_test": [
    1.5,
    2.4,
    3.8,
    0.41,
    0.07,
    0.42,
    0.4,
    0.44,
    0.04,
    6.7,
    5.1,
    0.36,
    0.47,
    1.3,
    25.6,
    6.5,
    0.04,
    2.4,
    0.14,
    6.3,
    0.22,
    0.14,
    0.03,
    0.11,
    6.9,
    8.0,
    1.8,
    0.15,
    0.1,
    0.52,
    1.9,
    2.7,
    34.0,
    0.09,
    0.51,
    0.05,
    7.4,
    25.0,
    0.15,
    0.14,
    0.73,
    38.0,
    1.2,
    0.12,
    0.23
  ],
  "y_pred": [
    0.34521844190946827,
    0.9577805645603151,
    4.0869843407592015,
    2.0796767642249208,
    2.6902081835673446,
    1.7984612542716236,
    0.5366448385211322,
    0.30141214484167067,
    0.2629060219049024,
    8.52645114802484,
    4.322136777033087,
    -0.5217205708781747,
    0.11248231223852789,
    3.4580208675057853,
    15.707377255872045,
    10.206245579177335,
    -0.18624850755594435,
    1.669920462470575,
    7.904293562395887,
    7.454100150149461,
    0.6926099741837499,
    0.7185507801821411,
    0.23141591613632295,
    -0.43454908247227797,
    0.608039433168308,
    5.17013873713544,
    1.5818904605202144,
    1.1064807233420613,
    0.16619778882620606,
    -0.22560635785148042,
    3.799237704413641,
    1.8808788808432504,
    9.027652001838659,
    1.117253290117953,
    -0.04631715001629333,
    26.898991212537684,
    9.144468241354826,
    17.734028308947018,
    0.3483232081006453,
    0.7842288675195239,
    0.35009634928443517,
    1.7302548730971328,
    0.31330820879753074,
    0.49393256650203066,
    0.2757168157545986
  ],
  "selected_features": [
    "K2O_wt",
    "Fe2O3T_wt",
    "SiO2_wt",
    "Al2O3_wt",
    "P2O5_tot_wt"
  ],
  "selected_models": [],
  "stacking_used": false,
  "stacked_model": true,
  "number_of_models": 1,
  "final_estimator": "ann",
  "final_estimator_params": {
    "ann_hidden": 58,
    "ann_alpha": 2.709248410204706e-05
  },
  "model_params": {
    "ann": {
      "ann_hidden": 58,
      "ann_alpha": 2.709248410204706e-05
    }
  },
  "use_random_split": true,
  "use_feature_selection": false,
  "model_name": "ANN",
  "error_mean": 0.875565036816504,
  "error_sdev": 8.169992311530754,
  "uncertainty_median": 16.269492524060905,
  "uncertainty_mad": 8.246138732601754,
  "uncertainty_measure": 50.684670836576885,
  "feature_importance": {
    "K2O_wt": -0.020486642884232853,
    "Fe2O3T_wt": -0.03855052047697161,
    "SiO2_wt": 0.15085590837940466,
    "Al2O3_wt": 0.24122405093398147,
    "P2O5_tot_wt": 0.08893176209612613
  }
}