{
  "y_test": [
    0.09,
    4.2,
    1.3,
    7.4,
    0.15,
    6.9,
    1.9,
    0.1,
    38.0,
    11.7,
    0.03,
    6.6,
    5.7,
    0.44,
    0.17,
    6.7,
    0.84,
    6.3,
    0.22,
    1.3,
    0.14,
    0.25,
    0.12,
    0.05,
    0.14,
    0.04,
    0.4,
    0.04,
    0.12,
    5.4,
    0.11,
    2.4,
    8.9,
    6.1,
    0.09,
    1.4,
    1.53,
    0.68,
    0.18,
    3.4,
    1.8,
    0.15,
    6.2,
    2.6,
    0.12
  ],
  "y_pred": [
    7.811462538521715,
    4.1819735493180605,
    4.80704184993608,
    6.651022593763197,
    0.9775164295614438,
    6.000301805981282,
    4.681723617411682,
    -0.6617092131336281,
    4.680418617045129,
    9.633035290542342,
    -1.7044183285433516,
    4.933423258497014,
    3.1312452702936553,
    -0.6258840681801442,
    -0.7110216203373493,
    6.421127647390268,
    -0.32934114183547225,
    3.732409147331296,
    -2.7651094343184357,
    4.641148420073614,
    -2.69339058800118,
    1.8264600841830552,
    -2.7987316803171582,
    -3.7367830855878306,
    -0.4333114562126935,
    -0.9843573255139327,
    -0.2218929636446515,
    -0.7069397245851626,
    5.3734959405528215,
    4.655166471747986,
    -1.0230625230185102,
    1.9530173457321025,
    0.8094450801853483,
    5.8647984271857965,
    -1.868896993168415,
    4.595954864903846,
    4.207761045170591,
    2.4499448317557126,
    1.0821945822027077,
    5.390676241664773,
    -1.1657923265396128,
    2.2783348010135964,
    0.4693067326605609,
    7.4557494025316835,
    1.5215389395156533
  ],
  "selected_features": [
    "K2O_wt",
    "SiO2_wt"
  ],
  "selected_models": [],
  "stacking_used": false,
  "stacked_model": true,
  "number_of_models": 1,
  "final_estimator": "ann",
  "final_estimator_params": {
    "ann_hidden": 99,
    "ann_alpha": 0.0042639147449730725
  },
  "model_params": {
    "ann": {
      "ann_hidden": 99,
      "ann_alpha": 0.0042639147449730725
    }
  },
  "use_random_split": true,
  "use_feature_selection": true,
  "model_name": "ANN-FS",
  "error_mean": 0.9469543921392116,
  "error_sdev": 5.701877394729025,
  "uncertainty_median": 1.5149819368098076,
  "uncertainty_mad": 4.083292060957201,
  "uncertainty_measure": 269.5274419941696,
  "feature_importance": {
    "K2O_wt": 0.09718545035659462,
    "Fe2O3T_wt": 0.5815420175235819
  }
}