{
  "y_test": [
    1.9,
    1.44,
    0.09,
    2.4,
    0.68,
    0.42,
    34.0,
    25.6,
    2.6,
    0.27,
    25.0,
    0.18,
    0.24,
    6.3,
    0.32,
    1.47,
    0.74,
    1.4,
    0.41,
    1.3,
    6.7,
    0.87,
    0.15,
    1.53,
    0.46,
    6.5,
    1.2,
    2.4,
    0.37,
    0.04,
    0.35,
    1.8,
    0.25,
    0.19,
    0.34,
    11.7,
    0.14,
    0.1,
    0.04,
    0.18,
    0.1,
    5.1,
    0.37,
    4.2,
    0.27
  ],
  "y_pred": [
    4.5766255520822785,
    0.028078398988337527,
    4.290429349807274,
    1.7130717046956196,
    1.162267005370748,
    2.324734769098304,
    18.696135926084715,
    18.98125072203032,
    2.0556952338166483,
    1.7179714614654045,
    24.42285222837841,
    0.5477147331964336,
    -0.0972486132790682,
    8.68877995518657,
    0.5789714363741478,
    1.2834710579919968,
    1.4064920034305575,
    2.600641947979276,
    1.230390392062127,
    2.578317574534272,
    6.9980545441457345,
    1.5781361045925892,
    0.3429844943206859,
    2.0276849391510234,
    0.7900322275812093,
    10.687576001857936,
    1.414869894707601,
    0.953822775492746,
    1.0531656841775352,
    0.31092808755369483,
    2.106561278852657,
    2.7591109424870774,
    0.9898228912766716,
    -0.3996033302331303,
    1.0986952897701372,
    7.069381945548906,
    0.4608556567321187,
    0.753828965835388,
    0.5301150483797665,
    1.199786354164493,
    1.001341232772235,
    3.863979196341729,
    2.769928623930924,
    4.181258805803833,
    2.1346690757484073
  ],
  "selected_features": [
    "K2O_wt",
    "Fe2O3T_wt",
    "SiO2_wt",
    "Al2O3_wt",
    "P2O5_tot_wt"
  ],
  "selected_models": [],
  "stacking_used": false,
  "stacked_model": true,
  "number_of_models": 1,
  "final_estimator": "ann",
  "final_estimator_params": {
    "ann_hidden": 67,
    "ann_alpha": 1.0481215416965082e-05
  },
  "model_params": {
    "ann": {
      "ann_hidden": 67,
      "ann_alpha": 1.0481215416965082e-05
    }
  },
  "use_random_split": true,
  "use_feature_selection": false,
  "model_name": "ANN",
  "error_mean": -0.07452510156191874,
  "error_sdev": 2.9518102876517607,
  "uncertainty_median": 7.620916535449059,
  "uncertainty_mad": 5.245017160827706,
  "uncertainty_measure": 68.82396804151125,
  "feature_importance": {
    "K2O_wt": -0.014565132366029687,
    "Fe2O3T_wt": -0.02838722385793966,
    "SiO2_wt": 0.14412505735242728,
    "Al2O3_wt": 0.892371795703765,
    "P2O5_tot_wt": 0.17011728481904517
  }
}