{
  "y_test": [
    8.7,
    0.46,
    2.4,
    1.3,
    3.8,
    0.27,
    0.19,
    4.5,
    0.37,
    6.7,
    0.15,
    1.8,
    0.36,
    25.6,
    1.18,
    0.04,
    1.2,
    6.2,
    0.07,
    0.25,
    31.8,
    11.7,
    1.5,
    0.34,
    0.19,
    7.4,
    1.47,
    0.52,
    0.12,
    0.4,
    4.2,
    0.19,
    34.0,
    0.03,
    0.4,
    0.14,
    0.17,
    0.14,
    0.41,
    0.35,
    0.4,
    0.15,
    0.12,
    2.4,
    1.44
  ],
  "y_pred": [
    7.693675892106308,
    -0.2753843253463235,
    -0.01577164987119417,
    1.4450770980420518,
    2.274474435787738,
    -0.20403844694722073,
    -1.253083429585438,
    4.481454623142733,
    0.3734960283135331,
    9.304383705004843,
    -0.9620772721540995,
    1.419080409065979,
    -0.4595119129327978,
    4.259036976278047,
    0.35061813663915187,
    -0.18652560761640258,
    0.014582799097207388,
    1.578322896535762,
    -0.8174304219004287,
    -0.24362406657852276,
    5.8767741614573215,
    4.295956119747837,
    -0.24405533409636782,
    0.1682404790861729,
    -0.5290515939514315,
    6.55389210169643,
    0.36221978359043616,
    -0.7896114271205597,
    -0.14410370781393222,
    -0.20622828013501504,
    5.227096235423671,
    -1.4672183944414852,
    4.956583071792478,
    -0.9230711650039534,
    -0.20639911686332857,
    -0.5365276758760471,
    -1.227502473055384,
    0.3543929492661655,
    0.1346151821456245,
    0.0784907466949476,
    -1.1611632295516041,
    -0.4702997468632648,
    0.3403169260836214,
    0.5477503765001588,
    0.6175230190842558
  ],
  "selected_features": [
    "K2O_wt",
    "SiO2_wt",
    "Al2O3_wt",
    "P2O5_tot_wt"
  ],
  "selected_models": [],
  "stacking_used": false,
  "stacked_model": true,
  "number_of_models": 1,
  "final_estimator": "svr",
  "final_estimator_params": {
    "svr_C": 1.6797799276121688,
    "svr_epsilon": 0.02035408688533351
  },
  "model_params": {
    "svr": {
      "svr_C": 1.6797799276121688,
      "svr_epsilon": 0.02035408688533351
    }
  },
  "use_random_split": true,
  "use_feature_selection": true,
  "model_name": "SVR-FS",
  "error_mean": 2.5585472250027186,
  "error_sdev": 6.39420014598216,
  "uncertainty_median": 4.854293993109083,
  "uncertainty_mad": 2.2863266351286167,
  "uncertainty_measure": 47.09905577153286,
  "feature_importance": {
    "K2O_wt": 0.002320909365894499,
    "Fe2O3T_wt": 0.18984764410853608,
    "SiO2_wt": -0.022672135566941528,
    "Al2O3_wt": 0.195561289381453
  }
}