{
  "y_test": [
    7.0,
    0.51,
    0.14,
    0.18,
    24.5,
    1.3,
    0.56,
    0.29,
    0.87,
    0.36,
    0.27,
    1.3,
    8.0,
    0.13,
    0.05,
    0.34,
    0.07,
    0.17,
    29.4,
    0.25,
    0.24,
    6.3,
    25.6,
    2.4,
    1.8,
    4.2,
    0.1,
    6.6,
    0.17,
    0.04,
    5.4,
    0.14,
    0.43,
    0.14,
    2.4,
    0.37,
    0.04,
    1.9,
    1.0,
    1.3,
    25.8,
    4.2,
    0.4,
    0.35,
    1.44
  ],
  "y_pred": [
    3.909150238808628,
    0.2758137280219479,
    0.1671394528383252,
    0.21535796263315943,
    25.059908841511337,
    4.0854475089582065,
    0.13890301821298978,
    0.537751945674501,
    0.26003361875544373,
    0.20234588221386351,
    1.7276921838414274,
    1.5115688333889554,
    5.393948296646308,
    0.12139193178444874,
    0.22631040694221305,
    -0.05729257955805567,
    4.611611997420429,
    0.14627803426988217,
    17.61788213044359,
    0.48300483289629526,
    0.4753174804605469,
    11.06864471144296,
    24.76595647199123,
    2.08494814779275,
    2.047279618106378,
    17.26608650132878,
    0.03768735469290441,
    7.353411484114572,
    0.2392889676127008,
    0.04283694060885246,
    2.2448919836193113,
    20.46106041254496,
    0.10020440847715184,
    0.14044490945379318,
    0.16971092063062088,
    1.0489272215607972,
    0.46579150333702923,
    4.669074836619103,
    1.8882793173340289,
    1.8824471101393598,
    15.414189910692706,
    5.271453131398502,
    1.0777221659776166,
    2.294443535664416,
    4.7448754713029375
  ],
  "selected_features": [
    "K2O_wt",
    "Fe2O3T_wt",
    "SiO2_wt",
    "Al2O3_wt",
    "P2O5_tot_wt"
  ],
  "selected_models": [],
  "stacking_used": false,
  "stacked_model": true,
  "number_of_models": 1,
  "final_estimator": "gpr",
  "final_estimator_params": {
    "gpr_nu": 0.5,
    "gpr_const": 3.973975033010549,
    "gpr_length_scale": 2.163161669626393,
    "gpr_alpha": 0.009968690439859651
  },
  "model_params": {
    "gpr": {
      "gpr_nu": 0.5,
      "gpr_const": 3.973975033010549,
      "gpr_length_scale": 2.163161669626393,
      "gpr_alpha": 0.009968690439859651
    }
  },
  "use_random_split": true,
  "use_feature_selection": false,
  "model_name": "GPR",
  "error_mean": -0.5653160618357311,
  "error_sdev": 4.595287982117264,
  "uncertainty_median": 6.547730903560776,
  "uncertainty_mad": 6.204028084699011,
  "uncertainty_measure": 94.75081025894248,
  "feature_importance": {
    "K2O_wt": -0.03419218033143621,
    "Fe2O3T_wt": -0.04251714457704797,
    "SiO2_wt": 1.380101902516618,
    "Al2O3_wt": -0.08337447140191699,
    "P2O5_tot_wt": 0.020747585685073826
  }
}