{
  "y_test": [
    0.19,
    0.04,
    1.44,
    5.4,
    0.12,
    0.35,
    0.47,
    0.19,
    10.4,
    6.7,
    0.16,
    0.04,
    0.25,
    0.27,
    34.0,
    0.04,
    2.4,
    0.04,
    6.9,
    0.21,
    4.2,
    0.34,
    0.43,
    6.3,
    6.2,
    3.4,
    4.5,
    0.12,
    1.4,
    31.8,
    0.62,
    1.0,
    0.07,
    0.57,
    0.68,
    2.6,
    0.07,
    0.18,
    1.5,
    0.15,
    0.04,
    0.04,
    0.17,
    0.15,
    0.05
  ],
  "y_pred": [
    -0.0370440130574039,
    0.06408715475143367,
    -0.935510716849695,
    5.301810522433893,
    -1.7341918620319845,
    4.485950002795107,
    0.3214911758201424,
    0.07849218022091264,
    10.473975558231034,
    4.778770729554704,
    -0.17296193473021404,
    -0.8477804599943433,
    2.8290436324486485,
    3.405768396035782,
    22.345294824762792,
    -0.2576575377430288,
    0.15057064694215683,
    3.987401366175945,
    3.8090759835707004,
    -2.249008943231736,
    5.920093528706293,
    -0.3342357170268535,
    0.2888806347514894,
    6.621039478777448,
    0.2533491651204507,
    5.416579762506764,
    4.004940473861062,
    6.090994373490233,
    4.329586963733693,
    21.181172971350062,
    -0.05177117397963826,
    3.4410009746928125,
    0.4642223936600196,
    -0.2288521933260661,
    1.0587005042908366,
    3.0442987461933804,
    0.036907254836961556,
    0.346475316738978,
    -0.6263227448160684,
    1.4690760307543975,
    -0.22693884664591835,
    2.76878644687503,
    1.8784788306594038,
    0.570003804329076,
    12.983297745323947
  ],
  "selected_features": [
    "K2O_wt",
    "Fe2O3T_wt",
    "SiO2_wt",
    "Al2O3_wt",
    "P2O5_tot_wt"
  ],
  "selected_models": [],
  "stacking_used": false,
  "stacked_model": true,
  "number_of_models": 1,
  "final_estimator": "lr",
  "final_estimator_params": {},
  "model_params": {
    "lr": {}
  },
  "use_random_split": true,
  "use_feature_selection": false,
  "model_name": "LR",
  "error_mean": -0.006829809576947533,
  "error_sdev": 3.727804654488707,
  "uncertainty_median": 7.136647893605479,
  "uncertainty_mad": 5.830018777609173,
  "uncertainty_measure": 81.69127669634561,
  "feature_importance": {
    "K2O_wt": 0.012875179976892576,
    "Fe2O3T_wt": -0.008619068809095722,
    "SiO2_wt": 1.1513975445740652,
    "Al2O3_wt": 0.2106865524183615,
    "P2O5_tot_wt": 0.028700473533275987
  }
}