{
  "y_test": [
    0.4,
    7.4,
    6.6,
    6.2,
    0.57,
    0.47,
    0.14,
    0.29,
    0.36,
    8.9,
    1.4,
    6.7,
    2.4,
    5.7,
    0.05,
    1.8,
    0.9,
    6.3,
    1.53,
    34.0,
    0.02,
    4.2,
    4.2,
    1.3,
    6.9,
    0.87,
    29.4,
    0.04,
    6.5,
    1.9,
    0.09,
    0.52,
    1.47,
    0.17,
    0.04,
    0.18,
    4.5,
    0.07,
    31.8,
    0.25,
    0.19,
    0.23,
    0.15,
    25.6,
    1.44
  ],
  "y_pred": [
    3.424641424826291,
    8.680264780399952,
    7.3763641443520065,
    3.751309580499548,
    -0.05221836532393098,
    0.5035565476137336,
    -0.8765890123836897,
    -0.6400718567449104,
    0.15367820940157984,
    1.7586947127747017,
    3.8910075106465705,
    4.330981916560688,
    -0.17578400199582234,
    3.0670874748257937,
    10.538596195240785,
    0.6295243449410215,
    3.3241019571628954,
    6.057842444160453,
    4.443847911540825,
    21.78915625793485,
    0.18820364164233538,
    5.867524488693789,
    6.087316360731009,
    3.530410971844269,
    3.5631541320009035,
    1.8432908399908214,
    16.525829493619938,
    -0.17741153629642525,
    9.182808804316249,
    7.859512851163437,
    1.2050268122357544,
    2.625310522362305,
    0.6069612122621528,
    -0.24869239906330876,
    0.04927192891804921,
    1.9236088575234902,
    3.697856607497478,
    0.23318172431728712,
    20.413949125207907,
    1.2646923611718002,
    -0.9530723283202462,
    1.119527824257844,
    2.6608511963172177,
    18.200577193224678,
    -0.9018022512198733
  ],
  "selected_features": [
    "K2O_wt",
    "Fe2O3T_wt",
    "SiO2_wt",
    "Al2O3_wt",
    "P2O5_tot_wt"
  ],
  "selected_models": [],
  "stacking_used": false,
  "stacked_model": true,
  "number_of_models": 1,
  "final_estimator": "lr",
  "final_estimator_params": {},
  "model_params": {
    "lr": {}
  },
  "use_random_split": true,
  "use_feature_selection": false,
  "model_name": "LR",
  "error_mean": 0.5732470975370623,
  "error_sdev": 4.258065236285666,
  "uncertainty_median": 6.882171477033934,
  "uncertainty_mad": 5.509111819871227,
  "uncertainty_measure": 80.04903449812811,
  "feature_importance": {
    "K2O_wt": 0.011998451667913801,
    "Fe2O3T_wt": 0.011586019427415781,
    "SiO2_wt": 0.8862180082775543,
    "Al2O3_wt": 0.14538690898164267,
    "P2O5_tot_wt": 0.04354185329742221
  }
}