{
  "y_test": [
    0.4,
    7.4,
    6.6,
    6.2,
    0.57,
    0.47,
    0.14,
    0.29,
    0.36,
    8.9,
    1.4,
    6.7,
    2.4,
    5.7,
    0.05,
    1.8,
    0.9,
    6.3,
    1.53,
    34.0,
    0.02,
    4.2,
    4.2,
    1.3,
    6.9,
    0.87,
    29.4,
    0.04,
    6.5,
    1.9,
    0.09,
    0.52,
    1.47,
    0.17,
    0.04,
    0.18,
    4.5,
    0.07,
    31.8,
    0.25,
    0.19,
    0.23,
    0.15,
    25.6,
    1.44
  ],
  "y_pred": [
    3.6767896557085216,
    8.279366583234996,
    6.8438996218865,
    2.415567042755132,
    -0.19830671318866422,
    0.38726626626879224,
    -0.9359573292108436,
    -0.7820962577199104,
    0.06108819259209497,
    1.149965629679322,
    4.122138706403707,
    2.7928347740228325,
    -0.41282563537579975,
    2.8477974336213947,
    12.718428142605815,
    0.27819287832839024,
    3.6586131880114436,
    5.332542568949432,
    4.789424859748156,
    23.027670334965077,
    0.08376953972877033,
    6.169471561567981,
    5.600310864687021,
    3.6803304017786296,
    2.7208035172140406,
    1.9291683325540596,
    15.123135439804045,
    -0.2972911167281538,
    8.564011435264796,
    8.264241447689283,
    1.3798665534684105,
    2.7911054576506835,
    0.5081191062432033,
    -0.38644630929967505,
    -0.06109249365684377,
    1.994665333053291,
    3.176611366046746,
    0.3375950988635026,
    21.425214837428477,
    1.3917259562200677,
    -1.0398501400774727,
    1.1388582861853216,
    2.786590465065718,
    19.442367426705584,
    -1.0478103618800318
  ],
  "selected_features": [
    "K2O_wt",
    "SiO2_wt",
    "Al2O3_wt"
  ],
  "selected_models": [],
  "stacking_used": false,
  "stacked_model": true,
  "number_of_models": 1,
  "final_estimator": "lr",
  "final_estimator_params": {},
  "model_params": {
    "lr": {}
  },
  "use_random_split": true,
  "use_feature_selection": true,
  "model_name": "LR-FS",
  "error_mean": 0.6313806233585815,
  "error_sdev": 4.437498741620981,
  "uncertainty_median": 6.535015176743551,
  "uncertainty_mad": 5.956691854932167,
  "uncertainty_measure": 91.15039053207575,
  "feature_importance": {
    "K2O_wt": 0.006815113660063033,
    "Fe2O3T_wt": 0.9898904564586998,
    "SiO2_wt": 0.17815721181196728
  }
}