{
  "y_test": [
    8.7,
    0.46,
    2.4,
    1.3,
    3.8,
    0.27,
    0.19,
    4.5,
    0.37,
    6.7,
    0.15,
    1.8,
    0.36,
    25.6,
    1.18,
    0.04,
    1.2,
    6.2,
    0.07,
    0.25,
    31.8,
    11.7,
    1.5,
    0.34,
    0.19,
    7.4,
    1.47,
    0.52,
    0.12,
    0.4,
    4.2,
    0.19,
    34.0,
    0.03,
    0.4,
    0.14,
    0.17,
    0.14,
    0.41,
    0.35,
    0.4,
    0.15,
    0.12,
    2.4,
    1.44
  ],
  "y_pred": [
    7.097589003275527,
    0.46743671103198897,
    0.18611905858051062,
    1.0153468489201416,
    3.5569022354118998,
    0.7941099263866117,
    0.19448300723556558,
    4.891571401171743,
    2.2801165587001995,
    5.831502096609179,
    0.22034092890189463,
    0.4432264715379135,
    0.16788271318277243,
    25.166551586869172,
    0.8502475178182168,
    0.32012479572523805,
    0.7610446551666853,
    1.8909550346825112,
    0.3667203264317435,
    1.1164952412262275,
    25.39874181092451,
    8.482028678363651,
    0.4733669930334466,
    0.3683003025004053,
    0.21090820120939882,
    5.836498883836162,
    0.9112133922684833,
    0.14619992258340503,
    0.8194467946568715,
    1.138030878705372,
    15.187168688943922,
    0.05393402816912166,
    25.19793352936938,
    0.12246175698128192,
    0.5811268102403994,
    0.35789214074723974,
    0.21733915151209246,
    23.435987085485124,
    0.8330052945947924,
    0.5907991346225827,
    0.2793843832819886,
    0.1077252661958638,
    6.189544700521681,
    1.0588806366853345,
    0.7210926211936184
  ],
  "selected_features": [
    "SiO2_wt",
    "P2O5_tot_wt"
  ],
  "selected_models": [],
  "stacking_used": false,
  "stacked_model": true,
  "number_of_models": 1,
  "final_estimator": "knn",
  "final_estimator_params": {
    "knn_n": 6,
    "knn_weights": "distance"
  },
  "model_params": {
    "knn": {
      "knn_n": 6,
      "knn_weights": "distance"
    }
  },
  "use_random_split": true,
  "use_feature_selection": true,
  "model_name": "KNN-FS",
  "error_mean": -0.2403950490109304,
  "error_sdev": 4.442636071099377,
  "uncertainty_median": 5.559221863552589,
  "uncertainty_mad": 7.170206955934836,
  "uncertainty_measure": 128.97860765270403,
  "feature_importance": {
    "K2O_wt": 1.6126770784832554,
    "Fe2O3T_wt": 0.11201150265769547
  }
}