{
  "y_test": [
    0.27,
    0.9,
    0.13,
    0.37,
    10.4,
    6.0,
    0.36,
    0.51,
    11.7,
    38.0,
    0.42,
    0.52,
    0.04,
    0.07,
    0.07,
    0.24,
    10.1,
    0.1,
    8.0,
    1.9,
    2.6,
    4.2,
    0.05,
    0.19,
    0.17,
    5.7,
    0.37,
    0.04,
    0.25,
    4.2,
    0.29,
    6.9,
    0.15,
    0.31,
    0.19,
    0.73,
    0.12,
    2.7,
    8.9,
    1.3,
    1.47,
    0.44,
    0.68,
    25.6,
    25.0
  ],
  "y_pred": [
    1.44424173919584,
    1.6611180794624487,
    0.9719242152846932,
    0.1955703508151827,
    4.389439158706878,
    3.7549304999417257,
    0.10869991751571684,
    0.3496548898493317,
    5.9004391015777085,
    2.778703262515766,
    1.7249954833404009,
    -0.29860560337590636,
    1.1895750128937137,
    0.6798992230681518,
    1.2381160742408892,
    -0.6383872069714687,
    9.114654999475691,
    0.44637631314074033,
    5.072717041854807,
    4.08424225056546,
    2.5956322434787933,
    3.3305167367357416,
    1.4671077592590458,
    -1.3241811469575082,
    0.6796042841341623,
    3.5691450119196344,
    0.593925016150401,
    -0.1272550987540586,
    0.6921852398290071,
    5.7303240527177906,
    0.16168441352792984,
    0.7651630530518116,
    0.47434688199602215,
    1.8227943272087548,
    -0.0619710545919534,
    0.4421525247081246,
    2.521707729424836,
    0.9398870514115156,
    3.884243144386313,
    2.264972588306304,
    0.7714385087162854,
    0.19858601652904584,
    0.3942930490836587,
    23.003247972682157,
    24.11886772965668
  ],
  "selected_features": [
    "K2O_wt",
    "Fe2O3T_wt",
    "SiO2_wt",
    "Al2O3_wt",
    "P2O5_tot_wt"
  ],
  "selected_models": [],
  "stacking_used": false,
  "stacked_model": true,
  "number_of_models": 1,
  "final_estimator": "ann",
  "final_estimator_params": {
    "ann_hidden": 72,
    "ann_alpha": 5.2385005071946546e-05
  },
  "model_params": {
    "ann": {
      "ann_hidden": 72,
      "ann_alpha": 5.2385005071946546e-05
    }
  },
  "use_random_split": true,
  "use_feature_selection": false,
  "model_name": "ANN",
  "error_mean": 1.3238506036064832,
  "error_sdev": 5.550723875238331,
  "uncertainty_median": 6.48676083912295,
  "uncertainty_mad": 5.029683982446803,
  "uncertainty_measure": 77.537681859824,
  "feature_importance": {
    "K2O_wt": 0.06956392562364665,
    "Fe2O3T_wt": 0.047424068710009856,
    "SiO2_wt": 0.13919411618633976,
    "Al2O3_wt": 0.4471704250830384,
    "P2O5_tot_wt": 0.12168510892227281
  }
}