{
  "y_test": [
    0.23,
    0.22,
    0.4,
    6.9,
    8.9,
    0.4,
    0.62,
    0.15,
    7.4,
    0.02,
    0.04,
    0.12,
    0.14,
    10.4,
    0.04,
    1.3,
    0.42,
    6.5,
    1.53,
    0.14,
    1.3,
    0.14,
    25.6,
    0.1,
    0.51,
    0.32,
    4.2,
    0.16,
    0.4,
    6.2,
    0.73,
    11.7,
    0.11,
    6.3,
    2.4,
    0.21,
    0.14,
    2.7,
    1.5,
    6.1,
    0.04,
    10.1,
    24.5,
    0.09,
    0.87
  ],
  "y_pred": [
    0.27811633439734473,
    0.30884427394146063,
    0.2376782123105655,
    6.673039215686283,
    5.372205882352941,
    0.368928698752228,
    0.35561987522281635,
    0.509571089041677,
    7.37549019607843,
    3.445784313725489,
    0.6265070996778159,
    4.295931372549022,
    2.1296241830065368,
    9.6296568627451,
    4.2185574229691865,
    1.2914705882352946,
    0.6399509803921568,
    8.73651960784315,
    0.9868137254901961,
    0.12818124685771742,
    1.474215686274511,
    0.507285958322723,
    25.160049019607854,
    0.34505206476530004,
    0.24476094060812742,
    0.3962254901960782,
    5.781372549019604,
    0.3492973856209148,
    0.23669721511793104,
    7.34460784313726,
    0.5358382352941174,
    8.534754901960785,
    0.43779411764705856,
    6.175196078431374,
    2.641911764705884,
    0.509264705882353,
    0.31058996615774126,
    3.2964705882352927,
    2.5047338935574253,
    5.033333333333329,
    0.29442403021814806,
    11.550735294117667,
    25.764705882352956,
    3.6688725490196092,
    3.5784313725490167
  ],
  "selected_features": [
    "K2O_wt",
    "SiO2_wt",
    "P2O5_tot_wt"
  ],
  "selected_models": [],
  "stacking_used": false,
  "stacked_model": true,
  "number_of_models": 1,
  "final_estimator": "et",
  "final_estimator_params": {
    "et_n_estimators": 102,
    "et_max_depth": 15,
    "et_min_samples_split": 3,
    "et_min_samples_leaf": 1,
    "et_bootstrap": false
  },
  "model_params": {
    "et": {
      "et_n_estimators": 102,
      "et_max_depth": 15,
      "et_min_samples_split": 3,
      "et_min_samples_leaf": 1,
      "et_bootstrap": false
    }
  },
  "feature_names": [
    "K2O_wt",
    "Fe2O3T_wt",
    "SiO2_wt",
    "Al2O3_wt",
    "P2O5_tot_wt"
  ],
  "use_random_split": true,
  "use_feature_selection": true,
  "model_name": "ET-FS",
  "error_mean": -0.4887802677201882,
  "error_sdev": 1.5075619588848446,
  "uncertainty_median": 7.778186274509807,
  "uncertainty_mad": 4.275652680735238,
  "uncertainty_measure": 54.96979025492284,
  "feature_importance": {
    "K2O_wt": 0.1452690720018999,
    "Fe2O3T_wt": 0.5607266350778771,
    "SiO2_wt": 0.6864570665459582
  },
  "run": 4
}