{
  "y_test": [
    1.44,
    0.73,
    3.4,
    25.0,
    8.0,
    4.2,
    0.24,
    38.0,
    0.12,
    0.17,
    0.37,
    0.74,
    0.9,
    0.19,
    0.16,
    29.4,
    0.11,
    0.07,
    6.1,
    1.4,
    0.57,
    0.1,
    10.4,
    0.05,
    0.25,
    0.09,
    1.8,
    0.47,
    6.2,
    0.14,
    0.15,
    0.44,
    0.43,
    0.09,
    0.36,
    6.0,
    1.3,
    7.4,
    0.17,
    6.7,
    0.14,
    0.37,
    0.87,
    0.03,
    1.2
  ],
  "y_pred": [
    2.6019149353676774,
    0.2502485876857977,
    1.9899958501511807,
    27.30498770176305,
    6.821002924527215,
    5.0992300424387595,
    1.2033837462779553,
    11.031703942986521,
    0.22937185190197096,
    0.6287789219565548,
    0.026177072758956386,
    0.7693229261125493,
    1.1385631166021228,
    0.6971297861072773,
    0.5766012728858014,
    13.086680972307262,
    0.6971297861072773,
    0.6287789219565548,
    4.521653324594348,
    2.6019149353676774,
    0.3054165397754516,
    1.1385631166021228,
    7.193868603689003,
    -0.3348100654585793,
    1.1385631166021228,
    1.5457268964359123,
    6.821002924527215,
    0.5851759099633478,
    6.821002924527215,
    0.6971297861072773,
    -2.555581293826524,
    0.02732444685575315,
    0.6971297861072773,
    1.5635376177348266,
    1.0863854675313693,
    5.092905312091854,
    2.6019149353676774,
    7.193868603689003,
    -1.8101173097709766,
    6.821002924527215,
    0.40288600578214073,
    0.07539171531778084,
    2.030662947870171,
    0.5212836377491791,
    1.0389691455334114
  ],
  "selected_features": [
    "K2O_wt",
    "P2O5_tot_wt"
  ],
  "selected_models": [],
  "stacking_used": false,
  "stacked_model": true,
  "number_of_models": 1,
  "final_estimator": "lgbm",
  "final_estimator_params": {
    "lgbm_num_leaves": 68,
    "lgbm_lr": 0.27424348776044366,
    "lgbm_n_estimators": 298
  },
  "model_params": {
    "lgbm": {
      "lgbm_num_leaves": 68,
      "lgbm_lr": 0.27424348776044366,
      "lgbm_n_estimators": 298
    }
  },
  "feature_names": [
    "K2O_wt",
    "Fe2O3T_wt",
    "SiO2_wt",
    "Al2O3_wt",
    "P2O5_tot_wt"
  ],
  "use_random_split": true,
  "use_feature_selection": true,
  "model_name": "LGBM-FS",
  "error_mean": 0.7523605707736056,
  "error_sdev": 4.871770648477787,
  "uncertainty_median": 7.346401993300873,
  "uncertainty_mad": 6.689751385000011,
  "uncertainty_measure": 91.06160255183889,
  "feature_importance": {
    "K2O_wt": 0.44261488836491303,
    "Fe2O3T_wt": 1.170987980727751
  },
  "run": 7
}