{
  "y_test": [
    1.5,
    2.4,
    3.8,
    0.41,
    0.07,
    0.42,
    0.4,
    0.44,
    0.04,
    6.7,
    5.1,
    0.36,
    0.47,
    1.3,
    25.6,
    6.5,
    0.04,
    2.4,
    0.14,
    6.3,
    0.22,
    0.14,
    0.03,
    0.11,
    6.9,
    8.0,
    1.8,
    0.15,
    0.1,
    0.52,
    1.9,
    2.7,
    34.0,
    0.09,
    0.51,
    0.05,
    7.4,
    25.0,
    0.15,
    0.14,
    0.73,
    38.0,
    1.2,
    0.12,
    0.23
  ],
  "y_pred": [
    -1.0427655479632918,
    -0.32024352091062624,
    5.214749126392629,
    2.065902958608305,
    0.23150549978397095,
    5.365149072170929,
    3.1097887991293085,
    0.11127242399268766,
    -0.9537621083243266,
    4.840980943444055,
    5.353984022991291,
    -0.8000823799222765,
    0.14745219337712712,
    4.253297030439455,
    22.093077930370505,
    9.662387319535231,
    -0.6558802811683755,
    -0.6039414981445645,
    2.3315540326285245,
    6.291137162955319,
    -0.7334628939382171,
    -2.999960035696443,
    -0.5215331558385863,
    -2.181011221118691,
    -0.4265707490044335,
    3.7480977483477496,
    0.6284798255066804,
    2.454391923035619,
    0.25885552566334624,
    -1.3881090828430303,
    8.040933612964942,
    0.9725681982049004,
    22.849181259162798,
    0.47787288793864846,
    1.0511152793644634,
    10.19721140651792,
    9.0721063386972,
    18.453095759217884,
    1.0346134500022046,
    0.014306848246850024,
    -0.3281174753163931,
    5.2464470977683035,
    1.4885780929152617,
    -2.3109764911981294,
    0.6535956575435371
  ],
  "selected_features": [
    "K2O_wt",
    "Fe2O3T_wt",
    "SiO2_wt",
    "Al2O3_wt",
    "P2O5_tot_wt"
  ],
  "selected_models": [],
  "stacking_used": false,
  "stacked_model": true,
  "number_of_models": 1,
  "final_estimator": "lr",
  "final_estimator_params": {},
  "model_params": {
    "lr": {}
  },
  "use_random_split": true,
  "use_feature_selection": false,
  "model_name": "LR",
  "error_mean": 1.1585050447659941,
  "error_sdev": 5.906179918645243,
  "uncertainty_median": 6.108754209007756,
  "uncertainty_mad": 6.28042633435283,
  "uncertainty_measure": 102.81026408120877,
  "feature_importance": {
    "K2O_wt": 0.00791987446123537,
    "Fe2O3T_wt": 0.020987263923341066,
    "SiO2_wt": 0.7912693411638264,
    "Al2O3_wt": 0.10448956160950461,
    "P2O5_tot_wt": 0.01768142181681956
  }
}