{
  "y_test": [
    0.31,
    0.22,
    0.04,
    0.4,
    0.37,
    3.8,
    22.1,
    0.18,
    25.6,
    0.57,
    0.21,
    0.14,
    1.3,
    0.07,
    0.32,
    0.27,
    6.9,
    25.8,
    0.27,
    0.87,
    0.51,
    0.17,
    0.1,
    0.23,
    0.44,
    0.29,
    0.11,
    0.19,
    6.0,
    1.3,
    0.43,
    0.15,
    24.5,
    0.12,
    4.2,
    0.34,
    0.17,
    0.14,
    7.0,
    0.9,
    0.18,
    0.74,
    1.5,
    0.16,
    0.09
  ],
  "y_pred": [
    0.4463023474337363,
    0.6043846068837149,
    0.7816922839753979,
    0.731335984902193,
    0.37582714344940443,
    6.1137181502654645,
    25.946365349933995,
    0.21882880116308975,
    25.946365349933995,
    0.2690438473260328,
    0.734478121496915,
    -0.08350706942964153,
    1.0506954186811728,
    0.3790599187966879,
    0.922088410478571,
    2.305725402432365,
    0.8253707305941446,
    14.629817009024093,
    0.7442635131042442,
    0.46986188914135624,
    0.09402628132823161,
    0.7816922839753979,
    0.8089302024131929,
    0.09402628132823161,
    0.5993095711142098,
    0.7816922839753979,
    0.7816922839753979,
    0.7816922839753979,
    6.3390428383524915,
    1.0506954186811728,
    0.7816922839753979,
    0.3790599187966879,
    25.946365349933995,
    1.5403718977054315,
    0.8253707305941446,
    0.4566541363076877,
    0.42685125612584224,
    0.2690438473260328,
    8.000055305986457,
    0.8095124450195559,
    0.7816922839753979,
    0.8444941929675702,
    2.668353257411821,
    0.7816922839753979,
    1.5403718977054315
  ],
  "selected_features": [
    "K2O_wt",
    "P2O5_tot_wt"
  ],
  "selected_models": [],
  "stacking_used": false,
  "stacked_model": true,
  "number_of_models": 1,
  "final_estimator": "lgbm",
  "final_estimator_params": {
    "lgbm_num_leaves": 15,
    "lgbm_lr": 0.2364750732986438,
    "lgbm_n_estimators": 106
  },
  "model_params": {
    "lgbm": {
      "lgbm_num_leaves": 15,
      "lgbm_lr": 0.2364750732986438,
      "lgbm_n_estimators": 106
    }
  },
  "use_random_split": true,
  "use_feature_selection": true,
  "model_name": "LGBM-FS",
  "error_mean": -0.04169106725584225,
  "error_sdev": 2.1923241732470706,
  "uncertainty_median": 6.4762556187637115,
  "uncertainty_mad": 7.664191435375885,
  "uncertainty_measure": 118.34294207242773,
  "feature_importance": {
    "K2O_wt": 0.4849641414298549,
    "Fe2O3T_wt": 1.4813542662863637
  }
}