{
  "y_test": [
    0.05,
    0.23,
    0.04,
    2.4,
    1.47,
    31.8,
    0.14,
    0.74,
    0.29,
    0.19,
    0.17,
    2.6,
    1.4,
    2.4,
    0.56,
    0.02,
    1.3,
    0.62,
    1.4,
    4.2,
    0.52,
    0.1,
    5.1,
    6.5,
    22.1,
    0.84,
    0.27,
    25.6,
    0.68,
    10.4,
    0.44,
    0.25,
    8.0,
    2.4,
    0.29,
    0.15,
    0.18,
    0.17,
    0.09,
    29.4,
    1.8,
    0.27,
    0.9,
    6.9,
    0.04
  ],
  "y_pred": [
    -0.0021343733578262913,
    0.6436771079207197,
    -0.033044548466691026,
    0.5928369191812166,
    -0.011300138122813053,
    25.363249820077858,
    -2.0668971683437505,
    1.3807146277919529,
    -1.2565016915573537,
    -2.7534030076570843,
    -0.597827153523653,
    2.634055356369924,
    3.6051167064299676,
    -1.6713528333043826,
    1.7543493846490357,
    0.3566047987833656,
    4.151508258851731,
    0.30740699537921046,
    4.116229048615079,
    6.220482022384772,
    2.7703528878087127,
    0.7064187451864186,
    5.4233671337712295,
    10.890099632912957,
    37.53649833353099,
    -0.9024974472692833,
    2.8863363300215745,
    22.30475293405188,
    -0.5415510812894198,
    9.329480219101,
    0.005611408856417199,
    2.5034043422798398,
    4.3383322715430666,
    -0.7086460500268146,
    -1.1463190620160972,
    2.8921576548505357,
    2.180321607430855,
    0.7624567698834284,
    -1.0281627230770454,
    18.915932927351477,
    2.2453908829444806,
    3.6660316433018743,
    2.4739941573220534,
    -0.07385991997720254,
    -0.4808123707181622
  ],
  "selected_features": [
    "Fe2O3T_wt",
    "SiO2_wt",
    "Al2O3_wt",
    "P2O5_tot_wt"
  ],
  "selected_models": [],
  "stacking_used": false,
  "stacked_model": true,
  "number_of_models": 1,
  "final_estimator": "lr",
  "final_estimator_params": {},
  "model_params": {
    "lr": {}
  },
  "use_random_split": true,
  "use_feature_selection": true,
  "model_name": "LR-FS",
  "error_mean": 0.12726974755831014,
  "error_sdev": 3.7202244715071493,
  "uncertainty_median": 13.777138596174389,
  "uncertainty_mad": 7.6615652611692475,
  "uncertainty_measure": 55.61071486423673,
  "feature_importance": {
    "K2O_wt": 0.03002773527198792,
    "Fe2O3T_wt": 1.2591607400727332,
    "SiO2_wt": 0.12155119957013666,
    "Al2O3_wt": 0.06290324649724592
  }
}