{
  "y_test": [
    0.15,
    4.5,
    0.36,
    0.16,
    0.44,
    0.27,
    0.18,
    5.4,
    0.51,
    0.1,
    38.0,
    7.4,
    6.7,
    0.17,
    0.4,
    4.2,
    2.7,
    25.0,
    3.8,
    1.3,
    2.4,
    0.73,
    0.37,
    3.4,
    0.14,
    5.7,
    1.0,
    0.32,
    0.31,
    0.34,
    2.4,
    0.04,
    25.8,
    0.23,
    0.19,
    0.19,
    0.24,
    0.16,
    0.25,
    0.11,
    1.47,
    0.17,
    0.05,
    6.7,
    0.35
  ],
  "y_pred": [
    0.7900577187538147,
    7.418900012969971,
    0.21890850365161896,
    0.5451794266700745,
    0.21350805461406708,
    0.8527774810791016,
    0.18812738358974457,
    4.924603462219238,
    0.21738852560520172,
    0.27355867624282837,
    4.969470024108887,
    6.998945236206055,
    6.9224371910095215,
    0.5715533494949341,
    0.3584141135215759,
    2.320486307144165,
    1.2341842651367188,
    28.22007179260254,
    5.335153102874756,
    1.6596976518630981,
    1.2535970211029053,
    1.1519452333450317,
    0.21991656720638275,
    2.050747871398926,
    0.22082896530628204,
    7.509477138519287,
    1.115553379058838,
    0.491570383310318,
    0.5189747214317322,
    0.23651182651519775,
    1.1009870767593384,
    0.41180166602134705,
    28.563106536865234,
    0.21738852560520172,
    0.5600253343582153,
    0.34017667174339294,
    0.3373459279537201,
    0.1906554251909256,
    0.23263126611709595,
    0.4232013523578644,
    0.8945183753967285,
    0.24852675199508667,
    0.35571080446243286,
    7.533310890197754,
    0.38119062781333923
  ],
  "selected_features": [
    "K2O_wt",
    "Fe2O3T_wt",
    "SiO2_wt",
    "Al2O3_wt",
    "P2O5_tot_wt"
  ],
  "selected_models": [],
  "stacking_used": false,
  "stacked_model": true,
  "number_of_models": 1,
  "final_estimator": "xgb",
  "final_estimator_params": {
    "xgb_n_estimators": 227,
    "xgb_lr": 0.021409841271898183,
    "xgb_max_depth": 4,
    "xgb_subsample": 0.9286499367264592,
    "xgb_colsample": 0.984810792181424
  },
  "model_params": {
    "xgb": {
      "xgb_n_estimators": 227,
      "xgb_lr": 0.021409841271898183,
      "xgb_max_depth": 4,
      "xgb_subsample": 0.9286499367264592,
      "xgb_colsample": 0.984810792181424
    }
  },
  "feature_names": [
    "K2O_wt",
    "Fe2O3T_wt",
    "SiO2_wt",
    "Al2O3_wt",
    "P2O5_tot_wt"
  ],
  "use_random_split": true,
  "use_feature_selection": false,
  "model_name": "XGB",
  "error_mean": 0.5334861640135448,
  "error_sdev": 5.055413189672993,
  "uncertainty_median": 8.079658508300781,
  "uncertainty_mad": 5.515843868255615,
  "uncertainty_measure": 68.26827968767263,
  "feature_importance": {
    "K2O_wt": -0.008026149596738186,
    "Fe2O3T_wt": 0.012160486446430014,
    "SiO2_wt": 0.5972274622239103,
    "Al2O3_wt": 0.00126160866247502,
    "P2O5_tot_wt": 0.18452369307728575
  },
  "run": 1
}