{
  "y_test": [
    0.16,
    34.0,
    29.4,
    0.74,
    0.23,
    24.5,
    0.17,
    4.2,
    0.52,
    2.4,
    0.41,
    3.8,
    0.1,
    0.02,
    8.7,
    0.35,
    0.14,
    0.09,
    22.1,
    38.0,
    0.44,
    5.7,
    25.0,
    0.4,
    1.3,
    0.04,
    25.8,
    0.12,
    0.1,
    4.2,
    0.25,
    0.04,
    0.04,
    7.0,
    1.18,
    0.24,
    25.6,
    3.4,
    0.56,
    1.3,
    0.16,
    4.2,
    0.05,
    0.04,
    0.09
  ],
  "y_pred": [
    0.18857744336128235,
    28.471097946166992,
    23.259719848632812,
    0.25983384251594543,
    0.4626995623111725,
    30.353336334228516,
    0.29457300901412964,
    1.8628478050231934,
    0.21442203223705292,
    3.30541729927063,
    0.6366434693336487,
    5.113640785217285,
    0.41604989767074585,
    3.240314245223999,
    5.942862510681152,
    0.49026215076446533,
    0.4398467540740967,
    0.6655902862548828,
    30.255664825439453,
    4.89910364151001,
    0.25670957565307617,
    7.470046520233154,
    27.924835205078125,
    0.6636017560958862,
    1.0379796028137207,
    0.33378350734710693,
    23.031810760498047,
    0.4978717863559723,
    0.31084775924682617,
    5.440640926361084,
    0.16398347914218903,
    1.2569873332977295,
    0.10286013036966324,
    6.654145240783691,
    0.3190518915653229,
    0.20454640686511993,
    30.353336334228516,
    1.716451644897461,
    0.4467163383960724,
    1.3213011026382446,
    0.5565344095230103,
    6.418637752532959,
    5.028220176696777,
    0.4772517681121826,
    0.0944712683558464
  ],
  "selected_features": [
    "K2O_wt",
    "SiO2_wt",
    "Al2O3_wt",
    "P2O5_tot_wt"
  ],
  "selected_models": [],
  "stacking_used": false,
  "stacked_model": true,
  "number_of_models": 1,
  "final_estimator": "xgb",
  "final_estimator_params": {
    "xgb_n_estimators": 156,
    "xgb_lr": 0.16553749803852147,
    "xgb_max_depth": 8,
    "xgb_subsample": 0.6873876439208171,
    "xgb_colsample": 0.7972942615313329
  },
  "model_params": {
    "xgb": {
      "xgb_n_estimators": 156,
      "xgb_lr": 0.16553749803852147,
      "xgb_max_depth": 8,
      "xgb_subsample": 0.6873876439208171,
      "xgb_colsample": 0.7972942615313329
    }
  },
  "use_random_split": true,
  "use_feature_selection": true,
  "model_name": "XGB-FS",
  "error_mean": 0.32055274742179435,
  "error_sdev": 5.572344498164117,
  "uncertainty_median": 9.797464370727539,
  "uncertainty_mad": 5.972778797149658,
  "uncertainty_measure": 60.962495714655326,
  "feature_importance": {
    "K2O_wt": -0.016728965083698977,
    "Fe2O3T_wt": 0.6003174403855008,
    "SiO2_wt": -0.00011354974959233988,
    "Al2O3_wt": 0.15091526530232063
  }
}