{
  "y_test": [
    1.2,
    0.46,
    0.23,
    34.0,
    3.4,
    6.9,
    0.34,
    22.1,
    0.4,
    0.68,
    0.73,
    0.21,
    0.17,
    0.1,
    0.04,
    0.04,
    0.47,
    1.4,
    0.15,
    8.7,
    0.35,
    2.4,
    0.19,
    1.5,
    5.1,
    3.8,
    0.09,
    0.14,
    1.3,
    0.04,
    10.1,
    29.4,
    8.0,
    0.43,
    0.36,
    0.04,
    0.14,
    0.4,
    1.18,
    0.05,
    4.5,
    6.1,
    1.3,
    1.9,
    0.19
  ],
  "y_pred": [
    0.9587048888206482,
    0.8929956555366516,
    0.10606672614812851,
    26.45535659790039,
    1.9885395765304565,
    0.9845153093338013,
    0.4114941358566284,
    24.116479873657227,
    0.4786284267902374,
    0.18696287274360657,
    0.6905891299247742,
    1.0754714012145996,
    0.2910313308238983,
    0.23237775266170502,
    -0.12821465730667114,
    0.06161091476678848,
    0.055976852774620056,
    2.1027328968048096,
    0.37185078859329224,
    7.317501544952393,
    0.42618995904922485,
    2.1817567348480225,
    0.2456856369972229,
    0.3269379138946533,
    5.307483673095703,
    5.04146146774292,
    1.9089032411575317,
    0.18432419002056122,
    1.3183012008666992,
    0.21479707956314087,
    6.389087200164795,
    20.080636978149414,
    5.836254596710205,
    0.17927151918411255,
    0.19760026037693024,
    0.31632766127586365,
    9.635639190673828,
    0.1311476230621338,
    0.2500082850456238,
    0.28597694635391235,
    6.69699239730835,
    4.353100776672363,
    2.2154173851013184,
    1.5884766578674316,
    0.6391986608505249
  ],
  "selected_features": [
    "Fe2O3T_wt",
    "SiO2_wt",
    "Al2O3_wt",
    "P2O5_tot_wt"
  ],
  "selected_models": [],
  "stacking_used": false,
  "stacked_model": true,
  "number_of_models": 1,
  "final_estimator": "xgb",
  "final_estimator_params": {
    "xgb_n_estimators": 172,
    "xgb_lr": 0.07131288147587223,
    "xgb_max_depth": 10,
    "xgb_subsample": 0.7126192056128923,
    "xgb_colsample": 0.8575410473743634
  },
  "model_params": {
    "xgb": {
      "xgb_n_estimators": 172,
      "xgb_lr": 0.07131288147587223,
      "xgb_max_depth": 10,
      "xgb_subsample": 0.7126192056128923,
      "xgb_colsample": 0.8575410473743634
    }
  },
  "use_random_split": true,
  "use_feature_selection": true,
  "model_name": "XGB-FS",
  "error_mean": 0.3581855721208784,
  "error_sdev": 2.646415251462125,
  "uncertainty_median": 9.834808349609375,
  "uncertainty_mad": 5.75534200668335,
  "uncertainty_measure": 58.52012364747244,
  "feature_importance": {
    "K2O_wt": 0.07965767112877215,
    "Fe2O3T_wt": 0.5197206692879032,
    "SiO2_wt": 0.10372878733617044,
    "Al2O3_wt": 0.752174710036771
  }
}