{
  "y_test": [
    6.5,
    1.47,
    2.4,
    1.9,
    0.14,
    10.1,
    0.05,
    1.4,
    38.0,
    6.9,
    0.37,
    0.56,
    0.27,
    1.3,
    0.07,
    4.2,
    0.19,
    0.15,
    22.1,
    0.22,
    0.47,
    0.31,
    0.36,
    1.3,
    0.12,
    0.37,
    0.18,
    0.04,
    0.57,
    0.19,
    1.53,
    0.05,
    34.0,
    8.0,
    2.4,
    8.7,
    0.16,
    6.3,
    0.14,
    0.04,
    1.2,
    0.15,
    0.44,
    0.14,
    0.21
  ],
  "y_pred": [
    11.574872429210778,
    0.006253159836379751,
    -0.642747511408718,
    3.4923171986772807,
    2.682907581405349,
    12.273810752459902,
    4.270167175011309,
    4.097917912089368,
    6.03225019713231,
    4.717337853860258,
    6.633633607073694,
    1.6853938971112008,
    2.9850817025055747,
    4.166514629676154,
    -0.327784461442274,
    6.07656992255869,
    -1.4973560660502763,
    2.6113961204626897,
    39.191841797282216,
    -0.9574476358293325,
    0.46060312132138037,
    4.781005498689286,
    -0.26332716129717326,
    2.1840535388040863,
    -2.546444232104779,
    0.25762492936994263,
    0.04194071555749446,
    3.850566801380502,
    -0.2558741317889037,
    -2.430031232065712,
    4.1342141800687955,
    -1.2237797321070225,
    26.93117966398125,
    4.598305742466589,
    -0.5763208944364635,
    11.314143604237863,
    0.07096806403633238,
    7.78250996937572,
    0.36162195969122735,
    -0.9659355836918699,
    1.4607057456534136,
    -0.293037187987391,
    -0.3982161193107885,
    -2.876883147724552,
    -2.9837660216557786
  ],
  "selected_features": [
    "K2O_wt",
    "Fe2O3T_wt",
    "SiO2_wt",
    "Al2O3_wt",
    "P2O5_tot_wt"
  ],
  "selected_models": [],
  "stacking_used": false,
  "stacked_model": true,
  "number_of_models": 1,
  "final_estimator": "lr",
  "final_estimator_params": {},
  "model_params": {
    "lr": {}
  },
  "use_random_split": true,
  "use_feature_selection": false,
  "model_name": "LR",
  "error_mean": 0.07047203662031107,
  "error_sdev": 6.075622252827282,
  "uncertainty_median": 10.026932915817092,
  "uncertainty_mad": 8.493996727959894,
  "uncertainty_measure": 84.71181366498372,
  "feature_importance": {
    "K2O_wt": 0.005741377075575134,
    "Fe2O3T_wt": 0.15269010451305715,
    "SiO2_wt": 0.7835767582754933,
    "Al2O3_wt": 0.06900092313150116,
    "P2O5_tot_wt": -0.012008542954616666
  }
}