{
  "y_test": [
    0.29,
    1.44,
    0.12,
    0.07,
    6.5,
    2.4,
    8.9,
    8.0,
    29.4,
    1.9,
    6.2,
    0.09,
    0.24,
    0.14,
    31.8,
    6.2,
    0.04,
    0.18,
    0.02,
    0.04,
    0.04,
    0.04,
    0.05,
    25.6,
    0.74,
    34.0,
    5.7,
    1.44,
    2.4,
    0.19,
    0.37,
    6.7,
    0.14,
    0.36,
    1.3,
    10.4,
    0.41,
    2.6,
    7.4,
    0.24,
    0.31,
    0.14,
    4.2,
    0.19,
    6.0
  ],
  "y_pred": [
    2.4138843453652097,
    -0.12525463615229881,
    -1.3144056300994365,
    -1.2519300844688246,
    9.329642041988103,
    2.21704904874637,
    2.3477205077950227,
    4.783870336307459,
    17.931156202940805,
    5.960791236314478,
    0.8912020227991455,
    6.1255145913289475,
    -0.611253048007903,
    1.2025710983615845,
    14.098029438101134,
    6.3423170125674275,
    0.4200416436207881,
    1.3322648485865205,
    -0.3131187320335975,
    2.261753968206291,
    0.2357010004098754,
    -1.59003170550751,
    9.406385223381648,
    12.895914709158248,
    0.8706193314392134,
    14.207717488597304,
    3.095785518540115,
    1.1485134359682458,
    0.7157165720489314,
    2.0744733748863524,
    0.4343783101542087,
    7.776880133023816,
    3.445535401435185,
    -0.4955636029751531,
    3.39167490465333,
    7.599300636544017,
    1.425238102385869,
    2.1166164082751227,
    8.427427246215005,
    1.9633942760937195,
    2.965502616877533,
    1.4258100533611557,
    6.347499388937818,
    0.5503406293530517,
    4.815480857525479
  ],
  "selected_features": [
    "K2O_wt",
    "SiO2_wt",
    "P2O5_tot_wt"
  ],
  "selected_models": [],
  "stacking_used": false,
  "stacked_model": true,
  "number_of_models": 1,
  "final_estimator": "svr",
  "final_estimator_params": {
    "svr_C": 9.657866018470207,
    "svr_epsilon": 0.414977501697131
  },
  "model_params": {
    "svr": {
      "svr_C": 9.657866018470207,
      "svr_epsilon": 0.414977501697131
    }
  },
  "use_random_split": true,
  "use_feature_selection": true,
  "model_name": "SVR-FS",
  "error_mean": 1.014174299487782,
  "error_sdev": 5.355549817942222,
  "uncertainty_median": 8.374816765383393,
  "uncertainty_mad": 4.115906667707609,
  "uncertainty_measure": 49.14622949985444,
  "feature_importance": {
    "K2O_wt": 0.0800370224987469,
    "Fe2O3T_wt": 0.49260876273744947,
    "SiO2_wt": 0.16340963689065371
  }
}