{
  "y_test": [
    1.3,
    4.2,
    0.09,
    25.6,
    6.9,
    2.6,
    0.04,
    31.8,
    0.52,
    0.34,
    1.4,
    0.37,
    0.12,
    0.12,
    0.4,
    1.8,
    0.15,
    0.14,
    0.19,
    6.2,
    1.4,
    6.0,
    6.3,
    0.04,
    0.15,
    0.04,
    0.17,
    1.9,
    6.5,
    0.09,
    1.3,
    0.32,
    2.4,
    4.5,
    0.11,
    6.7,
    0.13,
    0.1,
    0.84,
    25.0,
    25.8,
    0.18,
    0.47,
    0.37,
    0.43
  ],
  "y_pred": [
    2.1755887646515824,
    10.424125834370049,
    0.7406966653028813,
    26.533692783314883,
    6.723647839555579,
    1.5911441700093314,
    3.8292529138905227,
    26.156594530577095,
    0.49476291864303856,
    0.673059590433514,
    2.119072255894764,
    0.5454253801707937,
    0.6254381905232206,
    2.657498499372257,
    0.5446598209734548,
    6.89211410035358,
    0.4570992755140737,
    3.226629179085324,
    0.28957117990378783,
    7.105533230356773,
    2.139667906530076,
    5.059147372222918,
    8.90525131117576,
    0.8173521263386759,
    0.3560639191329006,
    0.311813240057593,
    0.40780607611914843,
    2.442840682991667,
    9.12765059377659,
    3.4725546052288885,
    0.9302587044685494,
    0.6687133691038606,
    3.1078238086275185,
    6.615492376813933,
    0.3542298086648376,
    7.622395434937009,
    0.5121215501758687,
    0.463596227309495,
    0.31324168672089403,
    22.7392560292851,
    26.00864341085271,
    0.3066605486079031,
    0.4708782593750511,
    0.5053101380730944,
    0.30730187690455296
  ],
  "selected_features": [
    "K2O_wt",
    "SiO2_wt",
    "P2O5_tot_wt"
  ],
  "selected_models": [],
  "stacking_used": false,
  "stacked_model": true,
  "number_of_models": 1,
  "final_estimator": "et",
  "final_estimator_params": {
    "et_n_estimators": 129,
    "et_max_depth": 5,
    "et_min_samples_split": 3,
    "et_min_samples_leaf": 1,
    "et_bootstrap": true
  },
  "model_params": {
    "et": {
      "et_n_estimators": 129,
      "et_max_depth": 5,
      "et_min_samples_split": 3,
      "et_min_samples_leaf": 1,
      "et_bootstrap": true
    }
  },
  "use_random_split": true,
  "use_feature_selection": true,
  "model_name": "ET-FS",
  "error_mean": -0.7167039596975799,
  "error_sdev": 1.8355099656797786,
  "uncertainty_median": 12.862596872575672,
  "uncertainty_mad": 4.603607758298532,
  "uncertainty_measure": 35.790655680999215,
  "feature_importance": {
    "K2O_wt": 0.06600649665594104,
    "Fe2O3T_wt": 0.6987944602573202,
    "SiO2_wt": 0.3801801203480364
  }
}