{
  "y_test": [
    0.19,
    0.04,
    1.44,
    5.4,
    0.12,
    0.35,
    0.47,
    0.19,
    10.4,
    6.7,
    0.16,
    0.04,
    0.25,
    0.27,
    34.0,
    0.04,
    2.4,
    0.04,
    6.9,
    0.21,
    4.2,
    0.34,
    0.43,
    6.3,
    6.2,
    3.4,
    4.5,
    0.12,
    1.4,
    31.8,
    0.62,
    1.0,
    0.07,
    0.57,
    0.68,
    2.6,
    0.07,
    0.18,
    1.5,
    0.15,
    0.04,
    0.04,
    0.17,
    0.15,
    0.05
  ],
  "y_pred": [
    0.05981232519113178,
    0.3696658078816206,
    0.22913063270112444,
    2.5004741697637503,
    0.25344434683671935,
    0.818736082048884,
    0.24846905317116263,
    0.24612271483588,
    9.851007925593404,
    9.076534529078696,
    0.09628126523889424,
    0.5394352091074515,
    0.320242627637533,
    1.7159339415880903,
    20.28322558799143,
    0.1312722196339675,
    0.473887241015309,
    0.7531568782109939,
    6.843455897059779,
    0.15378714840133156,
    5.373921570882142,
    0.7090230570819611,
    0.15212571085873172,
    7.455939836570593,
    3.423147636802912,
    3.270851092188701,
    5.96339579551819,
    -2.1749099093537136,
    1.4627501179323201,
    22.72015540958038,
    0.41303272944487635,
    1.0594821123187272,
    0.2888746252468546,
    0.26930477358286975,
    1.1993987299153779,
    4.722000927842778,
    1.2680412699981933,
    0.21366290150241785,
    0.31588001501781715,
    0.11001430002139623,
    0.12435357201244202,
    0.796914082774069,
    0.20429707441058653,
    0.23412964217811805,
    14.015145446900178
  ],
  "selected_features": [
    "Fe2O3T_wt",
    "SiO2_wt",
    "P2O5_tot_wt"
  ],
  "selected_models": [],
  "stacking_used": false,
  "stacked_model": true,
  "number_of_models": 1,
  "final_estimator": "gpr",
  "final_estimator_params": {
    "gpr_nu": 0.5,
    "gpr_const": 9.480528075918702,
    "gpr_length_scale": 9.65964713799858,
    "gpr_alpha": 1.2470767431839052e-10
  },
  "model_params": {
    "gpr": {
      "gpr_nu": 0.5,
      "gpr_const": 9.480528075918702,
      "gpr_length_scale": 9.65964713799858,
      "gpr_alpha": 1.2470767431839052e-10
    }
  },
  "use_random_split": true,
  "use_feature_selection": true,
  "model_name": "GPR-FS",
  "error_mean": 0.16966648612853183,
  "error_sdev": 3.4165273987365232,
  "uncertainty_median": 4.971971119143389,
  "uncertainty_mad": 7.469342824266547,
  "uncertainty_measure": 150.22900667116957,
  "feature_importance": {
    "K2O_wt": 0.05116106445608799,
    "Fe2O3T_wt": 1.2709777592947866,
    "SiO2_wt": 0.03995427590715374
  }
}