{
  "y_test": [
    0.4,
    7.4,
    6.6,
    6.2,
    0.57,
    0.47,
    0.14,
    0.29,
    0.36,
    8.9,
    1.4,
    6.7,
    2.4,
    5.7,
    0.05,
    1.8,
    0.9,
    6.3,
    1.53,
    34.0,
    0.02,
    4.2,
    4.2,
    1.3,
    6.9,
    0.87,
    29.4,
    0.04,
    6.5,
    1.9,
    0.09,
    0.52,
    1.47,
    0.17,
    0.04,
    0.18,
    4.5,
    0.07,
    31.8,
    0.25,
    0.19,
    0.23,
    0.15,
    25.6,
    1.44
  ],
  "y_pred": [
    -0.7242123423233053,
    7.000000006223949,
    8.183046394692246,
    7.414900519275699,
    0.12245960371591691,
    0.34936669995064173,
    0.09193294357063841,
    0.0320744730062712,
    0.07051394159414315,
    7.242511534286457,
    1.465800274756732,
    6.1669948389218385,
    3.038005557406253,
    6.727276456733961,
    1.0242893036624592,
    5.4751206492299485,
    0.7826898667081457,
    8.504350049231729,
    0.3553464242214237,
    24.937222957710603,
    2.2919805487592133,
    2.3044832859570974,
    8.59923228813285,
    1.4176887492390116,
    6.396240189562584,
    0.35869504402383967,
    13.398709098467744,
    0.0012774787258527098,
    8.514795873185736,
    2.969564403315497,
    0.2085146205192454,
    0.17027107275321995,
    1.182187989964976,
    -0.033112799880511634,
    0.3020563059736183,
    0.16924658874494902,
    4.708896833426814,
    0.9055230678279322,
    25.616966417081798,
    0.44984421072422087,
    -0.032448500083587906,
    0.14262300510651382,
    0.4202158668281415,
    19.585161913069406,
    0.4658214962546152
  ],
  "selected_features": [
    "Al2O3_wt",
    "P2O5_tot_wt"
  ],
  "selected_models": [],
  "stacking_used": false,
  "stacked_model": true,
  "number_of_models": 1,
  "final_estimator": "gpr",
  "final_estimator_params": {
    "gpr_nu": 0.5,
    "gpr_const": 0.9723981884553219,
    "gpr_length_scale": 8.878038212807732,
    "gpr_alpha": 5.50036039641207e-10
  },
  "model_params": {
    "gpr": {
      "gpr_nu": 0.5,
      "gpr_const": 0.9723981884553219,
      "gpr_length_scale": 8.878038212807732,
      "gpr_alpha": 5.50036039641207e-10
    }
  },
  "use_random_split": true,
  "use_feature_selection": true,
  "model_name": "GPR-FS",
  "error_mean": 0.5636861066609661,
  "error_sdev": 3.2519121202713075,
  "uncertainty_median": 10.624626615052653,
  "uncertainty_mad": 5.221501733864842,
  "uncertainty_measure": 49.14527279920759,
  "feature_importance": {
    "K2O_wt": 0.8450431044193537,
    "Fe2O3T_wt": 0.4877929645322115
  }
}