{
  "y_test": [
    1.9,
    1.44,
    0.09,
    2.4,
    0.68,
    0.42,
    34.0,
    25.6,
    2.6,
    0.27,
    25.0,
    0.18,
    0.24,
    6.3,
    0.32,
    1.47,
    0.74,
    1.4,
    0.41,
    1.3,
    6.7,
    0.87,
    0.15,
    1.53,
    0.46,
    6.5,
    1.2,
    2.4,
    0.37,
    0.04,
    0.35,
    1.8,
    0.25,
    0.19,
    0.34,
    11.7,
    0.14,
    0.1,
    0.04,
    0.18,
    0.1,
    5.1,
    0.37,
    4.2,
    0.27
  ],
  "y_pred": [
    0.5234367761694141,
    0.45789670556563616,
    6.590700553689616,
    0.5829822469689698,
    0.10217380432270806,
    2.974217933055286,
    23.548912527252067,
    22.497441189114152,
    1.2936009121505907,
    0.5641357929089956,
    22.497441189114152,
    0.45789670556563616,
    1.2155870982229213,
    6.470901138391362,
    1.2512626075533184,
    1.5569471877319105,
    1.494230871202835,
    1.8356702624145673,
    -0.7211606642783639,
    0.8243304349816574,
    8.051569560671705,
    2.540031291371262,
    0.7001539168864679,
    -0.2635463147992612,
    1.7064860488994902,
    19.07344815817686,
    1.2700081527337113,
    2.7654914936090895,
    1.6492794903686003,
    0.45789670556563616,
    1.1901735809227103,
    9.404247582416643,
    1.786170689038758,
    0.9779313659149593,
    0.4584068372809938,
    9.298377634308808,
    0.6796577524207599,
    0.6718858354653432,
    0.45789670556563616,
    -0.5279660028411537,
    0.3020279846657164,
    8.150367018929423,
    4.065548234978485,
    7.616326478608899,
    1.3590914029763566
  ],
  "selected_features": [
    "K2O_wt",
    "Fe2O3T_wt",
    "SiO2_wt",
    "Al2O3_wt",
    "P2O5_tot_wt"
  ],
  "selected_models": [],
  "stacking_used": false,
  "stacked_model": true,
  "number_of_models": 1,
  "final_estimator": "lgbm",
  "final_estimator_params": {
    "lgbm_num_leaves": 96,
    "lgbm_lr": 0.22897711498667903,
    "lgbm_n_estimators": 65
  },
  "model_params": {
    "lgbm": {
      "lgbm_num_leaves": 96,
      "lgbm_lr": 0.22897711498667903,
      "lgbm_n_estimators": 65
    }
  },
  "use_random_split": true,
  "use_feature_selection": false,
  "model_name": "LGBM",
  "error_mean": -0.616657041694074,
  "error_sdev": 3.174643755855008,
  "uncertainty_median": 9.571552907097596,
  "uncertainty_mad": 4.6551223319279735,
  "uncertainty_measure": 48.63497467036994,
  "feature_importance": {
    "K2O_wt": 0.3140973939034021,
    "Fe2O3T_wt": 0.020639031548359665,
    "SiO2_wt": 0.09443692304789732,
    "Al2O3_wt": 0.06895365654941901,
    "P2O5_tot_wt": 0.9106222033989598
  }
}