{
  "y_test": [
    7.0,
    0.25,
    8.0,
    0.05,
    1.53,
    0.44,
    4.2,
    38.0,
    1.2,
    0.36,
    0.4,
    0.04,
    5.1,
    6.7,
    0.12,
    1.4,
    0.68,
    0.09,
    0.37,
    0.04,
    2.6,
    6.7,
    0.19,
    25.6,
    6.2,
    0.14,
    0.36,
    0.02,
    0.21,
    29.4,
    1.8,
    0.14,
    0.32,
    0.05,
    0.12,
    0.15,
    1.3,
    6.9,
    0.12,
    0.15,
    0.17,
    5.4,
    0.19,
    2.4,
    5.7
  ],
  "y_pred": [
    6.08,
    0.146,
    6.590000000000001,
    0.8979999999999999,
    0.26,
    0.099,
    3.0599999999999996,
    5.93,
    0.5469999999999999,
    0.334,
    0.4720000000000001,
    0.21800000000000003,
    5.26,
    8.25,
    0.426,
    1.2880000000000003,
    0.7959999999999999,
    0.859,
    0.281,
    0.317,
    0.774,
    6.63,
    0.429,
    31.880000000000003,
    6.840000000000001,
    0.28700000000000003,
    0.21799999999999997,
    2.174,
    0.6459999999999999,
    22.080000000000002,
    7.040000000000001,
    0.211,
    0.45999999999999996,
    0.277,
    0.134,
    0.263,
    0.95,
    1.33,
    0.355,
    0.637,
    0.396,
    5.279999999999999,
    0.16699999999999998,
    1.105,
    6.359999999999999
  ],
  "selected_features": [
    "K2O_wt",
    "Fe2O3T_wt",
    "SiO2_wt",
    "Al2O3_wt",
    "P2O5_tot_wt"
  ],
  "selected_models": [],
  "stacking_used": false,
  "stacked_model": true,
  "number_of_models": 1,
  "final_estimator": "rf",
  "final_estimator_params": {
    "rf_n_estimators": 10,
    "rf_max_depth": 20
  },
  "model_params": {
    "rf": {
      "rf_n_estimators": 10,
      "rf_max_depth": 20
    }
  },
  "use_random_split": true,
  "use_feature_selection": false,
  "model_name": "RF",
  "error_mean": 0.7392444444444447,
  "error_sdev": 5.172122687831351,
  "uncertainty_median": 8.879999999999999,
  "uncertainty_mad": 4.766556066666666,
  "uncertainty_measure": 53.67743318318318,
  "feature_importance": {
    "K2O_wt": -0.00867472300461828,
    "Fe2O3T_wt": 0.008750626113696333,
    "SiO2_wt": 0.43828081379409345,
    "Al2O3_wt": 0.0038703782115008687,
    "P2O5_tot_wt": 0.2820361979329845
  }
}