{
  "y_test": [
    7.0,
    0.51,
    0.14,
    0.18,
    24.5,
    1.3,
    0.56,
    0.29,
    0.87,
    0.36,
    0.27,
    1.3,
    8.0,
    0.13,
    0.05,
    0.34,
    0.07,
    0.17,
    29.4,
    0.25,
    0.24,
    6.3,
    25.6,
    2.4,
    1.8,
    4.2,
    0.1,
    6.6,
    0.17,
    0.04,
    5.4,
    0.14,
    0.43,
    0.14,
    2.4,
    0.37,
    0.04,
    1.9,
    1.0,
    1.3,
    25.8,
    4.2,
    0.4,
    0.35,
    1.44
  ],
  "y_pred": [
    8.68033544781875,
    1.4554257766405418,
    1.9448321939878135,
    1.631373428907018,
    31.207437970963213,
    1.959574830539596,
    1.4983720547731323,
    0.13621470459895307,
    1.5790350992431665,
    1.0930117096363527,
    2.2794431533933817,
    3.083172408136994,
    6.228759656701649,
    1.9242830864366385,
    0.7928286650458956,
    1.5598427239504582,
    0.7613558148234476,
    0.4105116130598521,
    17.02716665805255,
    1.0324921599059775,
    1.814260146994145,
    8.294236011164152,
    22.150233245511792,
    1.194204278251118,
    3.0141361221317675,
    7.325982406465933,
    0.819764385020384,
    8.721273286908149,
    1.5064538985572533,
    0.3816140331487999,
    3.846110143761857,
    2.583860830946149,
    1.2341841599175118,
    0.29072671547191026,
    0.7273816220518705,
    1.3300880068523566,
    2.3018795716766633,
    3.0745249703392323,
    2.381774148557014,
    1.8972697911236096,
    22.550778834992638,
    4.757219436693452,
    1.154313614122702,
    2.596474292664278,
    1.4814894318296463
  ],
  "selected_features": [
    "K2O_wt",
    "Fe2O3T_wt",
    "SiO2_wt",
    "Al2O3_wt",
    "P2O5_tot_wt"
  ],
  "selected_models": [],
  "stacking_used": false,
  "stacked_model": true,
  "number_of_models": 1,
  "final_estimator": "ann",
  "final_estimator_params": {
    "ann_hidden": 84,
    "ann_alpha": 0.019964454422028197
  },
  "model_params": {
    "ann": {
      "ann_hidden": 84,
      "ann_alpha": 0.019964454422028197
    }
  },
  "use_random_split": true,
  "use_feature_selection": false,
  "model_name": "ANN",
  "error_mean": -0.5614600564837724,
  "error_sdev": 2.5589117312497063,
  "uncertainty_median": 16.668088091284286,
  "uncertainty_mad": 14.708202885298297,
  "uncertainty_measure": 88.2416915770273,
  "feature_importance": {
    "K2O_wt": 0.054011482906514294,
    "Fe2O3T_wt": 0.09930983219691093,
    "SiO2_wt": 1.0992060978528615,
    "Al2O3_wt": 1.7237981075246573,
    "P2O5_tot_wt": 0.6376440209958617
  }
}