{
  "y_test": [
    0.05,
    0.23,
    0.04,
    2.4,
    1.47,
    31.8,
    0.14,
    0.74,
    0.29,
    0.19,
    0.17,
    2.6,
    1.4,
    2.4,
    0.56,
    0.02,
    1.3,
    0.62,
    1.4,
    4.2,
    0.52,
    0.1,
    5.1,
    6.5,
    22.1,
    0.84,
    0.27,
    25.6,
    0.68,
    10.4,
    0.44,
    0.25,
    8.0,
    2.4,
    0.29,
    0.15,
    0.18,
    0.17,
    0.09,
    29.4,
    1.8,
    0.27,
    0.9,
    6.9,
    0.04
  ],
  "y_pred": [
    -0.46603259791914553,
    0.7289319205150804,
    -0.5462669773733992,
    0.5132841741832479,
    0.00261323845594319,
    25.330179890682427,
    -2.006637050407903,
    1.2735509173457125,
    -0.42092818593890513,
    -2.4573832216531883,
    -0.43842314946546423,
    2.3177145615399937,
    3.5313069151858976,
    -1.5145121188338635,
    1.8542872366844527,
    -0.049137163065402945,
    4.096406733274595,
    0.15298815895035744,
    4.038345228321607,
    6.315617375073121,
    2.7509909415068243,
    0.3799062898476251,
    5.38821176848926,
    10.950257920814103,
    37.576635754722304,
    -0.7019831641411614,
    2.942351196346678,
    22.405016673124088,
    -0.16705220345674832,
    9.368713304534257,
    0.050043856688375854,
    2.414304277712187,
    4.385166546916498,
    -0.6975734697582823,
    -0.924065798331668,
    2.8232925396792083,
    2.1885468901141962,
    0.13238230444515153,
    -0.700669650627816,
    18.983283819419324,
    1.6963662915090794,
    3.740422728025308,
    2.3292261571639123,
    -0.19833645381333298,
    -0.30132883176672465
  ],
  "selected_features": [
    "K2O_wt",
    "Fe2O3T_wt",
    "SiO2_wt",
    "Al2O3_wt",
    "P2O5_tot_wt"
  ],
  "selected_models": [],
  "stacking_used": false,
  "stacked_model": true,
  "number_of_models": 1,
  "final_estimator": "lr",
  "final_estimator_params": {},
  "model_params": {
    "lr": {}
  },
  "use_random_split": true,
  "use_feature_selection": false,
  "model_name": "LR",
  "error_mean": 0.14088854278404878,
  "error_sdev": 3.696681435866799,
  "uncertainty_median": 13.816094836807595,
  "uncertainty_mad": 7.675678204742863,
  "uncertainty_measure": 55.55606193650331,
  "feature_importance": {
    "K2O_wt": 0.006095373424939464,
    "Fe2O3T_wt": 0.03482656653571793,
    "SiO2_wt": 1.2633654468318893,
    "Al2O3_wt": 0.08413089045862615,
    "P2O5_tot_wt": 0.06709968838045126
  }
}