{
  "y_test": [
    0.19,
    0.04,
    1.44,
    5.4,
    0.12,
    0.35,
    0.47,
    0.19,
    10.4,
    6.7,
    0.16,
    0.04,
    0.25,
    0.27,
    34.0,
    0.04,
    2.4,
    0.04,
    6.9,
    0.21,
    4.2,
    0.34,
    0.43,
    6.3,
    6.2,
    3.4,
    4.5,
    0.12,
    1.4,
    31.8,
    0.62,
    1.0,
    0.07,
    0.57,
    0.68,
    2.6,
    0.07,
    0.18,
    1.5,
    0.15,
    0.04,
    0.04,
    0.17,
    0.15,
    0.05
  ],
  "y_pred": [
    -0.1729025166839671,
    20.928887809634617,
    0.6069516306395989,
    7.663255114707793,
    -0.42753250201983717,
    -0.5446002182236999,
    0.4426840445738001,
    0.6069516306395989,
    7.379666113548548,
    5.305245931748165,
    0.6069516306395989,
    0.8977061674265278,
    0.4233374178043298,
    3.1282758183301174,
    22.80401760237716,
    0.6069516306395989,
    2.55915290862386,
    -0.42753250201983717,
    5.305245931748165,
    0.6069516306395989,
    7.663255114707793,
    0.579790268932565,
    0.6069516306395989,
    7.379666113548548,
    8.084128087954772,
    0.6825861107401429,
    5.305245931748165,
    1.5500560932716394,
    2.2494918471404977,
    22.80401760237716,
    0.14633961795544265,
    0.9422819083148671,
    -0.2564582835206673,
    0.364256009924446,
    0.46459661711745515,
    0.9422819083148671,
    0.579790268932565,
    0.6069516306395989,
    2.55915290862386,
    0.3955143600921018,
    0.6069516306395989,
    -0.4310058319722416,
    0.9283028738204819,
    -0.3257565297266073,
    10.12355038511287
  ],
  "selected_features": [
    "K2O_wt",
    "P2O5_tot_wt"
  ],
  "selected_models": [],
  "stacking_used": false,
  "stacked_model": true,
  "number_of_models": 1,
  "final_estimator": "lgbm",
  "final_estimator_params": {
    "lgbm_num_leaves": 37,
    "lgbm_lr": 0.29786520781793974,
    "lgbm_n_estimators": 209
  },
  "model_params": {
    "lgbm": {
      "lgbm_num_leaves": 37,
      "lgbm_lr": 0.29786520781793974,
      "lgbm_n_estimators": 209
    }
  },
  "use_random_split": true,
  "use_feature_selection": true,
  "model_name": "LGBM-FS",
  "error_mean": -0.3702578566689614,
  "error_sdev": 4.270300298325619,
  "uncertainty_median": 5.305245931748165,
  "uncertainty_mad": 6.725001744049145,
  "uncertainty_measure": 126.76135716545654,
  "feature_importance": {
    "K2O_wt": 0.9029446433746354,
    "Fe2O3T_wt": 1.7615992286742286
  }
}