{
  "y_test": [
    0.16,
    0.4,
    0.29,
    5.7,
    0.15,
    0.17,
    0.73,
    0.04,
    0.47,
    0.04,
    0.21,
    0.07,
    0.27,
    0.12,
    0.21,
    0.32,
    1.4,
    0.03,
    6.2,
    0.87,
    0.02,
    0.16,
    1.44,
    25.8,
    25.0,
    0.74,
    0.24,
    0.31,
    4.2,
    2.7,
    0.51,
    4.5,
    1.4,
    7.4,
    0.52,
    1.8,
    1.3,
    0.14,
    31.8,
    1.3,
    1.2,
    0.36,
    0.19,
    25.6,
    1.47
  ],
  "y_pred": [
    0.8276180918233962,
    0.5777279412562883,
    -0.5220396030171912,
    3.3047039473892355,
    0.10440786890988463,
    -0.07998712051962542,
    0.18518295503885085,
    -0.0051750114914952405,
    1.0408135623363357,
    0.34949901404051786,
    -2.1787268112648057,
    1.483313513098949,
    3.8304045207776873,
    3.893536031462016,
    0.46323363418314756,
    -0.5387471894478537,
    3.7184505431487445,
    -0.09327162360346364,
    0.4092605410002754,
    1.6665750948569666,
    0.022717557111455733,
    1.986150476197917,
    0.825376202815427,
    22.341568318246676,
    18.367404705176824,
    1.426994303912565,
    -2.3335387842294644,
    5.055116314590304,
    6.324031095665365,
    0.7162291893033448,
    1.970125276437674,
    3.8920816947776196,
    4.1700622016053295,
    9.091664796047429,
    2.847816491684238,
    1.3540205585438905,
    2.6632799615300833,
    -0.01460201340907119,
    23.22936801382253,
    2.2373109976339762,
    1.984743336493608,
    0.46639007879581484,
    -0.05200316395514548,
    21.363909533676264,
    0.4117436050777137
  ],
  "selected_features": [
    "K2O_wt",
    "Fe2O3T_wt",
    "SiO2_wt",
    "Al2O3_wt",
    "P2O5_tot_wt"
  ],
  "selected_models": [],
  "stacking_used": false,
  "stacked_model": true,
  "number_of_models": 1,
  "final_estimator": "lr",
  "final_estimator_params": {},
  "model_params": {
    "lr": {}
  },
  "use_random_split": true,
  "use_feature_selection": false,
  "model_name": "LR",
  "error_mean": 0.20367243005488392,
  "error_sdev": 2.5810271044174717,
  "uncertainty_median": 7.8842111089168085,
  "uncertainty_mad": 7.031238717712102,
  "uncertainty_measure": 89.18125885492817,
  "feature_importance": {
    "K2O_wt": 0.01735009440308729,
    "Fe2O3T_wt": 0.05127211179085058,
    "SiO2_wt": 1.3763212699797653,
    "Al2O3_wt": 0.10661577717914435,
    "P2O5_tot_wt": 0.07693000702967602
  }
}