{
  "y_test": [
    1.4,
    25.0,
    1.18,
    0.04,
    2.4,
    0.04,
    25.6,
    38.0,
    0.73,
    0.16,
    2.4,
    0.12,
    3.4,
    0.15,
    0.44,
    0.21,
    0.14,
    0.14,
    0.37,
    0.37,
    0.87,
    6.9,
    0.24,
    0.17,
    22.1,
    0.22,
    0.15,
    0.03,
    0.07,
    0.52,
    0.84,
    0.56,
    0.1,
    0.19,
    6.5,
    0.23,
    8.7,
    4.2,
    0.04,
    0.15,
    6.6,
    1.5,
    0.17,
    6.7,
    0.14
  ],
  "y_pred": [
    1.4503887168134029,
    10.28288826439692,
    0.7866987517161075,
    0.18380230561700817,
    4.524386056292814,
    0.03513031977383152,
    17.36382839563096,
    1.976283680453438,
    0.9078201586807606,
    0.24739102305678884,
    0.8970689735439508,
    0.6308785054550183,
    2.521189781916986,
    0.42152726260260076,
    0.1594070114570747,
    0.09555863745942217,
    0.15349469899991686,
    0.5329519317202989,
    0.29778062535750527,
    0.19908023211842174,
    0.43883752361888373,
    4.878843186972423,
    1.052912175934762,
    0.15547342634011052,
    28.70258516636331,
    0.06953681761203967,
    0.3135509338903102,
    0.128480665726463,
    0.13293391859012127,
    0.2165111044415351,
    0.23790326297049225,
    0.47126798513395496,
    0.7968218733248724,
    0.49925225403952433,
    9.009983106593012,
    0.5461047167838475,
    8.83618294217736,
    2.3516902995660502,
    0.6909608602549122,
    2.9041417139376193,
    6.719956410672434,
    1.2323226679232526,
    0.49210330261317425,
    4.924753057585152,
    0.18766375425642057
  ],
  "selected_features": [
    "Al2O3_wt",
    "P2O5_tot_wt"
  ],
  "selected_models": [],
  "stacking_used": false,
  "stacked_model": true,
  "number_of_models": 1,
  "final_estimator": "gpr",
  "final_estimator_params": {
    "gpr_nu": 0.5,
    "gpr_const": 5.191432615077462,
    "gpr_length_scale": 0.2781955473880504,
    "gpr_alpha": 0.009640767828611318
  },
  "model_params": {
    "gpr": {
      "gpr_nu": 0.5,
      "gpr_const": 5.191432615077462,
      "gpr_length_scale": 0.2781955473880504,
      "gpr_alpha": 0.009640767828611318
    }
  },
  "use_random_split": true,
  "use_feature_selection": true,
  "model_name": "GPR-FS",
  "error_mean": 1.1227038119914385,
  "error_sdev": 6.038912233051867,
  "uncertainty_median": 15.148343881583095,
  "uncertainty_mad": 6.917375655483447,
  "uncertainty_measure": 45.664237025232744,
  "feature_importance": {
    "K2O_wt": 0.30630855202720453,
    "Fe2O3T_wt": 0.5270870749648698
  }
}