{
  "y_test": [
    0.29,
    1.44,
    0.12,
    0.07,
    6.5,
    2.4,
    8.9,
    8.0,
    29.4,
    1.9,
    6.2,
    0.09,
    0.24,
    0.14,
    31.8,
    6.2,
    0.04,
    0.18,
    0.02,
    0.04,
    0.04,
    0.04,
    0.05,
    25.6,
    0.74,
    34.0,
    5.7,
    1.44,
    2.4,
    0.19,
    0.37,
    6.7,
    0.14,
    0.36,
    1.3,
    10.4,
    0.41,
    2.6,
    7.4,
    0.24,
    0.31,
    0.14,
    4.2,
    0.19,
    6.0
  ],
  "y_pred": [
    0.8644863304140393,
    0.2841963452261817,
    0.27158308356925653,
    0.9457858282444545,
    9.339308726879194,
    3.2963280406791764,
    6.883428874468663,
    6.06425189519516,
    19.176434018759,
    5.362543705500834,
    5.725829387784733,
    4.968093466400636,
    0.7628685564813359,
    2.6297855648073294,
    22.739201839826872,
    6.983891376812435,
    0.26505725029065813,
    0.3830790173835706,
    2.8968508200923435,
    0.4854437491714233,
    0.2692837156430178,
    0.36467240436619397,
    12.443947660916873,
    23.116113600288653,
    1.0308814330033587,
    22.570025305250333,
    5.315025529653117,
    1.5070737187730665,
    1.3944745824965161,
    0.4317072692564539,
    0.652459840019669,
    7.279346522424395,
    1.7622118859188078,
    0.27351522567486236,
    2.028991290910394,
    10.738284850934587,
    0.800114442868182,
    2.3202656605876695,
    8.411225470864625,
    0.45692831262895234,
    1.9929397398737443,
    0.3989259523487,
    8.0285211763983,
    0.5092579659416714,
    5.206507319968664
  ],
  "selected_features": [
    "K2O_wt",
    "Fe2O3T_wt",
    "SiO2_wt",
    "Al2O3_wt",
    "P2O5_tot_wt"
  ],
  "selected_models": [],
  "stacking_used": false,
  "stacked_model": true,
  "number_of_models": 1,
  "final_estimator": "et",
  "final_estimator_params": {
    "et_n_estimators": 220,
    "et_max_depth": 5,
    "et_min_samples_split": 3,
    "et_min_samples_leaf": 2,
    "et_bootstrap": false
  },
  "model_params": {
    "et": {
      "et_n_estimators": 220,
      "et_max_depth": 5,
      "et_min_samples_split": 3,
      "et_min_samples_leaf": 2,
      "et_bootstrap": false
    }
  },
  "use_random_split": true,
  "use_feature_selection": false,
  "model_name": "ET",
  "error_mean": -0.10446997233329114,
  "error_sdev": 3.605878580631908,
  "uncertainty_median": 10.360411659928804,
  "uncertainty_mad": 4.021552293635188,
  "uncertainty_measure": 38.816529937603114,
  "feature_importance": {
    "K2O_wt": 0.029238735589822495,
    "Fe2O3T_wt": 0.0031353735247284776,
    "SiO2_wt": 0.4857411039980093,
    "Al2O3_wt": 0.059394118850730405,
    "P2O5_tot_wt": 0.2682058265611615
  }
}