{
  "y_test": [
    0.19,
    0.84,
    1.0,
    8.9,
    10.1,
    6.2,
    3.4,
    1.5,
    0.37,
    31.8,
    0.04,
    0.17,
    0.31,
    0.25,
    10.4,
    1.4,
    0.4,
    2.4,
    6.0,
    0.16,
    0.12,
    25.0,
    1.53,
    0.05,
    0.15,
    0.43,
    5.4,
    1.8,
    2.4,
    0.1,
    0.07,
    0.73,
    0.14,
    0.17,
    0.87,
    0.37,
    0.22,
    0.62,
    0.46,
    2.7,
    1.47,
    6.5,
    0.18,
    5.1,
    0.09
  ],
  "y_pred": [
    0.1305171152090039,
    0.2857722712260764,
    1.8089098505706478,
    2.0379141156547917,
    9.399688708986504,
    1.3181032718928356,
    3.7830892311537463,
    0.4962953476626897,
    2.404092651870698,
    29.66206372553962,
    -0.022881105227879228,
    0.859324487776135,
    13.945486205851443,
    -0.09997864342991969,
    9.869169517804822,
    1.4063538916724263,
    2.3613624834396916,
    0.8744422803758343,
    4.6078183218086615,
    0.3670287785638786,
    0.2217452159073714,
    25.98982028834495,
    0.3403777054660342,
    14.57883318375305,
    0.144982547443949,
    0.2217691138875364,
    1.9699996632127412,
    2.539785242168301,
    2.293478932320471,
    0.238274489465105,
    0.7613381075637617,
    2.613935496634766,
    0.3280314481951878,
    0.11540313784389955,
    0.16752671163692812,
    13.448993437172502,
    1.8627867031562615,
    2.4961522985483713,
    2.511441217490291,
    0.8502782372418478,
    0.503230496694167,
    8.50497014684261,
    0.19274940759473802,
    3.4825377996295925,
    11.45743603314336
  ],
  "selected_features": [
    "K2O_wt",
    "Fe2O3T_wt",
    "SiO2_wt",
    "Al2O3_wt",
    "P2O5_tot_wt"
  ],
  "selected_models": [],
  "stacking_used": false,
  "stacked_model": true,
  "number_of_models": 1,
  "final_estimator": "gpr",
  "final_estimator_params": {
    "gpr_nu": 0.5,
    "gpr_const": 9.469703867270631,
    "gpr_length_scale": 1.2000627465720832,
    "gpr_alpha": 0.009806575094247138
  },
  "model_params": {
    "gpr": {
      "gpr_nu": 0.5,
      "gpr_const": 9.469703867270631,
      "gpr_length_scale": 1.2000627465720832,
      "gpr_alpha": 0.009806575094247138
    }
  },
  "feature_names": [
    "K2O_wt",
    "Fe2O3T_wt",
    "SiO2_wt",
    "Al2O3_wt",
    "P2O5_tot_wt"
  ],
  "use_random_split": true,
  "use_feature_selection": false,
  "model_name": "GPR",
  "error_mean": -0.9073433237724333,
  "error_sdev": 4.243424098557795,
  "uncertainty_median": 4.767518382283701,
  "uncertainty_mad": 7.4801549137435845,
  "uncertainty_measure": 156.89829202421444,
  "feature_importance": {
    "K2O_wt": -0.03255119557005969,
    "Fe2O3T_wt": 0.050186624812326476,
    "SiO2_wt": 1.490148359063323,
    "Al2O3_wt": -0.09351850867862689,
    "P2O5_tot_wt": 0.011836299960413077
  },
  "run": 0
}