{
  "y_test": [
    0.16,
    34.0,
    29.4,
    0.74,
    0.23,
    24.5,
    0.17,
    4.2,
    0.52,
    2.4,
    0.41,
    3.8,
    0.1,
    0.02,
    8.7,
    0.35,
    0.14,
    0.09,
    22.1,
    38.0,
    0.44,
    5.7,
    25.0,
    0.4,
    1.3,
    0.04,
    25.8,
    0.12,
    0.1,
    4.2,
    0.25,
    0.04,
    0.04,
    7.0,
    1.18,
    0.24,
    25.6,
    3.4,
    0.56,
    1.3,
    0.16,
    4.2,
    0.05,
    0.04,
    0.09
  ],
  "y_pred": [
    0.0741940513253212,
    31.40879249572754,
    22.9665584564209,
    0.8392361402511597,
    0.3716098368167877,
    28.41339111328125,
    0.30034905672073364,
    1.487648844718933,
    0.1470925509929657,
    2.35500431060791,
    0.20401649177074432,
    4.93723201751709,
    0.44254645705223083,
    2.5994603633880615,
    6.086241722106934,
    0.11006616801023483,
    -0.8978453874588013,
    0.5061109066009521,
    29.612321853637695,
    5.910704612731934,
    0.23599569499492645,
    7.910741806030273,
    28.441160202026367,
    0.31135624647140503,
    1.3687688112258911,
    0.28365862369537354,
    25.416555404663086,
    0.49937376379966736,
    0.31427714228630066,
    5.621624946594238,
    0.10047093778848648,
    2.3140628337860107,
    0.09127691388130188,
    6.934085369110107,
    0.4057668149471283,
    0.19489720463752747,
    29.33039093017578,
    1.3244298696517944,
    0.1946459412574768,
    1.2061101198196411,
    0.4877256453037262,
    6.794867038726807,
    4.166168689727783,
    0.4733651578426361,
    0.0954509899020195
  ],
  "selected_features": [
    "K2O_wt",
    "Fe2O3T_wt",
    "SiO2_wt",
    "Al2O3_wt",
    "P2O5_tot_wt"
  ],
  "selected_models": [],
  "stacking_used": false,
  "stacked_model": true,
  "number_of_models": 1,
  "final_estimator": "xgb",
  "final_estimator_params": {
    "xgb_n_estimators": 251,
    "xgb_lr": 0.2959476907456087,
    "xgb_max_depth": 10,
    "xgb_subsample": 0.8531228385247636,
    "xgb_colsample": 0.8159513996266623
  },
  "model_params": {
    "xgb": {
      "xgb_n_estimators": 251,
      "xgb_lr": 0.2959476907456087,
      "xgb_max_depth": 10,
      "xgb_subsample": 0.8531228385247636,
      "xgb_colsample": 0.8159513996266623
    }
  },
  "use_random_split": true,
  "use_feature_selection": false,
  "model_name": "XGB",
  "error_mean": 0.33084535198741477,
  "error_sdev": 5.299633199385396,
  "uncertainty_median": 10.843992233276367,
  "uncertainty_mad": 5.704483985900879,
  "uncertainty_measure": 52.60501725919574,
  "feature_importance": {
    "K2O_wt": -0.00764511112320222,
    "Fe2O3T_wt": 0.01688293544565145,
    "SiO2_wt": 0.6786364451202783,
    "Al2O3_wt": 0.0037628317302766325,
    "P2O5_tot_wt": 0.19107774503523678
  }
}