{
  "y_test": [
    0.27,
    22.1,
    0.41,
    6.2,
    1.47,
    1.0,
    0.04,
    0.14,
    6.1,
    2.4,
    0.09,
    0.02,
    1.9,
    5.4,
    0.19,
    1.3,
    0.17,
    6.9,
    2.4,
    0.05,
    0.4,
    0.15,
    0.17,
    0.4,
    0.73,
    0.21,
    0.15,
    0.04,
    10.4,
    0.87,
    0.07,
    0.9,
    3.8,
    0.18,
    0.34,
    1.8,
    0.56,
    25.0,
    25.6,
    0.14,
    0.14,
    0.04,
    1.3,
    0.14,
    0.21
  ],
  "y_pred": [
    0.7503069201971391,
    26.666062020306747,
    0.7629834669079949,
    7.325879218743911,
    1.4757261622004165,
    1.032605182681104,
    0.17016810275619296,
    0.22835655753401282,
    7.042227657172566,
    1.1500108129359787,
    0.2557984261875872,
    1.2678345159276365,
    2.473674685365714,
    6.928011065999088,
    0.2185626776829611,
    -0.011907182472577972,
    0.22835655753401282,
    1.6847571736375988,
    2.2291447065464096,
    3.5224701313502296,
    0.8129879054339348,
    0.8940543298081489,
    0.6508537397441609,
    0.22835655753401282,
    1.0297547440729409,
    0.22835655753401282,
    0.2377076004360775,
    0.22835655753401282,
    7.1772307353331,
    1.22233815722102,
    0.29149060688892414,
    1.3217117792737567,
    7.088380080134586,
    0.19909837673039238,
    0.3337625025384917,
    6.630700701327905,
    -1.0939984916348047,
    26.666062020306747,
    26.666062020306747,
    0.954334028027523,
    0.45363057934620743,
    0.9242470561734206,
    1.1990773673578523,
    0.8940543298081489,
    1.2368960832632
  ],
  "selected_features": [
    "K2O_wt",
    "SiO2_wt",
    "P2O5_tot_wt"
  ],
  "selected_models": [],
  "stacking_used": false,
  "stacked_model": true,
  "number_of_models": 1,
  "final_estimator": "lgbm",
  "final_estimator_params": {
    "lgbm_num_leaves": 71,
    "lgbm_lr": 0.2032800084767993,
    "lgbm_n_estimators": 222
  },
  "model_params": {
    "lgbm": {
      "lgbm_num_leaves": 71,
      "lgbm_lr": 0.2032800084767993,
      "lgbm_n_estimators": 222
    }
  },
  "use_random_split": true,
  "use_feature_selection": true,
  "model_name": "LGBM-FS",
  "error_mean": -0.43525632852656077,
  "error_sdev": 1.6342378219494864,
  "uncertainty_median": 6.764839749264792,
  "uncertainty_mad": 5.1105220174553585,
  "uncertainty_measure": 75.54535224593863,
  "feature_importance": {
    "K2O_wt": 0.8526140845359684,
    "Fe2O3T_wt": 0.02597720636699665,
    "SiO2_wt": 1.3745328899170008
  }
}