{
  "y_test": [
    1.4,
    25.0,
    1.18,
    0.04,
    2.4,
    0.04,
    25.6,
    38.0,
    0.73,
    0.16,
    2.4,
    0.12,
    3.4,
    0.15,
    0.44,
    0.21,
    0.14,
    0.14,
    0.37,
    0.37,
    0.87,
    6.9,
    0.24,
    0.17,
    22.1,
    0.22,
    0.15,
    0.03,
    0.07,
    0.52,
    0.84,
    0.56,
    0.1,
    0.19,
    6.5,
    0.23,
    8.7,
    4.2,
    0.04,
    0.15,
    6.6,
    1.5,
    0.17,
    6.7,
    0.14
  ],
  "y_pred": [
    1.493324875831604,
    26.863407135009766,
    0.5766573548316956,
    0.3237896263599396,
    3.275582790374756,
    0.20938342809677124,
    24.399913787841797,
    4.416629791259766,
    1.091346263885498,
    0.15403835475444794,
    1.4628232717514038,
    0.5854311585426331,
    2.203063726425171,
    0.3247396647930145,
    0.20190155506134033,
    0.6559444665908813,
    0.18507607281208038,
    0.2069147825241089,
    0.4025591313838959,
    0.14664742350578308,
    0.6529648303985596,
    5.151811122894287,
    0.30684229731559753,
    0.29717200994491577,
    29.209657669067383,
    0.35030993819236755,
    0.29321521520614624,
    0.24351021647453308,
    0.23358838260173798,
    0.15201176702976227,
    0.3635020852088928,
    0.3410100042819977,
    0.3638327419757843,
    0.5237557888031006,
    9.521404266357422,
    0.32811781764030457,
    9.42021369934082,
    2.503572463989258,
    2.2348384857177734,
    1.16653573513031,
    5.770906925201416,
    1.682645320892334,
    0.3571248948574066,
    5.618905067443848,
    0.552315890789032
  ],
  "selected_features": [
    "K2O_wt",
    "Fe2O3T_wt",
    "SiO2_wt",
    "Al2O3_wt",
    "P2O5_tot_wt"
  ],
  "selected_models": [],
  "stacking_used": false,
  "stacked_model": true,
  "number_of_models": 1,
  "final_estimator": "xgb",
  "final_estimator_params": {
    "xgb_n_estimators": 152,
    "xgb_lr": 0.07103586315905375,
    "xgb_max_depth": 7,
    "xgb_subsample": 0.859351677896002,
    "xgb_colsample": 0.8976037858484907
  },
  "model_params": {
    "xgb": {
      "xgb_n_estimators": 152,
      "xgb_lr": 0.07103586315905375,
      "xgb_max_depth": 7,
      "xgb_subsample": 0.859351677896002,
      "xgb_colsample": 0.8976037858484907
    }
  },
  "use_random_split": true,
  "use_feature_selection": false,
  "model_name": "XGB",
  "error_mean": 0.5191346822579702,
  "error_sdev": 5.22174374853701,
  "uncertainty_median": 9.28095817565918,
  "uncertainty_mad": 6.129299163818359,
  "uncertainty_measure": 66.04166345554107,
  "feature_importance": {
    "K2O_wt": -0.007558801595281304,
    "Fe2O3T_wt": 0.008712871885378457,
    "SiO2_wt": 0.5439809218514426,
    "Al2O3_wt": 0.0023830869718589388,
    "P2O5_tot_wt": 0.20287094980121995
  }
}