{
  "y_test": [
    0.09,
    4.2,
    1.3,
    7.4,
    0.15,
    6.9,
    1.9,
    0.1,
    38.0,
    11.7,
    0.03,
    6.6,
    5.7,
    0.44,
    0.17,
    6.7,
    0.84,
    6.3,
    0.22,
    1.3,
    0.14,
    0.25,
    0.12,
    0.05,
    0.14,
    0.04,
    0.4,
    0.04,
    0.12,
    5.4,
    0.11,
    2.4,
    8.9,
    6.1,
    0.09,
    1.4,
    1.53,
    0.68,
    0.18,
    3.4,
    1.8,
    0.15,
    6.2,
    2.6,
    0.12
  ],
  "y_pred": [
    7.771452170649491,
    1.868887500155316,
    0.7200479788461358,
    7.351889142131876,
    1.5760127616094732,
    5.385274575619368,
    2.184848447622425,
    0.19607654110095707,
    0.5346150870238717,
    6.82678663562654,
    0.17385410386160238,
    4.421269245878297,
    4.521220468122708,
    0.15479693175461984,
    0.1685443072063708,
    5.561338146230529,
    0.30683939284240136,
    1.771155255260049,
    1.096472383065616,
    2.300793626069179,
    0.5706530630337405,
    0.24894202992243564,
    0.24157886678663765,
    0.282214748674646,
    0.16929409912585847,
    0.15414123429275994,
    0.7993498538756647,
    0.15427986960674422,
    1.238888976784855,
    2.694642041792286,
    0.6694802412727139,
    0.9412515188362458,
    1.2544786536037504,
    4.2686446239808316,
    0.2218130890012655,
    2.149558076984203,
    0.3525611592610609,
    1.0476757475338627,
    0.19240973998785726,
    3.906259101944437,
    2.027718930257567,
    0.37413420707097655,
    1.1162153033888909,
    4.422618676325434,
    0.6055135851445983
  ],
  "selected_features": [
    "K2O_wt",
    "Fe2O3T_wt",
    "SiO2_wt",
    "Al2O3_wt",
    "P2O5_tot_wt"
  ],
  "selected_models": [],
  "stacking_used": false,
  "stacked_model": true,
  "number_of_models": 1,
  "final_estimator": "gpr",
  "final_estimator_params": {
    "gpr_nu": 0.5,
    "gpr_const": 9.079070700831878,
    "gpr_length_scale": 7.7031277076329445,
    "gpr_alpha": 0.009987376226157214
  },
  "model_params": {
    "gpr": {
      "gpr_nu": 0.5,
      "gpr_const": 9.079070700831878,
      "gpr_length_scale": 7.7031277076329445,
      "gpr_alpha": 0.009987376226157214
    }
  },
  "use_random_split": true,
  "use_feature_selection": false,
  "model_name": "GPR",
  "error_mean": 1.27563350801853,
  "error_sdev": 5.951689511458907,
  "uncertainty_median": 1.4382622916823098,
  "uncertainty_mad": 1.870978953115697,
  "uncertainty_measure": 130.0860742811554,
  "feature_importance": {
    "K2O_wt": -0.006756004042133327,
    "Fe2O3T_wt": -0.009010766950731967,
    "SiO2_wt": 0.18518463372963478,
    "Al2O3_wt": -0.016871113766348388,
    "P2O5_tot_wt": 0.03628539167010453
  }
}