{
  "y_test": [
    0.19,
    0.84,
    1.0,
    8.9,
    10.1,
    6.2,
    3.4,
    1.5,
    0.37,
    31.8,
    0.04,
    0.17,
    0.31,
    0.25,
    10.4,
    1.4,
    0.4,
    2.4,
    6.0,
    0.16,
    0.12,
    25.0,
    1.53,
    0.05,
    0.15,
    0.43,
    5.4,
    1.8,
    2.4,
    0.1,
    0.07,
    0.73,
    0.14,
    0.17,
    0.87,
    0.37,
    0.22,
    0.62,
    0.46,
    2.7,
    1.47,
    6.5,
    0.18,
    5.1,
    0.09
  ],
  "y_pred": [
    0.24638685584068298,
    0.23603548109531403,
    0.8991091847419739,
    10.451704025268555,
    24.63218879699707,
    3.575442314147949,
    3.143306016921997,
    1.2428369522094727,
    0.2780020236968994,
    33.27787399291992,
    0.3342321217060089,
    0.2355930060148239,
    0.44097626209259033,
    0.3616039752960205,
    8.646661758422852,
    1.2986211776733398,
    0.3853413164615631,
    1.5549936294555664,
    4.690468788146973,
    0.8191224336624146,
    0.3015225827693939,
    23.508642196655273,
    0.7008469104766846,
    16.119915008544922,
    2.29697847366333,
    0.11712243407964706,
    4.259220123291016,
    9.87601089477539,
    2.096907377243042,
    0.3395170569419861,
    0.5934544205665588,
    0.6594052910804749,
    0.24309729039669037,
    0.22718319296836853,
    2.6783335208892822,
    0.42909592390060425,
    -0.020479779690504074,
    0.42369601130485535,
    0.44414955377578735,
    1.8471685647964478,
    1.2566391229629517,
    8.959612846374512,
    0.2820395231246948,
    4.237400054931641,
    3.559584140777588
  ],
  "selected_features": [
    "K2O_wt",
    "Fe2O3T_wt",
    "SiO2_wt",
    "Al2O3_wt",
    "P2O5_tot_wt"
  ],
  "selected_models": [],
  "stacking_used": false,
  "stacked_model": true,
  "number_of_models": 1,
  "final_estimator": "xgb",
  "final_estimator_params": {
    "xgb_n_estimators": 171,
    "xgb_lr": 0.2695111800466629,
    "xgb_max_depth": 9,
    "xgb_subsample": 0.9004765072414771,
    "xgb_colsample": 0.7883345795628373
  },
  "model_params": {
    "xgb": {
      "xgb_n_estimators": 171,
      "xgb_lr": 0.2695111800466629,
      "xgb_max_depth": 9,
      "xgb_subsample": 0.9004765072414771,
      "xgb_colsample": 0.7883345795628373
    }
  },
  "feature_names": [
    "K2O_wt",
    "Fe2O3T_wt",
    "SiO2_wt",
    "Al2O3_wt",
    "P2O5_tot_wt"
  ],
  "use_random_split": true,
  "use_feature_selection": false,
  "model_name": "XGB",
  "error_mean": -0.8819458410971694,
  "error_sdev": 3.5358373670315895,
  "uncertainty_median": 10.13232421875,
  "uncertainty_mad": 6.889032363891602,
  "uncertainty_measure": 67.99064277022794,
  "feature_importance": {
    "K2O_wt": 0.5805550619960337,
    "Fe2O3T_wt": 0.07958904477746215,
    "SiO2_wt": 0.1615100646475713,
    "Al2O3_wt": 0.007401215319689644,
    "P2O5_tot_wt": 1.3945831875596988
  },
  "run": 0
}