{
  "y_test": [
    8.7,
    1.3,
    0.52,
    0.57,
    1.4,
    0.1,
    0.23,
    0.51,
    0.19,
    0.44,
    0.27,
    0.41,
    0.09,
    0.34,
    0.35,
    0.46,
    0.14,
    0.4,
    0.14,
    0.07,
    0.21,
    0.43,
    1.53,
    0.42,
    2.7,
    0.68,
    8.0,
    10.4,
    0.04,
    2.4,
    2.4,
    0.15,
    0.19,
    0.47,
    0.24,
    5.1,
    0.04,
    0.37,
    0.18,
    2.4,
    5.4,
    7.4,
    0.14,
    4.5,
    0.13
  ],
  "y_pred": [
    8.223782828282818,
    1.5067723829201085,
    0.30123914194877727,
    0.2707488697762412,
    1.5096003086419743,
    0.3312080850058385,
    0.3586224780991589,
    0.31707913704478835,
    0.2883299944222248,
    0.20834522244834566,
    0.3933340614298377,
    0.607182275979052,
    0.3462659670576337,
    0.7493957240851179,
    0.9828034559811177,
    0.806469508495107,
    0.5388287194955934,
    0.19783957833433238,
    0.9340398027898029,
    0.17979682135861216,
    1.3154839075066351,
    0.26807482623924916,
    0.7007498040969363,
    1.8155023722069166,
    3.0072657126823774,
    0.979786216308944,
    6.652562289562287,
    12.310117845117853,
    0.9776148616481379,
    1.3284870129870125,
    2.831024410774411,
    0.920218297646733,
    0.41295176876995043,
    0.28008874740477174,
    0.5729652430120188,
    5.103294612794612,
    0.20532935184727885,
    3.4610157525024707,
    0.19239869260856998,
    3.2269647867564526,
    5.572517676767674,
    7.065246632996628,
    0.2735760041070523,
    7.108846801346797,
    0.2679876483319762
  ],
  "selected_features": [
    "K2O_wt",
    "Fe2O3T_wt",
    "SiO2_wt",
    "Al2O3_wt",
    "P2O5_tot_wt"
  ],
  "selected_models": [],
  "stacking_used": false,
  "stacked_model": true,
  "number_of_models": 1,
  "final_estimator": "et",
  "final_estimator_params": {
    "et_n_estimators": 198,
    "et_max_depth": 11,
    "et_min_samples_split": 6,
    "et_min_samples_leaf": 1,
    "et_bootstrap": false
  },
  "model_params": {
    "et": {
      "et_n_estimators": 198,
      "et_max_depth": 11,
      "et_min_samples_split": 6,
      "et_min_samples_leaf": 1,
      "et_bootstrap": false
    }
  },
  "use_random_split": true,
  "use_feature_selection": false,
  "model_name": "ET",
  "error_mean": -0.2967056808804495,
  "error_sdev": 0.798629221539089,
  "uncertainty_median": 6.931427609427607,
  "uncertainty_mad": 2.043754853374169,
  "uncertainty_measure": 29.48533792078283,
  "feature_importance": {
    "K2O_wt": 0.1166938193667336,
    "Fe2O3T_wt": 0.05135693681265619,
    "SiO2_wt": 0.12754436620872017,
    "Al2O3_wt": 0.0917205770309782,
    "P2O5_tot_wt": 2.07883810384767
  }
}