{
  "y_test": [
    1.2,
    0.46,
    0.23,
    34.0,
    3.4,
    6.9,
    0.34,
    22.1,
    0.4,
    0.68,
    0.73,
    0.21,
    0.17,
    0.1,
    0.04,
    0.04,
    0.47,
    1.4,
    0.15,
    8.7,
    0.35,
    2.4,
    0.19,
    1.5,
    5.1,
    3.8,
    0.09,
    0.14,
    1.3,
    0.04,
    10.1,
    29.4,
    8.0,
    0.43,
    0.36,
    0.04,
    0.14,
    0.4,
    1.18,
    0.05,
    4.5,
    6.1,
    1.3,
    1.9,
    0.19
  ],
  "y_pred": [
    1.079832396174427,
    1.5329650458765443,
    0.22886721462433207,
    27.46069846863638,
    2.44562849117599,
    1.315510377885299,
    0.2992548234959107,
    26.559576578365927,
    0.5225708450722303,
    1.0931852639313284,
    0.8206898398181711,
    0.44141929306063005,
    0.268941914363536,
    0.5018403819619981,
    0.22896501203759775,
    0.30624394314419295,
    0.36928581395902976,
    1.6543743669549076,
    0.22775778508052166,
    6.6307210257125,
    1.4365732843937178,
    0.888976774812946,
    0.12770955695414746,
    0.3914011583338432,
    2.743535259309114,
    2.3161987757314457,
    5.037089778307283,
    0.12996868524494593,
    1.4799405959735155,
    0.12958091104417707,
    6.3944738781657735,
    22.39203113549567,
    3.7233702387887258,
    0.13269981617406973,
    0.2234965301626643,
    0.5611193066934763,
    12.68584617388601,
    0.18413206070275373,
    0.9656915222082757,
    0.33275084527561577,
    4.97596988737689,
    3.658667923139559,
    3.8531583154896394,
    3.2749071071660447,
    0.3219435269639483
  ],
  "selected_features": [
    "K2O_wt",
    "Fe2O3T_wt",
    "SiO2_wt",
    "Al2O3_wt",
    "P2O5_tot_wt"
  ],
  "selected_models": [],
  "stacking_used": false,
  "stacked_model": true,
  "number_of_models": 1,
  "final_estimator": "knn",
  "final_estimator_params": {
    "knn_n": 6,
    "knn_weights": "distance"
  },
  "model_params": {
    "knn": {
      "knn_n": 6,
      "knn_weights": "distance"
    }
  },
  "use_random_split": true,
  "use_feature_selection": false,
  "model_name": "KNN",
  "error_mean": 0.18600973490831763,
  "error_sdev": 2.9768278546478633,
  "uncertainty_median": 5.83339849133662,
  "uncertainty_mad": 8.033311530015506,
  "uncertainty_measure": 137.7123737037004,
  "feature_importance": {
    "K2O_wt": -0.003207062080679597,
    "Fe2O3T_wt": 0.009284589246338983,
    "SiO2_wt": 1.513011491615132,
    "Al2O3_wt": 0.015311147459863714,
    "P2O5_tot_wt": 0.003859621990934241
  }
}