{
  "y_test": [
    3.4,
    0.34,
    1.4,
    5.7,
    0.19,
    0.03,
    0.52,
    2.6,
    0.04,
    0.56,
    25.0,
    0.16,
    3.8,
    0.41,
    0.13,
    0.14,
    0.11,
    0.46,
    8.7,
    34.0,
    6.3,
    31.8,
    0.15,
    0.4,
    1.53,
    0.29,
    0.37,
    2.4,
    0.12,
    4.2,
    0.17,
    0.52,
    6.7,
    1.0,
    6.2,
    0.15,
    22.1,
    0.47,
    0.15,
    0.84,
    4.5,
    0.1,
    0.05,
    0.32,
    0.14
  ],
  "y_pred": [
    3.5037349224534835,
    0.2736283268634683,
    1.9625426383112061,
    3.8100365507335403,
    0.09896708082008643,
    0.21317914684436656,
    0.5965835590015572,
    5.1536628873315795,
    0.2600052182665644,
    0.16325832510639,
    24.90435087649319,
    0.32904058172283973,
    3.41379644582563,
    1.2269704935569712,
    0.2511433837286941,
    1.175155616492002,
    0.404550784369994,
    1.9504408732690734,
    7.165914037067006,
    24.631137089468396,
    7.357851058849325,
    24.720126932830443,
    0.16373472788511018,
    0.919846634855826,
    0.24822602975743155,
    0.4046062287571913,
    0.4607009686608696,
    0.3343350948163806,
    8.21894807132604,
    4.353054073526213,
    0.22466380073061049,
    0.22733758545140365,
    4.0774099895561395,
    2.1233905330396423,
    3.772595853387707,
    1.4629314059925067,
    24.75771720934721,
    0.37634982124879834,
    1.6978334195989684,
    0.2828791524894051,
    4.895121731192151,
    0.23272489758631143,
    17.85591018657078,
    0.5711741714283894,
    12.759117926826136
  ],
  "selected_features": [
    "K2O_wt",
    "Fe2O3T_wt",
    "SiO2_wt",
    "Al2O3_wt",
    "P2O5_tot_wt"
  ],
  "selected_models": [],
  "stacking_used": false,
  "stacked_model": true,
  "number_of_models": 1,
  "final_estimator": "knn",
  "final_estimator_params": {
    "knn_n": 6,
    "knn_weights": "distance"
  },
  "model_params": {
    "knn": {
      "knn_n": 6,
      "knn_weights": "distance"
    }
  },
  "use_random_split": true,
  "use_feature_selection": false,
  "model_name": "KNN",
  "error_mean": -0.5628152520763783,
  "error_sdev": 4.0339919911731235,
  "uncertainty_median": 6.39278216619444,
  "uncertainty_mad": 7.967455330617062,
  "uncertainty_measure": 124.63204788596776,
  "feature_importance": {
    "K2O_wt": -0.004404037140064773,
    "Fe2O3T_wt": -0.019701076508760476,
    "SiO2_wt": 1.4488931718177012,
    "Al2O3_wt": 0.0026168542519248226,
    "P2O5_tot_wt": 0.003988130730554663
  }
}