{
  "y_test": [
    11.7,
    0.31,
    0.36,
    0.25,
    25.6,
    2.4,
    0.19,
    0.41,
    0.11,
    0.14,
    0.29,
    0.37,
    0.05,
    1.3,
    0.16,
    0.12,
    0.15,
    0.35,
    0.19,
    0.34,
    0.13,
    1.44,
    1.44,
    0.4,
    34.0,
    0.52,
    4.5,
    1.3,
    6.9,
    0.02,
    1.2,
    1.9,
    4.2,
    6.1,
    0.12,
    8.0,
    0.74,
    6.3,
    0.17,
    0.4,
    0.27,
    0.04,
    1.4,
    24.5,
    0.27
  ],
  "y_pred": [
    5.341354128857348,
    13.261381464325309,
    0.22436882515607529,
    0.2729831559667314,
    26.738120192427083,
    0.9707330982375324,
    0.0990997478691533,
    2.9981974081493967,
    0.2026966143515552,
    21.70753164204845,
    0.8936691471734877,
    0.5318310728007406,
    0.18734199703686724,
    3.766493157278572,
    0.29120253960550047,
    1.51956858917648,
    0.16681666116093813,
    0.8659088952981504,
    0.1878028164775332,
    2.324962017921674,
    0.25592566591824717,
    2.7218555829917683,
    0.21250638249164353,
    0.8465930296202687,
    28.007540838509506,
    0.23729225342140006,
    5.370813413268883,
    2.074778408020635,
    0.5306375881081007,
    0.8962848623946814,
    0.4082814318183244,
    1.5451480656477243,
    18.762171628949712,
    4.5940254970811045,
    1.0057527762395093,
    5.789591476680621,
    0.4573442762437005,
    5.1474929964366645,
    0.5069060759183226,
    0.20747481854343294,
    0.9006136946942089,
    1.0643174063221452,
    1.704814538553314,
    25.65960465649504,
    0.9542215546721019
  ],
  "selected_features": [
    "K2O_wt",
    "Fe2O3T_wt",
    "SiO2_wt",
    "P2O5_tot_wt"
  ],
  "selected_models": [],
  "stacking_used": false,
  "stacked_model": true,
  "number_of_models": 1,
  "final_estimator": "knn",
  "final_estimator_params": {
    "knn_n": 3,
    "knn_weights": "distance"
  },
  "model_params": {
    "knn": {
      "knn_n": 3,
      "knn_weights": "distance"
    }
  },
  "use_random_split": true,
  "use_feature_selection": true,
  "model_name": "KNN-FS",
  "error_mean": -0.9192011575635476,
  "error_sdev": 4.684997291373202,
  "uncertainty_median": 4.480561215312234,
  "uncertainty_mad": 8.473812223668533,
  "uncertainty_measure": 189.12390248590822,
  "feature_importance": {
    "K2O_wt": -0.028715198361922864,
    "Fe2O3T_wt": 0.14316128719576557,
    "SiO2_wt": 1.8563334351677179,
    "Al2O3_wt": 0.024614716081105964
  }
}