{
  "y_test": [
    0.21,
    0.07,
    0.44,
    1.2,
    6.9,
    11.7,
    0.04,
    8.9,
    6.7,
    2.4,
    0.17,
    0.24,
    6.1,
    6.2,
    0.16,
    6.6,
    6.9,
    24.5,
    0.9,
    0.21,
    31.8,
    0.04,
    1.44,
    4.5,
    0.18,
    8.0,
    0.56,
    0.35,
    4.2,
    0.37,
    0.19,
    1.8,
    5.7,
    1.44,
    0.14,
    1.9,
    10.1,
    1.4,
    0.14,
    0.47,
    5.1,
    8.7,
    1.47,
    0.1,
    7.4
  ],
  "y_pred": [
    0.14200000000000002,
    0.324,
    0.29400000000000004,
    1.372,
    1.278,
    4.51,
    0.17200000000000001,
    1.488,
    4.16,
    0.396,
    0.23399999999999999,
    0.256,
    3.7399999999999998,
    2.34,
    0.23399999999999999,
    9.998000000000001,
    3.5800000000000005,
    27.919999999999998,
    2.08,
    1.0900000000000003,
    27.2,
    0.49399999999999994,
    1.6940000000000002,
    3.5800000000000005,
    0.20200000000000004,
    1.26,
    0.194,
    1.736,
    2.8,
    0.9219999999999999,
    0.514,
    0.942,
    1.26,
    0.146,
    0.256,
    2.08,
    3.872,
    2.24,
    0.16399999999999998,
    0.396,
    2.24,
    3.8720000000000008,
    1.09,
    0.284,
    3.8820000000000006
  ],
  "selected_features": [
    "K2O_wt",
    "SiO2_wt",
    "Al2O3_wt",
    "P2O5_tot_wt"
  ],
  "selected_models": [],
  "stacking_used": false,
  "stacked_model": true,
  "number_of_models": 1,
  "final_estimator": "knn",
  "final_estimator_params": {
    "knn_n": 5,
    "knn_weights": "uniform"
  },
  "model_params": {
    "knn": {
      "knn_n": 5,
      "knn_weights": "uniform"
    }
  },
  "use_random_split": true,
  "use_feature_selection": true,
  "model_name": "KNN-FS",
  "error_mean": 1.3133777777777778,
  "error_sdev": 2.637047206190433,
  "uncertainty_median": 2.876,
  "uncertainty_mad": 5.428418749999999,
  "uncertainty_measure": 188.7489134214186,
  "feature_importance": {
    "K2O_wt": -0.00545999555464724,
    "Fe2O3T_wt": 1.4208921740445393,
    "SiO2_wt": 0.02601663257040499,
    "Al2O3_wt": 0.008026942063089458
  }
}