{
  "y_test": [
    1.9,
    1.44,
    0.09,
    2.4,
    0.68,
    0.42,
    34.0,
    25.6,
    2.6,
    0.27,
    25.0,
    0.18,
    0.24,
    6.3,
    0.32,
    1.47,
    0.74,
    1.4,
    0.41,
    1.3,
    6.7,
    0.87,
    0.15,
    1.53,
    0.46,
    6.5,
    1.2,
    2.4,
    0.37,
    0.04,
    0.35,
    1.8,
    0.25,
    0.19,
    0.34,
    11.7,
    0.14,
    0.1,
    0.04,
    0.18,
    0.1,
    5.1,
    0.37,
    4.2,
    0.27
  ],
  "y_pred": [
    5.456111918089443,
    0.328526139700064,
    5.442577932748658,
    3.266461077690872,
    0.825814068009202,
    2.4852676745579725,
    26.470152640264075,
    25.311485148514894,
    2.1109569930220884,
    0.5855850499102393,
    22.826616120540656,
    0.3364043678917928,
    0.8622259947402584,
    6.6754399309757835,
    0.8016247683066975,
    1.4927628919047904,
    1.038764685034866,
    2.341804536957465,
    0.7009190376414776,
    2.364744406946631,
    6.504001201244339,
    1.9869237997577058,
    0.3980265998277927,
    1.1172373604218366,
    0.6077276622796405,
    8.366822146677437,
    0.6204380437171612,
    1.7737980426843802,
    0.6347930010705093,
    0.34230920917774216,
    0.9192276530119464,
    6.30680932391579,
    0.575407522747396,
    0.31531875780582846,
    0.4517693965618911,
    9.713322954684026,
    0.5233058990252344,
    0.5038794241377201,
    0.3290040764008331,
    0.4171071283534196,
    0.5033779308414206,
    5.124087884244273,
    3.932117438707313,
    5.21683593855281,
    2.0855211639156965
  ],
  "selected_features": [
    "K2O_wt",
    "Fe2O3T_wt",
    "SiO2_wt",
    "Al2O3_wt",
    "P2O5_tot_wt"
  ],
  "selected_models": [],
  "stacking_used": false,
  "stacked_model": true,
  "number_of_models": 1,
  "final_estimator": "et",
  "final_estimator_params": {
    "et_n_estimators": 202,
    "et_max_depth": 5,
    "et_min_samples_split": 6,
    "et_min_samples_leaf": 1,
    "et_bootstrap": false
  },
  "model_params": {
    "et": {
      "et_n_estimators": 202,
      "et_max_depth": 5,
      "et_min_samples_split": 6,
      "et_min_samples_leaf": 1,
      "et_bootstrap": false
    }
  },
  "use_random_split": true,
  "use_feature_selection": false,
  "model_name": "ET",
  "error_mean": -0.41963144318249035,
  "error_sdev": 1.8631038074505986,
  "uncertainty_median": 8.967838107187426,
  "uncertainty_mad": 4.370761470198084,
  "uncertainty_measure": 48.73818436458017,
  "feature_importance": {
    "K2O_wt": 0.014792118907904028,
    "Fe2O3T_wt": 0.009267668143759952,
    "SiO2_wt": 0.5711493433087583,
    "Al2O3_wt": 0.10999282595175007,
    "P2O5_tot_wt": 0.28096224723551017
  }
}