{
  "y_test": [
    0.27,
    0.9,
    0.13,
    0.37,
    10.4,
    6.0,
    0.36,
    0.51,
    11.7,
    38.0,
    0.42,
    0.52,
    0.04,
    0.07,
    0.07,
    0.24,
    10.1,
    0.1,
    8.0,
    1.9,
    2.6,
    4.2,
    0.05,
    0.19,
    0.17,
    5.7,
    0.37,
    0.04,
    0.25,
    4.2,
    0.29,
    6.9,
    0.15,
    0.31,
    0.19,
    0.73,
    0.12,
    2.7,
    8.9,
    1.3,
    1.47,
    0.44,
    0.68,
    25.6,
    25.0
  ],
  "y_pred": [
    1.0243938788392306,
    1.0525067151343954,
    0.725420041429576,
    -0.6248351818591473,
    5.135906200732112,
    3.560133936849896,
    -1.0259877579097871,
    -0.1985324512390303,
    6.324999515790086,
    2.892788947410317,
    1.9075088275727303,
    -1.4337281980980787,
    1.1351280308030631,
    0.14094998221065325,
    0.24909209946864763,
    -1.9353222076712857,
    9.206960027462724,
    -0.2749094763599107,
    4.114964429130316,
    4.626611058023881,
    1.5176367523359602,
    3.219559286134759,
    -1.3181004888609476,
    -2.683614693523472,
    -0.1235733445706444,
    2.7563117620285134,
    -0.2902117334629679,
    -1.5762351468655549,
    0.04238845190936935,
    5.553231123747709,
    -2.0861945433366156,
    -0.3681526688497385,
    -0.1457707892652209,
    1.8917226632404294,
    -1.1009466628348594,
    -0.5823507533434835,
    0.8976918727193421,
    -0.12418579342633329,
    2.8541387258815494,
    1.7075107204506477,
    -0.34143033059509165,
    -0.5282827760506503,
    -0.7968628098612633,
    10.853392352807942,
    12.370090687842891
  ],
  "selected_features": [
    "K2O_wt",
    "Fe2O3T_wt",
    "SiO2_wt",
    "Al2O3_wt",
    "P2O5_tot_wt"
  ],
  "selected_models": [],
  "stacking_used": false,
  "stacked_model": true,
  "number_of_models": 1,
  "final_estimator": "svr",
  "final_estimator_params": {
    "svr_C": 7.106260920261483,
    "svr_epsilon": 0.3444781926067576
  },
  "model_params": {
    "svr": {
      "svr_C": 7.106260920261483,
      "svr_epsilon": 0.3444781926067576
    }
  },
  "use_random_split": true,
  "use_feature_selection": false,
  "model_name": "SVR",
  "error_mean": 2.5432931048450524,
  "error_sdev": 5.959869310247559,
  "uncertainty_median": 4.969365203454437,
  "uncertainty_mad": 3.3034445721068497,
  "uncertainty_measure": 66.47618834314032,
  "feature_importance": {
    "K2O_wt": -0.005754635940490258,
    "Fe2O3T_wt": -0.0022699023268385656,
    "SiO2_wt": 0.38931274217610734,
    "Al2O3_wt": 0.04947807430872893,
    "P2O5_tot_wt": 0.11918756900279143
  }
}