{
  "y_test": [
    7.0,
    0.25,
    8.0,
    0.05,
    1.53,
    0.44,
    4.2,
    38.0,
    1.2,
    0.36,
    0.4,
    0.04,
    5.1,
    6.7,
    0.12,
    1.4,
    0.68,
    0.09,
    0.37,
    0.04,
    2.6,
    6.7,
    0.19,
    25.6,
    6.2,
    0.14,
    0.36,
    0.02,
    0.21,
    29.4,
    1.8,
    0.14,
    0.32,
    0.05,
    0.12,
    0.15,
    1.3,
    6.9,
    0.12,
    0.15,
    0.17,
    5.4,
    0.19,
    2.4,
    5.7
  ],
  "y_pred": [
    3.1160462570580982,
    0.24010760112697496,
    1.25074681549879,
    16.467759223809765,
    0.9815391164919861,
    0.20137134271053955,
    4.824256541883251,
    1.7273060654332864,
    1.2621334758609546,
    0.3566645627978159,
    0.47223209150304135,
    0.32546780468903475,
    3.434123048367784,
    3.0000926358701903,
    3.1866863990104872,
    1.6930626728932365,
    1.2245456826100574,
    7.036350510467211,
    0.4120254473208555,
    0.11603188631436612,
    4.5469345150594185,
    5.348999529800826,
    0.5180824283556431,
    27.606814979887304,
    1.275206384965531,
    0.24095555159188597,
    0.20828287996311057,
    0.3493185418872788,
    0.4569235771479903,
    22.39203113549567,
    0.5421193199304885,
    0.1880009771260471,
    0.685659178185978,
    0.36200379165681174,
    0.3554833050672032,
    0.15493831877129124,
    1.1968592562377893,
    1.125507115633445,
    0.8030804411778898,
    1.609243797372103,
    0.3979386011495978,
    1.4961033905736496,
    0.3133345400922524,
    0.7256965254862611,
    1.1811679358476328
  ],
  "selected_features": [
    "K2O_wt",
    "Fe2O3T_wt",
    "SiO2_wt",
    "Al2O3_wt",
    "P2O5_tot_wt"
  ],
  "selected_models": [],
  "stacking_used": false,
  "stacked_model": true,
  "number_of_models": 1,
  "final_estimator": "knn",
  "final_estimator_params": {
    "knn_n": 6,
    "knn_weights": "distance"
  },
  "model_params": {
    "knn": {
      "knn_n": 6,
      "knn_weights": "distance"
    }
  },
  "use_random_split": true,
  "use_feature_selection": false,
  "model_name": "KNN",
  "error_mean": 1.0420169955515375,
  "error_sdev": 6.452709694989815,
  "uncertainty_median": 4.25755654300009,
  "uncertainty_mad": 7.161704012671537,
  "uncertainty_measure": 168.21160072310013,
  "feature_importance": {
    "K2O_wt": -0.00014449674867148655,
    "Fe2O3T_wt": -0.01875162781577894,
    "SiO2_wt": 0.7613158095822845,
    "Al2O3_wt": -0.00674210469375723,
    "P2O5_tot_wt": 6.952330945659835e-05
  }
}