{
  "y_test": [
    0.09,
    0.14,
    25.6,
    6.6,
    0.04,
    0.24,
    0.22,
    0.07,
    0.4,
    22.1,
    0.31,
    1.3,
    6.7,
    0.32,
    0.09,
    0.02,
    0.17,
    10.4,
    0.04,
    0.16,
    1.18,
    6.0,
    6.1,
    6.5,
    0.14,
    0.17,
    5.4,
    0.15,
    0.36,
    25.8,
    0.07,
    0.37,
    0.16,
    0.12,
    10.1,
    7.4,
    0.25,
    2.4,
    1.2,
    6.2,
    0.1,
    1.53,
    0.52,
    11.7,
    1.9
  ],
  "y_pred": [
    2.912724994766762,
    4.383193537924065,
    22.733325516161273,
    13.887127628908825,
    1.927567438265104,
    3.9791171718943055,
    0.8714497614574661,
    0.8735590323624933,
    3.6669543892163645,
    52.35819057706313,
    5.080180692965111,
    3.8093861450882507,
    5.645064686560957,
    1.082912709613403,
    10.510678420901703,
    2.4488631948874975,
    1.6233695443798446,
    10.968536297253426,
    1.5034819139042064,
    3.2261853222639694,
    0.8052308853634358,
    5.495544880745388,
    6.185060517621846,
    16.225513518840575,
    0.8261275235603804,
    2.9838558216640827,
    5.923785633286872,
    2.486495177218778,
    1.6097610907315882,
    46.56014013677712,
    2.583072963163616,
    6.756128821608737,
    2.493461804389593,
    3.409378183414187,
    17.025386639747566,
    14.635024374646807,
    3.9481999933839624,
    0.6851196897691025,
    1.9437306755375658,
    1.056752058134606,
    2.0031277010862283,
    5.600140007669822,
    3.9525672306162214,
    9.700260733303658,
    7.75134457950724
  ],
  "selected_features": [
    "SiO2_wt",
    "Al2O3_wt",
    "P2O5_tot_wt"
  ],
  "selected_models": [],
  "stacking_used": false,
  "stacked_model": true,
  "number_of_models": 1,
  "final_estimator": "svr",
  "final_estimator_params": {
    "svr_C": 9.059685776307866,
    "svr_epsilon": 0.025271472313622687
  },
  "model_params": {
    "svr": {
      "svr_C": 9.059685776307866,
      "svr_epsilon": 0.025271472313622687
    }
  },
  "use_random_split": true,
  "use_feature_selection": true,
  "model_name": "SVR-FS",
  "error_mean": -3.45126843594727,
  "error_sdev": 5.788905404698185,
  "uncertainty_median": 21.31180512775552,
  "uncertainty_mad": 9.150681530197701,
  "uncertainty_measure": 42.937149037085895,
  "feature_importance": {
    "K2O_wt": 0.2440675173266887,
    "Fe2O3T_wt": -0.06912658865092523,
    "SiO2_wt": 0.3487788946820374
  }
}