{
  "y_test": [
    0.31,
    0.22,
    0.04,
    0.4,
    0.37,
    3.8,
    22.1,
    0.18,
    25.6,
    0.57,
    0.21,
    0.14,
    1.3,
    0.07,
    0.32,
    0.27,
    6.9,
    25.8,
    0.27,
    0.87,
    0.51,
    0.17,
    0.1,
    0.23,
    0.44,
    0.29,
    0.11,
    0.19,
    6.0,
    1.3,
    0.43,
    0.15,
    24.5,
    0.12,
    4.2,
    0.34,
    0.17,
    0.14,
    7.0,
    0.9,
    0.18,
    0.74,
    1.5,
    0.16,
    0.09
  ],
  "y_pred": [
    0.3665346833073106,
    0.3621853700644549,
    0.16673024388933816,
    0.3434385770578286,
    0.35024533989321405,
    5.799200940365216,
    26.592457805907173,
    0.2938977085831203,
    25.620155793573513,
    0.25360340128753633,
    1.0794941429853109,
    0.9134219739537086,
    1.4362212112384265,
    0.2536542365629458,
    0.2815273773646954,
    1.708484526843763,
    0.8013377315158727,
    27.95506329113926,
    0.3356568152606178,
    1.2008192013749264,
    0.35674337696828873,
    0.20285368917340724,
    0.26438982523771737,
    0.24803023801181118,
    0.28084571494521415,
    0.22019349937048033,
    0.34146986529111834,
    0.23347320102178618,
    5.988893275105019,
    1.4268393546983422,
    0.1747592923801368,
    0.6771007997568709,
    25.68536827096954,
    1.0392124430089038,
    2.427956550130598,
    0.34606190807830745,
    0.3298419882691074,
    0.3350977317562075,
    6.63307022457236,
    1.1956639133527946,
    0.23871074359300934,
    0.4228505151593902,
    0.6009448658128062,
    0.1812499516856696,
    0.669581765024433
  ],
  "selected_features": [
    "Fe2O3T_wt",
    "SiO2_wt",
    "P2O5_tot_wt"
  ],
  "selected_models": [],
  "stacking_used": false,
  "stacked_model": true,
  "number_of_models": 1,
  "final_estimator": "rf",
  "final_estimator_params": {
    "rf_n_estimators": 158,
    "rf_max_depth": 6
  },
  "model_params": {
    "rf": {
      "rf_n_estimators": 158,
      "rf_max_depth": 6
    }
  },
  "use_random_split": true,
  "use_feature_selection": true,
  "model_name": "RF-FS",
  "error_mean": -0.1541185194564789,
  "error_sdev": 1.315268496972203,
  "uncertainty_median": 10.706624422880022,
  "uncertainty_mad": 7.027641716017816,
  "uncertainty_measure": 65.6382575725713,
  "feature_importance": {
    "K2O_wt": 0.3131703127172438,
    "Fe2O3T_wt": 1.4790777857375206,
    "SiO2_wt": 0.49212844142958184
  }
}