{
  "y_test": [
    0.23,
    0.22,
    0.4,
    6.9,
    8.9,
    0.4,
    0.62,
    0.15,
    7.4,
    0.02,
    0.04,
    0.12,
    0.14,
    10.4,
    0.04,
    1.3,
    0.42,
    6.5,
    1.53,
    0.14,
    1.3,
    0.14,
    25.6,
    0.1,
    0.51,
    0.32,
    4.2,
    0.16,
    0.4,
    6.2,
    0.73,
    11.7,
    0.11,
    6.3,
    2.4,
    0.21,
    0.14,
    2.7,
    1.5,
    6.1,
    0.04,
    10.1,
    24.5,
    0.09,
    0.87
  ],
  "y_pred": [
    0.28139016032218933,
    0.39942899346351624,
    0.06660786271095276,
    6.670673370361328,
    2.8103904724121094,
    0.4875885546207428,
    0.4342155456542969,
    0.42047321796417236,
    6.702908992767334,
    2.872710943222046,
    1.14103102684021,
    0.8589206337928772,
    0.3487187623977661,
    10.557599067687988,
    1.3998231887817383,
    2.203248977661133,
    1.024646282196045,
    13.708629608154297,
    0.8644965887069702,
    -0.06487531960010529,
    1.3366034030914307,
    2.8788371086120605,
    29.001148223876953,
    0.4278672933578491,
    -0.048002488911151886,
    0.5359804630279541,
    4.36889123916626,
    6.4266276359558105,
    0.07442650943994522,
    6.622669696807861,
    0.5771055817604065,
    4.084549903869629,
    1.425429344177246,
    4.675919532775879,
    2.2829079627990723,
    0.6331617832183838,
    0.37265118956565857,
    2.3503310680389404,
    2.0709309577941895,
    5.054587364196777,
    0.6697681546211243,
    19.6192626953125,
    30.674474716186523,
    0.538490891456604,
    2.5469086170196533
  ],
  "selected_features": [
    "K2O_wt",
    "Al2O3_wt",
    "P2O5_tot_wt"
  ],
  "selected_models": [],
  "stacking_used": false,
  "stacked_model": true,
  "number_of_models": 1,
  "final_estimator": "xgb",
  "final_estimator_params": {
    "xgb_n_estimators": 91,
    "xgb_lr": 0.21115527804635706,
    "xgb_max_depth": 5,
    "xgb_subsample": 0.7161816045013966,
    "xgb_colsample": 0.7277644481869107
  },
  "model_params": {
    "xgb": {
      "xgb_n_estimators": 91,
      "xgb_lr": 0.21115527804635706,
      "xgb_max_depth": 5,
      "xgb_subsample": 0.7161816045013966,
      "xgb_colsample": 0.7277644481869107
    }
  },
  "feature_names": [
    "K2O_wt",
    "Fe2O3T_wt",
    "SiO2_wt",
    "Al2O3_wt",
    "P2O5_tot_wt"
  ],
  "use_random_split": true,
  "use_feature_selection": true,
  "model_name": "XGB-FS",
  "error_mean": -0.6688923506074482,
  "error_sdev": 2.774225043095607,
  "uncertainty_median": 7.733049392700195,
  "uncertainty_mad": 5.835896968841553,
  "uncertainty_measure": 75.46695582147055,
  "feature_importance": {
    "K2O_wt": 0.33464298227848716,
    "Fe2O3T_wt": 0.2521719052995113,
    "SiO2_wt": 1.4922549174888895
  },
  "run": 4
}