{
  "y_test": [
    0.29,
    1.44,
    0.12,
    0.07,
    6.5,
    2.4,
    8.9,
    8.0,
    29.4,
    1.9,
    6.2,
    0.09,
    0.24,
    0.14,
    31.8,
    6.2,
    0.04,
    0.18,
    0.02,
    0.04,
    0.04,
    0.04,
    0.05,
    25.6,
    0.74,
    34.0,
    5.7,
    1.44,
    2.4,
    0.19,
    0.37,
    6.7,
    0.14,
    0.36,
    1.3,
    10.4,
    0.41,
    2.6,
    7.4,
    0.24,
    0.31,
    0.14,
    4.2,
    0.19,
    6.0
  ],
  "y_pred": [
    4.63879211440385,
    -0.13260368328126937,
    -0.8285718834675926,
    0.17334428867147622,
    10.613628731489918,
    0.9293910849250846,
    5.174040684596584,
    7.5348584101809895,
    23.562906005454984,
    4.667972330332377,
    2.810322333913321,
    3.4323055023596982,
    -1.103885915773657,
    1.4313910988580987,
    16.87915808104033,
    11.92793862824938,
    0.4461050787619385,
    1.1126383580320738,
    0.7309220305540087,
    2.175767957617799,
    0.342315114722787,
    -0.4490690181815431,
    34.07426102932642,
    21.30238313708321,
    1.7240526477069924,
    13.589875469619102,
    4.500983784975085,
    1.5838469650619995,
    1.0806244988942435,
    0.7286819912280578,
    1.4680961368520258,
    12.280553249846816,
    1.861093231627259,
    0.5540644616981627,
    2.6192197247908346,
    5.740546072704614,
    0.4782248571617096,
    -0.8557454052738205,
    9.059761478988248,
    1.2262868963792357,
    2.4403423714273718,
    1.2054833891428807,
    7.453010241769717,
    0.952768787673703,
    3.950595918876862
  ],
  "selected_features": [
    "K2O_wt",
    "Fe2O3T_wt",
    "SiO2_wt",
    "Al2O3_wt",
    "P2O5_tot_wt"
  ],
  "selected_models": [],
  "stacking_used": false,
  "stacked_model": true,
  "number_of_models": 1,
  "final_estimator": "ann",
  "final_estimator_params": {
    "ann_hidden": 100,
    "ann_alpha": 0.02600563400043259
  },
  "model_params": {
    "ann": {
      "ann_hidden": 100,
      "ann_alpha": 0.02600563400043259
    }
  },
  "use_random_split": true,
  "use_feature_selection": false,
  "model_name": "ANN",
  "error_mean": -0.22574840602269702,
  "error_sdev": 6.868221778772384,
  "uncertainty_median": 17.704710702060225,
  "uncertainty_mad": 12.820146981880104,
  "uncertainty_measure": 72.41093739186756,
  "feature_importance": {
    "K2O_wt": 0.0020618139799321853,
    "Fe2O3T_wt": 0.12829358136389749,
    "SiO2_wt": 0.6952352095931559,
    "Al2O3_wt": 0.402192869594416,
    "P2O5_tot_wt": 0.27647224852569874
  }
}