{
  "y_test": [
    0.05,
    0.23,
    0.04,
    2.4,
    1.47,
    31.8,
    0.14,
    0.74,
    0.29,
    0.19,
    0.17,
    2.6,
    1.4,
    2.4,
    0.56,
    0.02,
    1.3,
    0.62,
    1.4,
    4.2,
    0.52,
    0.1,
    5.1,
    6.5,
    22.1,
    0.84,
    0.27,
    25.6,
    0.68,
    10.4,
    0.44,
    0.25,
    8.0,
    2.4,
    0.29,
    0.15,
    0.18,
    0.17,
    0.09,
    29.4,
    1.8,
    0.27,
    0.9,
    6.9,
    0.04
  ],
  "y_pred": [
    0.49013540331634786,
    1.1825051772095456,
    0.9710493580100694,
    1.9066330172316643,
    1.684153183053751,
    8.260664877073424,
    0.3462815627115905,
    1.7182804932624336,
    1.4391390810398708,
    0.22689894170542946,
    0.7407810722949248,
    2.2510889948679824,
    2.481175897303703,
    1.8402845488910318,
    1.4218462054393948,
    1.8049018363563105,
    2.602116120043884,
    1.420505564602486,
    2.622596895613805,
    3.644555660842143,
    1.4818011097187025,
    1.236055483928201,
    3.450830136622665,
    9.297945721177555,
    31.810889228108266,
    0.8099644735605374,
    2.0673980594695744,
    5.720115803655229,
    1.458868389702519,
    4.087588855856003,
    1.0146346486127946,
    1.4048740848450212,
    5.9855067335507774,
    1.45271051668281,
    0.36489215236962913,
    1.8553660820194446,
    1.3576166281281248,
    1.3343647709775226,
    0.5600341479059798,
    18.094353338231237,
    3.1589218809507784,
    1.5922783122537068,
    1.8901880266346147,
    1.738682859973495,
    0.6320953897914299
  ],
  "selected_features": [
    "K2O_wt",
    "Fe2O3T_wt",
    "SiO2_wt",
    "Al2O3_wt",
    "P2O5_tot_wt"
  ],
  "selected_models": [],
  "stacking_used": false,
  "stacked_model": true,
  "number_of_models": 1,
  "final_estimator": "svr",
  "final_estimator_params": {
    "svr_C": 2.4040137255962315,
    "svr_epsilon": 0.02274557850309871
  },
  "model_params": {
    "svr": {
      "svr_C": 2.4040137255962315,
      "svr_epsilon": 0.02274557850309871
    }
  },
  "use_random_split": true,
  "use_feature_selection": false,
  "model_name": "SVR",
  "error_mean": 0.7221428727645244,
  "error_sdev": 5.357767122950315,
  "uncertainty_median": 15.738028802322322,
  "uncertainty_mad": 6.881611240185398,
  "uncertainty_measure": 43.72600486771214,
  "feature_importance": {
    "K2O_wt": 0.0017831839023768592,
    "Fe2O3T_wt": -0.01496051354117394,
    "SiO2_wt": 0.14533879519820786,
    "Al2O3_wt": -0.00011216543071277174,
    "P2O5_tot_wt": 0.6831206473318321
  }
}