{
  "y_test": [
    0.27,
    0.9,
    0.13,
    0.37,
    10.4,
    6.0,
    0.36,
    0.51,
    11.7,
    38.0,
    0.42,
    0.52,
    0.04,
    0.07,
    0.07,
    0.24,
    10.1,
    0.1,
    8.0,
    1.9,
    2.6,
    4.2,
    0.05,
    0.19,
    0.17,
    5.7,
    0.37,
    0.04,
    0.25,
    4.2,
    0.29,
    6.9,
    0.15,
    0.31,
    0.19,
    0.73,
    0.12,
    2.7,
    8.9,
    1.3,
    1.47,
    0.44,
    0.68,
    25.6,
    25.0
  ],
  "y_pred": [
    0.9361306529237077,
    3.0575501706462678,
    -0.06992121794093092,
    -0.36618128902242575,
    9.040930956805532,
    6.080596292374419,
    -1.0404664523932308,
    -0.3829849618213033,
    7.0934343710882475,
    10.738648481901608,
    1.9786954463670219,
    -0.37742576026366687,
    1.4233607880652428,
    1.3873836170417237,
    1.7086226770675201,
    -0.07535960411594135,
    14.660148464442994,
    -0.5523615251561401,
    6.643636686907791,
    2.629447519354453,
    3.4314220061470557,
    0.6320224515411481,
    2.7494692083000216,
    1.2342454677293813,
    0.6954227157752374,
    6.643636686907791,
    0.06779731550142676,
    0.8581611203442591,
    1.6366309225965665,
    9.644383441277744,
    0.8581611203442591,
    0.881718159857739,
    0.14737184138157253,
    -0.24248447069940915,
    1.486040468541135,
    0.4167300726554588,
    -1.2372678273078135,
    0.0017131449814730693,
    5.823494822865589,
    2.3330043310155877,
    0.7864363745671414,
    1.4359101426514917,
    0.41314994011213846,
    24.449729560953777,
    24.449729560953777
  ],
  "selected_features": [
    "K2O_wt",
    "Fe2O3T_wt",
    "SiO2_wt",
    "Al2O3_wt",
    "P2O5_tot_wt"
  ],
  "selected_models": [],
  "stacking_used": false,
  "stacked_model": true,
  "number_of_models": 1,
  "final_estimator": "lgbm",
  "final_estimator_params": {
    "lgbm_num_leaves": 76,
    "lgbm_lr": 0.29424169023851243,
    "lgbm_n_estimators": 293
  },
  "model_params": {
    "lgbm": {
      "lgbm_num_leaves": 76,
      "lgbm_lr": 0.29424169023851243,
      "lgbm_n_estimators": 293
    }
  },
  "use_random_split": true,
  "use_feature_selection": false,
  "model_name": "LGBM",
  "error_mean": 0.6342108023718348,
  "error_sdev": 4.539180426775079,
  "uncertainty_median": 9.340534687061497,
  "uncertainty_mad": 5.011016260493143,
  "uncertainty_measure": 53.64806650131496,
  "feature_importance": {
    "K2O_wt": 0.11012072609661246,
    "Fe2O3T_wt": 0.028643508703856325,
    "SiO2_wt": 0.14619656355021676,
    "Al2O3_wt": 0.13205746511787464,
    "P2O5_tot_wt": 0.5729134037647157
  }
}