{
  "y_test": [
    8.7,
    1.3,
    0.52,
    0.57,
    1.4,
    0.1,
    0.23,
    0.51,
    0.19,
    0.44,
    0.27,
    0.41,
    0.09,
    0.34,
    0.35,
    0.46,
    0.14,
    0.4,
    0.14,
    0.07,
    0.21,
    0.43,
    1.53,
    0.42,
    2.7,
    0.68,
    8.0,
    10.4,
    0.04,
    2.4,
    2.4,
    0.15,
    0.19,
    0.47,
    0.24,
    5.1,
    0.04,
    0.37,
    0.18,
    2.4,
    5.4,
    7.4,
    0.14,
    4.5,
    0.13
  ],
  "y_pred": [
    6.971217775850585,
    0.9291053158848324,
    0.1905641791290541,
    0.21283299625185842,
    1.6465676540428351,
    0.24487145380980854,
    0.2869381766514524,
    0.24400609458702,
    0.30381339057641976,
    0.26787795395419667,
    0.4408799686864949,
    0.725328263390015,
    0.5754949073682649,
    0.4038415925982466,
    0.4167519312826652,
    0.3815036579710542,
    0.9363143452785653,
    0.2058122551301612,
    0.39398749833867164,
    0.2047004699368775,
    0.9298431712591689,
    0.19096347979417236,
    0.8806640864134235,
    0.8275753853411575,
    2.5132515427119437,
    0.8158726009387647,
    6.023487731567745,
    6.99388621334822,
    0.3730070203767362,
    1.2893281309304596,
    3.029764223871362,
    0.39981783494903106,
    0.5145211114769306,
    0.20318025812556453,
    0.7297490044594558,
    5.2151180974061875,
    0.2057944092769116,
    0.45308560888433347,
    0.19428077941840977,
    2.5979099278051105,
    5.085380688507288,
    6.8141347708638556,
    0.3527436726388872,
    6.291759492587957,
    0.3273473040620647
  ],
  "selected_features": [
    "Fe2O3T_wt",
    "SiO2_wt",
    "P2O5_tot_wt"
  ],
  "selected_models": [],
  "stacking_used": false,
  "stacked_model": true,
  "number_of_models": 1,
  "final_estimator": "rf",
  "final_estimator_params": {
    "rf_n_estimators": 161,
    "rf_max_depth": 6
  },
  "model_params": {
    "rf": {
      "rf_n_estimators": 161,
      "rf_max_depth": 6
    }
  },
  "use_random_split": true,
  "use_feature_selection": true,
  "model_name": "RF-FS",
  "error_mean": 0.07366941271701734,
  "error_sdev": 0.786510012458395,
  "uncertainty_median": 6.606472245328657,
  "uncertainty_mad": 3.529612982786149,
  "uncertainty_measure": 53.426592161677334,
  "feature_importance": {
    "K2O_wt": 1.6456000722587611,
    "Fe2O3T_wt": 0.05889529020028148,
    "SiO2_wt": 3.8954733802951016
  }
}