{
  "y_test": [
    0.27,
    0.9,
    0.13,
    0.37,
    10.4,
    6.0,
    0.36,
    0.51,
    11.7,
    38.0,
    0.42,
    0.52,
    0.04,
    0.07,
    0.07,
    0.24,
    10.1,
    0.1,
    8.0,
    1.9,
    2.6,
    4.2,
    0.05,
    0.19,
    0.17,
    5.7,
    0.37,
    0.04,
    0.25,
    4.2,
    0.29,
    6.9,
    0.15,
    0.31,
    0.19,
    0.73,
    0.12,
    2.7,
    8.9,
    1.3,
    1.47,
    0.44,
    0.68,
    25.6,
    25.0
  ],
  "y_pred": [
    0.33845218047050407,
    1.3339122307784355,
    0.18329164700392464,
    0.30837798544496847,
    3.3606050619578034,
    4.771178832001945,
    0.2132565807537836,
    0.16591272951749625,
    3.6461389809183666,
    1.2969042235283117,
    2.3817504555019258,
    0.9725901136089808,
    0.682188001254522,
    0.4343319746349026,
    1.6211127347601761,
    0.7071198216651624,
    7.61001888565974,
    0.14341487826006716,
    3.4814981494499113,
    4.686652415631629,
    5.93698943210059,
    4.82306803823122,
    0.11811029085210938,
    0.13858680852727864,
    0.36233893986430044,
    2.731854458648177,
    0.41135077270156567,
    0.0861792373673561,
    0.4217253901891733,
    4.109108273856081,
    0.4969320909376723,
    1.8568278862455807,
    0.16818055645839725,
    2.2499045300105,
    0.23826234235465613,
    0.48954700525381967,
    3.264911297516084,
    0.618279722545614,
    2.3099575906372616,
    1.160281540925697,
    0.46620443334488304,
    0.2939951793130823,
    0.7361713894339389,
    25.77386177175318,
    27.11348531185123
  ],
  "selected_features": [
    "SiO2_wt",
    "Al2O3_wt",
    "P2O5_tot_wt"
  ],
  "selected_models": [],
  "stacking_used": false,
  "stacked_model": true,
  "number_of_models": 1,
  "final_estimator": "knn",
  "final_estimator_params": {
    "knn_n": 3,
    "knn_weights": "distance"
  },
  "model_params": {
    "knn": {
      "knn_n": 3,
      "knn_weights": "distance"
    }
  },
  "use_random_split": true,
  "use_feature_selection": true,
  "model_name": "KNN-FS",
  "error_mean": 1.2874483961395113,
  "error_sdev": 5.922460474124093,
  "uncertainty_median": 3.3612214005123753,
  "uncertainty_mad": 4.192187364890111,
  "uncertainty_measure": 124.72214309509826,
  "feature_importance": {
    "K2O_wt": 0.7349985393763555,
    "Fe2O3T_wt": 0.027767916909901033,
    "SiO2_wt": 0.0039885334587391715
  }
}