{
  "y_test": [
    1.5,
    2.4,
    3.8,
    0.41,
    0.07,
    0.42,
    0.4,
    0.44,
    0.04,
    6.7,
    5.1,
    0.36,
    0.47,
    1.3,
    25.6,
    6.5,
    0.04,
    2.4,
    0.14,
    6.3,
    0.22,
    0.14,
    0.03,
    0.11,
    6.9,
    8.0,
    1.8,
    0.15,
    0.1,
    0.52,
    1.9,
    2.7,
    34.0,
    0.09,
    0.51,
    0.05,
    7.4,
    25.0,
    0.15,
    0.14,
    0.73,
    38.0,
    1.2,
    0.12,
    0.23
  ],
  "y_pred": [
    0.6780496404686609,
    1.3080148591032608,
    3.311246237720729,
    0.6084306729324434,
    1.43511034497976,
    0.7705710044661709,
    -0.7381273546001941,
    0.12018696765309889,
    0.342290572679568,
    6.477841147933905,
    4.199395296036762,
    0.15693134123605468,
    0.5277803250314865,
    1.4409394140238145,
    29.678552958260774,
    9.345111722871309,
    0.4902494594826683,
    0.6569075841843022,
    -0.020676608616978953,
    5.61251739773817,
    0.5098150535890658,
    0.4457090743320524,
    0.051975760157882966,
    0.9095358357451881,
    0.4669355624692435,
    6.2398596464059235,
    2.0871989644666153,
    1.002515677972179,
    -0.23518077605352739,
    0.6689942664360777,
    7.778217681596692,
    1.7229095569709993,
    30.070253278682536,
    0.1537448230424494,
    -0.1708226132106927,
    19.349697166955828,
    7.813745825539463,
    26.072794992517935,
    0.11327272738411276,
    0.16562225757931648,
    1.0282746729999017,
    0.9072155062721365,
    0.7913177718646858,
    0.2086199126831847,
    -0.11580728342537627
  ],
  "selected_features": [
    "SiO2_wt",
    "Al2O3_wt",
    "P2O5_tot_wt"
  ],
  "selected_models": [],
  "stacking_used": false,
  "stacked_model": true,
  "number_of_models": 1,
  "final_estimator": "gpr",
  "final_estimator_params": {
    "gpr_nu": 1.5,
    "gpr_const": 4.644436318279128,
    "gpr_length_scale": 0.501829916801479,
    "gpr_alpha": 0.002050338758976367
  },
  "model_params": {
    "gpr": {
      "gpr_nu": 1.5,
      "gpr_const": 4.644436318279128,
      "gpr_length_scale": 0.501829916801479,
      "gpr_alpha": 0.002050338758976367
    }
  },
  "use_random_split": true,
  "use_feature_selection": true,
  "model_name": "GPR-FS",
  "error_mean": 0.44760581496534146,
  "error_sdev": 6.525687236243196,
  "uncertainty_median": 6.68723658130218,
  "uncertainty_mad": 7.904276989883005,
  "uncertainty_measure": 118.19945195275021,
  "feature_importance": {
    "K2O_wt": 0.9708910908184398,
    "Fe2O3T_wt": 0.001025531641340126,
    "SiO2_wt": 0.08384848770673521
  }
}