{
  "y_test": [
    8.7,
    0.46,
    2.4,
    1.3,
    3.8,
    0.27,
    0.19,
    4.5,
    0.37,
    6.7,
    0.15,
    1.8,
    0.36,
    25.6,
    1.18,
    0.04,
    1.2,
    6.2,
    0.07,
    0.25,
    31.8,
    11.7,
    1.5,
    0.34,
    0.19,
    7.4,
    1.47,
    0.52,
    0.12,
    0.4,
    4.2,
    0.19,
    34.0,
    0.03,
    0.4,
    0.14,
    0.17,
    0.14,
    0.41,
    0.35,
    0.4,
    0.15,
    0.12,
    2.4,
    1.44
  ],
  "y_pred": [
    6.620320623900696,
    1.7824541276590709,
    0.6139641533089235,
    1.526198605390893,
    4.645880672582384,
    0.25160021318931847,
    0.12194102256103267,
    5.481624023249275,
    9.944836791685075,
    6.7837891041403475,
    0.22956470001242124,
    1.882454806315631,
    -0.0183615324739117,
    23.254332314550126,
    0.8099873743276138,
    0.2469312415054845,
    0.40282943127204396,
    3.8849133544276713,
    0.2708155145824316,
    2.989168250860883,
    22.334407834327685,
    6.657189509048774,
    0.3161486918209664,
    0.38912299873187495,
    0.19185645834790144,
    6.409738627594378,
    0.2495135653641336,
    0.3769233130968437,
    2.1019944546735068,
    2.4373416374124117,
    15.535503985282158,
    0.1441061727437507,
    19.95932410244435,
    0.14572433430361853,
    -0.3732329984877607,
    0.4921200452836647,
    0.10609271225016492,
    21.6181581315168,
    0.6265890679350421,
    -0.17218222440383268,
    0.269016309261088,
    0.11065985110152754,
    3.790002413478725,
    2.4648550906527924,
    0.8326161833377421
  ],
  "selected_features": [
    "K2O_wt",
    "Fe2O3T_wt",
    "SiO2_wt",
    "P2O5_tot_wt"
  ],
  "selected_models": [],
  "stacking_used": false,
  "stacked_model": true,
  "number_of_models": 1,
  "final_estimator": "gpr",
  "final_estimator_params": {
    "gpr_nu": 0.5,
    "gpr_const": 1.1235648600815344,
    "gpr_length_scale": 5.877081436558776,
    "gpr_alpha": 0.006110633794743726
  },
  "model_params": {
    "gpr": {
      "gpr_nu": 0.5,
      "gpr_const": 1.1235648600815344,
      "gpr_length_scale": 5.877081436558776,
      "gpr_alpha": 0.006110633794743726
    }
  },
  "use_random_split": true,
  "use_feature_selection": true,
  "model_name": "GPR-FS",
  "error_mean": -0.29375189022590475,
  "error_sdev": 4.87816459442367,
  "uncertainty_median": 6.440856839483995,
  "uncertainty_mad": 7.492953403853417,
  "uncertainty_measure": 116.3347298440142,
  "feature_importance": {
    "K2O_wt": -0.03352531559634311,
    "Fe2O3T_wt": 0.06985157302587047,
    "SiO2_wt": 1.3114419142819225,
    "Al2O3_wt": 0.040074948509510044
  }
}