{
  "y_test": [
    1.53,
    4.2,
    8.7,
    0.24,
    0.04,
    0.35,
    3.4,
    1.3,
    0.56,
    1.8,
    8.0,
    0.22,
    6.7,
    0.18,
    0.4,
    2.4,
    0.51,
    1.47,
    0.52,
    1.2,
    7.4,
    0.43,
    10.1,
    0.25,
    5.4,
    0.11,
    6.5,
    2.7,
    25.0,
    11.7,
    2.6,
    2.4,
    0.31,
    0.15,
    25.8,
    1.3,
    1.44,
    0.47,
    0.05,
    0.17,
    0.14,
    6.1,
    0.15,
    0.57,
    1.44
  ],
  "y_pred": [
    0.9760381357902084,
    5.4586630664886115,
    3.1695734781135134,
    0.2865868176599921,
    0.31343838306324473,
    2.214200522391351,
    3.5948494414778014,
    1.5536491295976018,
    0.44801655804346685,
    0.2512493748472962,
    3.6628451106876296,
    0.38742841309395243,
    2.484299078737968,
    0.3383091004930309,
    2.1763361494010502,
    1.360520157569146,
    0.9124286574213686,
    0.5412435590913248,
    0.24482526645074953,
    0.5501234574039999,
    2.8793654015745247,
    0.12070637433878556,
    3.505922806668212,
    0.4836851409025926,
    2.0878672594293275,
    0.1774292649272132,
    3.5884485367129617,
    0.5953310954552534,
    25.065026000991573,
    5.323032792069958,
    5.225070933471359,
    1.2233851187557743,
    8.113762116607576,
    3.4510177734431906,
    24.70118180079016,
    2.152778764032493,
    1.5141446590855012,
    0.3350364095870498,
    0.1687593008281163,
    0.33645176636058044,
    0.8169063065307144,
    4.775062450778489,
    0.7816487325935225,
    0.35135328089807877,
    0.18054324808362285
  ],
  "selected_features": [
    "Fe2O3T_wt",
    "SiO2_wt",
    "P2O5_tot_wt"
  ],
  "selected_models": [],
  "stacking_used": false,
  "stacked_model": true,
  "number_of_models": 1,
  "final_estimator": "knn",
  "final_estimator_params": {
    "knn_n": 8,
    "knn_weights": "distance"
  },
  "model_params": {
    "knn": {
      "knn_n": 8,
      "knn_weights": "distance"
    }
  },
  "use_random_split": true,
  "use_feature_selection": true,
  "model_name": "KNN-FS",
  "error_mean": 0.611587973494668,
  "error_sdev": 2.5183085271105323,
  "uncertainty_median": 4.223183043984607,
  "uncertainty_mad": 7.848621395674463,
  "uncertainty_measure": 185.8461097691192,
  "feature_importance": {
    "K2O_wt": -0.01555517288665354,
    "Fe2O3T_wt": 1.6933980796731425,
    "SiO2_wt": 0.025245793050672857
  }
}