{
  "y_test": [
    0.36,
    0.14,
    6.9,
    0.18,
    8.7,
    38.0,
    6.5,
    0.04,
    0.1,
    0.09,
    7.4,
    1.44,
    0.14,
    0.19,
    0.15,
    0.03,
    25.8,
    0.07,
    1.47,
    0.09,
    25.0,
    0.09,
    0.14,
    34.0,
    1.4,
    1.3,
    0.14,
    0.37,
    0.56,
    1.2,
    6.6,
    0.34,
    0.44,
    3.4,
    0.04,
    6.7,
    1.9,
    0.36,
    0.87,
    0.31,
    0.51,
    0.19,
    4.2,
    0.07,
    0.14
  ],
  "y_pred": [
    0.4539615676883244,
    3.570725781628852,
    -0.15287689239797686,
    0.48391687437495534,
    8.60468106328888,
    6.412147842372171,
    8.929133760887076,
    -0.20618525763116224,
    0.5308668521417346,
    -0.25283935009247926,
    8.549583090669366,
    0.9182471418916194,
    -2.8487701374230596,
    -0.20969366277041246,
    1.6585138345901456,
    -0.24369736927128116,
    18.663860858487624,
    0.0970815074350142,
    0.38078243706028303,
    -0.1280057966053576,
    19.639796518803774,
    11.793984275673225,
    -0.08828471509671942,
    28.97722057302786,
    4.906231974065047,
    2.953617666784048,
    0.29785005239575213,
    7.774367508822429,
    1.985030437292295,
    2.1408774605923497,
    7.091601775240143,
    2.9551814035246196,
    0.01005010111108362,
    6.337063680673147,
    -0.2613853473200578,
    3.9723136769854293,
    9.997202970261466,
    0.26048830403148315,
    1.7822061801759403,
    5.7253168345457865,
    2.1849054334763736,
    -2.2051289714916678,
    6.908755983783767,
    1.5655211498122057,
    5.498434849461464
  ],
  "selected_features": [
    "K2O_wt",
    "Fe2O3T_wt",
    "SiO2_wt",
    "Al2O3_wt"
  ],
  "selected_models": [],
  "stacking_used": false,
  "stacked_model": true,
  "number_of_models": 1,
  "final_estimator": "lr",
  "final_estimator_params": {},
  "model_params": {
    "lr": {}
  },
  "use_random_split": true,
  "use_feature_selection": true,
  "model_name": "LR-FS",
  "error_mean": 0.014341023934320971,
  "error_sdev": 5.955593524199464,
  "uncertainty_median": 4.340852741573938,
  "uncertainty_mad": 8.339660788544508,
  "uncertainty_measure": 192.1203340687538,
  "feature_importance": {
    "K2O_wt": 0.011107713413715551,
    "Fe2O3T_wt": 0.03156975972693307,
    "SiO2_wt": 1.1802013836585608,
    "Al2O3_wt": 0.08730592194021028
  }
}