{
  "y_test": [
    0.27,
    0.9,
    0.13,
    0.37,
    10.4,
    6.0,
    0.36,
    0.51,
    11.7,
    38.0,
    0.42,
    0.52,
    0.04,
    0.07,
    0.07,
    0.24,
    10.1,
    0.1,
    8.0,
    1.9,
    2.6,
    4.2,
    0.05,
    0.19,
    0.17,
    5.7,
    0.37,
    0.04,
    0.25,
    4.2,
    0.29,
    6.9,
    0.15,
    0.31,
    0.19,
    0.73,
    0.12,
    2.7,
    8.9,
    1.3,
    1.47,
    0.44,
    0.68,
    25.6,
    25.0
  ],
  "y_pred": [
    0.42605635632544536,
    2.456509751873779,
    0.0626881850092953,
    -0.10958088134275394,
    9.492407040831212,
    6.793810814982713,
    -1.5704416372981274,
    0.423860332576396,
    7.770072453757329,
    11.196038618352034,
    1.73884836384624,
    0.3724784595000985,
    0.540253336628202,
    -0.15459856354156376,
    1.0926585918916376,
    -0.9087504761092106,
    15.879779343172704,
    0.10304140089134797,
    5.561885051624395,
    2.543575723448017,
    4.144066530166034,
    0.6032340212719973,
    2.6992190267296845,
    -1.4403355531328241,
    -0.09974763025191903,
    5.561885051624395,
    0.33993667115257997,
    0.8621775277671455,
    0.5729732464626064,
    8.06307979768547,
    0.8621775277671455,
    1.7294623073063415,
    -0.43736320691257397,
    0.5765508767897031,
    0.7827087046968276,
    0.9934925552331565,
    1.1860044305354247,
    -0.5237129207566743,
    5.702707238917242,
    1.5424844161272668,
    0.6190388480143224,
    0.9788110792036316,
    0.8078606207102615,
    25.572112758815088,
    25.572112758815088
  ],
  "selected_features": [
    "K2O_wt",
    "SiO2_wt",
    "Al2O3_wt",
    "P2O5_tot_wt"
  ],
  "selected_models": [],
  "stacking_used": false,
  "stacked_model": true,
  "number_of_models": 1,
  "final_estimator": "lgbm",
  "final_estimator_params": {
    "lgbm_num_leaves": 56,
    "lgbm_lr": 0.26155679916881835,
    "lgbm_n_estimators": 166
  },
  "model_params": {
    "lgbm": {
      "lgbm_num_leaves": 56,
      "lgbm_lr": 0.26155679916881835,
      "lgbm_n_estimators": 166
    }
  },
  "use_random_split": true,
  "use_feature_selection": true,
  "model_name": "LGBM-FS",
  "error_mean": 0.7037438010854086,
  "error_sdev": 4.409526704486241,
  "uncertainty_median": 8.649805626666982,
  "uncertainty_mad": 4.547436971791862,
  "uncertainty_measure": 52.57270704178956,
  "feature_importance": {
    "K2O_wt": 0.0866882737279653,
    "Fe2O3T_wt": 0.11688380966941729,
    "SiO2_wt": 0.1531700801055582,
    "Al2O3_wt": 0.5034326102469574
  }
}