{
  "y_test": [
    1.9,
    1.44,
    0.09,
    2.4,
    0.68,
    0.42,
    34.0,
    25.6,
    2.6,
    0.27,
    25.0,
    0.18,
    0.24,
    6.3,
    0.32,
    1.47,
    0.74,
    1.4,
    0.41,
    1.3,
    6.7,
    0.87,
    0.15,
    1.53,
    0.46,
    6.5,
    1.2,
    2.4,
    0.37,
    0.04,
    0.35,
    1.8,
    0.25,
    0.19,
    0.34,
    11.7,
    0.14,
    0.1,
    0.04,
    0.18,
    0.1,
    5.1,
    0.37,
    4.2,
    0.27
  ],
  "y_pred": [
    9.070884477926187,
    0.21901280267155565,
    8.008950584557295,
    1.048211902290011,
    0.9599093400085903,
    2.146282076066477,
    26.22113318652864,
    26.035198577636866,
    3.7106481701661878,
    0.27681352609382026,
    25.46224100760371,
    0.17204103174479446,
    0.4264396915471247,
    6.85540511172601,
    0.7174881315208101,
    0.1872719595714103,
    0.4542199291543576,
    1.9417646646908437,
    0.5010715691787317,
    3.6677445881715665,
    6.395117715854522,
    0.3991059497665588,
    0.6249474545450262,
    0.9397508783880917,
    1.6161562986608093,
    8.817663045662039,
    0.4062772874799121,
    0.6289830545222101,
    0.5611200794219449,
    0.05530019803930619,
    0.6482997344702186,
    1.8422658264492242,
    2.884215381694993,
    0.10927442768910423,
    0.16717779414502676,
    11.898602568695328,
    0.6407131729987037,
    0.36550618265351664,
    0.22437817995777332,
    0.2659153833760479,
    0.20573235277220148,
    3.2918920096374205,
    10.848473064584814,
    5.687284914985389,
    1.4204387117203434
  ],
  "selected_features": [
    "K2O_wt",
    "Fe2O3T_wt",
    "SiO2_wt",
    "P2O5_tot_wt"
  ],
  "selected_models": [],
  "stacking_used": false,
  "stacked_model": true,
  "number_of_models": 1,
  "final_estimator": "gpr",
  "final_estimator_params": {
    "gpr_nu": 0.5,
    "gpr_const": 0.6606901627939561,
    "gpr_length_scale": 9.299947052517794,
    "gpr_alpha": 8.905804188778047e-09
  },
  "model_params": {
    "gpr": {
      "gpr_nu": 0.5,
      "gpr_const": 0.6606901627939561,
      "gpr_length_scale": 9.299947052517794,
      "gpr_alpha": 8.905804188778047e-09
    }
  },
  "use_random_split": true,
  "use_feature_selection": true,
  "model_name": "GPR-FS",
  "error_mean": -0.598162755489456,
  "error_sdev": 2.6550704638438503,
  "uncertainty_median": 8.698967520332307,
  "uncertainty_mad": 8.8713541820457,
  "uncertainty_measure": 101.98169106058242,
  "feature_importance": {
    "K2O_wt": -0.00226762297126301,
    "Fe2O3T_wt": 0.05614988017726734,
    "SiO2_wt": 1.719994866810944,
    "Al2O3_wt": 0.025684936594759126
  }
}