{
  "y_test": [
    11.7,
    0.31,
    0.36,
    0.25,
    25.6,
    2.4,
    0.19,
    0.41,
    0.11,
    0.14,
    0.29,
    0.37,
    0.05,
    1.3,
    0.16,
    0.12,
    0.15,
    0.35,
    0.19,
    0.34,
    0.13,
    1.44,
    1.44,
    0.4,
    34.0,
    0.52,
    4.5,
    1.3,
    6.9,
    0.02,
    1.2,
    1.9,
    4.2,
    6.1,
    0.12,
    8.0,
    0.74,
    6.3,
    0.17,
    0.4,
    0.27,
    0.04,
    1.4,
    24.5,
    0.27
  ],
  "y_pred": [
    6.71134614944458,
    2.6050350666046143,
    0.3843928873538971,
    0.2432709038257599,
    25.381214141845703,
    2.1142609119415283,
    0.18371832370758057,
    1.0202438831329346,
    0.2039562165737152,
    11.05169677734375,
    1.0012913942337036,
    0.4663766026496887,
    0.23186500370502472,
    1.4679672718048096,
    0.17886945605278015,
    0.2538321614265442,
    0.29910847544670105,
    0.92969810962677,
    0.18496555089950562,
    0.6661006808280945,
    0.13486899435520172,
    0.3054787516593933,
    0.21672533452510834,
    0.6037848591804504,
    25.931455612182617,
    0.18152374029159546,
    5.937949180603027,
    1.837581753730774,
    1.439333200454712,
    1.7955594062805176,
    0.5827860236167908,
    1.5269262790679932,
    26.723876953125,
    4.817397594451904,
    2.691345453262329,
    5.947534561157227,
    0.6277902126312256,
    7.781530857086182,
    0.4939255118370056,
    0.1842004954814911,
    0.30653056502342224,
    0.8998892307281494,
    1.8854538202285767,
    25.626611709594727,
    0.9855022430419922
  ],
  "selected_features": [
    "SiO2_wt",
    "Al2O3_wt",
    "P2O5_tot_wt"
  ],
  "selected_models": [],
  "stacking_used": false,
  "stacked_model": true,
  "number_of_models": 1,
  "final_estimator": "xgb",
  "final_estimator_params": {
    "xgb_n_estimators": 279,
    "xgb_lr": 0.011776001535099292,
    "xgb_max_depth": 5,
    "xgb_subsample": 0.8922054070636325,
    "xgb_colsample": 0.9961558829397349
  },
  "model_params": {
    "xgb": {
      "xgb_n_estimators": 279,
      "xgb_lr": 0.011776001535099292,
      "xgb_max_depth": 5,
      "xgb_subsample": 0.8922054070636325,
      "xgb_colsample": 0.9961558829397349
    }
  },
  "use_random_split": true,
  "use_feature_selection": true,
  "model_name": "XGB-FS",
  "error_mean": -0.5332171624898911,
  "error_sdev": 4.174587498214617,
  "uncertainty_median": 8.501070022583008,
  "uncertainty_mad": 6.079195022583008,
  "uncertainty_measure": 71.51093928686255,
  "feature_importance": {
    "K2O_wt": 0.3919101031966901,
    "Fe2O3T_wt": 0.055987854066982284,
    "SiO2_wt": 0.3201684461417526
  }
}