{
  "y_test": [
    7.0,
    0.51,
    0.14,
    0.18,
    24.5,
    1.3,
    0.56,
    0.29,
    0.87,
    0.36,
    0.27,
    1.3,
    8.0,
    0.13,
    0.05,
    0.34,
    0.07,
    0.17,
    29.4,
    0.25,
    0.24,
    6.3,
    25.6,
    2.4,
    1.8,
    4.2,
    0.1,
    6.6,
    0.17,
    0.04,
    5.4,
    0.14,
    0.43,
    0.14,
    2.4,
    0.37,
    0.04,
    1.9,
    1.0,
    1.3,
    25.8,
    4.2,
    0.4,
    0.35,
    1.44
  ],
  "y_pred": [
    8.318845835559324,
    0.26401988250881064,
    0.23240081535876567,
    0.21731841192955603,
    25.421812557842898,
    3.6990432170753706,
    0.14648510186079533,
    0.37863019327388786,
    0.718677506219518,
    0.26070107244384705,
    0.6910429440235548,
    2.0907040353685082,
    3.720819248189411,
    0.3819605200417873,
    0.2823542130232605,
    0.3505718882030586,
    3.562187899901964,
    0.2250119384980403,
    17.545500407774252,
    0.3491844496872913,
    0.4012859984374399,
    7.014284522467997,
    25.28692507886894,
    1.7210654104654879,
    1.806110840828343,
    9.477351762922066,
    0.2393597701330187,
    7.870109380481023,
    0.22495512213020694,
    0.12735890654179055,
    2.3325429878958426,
    11.818954411138671,
    0.12654004002122823,
    0.17917948803261236,
    0.3476089502186337,
    1.093360342914619,
    0.5223266315694758,
    2.554915957314196,
    2.1980599458514964,
    0.5598950638675076,
    22.770009977959493,
    4.316546735776027,
    1.134117579102683,
    4.2275753477897915,
    3.5205552348526314
  ],
  "selected_features": [
    "K2O_wt",
    "Fe2O3T_wt",
    "SiO2_wt",
    "Al2O3_wt",
    "P2O5_tot_wt"
  ],
  "selected_models": [],
  "stacking_used": false,
  "stacked_model": true,
  "number_of_models": 1,
  "final_estimator": "knn",
  "final_estimator_params": {
    "knn_n": 7,
    "knn_weights": "distance"
  },
  "model_params": {
    "knn": {
      "knn_n": 7,
      "knn_weights": "distance"
    }
  },
  "use_random_split": true,
  "use_feature_selection": false,
  "model_name": "KNN",
  "error_mean": -0.27285039169700276,
  "error_sdev": 2.977998688683242,
  "uncertainty_median": 5.99780807945241,
  "uncertainty_mad": 6.686634359822604,
  "uncertainty_measure": 111.48463357355514,
  "feature_importance": {
    "K2O_wt": -0.006210850205013701,
    "Fe2O3T_wt": -0.019315733425400425,
    "SiO2_wt": 1.6443183539173591,
    "Al2O3_wt": 0.01937589977183969,
    "P2O5_tot_wt": 0.00016504222651453349
  }
}