{
  "y_test": [
    0.52,
    2.7,
    0.47,
    7.0,
    1.3,
    1.53,
    0.25,
    4.2,
    6.7,
    1.9,
    0.21,
    0.25,
    0.22,
    0.19,
    1.0,
    0.27,
    0.17,
    6.9,
    8.7,
    1.4,
    0.36,
    1.44,
    0.14,
    24.5,
    0.19,
    0.19,
    6.0,
    4.2,
    1.47,
    0.03,
    6.2,
    1.18,
    0.57,
    0.29,
    6.2,
    3.4,
    1.9,
    0.04,
    1.3,
    0.23,
    5.1,
    0.84,
    1.2,
    6.5,
    0.09
  ],
  "y_pred": [
    0.21626153978267265,
    3.3046574225774212,
    0.3386743203290657,
    7.250466666666665,
    2.1015458749583744,
    0.46078012432012466,
    0.24704156909199873,
    6.134613160173157,
    6.880833333333331,
    3.1165274225774215,
    0.31293589417042905,
    0.21003028309818064,
    0.38914027895231373,
    1.0530787391032734,
    0.8973283591408594,
    2.3945622710622714,
    0.4801079429810507,
    6.9308333333333305,
    10.362066666666669,
    2.015069684482184,
    0.33222168875011837,
    1.3593812301587302,
    0.20947700084153575,
    28.455000000000005,
    0.20391572356325846,
    0.3787967950765406,
    5.643936969696969,
    8.96535,
    1.1092264682539688,
    0.1695424908465727,
    5.303756666666666,
    0.7756203968253971,
    0.26895954855494614,
    0.38718393772893767,
    7.688499999999997,
    3.278193613053611,
    2.5751774225774215,
    0.2007634277479627,
    0.6279962860008209,
    0.27738761426374714,
    5.759613160173159,
    0.567792116818909,
    0.6824562860008209,
    10.362066666666669,
    0.2368857415452764
  ],
  "selected_features": [
    "K2O_wt",
    "Al2O3_wt",
    "P2O5_tot_wt"
  ],
  "selected_models": [],
  "stacking_used": false,
  "stacked_model": true,
  "number_of_models": 1,
  "final_estimator": "et",
  "final_estimator_params": {
    "et_n_estimators": 50,
    "et_max_depth": 10,
    "et_min_samples_split": 5,
    "et_min_samples_leaf": 1,
    "et_bootstrap": false
  },
  "model_params": {
    "et": {
      "et_n_estimators": 50,
      "et_max_depth": 10,
      "et_min_samples_split": 5,
      "et_min_samples_leaf": 1,
      "et_bootstrap": false
    }
  },
  "use_random_split": true,
  "use_feature_selection": true,
  "model_name": "ET-FS",
  "error_mean": -0.47723902530250734,
  "error_sdev": 1.2107448105161625,
  "uncertainty_median": 9.17425833333333,
  "uncertainty_mad": 4.319692147761569,
  "uncertainty_measure": 47.084919465005655,
  "feature_importance": {
    "K2O_wt": 0.19166089415498416,
    "Fe2O3T_wt": 0.40683759307382156,
    "SiO2_wt": 1.8540472334086993
  }
}