{
  "y_test": [
    0.19,
    0.04,
    1.44,
    5.4,
    0.12,
    0.35,
    0.47,
    0.19,
    10.4,
    6.7,
    0.16,
    0.04,
    0.25,
    0.27,
    34.0,
    0.04,
    2.4,
    0.04,
    6.9,
    0.21,
    4.2,
    0.34,
    0.43,
    6.3,
    6.2,
    3.4,
    4.5,
    0.12,
    1.4,
    31.8,
    0.62,
    1.0,
    0.07,
    0.57,
    0.68,
    2.6,
    0.07,
    0.18,
    1.5,
    0.15,
    0.04,
    0.04,
    0.17,
    0.15,
    0.05
  ],
  "y_pred": [
    -0.08565384894609451,
    2.1361331939697266,
    -0.020873351022601128,
    4.741913795471191,
    0.45598915219306946,
    0.09849701821804047,
    0.3717817962169647,
    0.7791639566421509,
    12.855206489562988,
    4.084653854370117,
    -0.05139285698533058,
    2.7902774810791016,
    0.20751361548900604,
    1.6891478300094604,
    25.37898063659668,
    -0.05610157921910286,
    2.1744937896728516,
    -0.5784992575645447,
    4.733901500701904,
    -0.09948171675205231,
    5.77060079574585,
    0.09560336917638779,
    -0.11242369562387466,
    4.287075996398926,
    7.157719135284424,
    2.4544079303741455,
    7.7158122062683105,
    2.162968873977661,
    1.5759167671203613,
    25.25665283203125,
    0.6656778454780579,
    1.1742892265319824,
    0.010788427665829659,
    0.48180079460144043,
    0.6500696539878845,
    0.5744912624359131,
    -0.048422425985336304,
    -0.13152745366096497,
    2.7679872512817383,
    0.20245549082756042,
    0.05830703303217888,
    -0.5138395428657532,
    1.8165106773376465,
    2.0382931232452393,
    14.548951148986816
  ],
  "selected_features": [
    "K2O_wt",
    "Fe2O3T_wt",
    "SiO2_wt",
    "Al2O3_wt",
    "P2O5_tot_wt"
  ],
  "selected_models": [],
  "stacking_used": false,
  "stacked_model": true,
  "number_of_models": 1,
  "final_estimator": "xgb",
  "final_estimator_params": {
    "xgb_n_estimators": 91,
    "xgb_lr": 0.20087054336493193,
    "xgb_max_depth": 7,
    "xgb_subsample": 0.6018290883524169,
    "xgb_colsample": 0.7375413866001056
  },
  "model_params": {
    "xgb": {
      "xgb_n_estimators": 91,
      "xgb_lr": 0.20087054336493193,
      "xgb_max_depth": 7,
      "xgb_subsample": 0.6018290883524169,
      "xgb_colsample": 0.7375413866001056
    }
  },
  "use_random_split": true,
  "use_feature_selection": true,
  "model_name": "XGB-FS",
  "error_mean": -0.1350181827412711,
  "error_sdev": 3.005722646143161,
  "uncertainty_median": 11.277685165405273,
  "uncertainty_mad": 5.319625377655029,
  "uncertainty_measure": 47.16947937129139,
  "feature_importance": {
    "K2O_wt": 0.06826470057824023,
    "Fe2O3T_wt": 0.0029837829171752693,
    "SiO2_wt": 0.43741353573844244,
    "Al2O3_wt": 0.050118859614969306,
    "P2O5_tot_wt": 0.6070040569285025
  }
}