{
  "y_test": [
    1.3,
    24.5,
    0.51,
    0.25,
    0.04,
    6.2,
    1.53,
    0.17,
    0.07,
    0.1,
    0.19,
    1.4,
    0.04,
    10.4,
    0.18,
    0.36,
    0.09,
    0.14,
    0.27,
    0.14,
    0.07,
    0.22,
    6.9,
    0.14,
    0.05,
    0.15,
    2.4,
    31.8,
    0.29,
    1.44,
    38.0,
    1.5,
    0.12,
    1.18,
    0.14,
    0.29,
    6.2,
    1.2,
    2.4,
    1.3,
    1.9,
    2.7,
    1.8,
    6.5,
    8.7
  ],
  "y_pred": [
    0.35253804347826045,
    23.833731884057972,
    0.31631896997929604,
    0.1848777173913043,
    0.3115778985507248,
    4.042910326086949,
    0.4335271739130433,
    0.26599456521739145,
    0.31515036231884075,
    0.3510326086956518,
    0.23646150362318832,
    1.3684394409937901,
    0.22290760869565207,
    9.420326086956527,
    0.3301272644927536,
    0.32363768115941993,
    0.34242300724637686,
    0.2673049948240166,
    1.2923614130434788,
    0.2901605848861286,
    0.32694319358178037,
    0.35026889233954467,
    1.5468822463768122,
    0.49066394927536267,
    0.24395011645962708,
    0.32585233350586623,
    2.3678161231884043,
    25.921081780538305,
    0.2821582556935816,
    0.8802192028985513,
    4.244694746376804,
    1.2408088768115955,
    0.17727587991718433,
    0.5433152173913036,
    0.4218414855072459,
    0.3912970367494817,
    7.917699275362319,
    0.18888677536231885,
    1.9998749999999992,
    0.9394763198757766,
    5.424807194616975,
    2.18884420289855,
    4.658748188405794,
    8.564583333333335,
    8.43695652173913
  ],
  "selected_features": [
    "SiO2_wt",
    "P2O5_tot_wt"
  ],
  "selected_models": [],
  "stacking_used": false,
  "stacked_model": true,
  "number_of_models": 1,
  "final_estimator": "et",
  "final_estimator_params": {
    "et_n_estimators": 184,
    "et_max_depth": 17,
    "et_min_samples_split": 3,
    "et_min_samples_leaf": 1,
    "et_bootstrap": true
  },
  "model_params": {
    "et": {
      "et_n_estimators": 184,
      "et_max_depth": 17,
      "et_min_samples_split": 3,
      "et_min_samples_leaf": 1,
      "et_bootstrap": true
    }
  },
  "use_random_split": true,
  "use_feature_selection": true,
  "model_name": "ET-FS",
  "error_mean": 0.9042943270263019,
  "error_sdev": 5.2354977956427025,
  "uncertainty_median": 6.036250000000005,
  "uncertainty_mad": 4.5834661834724395,
  "uncertainty_measure": 75.93234513932384,
  "feature_importance": {
    "K2O_wt": 0.5451355550777204,
    "Fe2O3T_wt": 0.2120925072356794
  }
}