{
  "y_test": [
    1.2,
    0.46,
    0.23,
    34.0,
    3.4,
    6.9,
    0.34,
    22.1,
    0.4,
    0.68,
    0.73,
    0.21,
    0.17,
    0.1,
    0.04,
    0.04,
    0.47,
    1.4,
    0.15,
    8.7,
    0.35,
    2.4,
    0.19,
    1.5,
    5.1,
    3.8,
    0.09,
    0.14,
    1.3,
    0.04,
    10.1,
    29.4,
    8.0,
    0.43,
    0.36,
    0.04,
    0.14,
    0.4,
    1.18,
    0.05,
    4.5,
    6.1,
    1.3,
    1.9,
    0.19
  ],
  "y_pred": [
    1.8383741606509147,
    1.3642613984817633,
    0.4105254893072598,
    24.613434373566662,
    2.683359448124484,
    0.9558915177862004,
    0.2512901387617191,
    24.5853721767688,
    0.4976546303099378,
    0.5914455110832698,
    0.7782791638532705,
    1.1016461041810177,
    1.0101442764002422,
    0.14610717740590748,
    -1.1501981566343793,
    8.186929947012954,
    0.39010725351430503,
    0.8681625494191185,
    -0.08143361543761544,
    15.234845693733389,
    0.05966931977961431,
    0.8003680194382898,
    1.2232054549985638,
    0.7854888800241904,
    8.033038574466534,
    7.968957113136631,
    4.044747836515846,
    1.2143875157055621,
    2.2718388846764075,
    1.1016461041810177,
    23.762808588864942,
    15.234845693733389,
    6.412037996898261,
    1.1016461041810177,
    0.44121673056436517,
    0.21659466110904627,
    1.267636287950298,
    1.1016461041810177,
    0.7295058852204276,
    0.4348909542088919,
    8.033038574466534,
    7.879795793485462,
    0.7892428517950454,
    1.6799378685143975,
    1.2910344942558227
  ],
  "selected_features": [
    "K2O_wt",
    "Fe2O3T_wt",
    "SiO2_wt",
    "Al2O3_wt",
    "P2O5_tot_wt"
  ],
  "selected_models": [],
  "stacking_used": false,
  "stacked_model": true,
  "number_of_models": 1,
  "final_estimator": "lgbm",
  "final_estimator_params": {
    "lgbm_num_leaves": 38,
    "lgbm_lr": 0.05886602275017394,
    "lgbm_n_estimators": 242
  },
  "model_params": {
    "lgbm": {
      "lgbm_num_leaves": 38,
      "lgbm_lr": 0.05886602275017394,
      "lgbm_n_estimators": 242
    }
  },
  "use_random_split": true,
  "use_feature_selection": false,
  "model_name": "LGBM",
  "error_mean": -0.47634278956979564,
  "error_sdev": 3.9664372972754776,
  "uncertainty_median": 9.193680650613597,
  "uncertainty_mad": 6.99958988952982,
  "uncertainty_measure": 76.13479470882707,
  "feature_importance": {
    "K2O_wt": 0.4034447813476254,
    "Fe2O3T_wt": 0.005651148454732281,
    "SiO2_wt": 0.02086455654460496,
    "Al2O3_wt": 0.01419105529856029,
    "P2O5_tot_wt": 1.0886556896704151
  }
}