{
  "y_test": [
    0.05,
    0.23,
    0.04,
    2.4,
    1.47,
    31.8,
    0.14,
    0.74,
    0.29,
    0.19,
    0.17,
    2.6,
    1.4,
    2.4,
    0.56,
    0.02,
    1.3,
    0.62,
    1.4,
    4.2,
    0.52,
    0.1,
    5.1,
    6.5,
    22.1,
    0.84,
    0.27,
    25.6,
    0.68,
    10.4,
    0.44,
    0.25,
    8.0,
    2.4,
    0.29,
    0.15,
    0.18,
    0.17,
    0.09,
    29.4,
    1.8,
    0.27,
    0.9,
    6.9,
    0.04
  ],
  "y_pred": [
    0.055796895016755714,
    0.19493975028909083,
    0.14,
    1.019883725351678,
    0.3632988714115142,
    27.55246831415942,
    0.08468942902340369,
    0.9360891745487819,
    2.16344540487608,
    0.1455734841680995,
    0.14495555204334074,
    3.304654816000278,
    2.30277208253728,
    2.6399699843381814,
    0.0975093996920118,
    0.3134968279946702,
    1.2999999999999998,
    1.107653294352413,
    1.2072949016875172,
    2.6502196540069134,
    0.11932530855900737,
    0.33539024425613195,
    3.5766152131148643,
    8.452033359220291,
    25.6519351417755,
    0.37409098144776165,
    0.7937476222143048,
    30.2,
    1.4767321869420162,
    0.23390828440593364,
    0.032553967929896885,
    0.13780776406404527,
    5.903581240114333,
    0.3400180515120291,
    0.06095254850690093,
    0.3785714285714287,
    0.19426406871192928,
    0.34468871125850736,
    0.2707088767942006,
    9.39268346919626,
    4.0440093964702175,
    0.03714285714285704,
    1.6626683454351592,
    1.3213843857765035,
    0.1127196315662591
  ],
  "selected_features": [
    "Al2O3_wt",
    "P2O5_tot_wt"
  ],
  "selected_models": [],
  "stacking_used": false,
  "stacked_model": true,
  "number_of_models": 1,
  "final_estimator": "knn",
  "final_estimator_params": {
    "knn_n": 2,
    "knn_weights": "distance"
  },
  "model_params": {
    "knn": {
      "knn_n": 2,
      "knn_weights": "distance"
    }
  },
  "use_random_split": true,
  "use_feature_selection": true,
  "model_name": "KNN-FS",
  "error_mean": 0.7163945634114719,
  "error_sdev": 3.6824574418825153,
  "uncertainty_median": 8.05898844076415,
  "uncertainty_mad": 5.547593301414181,
  "uncertainty_measure": 68.83734034600701,
  "feature_importance": {
    "K2O_wt": 1.2435895502210828,
    "Fe2O3T_wt": 0.33948905811680885
  }
}