{
  "y_test": [
    0.23,
    0.22,
    0.4,
    6.9,
    8.9,
    0.4,
    0.62,
    0.15,
    7.4,
    0.02,
    0.04,
    0.12,
    0.14,
    10.4,
    0.04,
    1.3,
    0.42,
    6.5,
    1.53,
    0.14,
    1.3,
    0.14,
    25.6,
    0.1,
    0.51,
    0.32,
    4.2,
    0.16,
    0.4,
    6.2,
    0.73,
    11.7,
    0.11,
    6.3,
    2.4,
    0.21,
    0.14,
    2.7,
    1.5,
    6.1,
    0.04,
    10.1,
    24.5,
    0.09,
    0.87
  ],
  "y_pred": [
    0.1340102664175082,
    0.3052070436733855,
    0.22823353695020315,
    5.298515294168195,
    2.0699543443420887,
    0.3524020134274106,
    0.34741446963620154,
    0.6116128953100238,
    8.262675338813786,
    0.21184329217755712,
    0.20447892733769074,
    12.908436721720287,
    19.421654601638707,
    3.6790535895930128,
    0.26347176905048714,
    4.957064105666422,
    4.447405153807327,
    8.301289159089798,
    0.215673062834514,
    0.1312058325973796,
    2.0351818369642016,
    0.13271157948088497,
    27.334243887491958,
    0.3923500737355621,
    0.2369595558053146,
    0.3020751994193284,
    4.021751684760912,
    0.1261966699154304,
    0.21677291843580282,
    5.873140458447728,
    0.4218966919227753,
    3.5214561672290956,
    0.6433867344057522,
    12.057109498006973,
    3.2517388748020353,
    0.7516978253711877,
    1.1170907436473454,
    0.41936945142911,
    0.4282188932362901,
    4.065813350829495,
    0.2309660452375671,
    8.166495057030552,
    27.313741455483438,
    5.71072773924533,
    0.23977321128647394
  ],
  "selected_features": [
    "K2O_wt",
    "Fe2O3T_wt",
    "SiO2_wt",
    "Al2O3_wt",
    "P2O5_tot_wt"
  ],
  "selected_models": [],
  "stacking_used": false,
  "stacked_model": true,
  "number_of_models": 1,
  "final_estimator": "knn",
  "final_estimator_params": {
    "knn_n": 3,
    "knn_weights": "distance"
  },
  "model_params": {
    "knn": {
      "knn_n": 3,
      "knn_weights": "distance"
    }
  },
  "feature_names": [
    "K2O_wt",
    "Fe2O3T_wt",
    "SiO2_wt",
    "Al2O3_wt",
    "P2O5_tot_wt"
  ],
  "use_random_split": true,
  "use_feature_selection": false,
  "model_name": "KNN",
  "error_mean": -0.6460548227082783,
  "error_sdev": 4.282964900329824,
  "uncertainty_median": 3.593435131421451,
  "uncertainty_mad": 5.18731908103834,
  "uncertainty_measure": 144.35543960929658,
  "feature_importance": {
    "K2O_wt": -0.010852749058814136,
    "Fe2O3T_wt": 0.06840107200850451,
    "SiO2_wt": 1.6676472533332984,
    "Al2O3_wt": -0.13703128804562772,
    "P2O5_tot_wt": -0.0016005461055643045
  },
  "run": 4
}