{
  "y_test": [
    7.0,
    0.25,
    8.0,
    0.05,
    1.53,
    0.44,
    4.2,
    38.0,
    1.2,
    0.36,
    0.4,
    0.04,
    5.1,
    6.7,
    0.12,
    1.4,
    0.68,
    0.09,
    0.37,
    0.04,
    2.6,
    6.7,
    0.19,
    25.6,
    6.2,
    0.14,
    0.36,
    0.02,
    0.21,
    29.4,
    1.8,
    0.14,
    0.32,
    0.05,
    0.12,
    0.15,
    1.3,
    6.9,
    0.12,
    0.15,
    0.17,
    5.4,
    0.19,
    2.4,
    5.7
  ],
  "y_pred": [
    4.647831992249706,
    0.38704838747832593,
    2.33616365919701,
    15.648782490559414,
    1.200702914222794,
    0.23252789794953843,
    5.521264431835204,
    1.217545918299288,
    1.335644612918085,
    0.38209447747120695,
    0.46090205493380854,
    0.23666235820471737,
    3.503601119697124,
    4.293859018524331,
    3.3686686092109444,
    1.625001213506804,
    1.2252923061965881,
    8.050245824869258,
    0.41995000449876185,
    0.08340734692293328,
    5.445212393365088,
    6.831457910900656,
    0.7339885142976215,
    27.757087930575008,
    3.326306579681459,
    0.1361815960753714,
    0.21472349943458058,
    0.431375230411402,
    0.46640455735969955,
    21.296727836991362,
    0.7796648842052023,
    0.1677356301681039,
    0.9174989310212589,
    0.23991573125000265,
    0.2968906172034833,
    0.20195997468985016,
    2.2025713199049672,
    1.1136019525180432,
    1.0606275459640302,
    1.4739748264271917,
    0.27817858624987446,
    2.0861068142396513,
    0.21263835927679642,
    0.860076951234336,
    1.8952988763252294
  ],
  "selected_features": [
    "K2O_wt",
    "Fe2O3T_wt",
    "SiO2_wt",
    "Al2O3_wt",
    "P2O5_tot_wt"
  ],
  "selected_models": [],
  "stacking_used": false,
  "stacked_model": true,
  "number_of_models": 1,
  "final_estimator": "gpr",
  "final_estimator_params": {
    "gpr_nu": 0.5,
    "gpr_const": 6.604896577648063,
    "gpr_length_scale": 5.804178449988653,
    "gpr_alpha": 0.009798937995474575
  },
  "model_params": {
    "gpr": {
      "gpr_nu": 0.5,
      "gpr_const": 6.604896577648063,
      "gpr_length_scale": 5.804178449988653,
      "gpr_alpha": 0.009798937995474575
    }
  },
  "use_random_split": true,
  "use_feature_selection": false,
  "model_name": "GPR",
  "error_mean": 0.7932576958107532,
  "error_sdev": 6.47308522477171,
  "uncertainty_median": 6.83803918446497,
  "uncertainty_mad": 6.968598714677525,
  "uncertainty_measure": 101.90931240214546,
  "feature_importance": {
    "K2O_wt": -0.004139157803329966,
    "Fe2O3T_wt": 0.003196787191675785,
    "SiO2_wt": 0.6975636798647448,
    "Al2O3_wt": -0.03937971011667627,
    "P2O5_tot_wt": 0.020193696745833538
  }
}