{
  "y_test": [
    0.04,
    2.4,
    0.29,
    0.29,
    0.42,
    1.4,
    0.1,
    6.6,
    0.36,
    0.07,
    0.04,
    0.31,
    4.5,
    38.0,
    2.6,
    0.52,
    3.8,
    0.27,
    6.2,
    11.7,
    0.16,
    0.14,
    1.44,
    0.4,
    0.04,
    2.4,
    5.1,
    0.21,
    0.05,
    0.07,
    1.47,
    0.09,
    0.56,
    25.6,
    0.44,
    0.57,
    0.37,
    6.0,
    0.19,
    10.1,
    0.17,
    6.2,
    1.5,
    5.4,
    6.7
  ],
  "y_pred": [
    -0.2361373007297516,
    0.6801092028617859,
    0.10076239705085754,
    1.441275715827942,
    0.4789239466190338,
    1.3673133850097656,
    0.33662867546081543,
    5.786813259124756,
    0.1061536967754364,
    0.013211239129304886,
    0.5209439992904663,
    0.3778783679008484,
    8.517589569091797,
    2.6342077255249023,
    1.4742988348007202,
    0.08000966906547546,
    4.992482662200928,
    1.428561806678772,
    7.914546489715576,
    11.157417297363281,
    0.05854785069823265,
    -0.1284315586090088,
    0.08225973695516586,
    0.21671245992183685,
    0.28756844997406006,
    4.114044666290283,
    4.303307056427002,
    0.26436468958854675,
    22.571117401123047,
    0.5801746845245361,
    0.2618720233440399,
    -0.08637375384569168,
    -0.4121963679790497,
    26.291967391967773,
    0.27807360887527466,
    0.5349769592285156,
    0.5842230916023254,
    5.246360778808594,
    0.2537970244884491,
    8.182760238647461,
    0.43561166524887085,
    4.295665740966797,
    0.8314030170440674,
    3.5196123123168945,
    7.614064693450928
  ],
  "selected_features": [
    "K2O_wt",
    "Fe2O3T_wt",
    "SiO2_wt",
    "Al2O3_wt",
    "P2O5_tot_wt"
  ],
  "selected_models": [],
  "stacking_used": false,
  "stacked_model": true,
  "number_of_models": 1,
  "final_estimator": "xgb",
  "final_estimator_params": {
    "xgb_n_estimators": 219,
    "xgb_lr": 0.24430139651419466,
    "xgb_max_depth": 3,
    "xgb_subsample": 0.6855309269834696,
    "xgb_colsample": 0.6825262047087847
  },
  "model_params": {
    "xgb": {
      "xgb_n_estimators": 219,
      "xgb_lr": 0.24430139651419466,
      "xgb_max_depth": 3,
      "xgb_subsample": 0.6855309269834696,
      "xgb_colsample": 0.6825262047087847
    }
  },
  "use_random_split": true,
  "use_feature_selection": false,
  "model_name": "XGB",
  "error_mean": 0.3539005666706298,
  "error_sdev": 6.40123016110533,
  "uncertainty_median": 9.400522232055664,
  "uncertainty_mad": 5.7772135734558105,
  "uncertainty_measure": 61.45630456311867,
  "feature_importance": {
    "K2O_wt": -0.052109141427728906,
    "Fe2O3T_wt": -0.027294168662783735,
    "SiO2_wt": 0.19729464033266386,
    "Al2O3_wt": 0.007517810556794483,
    "P2O5_tot_wt": 0.24311370507863908
  }
}