{
  "y_test": [
    0.21,
    0.07,
    0.44,
    1.2,
    6.9,
    11.7,
    0.04,
    8.9,
    6.7,
    2.4,
    0.17,
    0.24,
    6.1,
    6.2,
    0.16,
    6.6,
    6.9,
    24.5,
    0.9,
    0.21,
    31.8,
    0.04,
    1.44,
    4.5,
    0.18,
    8.0,
    0.56,
    0.35,
    4.2,
    0.37,
    0.19,
    1.8,
    5.7,
    1.44,
    0.14,
    1.9,
    10.1,
    1.4,
    0.14,
    0.47,
    5.1,
    8.7,
    1.47,
    0.1,
    7.4
  ],
  "y_pred": [
    0.1837420422107664,
    0.22655474422133348,
    0.2404803038887601,
    0.6420550575559508,
    1.256010347240507,
    10.901307142857153,
    0.23023037572599056,
    10.723848214285706,
    6.656363095238093,
    1.0306705290523288,
    0.28668512397888246,
    0.3051222693181773,
    5.158860119047622,
    6.766321428571422,
    0.21846572335394437,
    6.437864795918359,
    6.458357142857141,
    25.79610119047621,
    1.1955645828895811,
    0.8187973191484389,
    28.31202380952382,
    0.34663125095200764,
    0.8897286394093363,
    7.422264880952378,
    0.18529595850824962,
    6.547238095238097,
    0.5105450552990107,
    0.5511322360106834,
    5.184127976190479,
    0.42450887254299147,
    0.4023161141845198,
    9.049166666666673,
    6.742217261904765,
    0.19053960512456525,
    0.29776082938459003,
    1.4552085770916123,
    8.478053571428559,
    1.326857641262248,
    0.1724163628645972,
    0.3647763956692419,
    4.79505654761905,
    7.052089285714277,
    0.848337892364905,
    0.3410015938086713,
    6.644537414965979
  ],
  "selected_features": [
    "K2O_wt",
    "Fe2O3T_wt",
    "SiO2_wt",
    "Al2O3_wt",
    "P2O5_tot_wt"
  ],
  "selected_models": [],
  "stacking_used": false,
  "stacked_model": true,
  "number_of_models": 1,
  "final_estimator": "et",
  "final_estimator_params": {
    "et_n_estimators": 280,
    "et_max_depth": 9,
    "et_min_samples_split": 4,
    "et_min_samples_leaf": 1,
    "et_bootstrap": false
  },
  "model_params": {
    "et": {
      "et_n_estimators": 280,
      "et_max_depth": 9,
      "et_min_samples_split": 4,
      "et_min_samples_leaf": 1,
      "et_bootstrap": false
    }
  },
  "use_random_split": true,
  "use_feature_selection": false,
  "model_name": "ET",
  "error_mean": 0.08806146483294061,
  "error_sdev": 1.7023472737699448,
  "uncertainty_median": 9.566700297619041,
  "uncertainty_mad": 4.2116834165530825,
  "uncertainty_measure": 44.0244105650648,
  "feature_importance": {
    "K2O_wt": 0.06098417727207388,
    "Fe2O3T_wt": 0.043212380741623584,
    "SiO2_wt": 0.43972683385573413,
    "Al2O3_wt": 0.0898594767282378,
    "P2O5_tot_wt": 0.7095839082341984
  }
}