{
  "y_test": [
    0.09,
    4.2,
    1.3,
    7.4,
    0.15,
    6.9,
    1.9,
    0.1,
    38.0,
    11.7,
    0.03,
    6.6,
    5.7,
    0.44,
    0.17,
    6.7,
    0.84,
    6.3,
    0.22,
    1.3,
    0.14,
    0.25,
    0.12,
    0.05,
    0.14,
    0.04,
    0.4,
    0.04,
    0.12,
    5.4,
    0.11,
    2.4,
    8.9,
    6.1,
    0.09,
    1.4,
    1.53,
    0.68,
    0.18,
    3.4,
    1.8,
    0.15,
    6.2,
    2.6,
    0.12
  ],
  "y_pred": [
    11.24625750888293,
    6.355900801872501,
    2.103244552796003,
    9.375057974133721,
    -0.12115597973404846,
    2.903366160529334,
    3.2482739962323244,
    0.2503038503417443,
    6.040209063257386,
    10.036480549646843,
    -0.3404593145117971,
    8.090743567092073,
    2.6736160150135575,
    0.2970507245938805,
    -0.5265905306588721,
    3.3296636217221725,
    -0.8680231752269165,
    6.34743937028664,
    -0.8331464731340787,
    4.097846896408971,
    -2.5190038799443215,
    2.624412290900942,
    -2.3355733116303057,
    -0.7590309658466623,
    -0.01827722363886153,
    -0.3253219187268783,
    0.06569255615306702,
    -0.34971959105761385,
    4.533467434861429,
    4.979668984589804,
    -1.3153637687949455,
    0.9316719035818366,
    1.542904002861043,
    6.257101133463976,
    -0.2942700496638011,
    3.887194860225275,
    4.456362345143496,
    -0.2652221679769369,
    2.1271919386129774,
    5.375593946688163,
    0.7666593465783222,
    2.6637856091288974,
    -0.5057211622995155,
    2.1060299819120836,
    1.358058074837448
  ],
  "selected_features": [
    "K2O_wt",
    "Fe2O3T_wt",
    "SiO2_wt",
    "Al2O3_wt",
    "P2O5_tot_wt"
  ],
  "selected_models": [],
  "stacking_used": false,
  "stacked_model": true,
  "number_of_models": 1,
  "final_estimator": "lr",
  "final_estimator_params": {},
  "model_params": {
    "lr": {}
  },
  "use_random_split": true,
  "use_feature_selection": false,
  "model_name": "LR",
  "error_mean": 0.7490140100110382,
  "error_sdev": 5.561960260153816,
  "uncertainty_median": 1.2183620807692144,
  "uncertainty_mad": 5.0988699244948315,
  "uncertainty_measure": 418.50202045648484,
  "feature_importance": {
    "K2O_wt": 0.00023693200080430522,
    "Fe2O3T_wt": 0.06099095409683409,
    "SiO2_wt": 1.1088503240743948,
    "Al2O3_wt": 0.18637762936015878,
    "P2O5_tot_wt": 0.023431357743763287
  }
}