{
  "y_test": [
    0.16,
    34.0,
    29.4,
    0.74,
    0.23,
    24.5,
    0.17,
    4.2,
    0.52,
    2.4,
    0.41,
    3.8,
    0.1,
    0.02,
    8.7,
    0.35,
    0.14,
    0.09,
    22.1,
    38.0,
    0.44,
    5.7,
    25.0,
    0.4,
    1.3,
    0.04,
    25.8,
    0.12,
    0.1,
    4.2,
    0.25,
    0.04,
    0.04,
    7.0,
    1.18,
    0.24,
    25.6,
    3.4,
    0.56,
    1.3,
    0.16,
    4.2,
    0.05,
    0.04,
    0.09
  ],
  "y_pred": [
    0.12513786881430145,
    29.860922753767444,
    21.22747575944778,
    1.3708949377023598,
    0.40743823812878066,
    25.020686580670198,
    0.2547067245063488,
    5.5176178313311315,
    0.22644254232698424,
    2.8534123238968463,
    0.5793182591706496,
    4.31367589415817,
    0.2959713614394346,
    0.5206959313707136,
    7.445690172464305,
    0.8856123081940108,
    1.2758553751037123,
    0.1441552571970135,
    28.15020590652575,
    1.1796949006546853,
    0.4994281935707696,
    5.219908494600776,
    24.104997366481644,
    -0.022115517280467234,
    3.2712456799390477,
    0.05440776572929806,
    24.08785159949822,
    1.1610173264879973,
    0.35185603421241707,
    5.619946971766616,
    0.34496728709292857,
    0.516343251443723,
    0.25090435180507464,
    5.241060062891814,
    0.6233290986736508,
    0.21956088307011434,
    25.47257406832944,
    4.5056252788494096,
    0.15270584289633238,
    1.94385408760431,
    0.34900667772780736,
    4.298001545200371,
    13.776240016934238,
    0.28775499360255363,
    0.15840922369054056
  ],
  "selected_features": [
    "K2O_wt",
    "Fe2O3T_wt",
    "SiO2_wt",
    "Al2O3_wt",
    "P2O5_tot_wt"
  ],
  "selected_models": [],
  "stacking_used": false,
  "stacked_model": true,
  "number_of_models": 1,
  "final_estimator": "gpr",
  "final_estimator_params": {
    "gpr_nu": 0.5,
    "gpr_const": 2.8676575151430614,
    "gpr_length_scale": 5.75761476511027,
    "gpr_alpha": 1.764678350556536e-09
  },
  "model_params": {
    "gpr": {
      "gpr_nu": 0.5,
      "gpr_const": 2.8676575151430614,
      "gpr_length_scale": 5.75761476511027,
      "gpr_alpha": 1.764678350556536e-09
    }
  },
  "use_random_split": true,
  "use_feature_selection": false,
  "model_name": "GPR",
  "error_mean": 0.5141224108513501,
  "error_sdev": 6.171890264731954,
  "uncertainty_median": 9.70910624225013,
  "uncertainty_mad": 7.3133063468754,
  "uncertainty_measure": 75.32419735042994,
  "feature_importance": {
    "K2O_wt": -1.056503664821129e-05,
    "Fe2O3T_wt": 0.01884433045233287,
    "SiO2_wt": 1.1691665604648604,
    "Al2O3_wt": -0.00029474811964700807,
    "P2O5_tot_wt": 0.029182913582573543
  }
}