{
  "y_test": [
    0.23,
    0.22,
    0.4,
    6.9,
    8.9,
    0.4,
    0.62,
    0.15,
    7.4,
    0.02,
    0.04,
    0.12,
    0.14,
    10.4,
    0.04,
    1.3,
    0.42,
    6.5,
    1.53,
    0.14,
    1.3,
    0.14,
    25.6,
    0.1,
    0.51,
    0.32,
    4.2,
    0.16,
    0.4,
    6.2,
    0.73,
    11.7,
    0.11,
    6.3,
    2.4,
    0.21,
    0.14,
    2.7,
    1.5,
    6.1,
    0.04,
    10.1,
    24.5,
    0.09,
    0.87
  ],
  "y_pred": [
    0.22003483970447446,
    1.2742678070559594,
    0.25404661792635475,
    6.2179274371650575,
    2.2749793755585346,
    0.6923638583861749,
    1.1982520098481961,
    1.2746313505391722,
    8.078788991494285,
    0.3991814657996615,
    0.23438075859165952,
    2.3144264416611176,
    19.725524788773416,
    7.791020227336375,
    0.37357307784161,
    4.104059045470878,
    8.09176305587823,
    8.354647842431502,
    0.8757632440232004,
    0.08455914132480125,
    1.9047330842093564,
    0.14361403928251315,
    25.835210938284042,
    0.2250522650378981,
    0.05251732509775575,
    0.4807004064469167,
    4.128839475962241,
    0.37897811244229596,
    -0.3443883139505659,
    7.813365785826306,
    1.5392827298412395,
    5.767129139499183,
    0.7406729210347809,
    3.7274713024021517,
    2.70089405800295,
    0.8116031718523464,
    1.0290653643645067,
    0.7772162356248562,
    0.5825477843036628,
    4.252411823328025,
    0.23197356899077715,
    7.939964220769761,
    25.32861440048925,
    5.458574600400428,
    0.18417698186531917
  ],
  "selected_features": [
    "K2O_wt",
    "Fe2O3T_wt",
    "SiO2_wt",
    "Al2O3_wt",
    "P2O5_tot_wt"
  ],
  "selected_models": [],
  "stacking_used": false,
  "stacked_model": true,
  "number_of_models": 1,
  "final_estimator": "gpr",
  "final_estimator_params": {
    "gpr_nu": 0.5,
    "gpr_const": 4.2568465109166596,
    "gpr_length_scale": 8.95784356627041,
    "gpr_alpha": 4.2509551800093385e-09
  },
  "model_params": {
    "gpr": {
      "gpr_nu": 0.5,
      "gpr_const": 4.2568465109166596,
      "gpr_length_scale": 8.95784356627041,
      "gpr_alpha": 4.2509551800093385e-09
    }
  },
  "feature_names": [
    "K2O_wt",
    "Fe2O3T_wt",
    "SiO2_wt",
    "Al2O3_wt",
    "P2O5_tot_wt"
  ],
  "use_random_split": true,
  "use_feature_selection": false,
  "model_name": "GPR",
  "error_mean": -0.5163202844048592,
  "error_sdev": 3.6691691282352656,
  "uncertainty_median": 4.349855079996017,
  "uncertainty_mad": 4.84609037297397,
  "uncertainty_measure": 111.40808794435533,
  "feature_importance": {
    "K2O_wt": -0.040176120025754256,
    "Fe2O3T_wt": 0.045361507209180134,
    "SiO2_wt": 1.4092072951793881,
    "Al2O3_wt": -0.13504032027377633,
    "P2O5_tot_wt": -0.008441099023868194
  },
  "run": 4
}