{
  "y_test": [
    8.7,
    1.3,
    0.52,
    0.57,
    1.4,
    0.1,
    0.23,
    0.51,
    0.19,
    0.44,
    0.27,
    0.41,
    0.09,
    0.34,
    0.35,
    0.46,
    0.14,
    0.4,
    0.14,
    0.07,
    0.21,
    0.43,
    1.53,
    0.42,
    2.7,
    0.68,
    8.0,
    10.4,
    0.04,
    2.4,
    2.4,
    0.15,
    0.19,
    0.47,
    0.24,
    5.1,
    0.04,
    0.37,
    0.18,
    2.4,
    5.4,
    7.4,
    0.14,
    4.5,
    0.13
  ],
  "y_pred": [
    8.91816234588623,
    2.010160207748413,
    0.4957241415977478,
    0.11844262480735779,
    1.6180157661437988,
    0.1522916704416275,
    0.2728410065174103,
    0.3063412606716156,
    0.23078547418117523,
    0.1012851819396019,
    0.1418149322271347,
    0.6825402975082397,
    0.486495703458786,
    0.8119598627090454,
    0.24637864530086517,
    1.1965103149414062,
    0.16994448006153107,
    0.2575342059135437,
    4.183339595794678,
    0.15713562071323395,
    1.3364715576171875,
    0.2540512681007385,
    0.2723698914051056,
    1.1752116680145264,
    1.543139100074768,
    0.8680731058120728,
    6.448896408081055,
    5.585659503936768,
    0.12419301271438599,
    1.4476971626281738,
    0.926923930644989,
    2.3272545337677,
    0.2364780157804489,
    0.2961626648902893,
    0.26202794909477234,
    3.917337417602539,
    0.3346271812915802,
    5.620898246765137,
    0.1051238402724266,
    2.415879487991333,
    4.432419776916504,
    6.128758430480957,
    0.15889175236225128,
    5.124614715576172,
    0.2684725821018219
  ],
  "selected_features": [
    "K2O_wt",
    "Fe2O3T_wt",
    "SiO2_wt",
    "Al2O3_wt",
    "P2O5_tot_wt"
  ],
  "selected_models": [],
  "stacking_used": false,
  "stacked_model": true,
  "number_of_models": 1,
  "final_estimator": "xgb",
  "final_estimator_params": {
    "xgb_n_estimators": 300,
    "xgb_lr": 0.14491378321441464,
    "xgb_max_depth": 10,
    "xgb_subsample": 0.9737334054450154,
    "xgb_colsample": 0.9463245060860365
  },
  "model_params": {
    "xgb": {
      "xgb_n_estimators": 300,
      "xgb_lr": 0.14491378321441464,
      "xgb_max_depth": 10,
      "xgb_subsample": 0.9737334054450154,
      "xgb_colsample": 0.9463245060860365
    }
  },
  "use_random_split": true,
  "use_feature_selection": false,
  "model_name": "XGB",
  "error_mean": -0.03598525649971432,
  "error_sdev": 1.4190358862023258,
  "uncertainty_median": 6.132744312286377,
  "uncertainty_mad": 5.497347354888916,
  "uncertainty_measure": 89.63927199566264,
  "feature_importance": {
    "K2O_wt": 0.2788618229537142,
    "Fe2O3T_wt": 0.22224162999643113,
    "SiO2_wt": 0.1435787378365928,
    "Al2O3_wt": 0.09044467770609653,
    "P2O5_tot_wt": 4.070279849001006
  }
}