{
  "y_test": [
    1.4,
    25.0,
    1.18,
    0.04,
    2.4,
    0.04,
    25.6,
    38.0,
    0.73,
    0.16,
    2.4,
    0.12,
    3.4,
    0.15,
    0.44,
    0.21,
    0.14,
    0.14,
    0.37,
    0.37,
    0.87,
    6.9,
    0.24,
    0.17,
    22.1,
    0.22,
    0.15,
    0.03,
    0.07,
    0.52,
    0.84,
    0.56,
    0.1,
    0.19,
    6.5,
    0.23,
    8.7,
    4.2,
    0.04,
    0.15,
    6.6,
    1.5,
    0.17,
    6.7,
    0.14
  ],
  "y_pred": [
    4.258494997244789,
    16.405287191108822,
    0.8012251879186745,
    -0.13096343972655555,
    -0.16443463395521762,
    -0.4998768016707431,
    19.079415754970018,
    3.3968424576815877,
    -0.08086126009286909,
    1.6185814035798756,
    -0.3350807694005291,
    3.382285320500779,
    5.029143328099908,
    0.1837584590589656,
    -1.06005530658789,
    -1.377731735441197,
    -0.6685026949603015,
    0.2898204769123729,
    0.17525181716021576,
    4.240696233392969,
    1.3206912836521734,
    3.0362055690878775,
    -0.9889378784712037,
    0.31019242549058523,
    26.577036982734747,
    2.324832881458002,
    0.29023601153423106,
    -0.012906091205037828,
    1.1450340594137898,
    1.2900506968625591,
    -1.5999016845776404,
    1.2132505467629975,
    -0.2500079414721932,
    -0.6126968807081554,
    6.075712945098575,
    0.01694180627922881,
    5.998554287703737,
    5.8427813239436315,
    -2.0315110406612917,
    1.1493678067485518,
    4.747420812893187,
    -1.0921818013053035,
    -0.8836429053913144,
    3.293721970860316,
    2.705875091566129
  ],
  "selected_features": [
    "K2O_wt",
    "SiO2_wt",
    "Al2O3_wt"
  ],
  "selected_models": [],
  "stacking_used": false,
  "stacked_model": true,
  "number_of_models": 1,
  "final_estimator": "ann",
  "final_estimator_params": {
    "ann_hidden": 52,
    "ann_alpha": 0.08073430645705071
  },
  "model_params": {
    "ann": {
      "ann_hidden": 52,
      "ann_alpha": 0.08073430645705071
    }
  },
  "use_random_split": true,
  "use_feature_selection": true,
  "model_name": "ANN-FS",
  "error_mean": 1.2393463052424034,
  "error_sdev": 5.638547810374829,
  "uncertainty_median": 6.539799682859008,
  "uncertainty_mad": 6.513554213102135,
  "uncertainty_measure": 99.59868083076515,
  "feature_importance": {
    "K2O_wt": -0.0022906168617752997,
    "Fe2O3T_wt": 0.6353781573271349,
    "SiO2_wt": 0.30969668465551875
  }
}