{
  "y_test": [
    0.29,
    1.44,
    0.12,
    0.07,
    6.5,
    2.4,
    8.9,
    8.0,
    29.4,
    1.9,
    6.2,
    0.09,
    0.24,
    0.14,
    31.8,
    6.2,
    0.04,
    0.18,
    0.02,
    0.04,
    0.04,
    0.04,
    0.05,
    25.6,
    0.74,
    34.0,
    5.7,
    1.44,
    2.4,
    0.19,
    0.37,
    6.7,
    0.14,
    0.36,
    1.3,
    10.4,
    0.41,
    2.6,
    7.4,
    0.24,
    0.31,
    0.14,
    4.2,
    0.19,
    6.0
  ],
  "y_pred": [
    1.963393211364746,
    0.162816122174263,
    0.09074930846691132,
    0.7044087648391724,
    8.668670654296875,
    2.3810510635375977,
    7.101700305938721,
    4.033635139465332,
    18.78537940979004,
    6.825984954833984,
    2.979393243789673,
    4.618232250213623,
    0.6639172434806824,
    1.5961247682571411,
    23.076614379882812,
    3.8020143508911133,
    0.22383777797222137,
    0.1936250776052475,
    2.461461067199707,
    0.7229970693588257,
    0.12030407041311264,
    0.7255109548568726,
    9.753631591796875,
    24.653553009033203,
    0.902212381362915,
    23.07303237915039,
    2.7423477172851562,
    1.5957880020141602,
    0.9906261563301086,
    0.6129183173179626,
    0.4637914001941681,
    5.053488731384277,
    6.283811569213867,
    0.290200412273407,
    1.659930944442749,
    13.065641403198242,
    0.747430682182312,
    2.252615451812744,
    8.246277809143066,
    0.07358042150735855,
    1.156991958618164,
    0.20698311924934387,
    13.575374603271484,
    0.24694804847240448,
    4.199210166931152
  ],
  "selected_features": [
    "K2O_wt",
    "Fe2O3T_wt",
    "SiO2_wt",
    "Al2O3_wt",
    "P2O5_tot_wt"
  ],
  "selected_models": [],
  "stacking_used": false,
  "stacked_model": true,
  "number_of_models": 1,
  "final_estimator": "xgb",
  "final_estimator_params": {
    "xgb_n_estimators": 121,
    "xgb_lr": 0.049066044079890465,
    "xgb_max_depth": 9,
    "xgb_subsample": 0.6722077622855628,
    "xgb_colsample": 0.7570750144172784
  },
  "model_params": {
    "xgb": {
      "xgb_n_estimators": 121,
      "xgb_lr": 0.049066044079890465,
      "xgb_max_depth": 9,
      "xgb_subsample": 0.6722077622855628,
      "xgb_colsample": 0.7570750144172784
    }
  },
  "use_random_split": true,
  "use_feature_selection": true,
  "model_name": "XGB-FS",
  "error_mean": 0.026262056337462612,
  "error_sdev": 3.853392472923388,
  "uncertainty_median": 11.727977752685547,
  "uncertainty_mad": 4.155957221984863,
  "uncertainty_measure": 35.4362645429917,
  "feature_importance": {
    "K2O_wt": 0.1065578178830038,
    "Fe2O3T_wt": 0.012760828493946184,
    "SiO2_wt": 0.26744527101631227,
    "Al2O3_wt": 0.04267000347392424,
    "P2O5_tot_wt": 0.4522577552987721
  }
}