{
  "y_test": [
    0.09,
    4.2,
    1.3,
    7.4,
    0.15,
    6.9,
    1.9,
    0.1,
    38.0,
    11.7,
    0.03,
    6.6,
    5.7,
    0.44,
    0.17,
    6.7,
    0.84,
    6.3,
    0.22,
    1.3,
    0.14,
    0.25,
    0.12,
    0.05,
    0.14,
    0.04,
    0.4,
    0.04,
    0.12,
    5.4,
    0.11,
    2.4,
    8.9,
    6.1,
    0.09,
    1.4,
    1.53,
    0.68,
    0.18,
    3.4,
    1.8,
    0.15,
    6.2,
    2.6,
    0.12
  ],
  "y_pred": [
    0.6216705069124429,
    7.724193548387102,
    0.9148387096774199,
    7.752419354838717,
    1.0952956989247316,
    6.278225806451614,
    1.817822580645162,
    0.2646363027126786,
    6.527177419354843,
    7.310241935483872,
    0.21945527859237543,
    8.054032258064527,
    6.744354838709678,
    0.21081942268410497,
    0.2609248989467204,
    6.462096774193549,
    0.30242179460324636,
    8.09274193548388,
    0.5820967741935483,
    1.4566129032258086,
    3.288467741935484,
    0.17987593606319888,
    0.24530088832472605,
    0.26368682795698933,
    0.2255604439572654,
    0.2970029937909444,
    0.5317043010752684,
    0.2384117239496745,
    0.2649452764976956,
    5.476612903225809,
    1.7628763440860213,
    2.105584677419354,
    6.670967741935486,
    4.6137096774193544,
    0.28460610424521704,
    1.483225806451615,
    0.2427556448137566,
    0.8553198924731192,
    0.28525092842799193,
    2.5270967741935473,
    6.47983870967742,
    0.5210008960573475,
    5.991935483870969,
    1.006048387096774,
    0.2833797843654342
  ],
  "selected_features": [
    "K2O_wt",
    "Fe2O3T_wt",
    "SiO2_wt",
    "Al2O3_wt",
    "P2O5_tot_wt"
  ],
  "selected_models": [],
  "stacking_used": false,
  "stacked_model": true,
  "number_of_models": 1,
  "final_estimator": "rf",
  "final_estimator_params": {
    "rf_n_estimators": 124,
    "rf_max_depth": 12
  },
  "model_params": {
    "rf": {
      "rf_n_estimators": 124,
      "rf_max_depth": 12
    }
  },
  "use_random_split": true,
  "use_feature_selection": false,
  "model_name": "RF",
  "error_mean": 0.5240612304134115,
  "error_sdev": 4.922219673182341,
  "uncertainty_median": 6.8952419354838765,
  "uncertainty_mad": 1.4370416595121756,
  "uncertainty_measure": 20.84106218401067,
  "feature_importance": {
    "K2O_wt": 0.02067575014746155,
    "Fe2O3T_wt": 0.0053463383802096285,
    "SiO2_wt": 0.0005647968729675345,
    "Al2O3_wt": -0.002763805588549687,
    "P2O5_tot_wt": 0.6144390890995255
  }
}