{
  "y_test": [
    0.15,
    4.5,
    0.36,
    0.16,
    0.44,
    0.27,
    0.18,
    5.4,
    0.51,
    0.1,
    38.0,
    7.4,
    6.7,
    0.17,
    0.4,
    4.2,
    2.7,
    25.0,
    3.8,
    1.3,
    2.4,
    0.73,
    0.37,
    3.4,
    0.14,
    5.7,
    1.0,
    0.32,
    0.31,
    0.34,
    2.4,
    0.04,
    25.8,
    0.23,
    0.19,
    0.19,
    0.24,
    0.16,
    0.25,
    0.11,
    1.47,
    0.17,
    0.05,
    6.7,
    0.35
  ],
  "y_pred": [
    3.1471676249780955,
    3.0477889177542856,
    0.2503852823830215,
    0.5202438243317431,
    0.48745704349094865,
    3.1916784917363152,
    2.3385525134676044,
    5.237269863560503,
    2.004650642242467,
    0.5040272129390857,
    6.1396343977270185,
    8.252246836415924,
    3.4206775859232117,
    0.20196483889193217,
    0.4563315084820374,
    6.44764111343725,
    0.2338903285577416,
    19.192745340915348,
    5.573844472923881,
    3.817419214180841,
    -0.7386221128312656,
    -0.07464713919532784,
    0.41309155557248545,
    5.972157844266853,
    0.16768549786322495,
    3.059180662180953,
    3.6967368977958657,
    -0.9589174094565678,
    5.527883057551186,
    2.8221628907457053,
    0.7038488853704123,
    -0.59677021596967,
    18.16009701684785,
    0.8935948061012837,
    -1.8776799430840043,
    -0.4066038625017043,
    -2.824783375289165,
    2.1929327451691734,
    2.7798376550820336,
    -1.5295475130829743,
    0.12446913655244174,
    2.075261721061814,
    -0.6680003593284098,
    2.808941219102529,
    5.006448186688001
  ],
  "selected_features": [
    "K2O_wt",
    "Fe2O3T_wt",
    "SiO2_wt",
    "Al2O3_wt"
  ],
  "selected_models": [],
  "stacking_used": false,
  "stacked_model": true,
  "number_of_models": 1,
  "final_estimator": "lr",
  "final_estimator_params": {},
  "model_params": {
    "lr": {}
  },
  "feature_names": [
    "K2O_wt",
    "Fe2O3T_wt",
    "SiO2_wt",
    "Al2O3_wt",
    "P2O5_tot_wt"
  ],
  "use_random_split": true,
  "use_feature_selection": true,
  "model_name": "LR-FS",
  "error_mean": 0.7467916688544005,
  "error_sdev": 5.396061687996451,
  "uncertainty_median": 4.443964286603874,
  "uncertainty_mad": 7.9888507882578494,
  "uncertainty_measure": 179.76856412505097,
  "feature_importance": {
    "K2O_wt": 0.01174865676245613,
    "Fe2O3T_wt": 0.04961604302115113,
    "SiO2_wt": 1.3303276012923881,
    "Al2O3_wt": 0.14533873060213037
  },
  "run": 1
}