{
  "y_test": [
    1.2,
    0.46,
    0.23,
    34.0,
    3.4,
    6.9,
    0.34,
    22.1,
    0.4,
    0.68,
    0.73,
    0.21,
    0.17,
    0.1,
    0.04,
    0.04,
    0.47,
    1.4,
    0.15,
    8.7,
    0.35,
    2.4,
    0.19,
    1.5,
    5.1,
    3.8,
    0.09,
    0.14,
    1.3,
    0.04,
    10.1,
    29.4,
    8.0,
    0.43,
    0.36,
    0.04,
    0.14,
    0.4,
    1.18,
    0.05,
    4.5,
    6.1,
    1.3,
    1.9,
    0.19
  ],
  "y_pred": [
    0.7768335989441151,
    0.8018969273404213,
    0.563847761425151,
    25.59405504907014,
    4.052101379172054,
    1.1216669518701576,
    0.39867001520879547,
    24.852937496781625,
    0.8295439497167528,
    0.48364299511415987,
    0.4416411499271962,
    0.31248234391372287,
    0.29675944495437906,
    0.5184825529238308,
    0.35613795437496254,
    0.24974879703281003,
    0.27010827014930666,
    2.40322907057971,
    0.3572187597441832,
    6.149803067237336,
    0.599002760462038,
    0.5297677008919552,
    0.1305312415883329,
    0.45329976904434804,
    3.9988062129735935,
    3.894378822459293,
    2.5346574566165994,
    0.14489855549846337,
    2.912473864747093,
    0.1305300925745023,
    6.091576127496218,
    20.06880831806111,
    4.084591705711444,
    0.09547581810626042,
    0.18640203379557227,
    0.7686014092831351,
    19.610717659981002,
    0.31241204351181306,
    0.46100234646598076,
    0.20705845423500757,
    4.540951139345166,
    4.611017792521115,
    2.394964242699823,
    1.465860060538204,
    0.21809915353838102
  ],
  "selected_features": [
    "SiO2_wt",
    "P2O5_tot_wt"
  ],
  "selected_models": [],
  "stacking_used": false,
  "stacked_model": true,
  "number_of_models": 1,
  "final_estimator": "knn",
  "final_estimator_params": {
    "knn_n": 7,
    "knn_weights": "distance"
  },
  "model_params": {
    "knn": {
      "knn_n": 7,
      "knn_weights": "distance"
    }
  },
  "use_random_split": true,
  "use_feature_selection": true,
  "model_name": "KNN-FS",
  "error_mean": 0.2098512818305053,
  "error_sdev": 3.8007144265684305,
  "uncertainty_median": 6.02852154645321,
  "uncertainty_mad": 7.594106844685738,
  "uncertainty_measure": 125.96963925846157,
  "feature_importance": {
    "K2O_wt": 1.4010894860842618,
    "Fe2O3T_wt": 0.04083997542709067
  }
}