{
  "y_test": [
    8.7,
    6.6,
    0.04,
    0.14,
    1.53,
    0.25,
    0.04,
    0.11,
    0.23,
    6.0,
    0.19,
    4.2,
    1.3,
    7.4,
    0.74,
    0.25,
    4.2,
    1.3,
    0.21,
    2.4,
    0.37,
    0.36,
    1.18,
    38.0,
    1.9,
    0.51,
    6.5,
    0.17,
    5.4,
    0.14,
    0.15,
    0.56,
    22.1,
    0.04,
    0.73,
    0.15,
    0.87,
    2.4,
    0.24,
    0.18,
    0.4,
    1.8,
    0.19,
    2.4,
    0.12
  ],
  "y_pred": [
    8.210055862953366,
    4.17998418198894,
    0.41908504565537963,
    2.560225137963823,
    0.19842128706147735,
    0.35283206754919594,
    0.23506558276400827,
    0.7497988661244198,
    0.1290673383197233,
    5.069793960743245,
    0.1861852784783147,
    5.116143752169326,
    1.137096172485818,
    8.064001163493627,
    1.3200615478686262,
    0.20346994847637592,
    5.183580002043706,
    0.3444623414728886,
    0.9234710734473561,
    2.684844540013192,
    0.30444720913771967,
    0.31312516375383187,
    0.5444676666208942,
    2.376608948744819,
    9.633740066735728,
    0.13776233208699118,
    8.493511996914572,
    0.288493028455023,
    1.1585234094184025,
    0.2525192703136603,
    0.1282687052934981,
    0.14510804415355236,
    29.504241835492305,
    0.07032559316610447,
    0.5439391897191492,
    0.32623747580532286,
    0.23463647878676935,
    0.257171661464918,
    0.9132997240276066,
    0.16669100623975747,
    0.44725424859373747,
    3.9048246794183425,
    0.10862316488983144,
    3.800882753260277,
    5.284634985533528
  ],
  "selected_features": [
    "K2O_wt",
    "Fe2O3T_wt",
    "SiO2_wt",
    "Al2O3_wt",
    "P2O5_tot_wt"
  ],
  "selected_models": [],
  "stacking_used": false,
  "stacked_model": true,
  "number_of_models": 1,
  "final_estimator": "knn",
  "final_estimator_params": {
    "knn_n": 2,
    "knn_weights": "distance"
  },
  "model_params": {
    "knn": {
      "knn_n": 2,
      "knn_weights": "distance"
    }
  },
  "feature_names": [
    "K2O_wt",
    "Fe2O3T_wt",
    "SiO2_wt",
    "Al2O3_wt",
    "P2O5_tot_wt"
  ],
  "use_random_split": true,
  "use_feature_selection": false,
  "model_name": "KNN",
  "error_mean": 0.3574003602422413,
  "error_sdev": 5.757475031845359,
  "uncertainty_median": 5.604674511406065,
  "uncertainty_mad": 9.73952091491449,
  "uncertainty_measure": 173.77496043871244,
  "feature_importance": {
    "K2O_wt": 0.0005705668218465232,
    "Fe2O3T_wt": -0.015704670471456465,
    "SiO2_wt": 0.7364873007107772,
    "Al2O3_wt": 0.0024197026739304385,
    "P2O5_tot_wt": -0.0053983111270716685
  },
  "run": 2
}