{
  "y_test": [
    4.2,
    5.1,
    0.25,
    6.6,
    1.3,
    5.4,
    1.4,
    6.9,
    0.14,
    0.14,
    0.16,
    0.14,
    0.04,
    6.7,
    0.02,
    1.3,
    0.29,
    0.18,
    3.4,
    1.9,
    0.73,
    0.74,
    1.18,
    0.17,
    7.0,
    1.47,
    2.7,
    22.1,
    0.09,
    2.4,
    0.37,
    1.3,
    0.05,
    6.2,
    0.04,
    0.07,
    0.15,
    0.1,
    0.36,
    1.3,
    1.0,
    0.57,
    6.3,
    0.24,
    2.4
  ],
  "y_pred": [
    6.469923931181591,
    3.7787988167458337,
    0.4052129856711118,
    6.6002625035954114,
    3.7834707910456484,
    3.1877709787448487,
    3.3674283745111433,
    4.801712184972614,
    0.15686155872364124,
    0.31163253222035764,
    0.2813733638584867,
    0.4094007764079982,
    0.29324464436252734,
    4.043384661214578,
    0.5526241983353584,
    3.8216170925320565,
    0.34644707552471055,
    0.21195798556885864,
    3.808846243853558,
    6.314935302189962,
    1.1695675831572487,
    1.3211340787927173,
    1.1247336164006883,
    0.5028829639491199,
    6.431841384802884,
    1.3629708317965088,
    0.585308249839955,
    25.928745645491873,
    7.965334004587794,
    0.44441087502296683,
    1.0118244669537522,
    1.1434263996437435,
    0.2800777080964539,
    4.722513347002242,
    0.28902956733665364,
    2.6569133097982633,
    0.2776743868702535,
    0.2749566016792743,
    0.5108692224959547,
    2.726360651346609,
    3.84026693589935,
    0.4209106920209174,
    4.714163848234236,
    0.37667204206678995,
    1.6855976395454861
  ],
  "selected_features": [
    "K2O_wt",
    "Fe2O3T_wt",
    "SiO2_wt",
    "Al2O3_wt",
    "P2O5_tot_wt"
  ],
  "selected_models": [],
  "stacking_used": false,
  "stacked_model": true,
  "number_of_models": 1,
  "final_estimator": "knn",
  "final_estimator_params": {
    "knn_n": 10,
    "knn_weights": "distance"
  },
  "model_params": {
    "knn": {
      "knn_n": 10,
      "knn_weights": "distance"
    }
  },
  "use_random_split": true,
  "use_feature_selection": false,
  "model_name": "KNN",
  "error_mean": -0.4472242678687118,
  "error_sdev": 1.9034683380170647,
  "uncertainty_median": 5.366714164241031,
  "uncertainty_mad": 7.850079796292433,
  "uncertainty_measure": 146.2734842224004,
  "feature_importance": {
    "K2O_wt": -0.001026255817422772,
    "Fe2O3T_wt": 0.013610119546411113,
    "SiO2_wt": 1.95621176610066,
    "Al2O3_wt": 0.09166793964707746,
    "P2O5_tot_wt": 0.01174325667330272
  }
}