{
  "y_test": [
    6.5,
    1.47,
    2.4,
    1.9,
    0.14,
    10.1,
    0.05,
    1.4,
    38.0,
    6.9,
    0.37,
    0.56,
    0.27,
    1.3,
    0.07,
    4.2,
    0.19,
    0.15,
    22.1,
    0.22,
    0.47,
    0.31,
    0.36,
    1.3,
    0.12,
    0.37,
    0.18,
    0.04,
    0.57,
    0.19,
    1.53,
    0.05,
    34.0,
    8.0,
    2.4,
    8.7,
    0.16,
    6.3,
    0.14,
    0.04,
    1.2,
    0.15,
    0.44,
    0.14,
    0.21
  ],
  "y_pred": [
    5.934492959468081,
    -1.4977389178804223,
    -2.3254790721554794,
    0.02576349721833182,
    -2.1864570858018357,
    6.199759063083183,
    3.2716622741381984,
    0.876826758525417,
    0.18125087743185553,
    4.193028642475188,
    -0.3309408214342451,
    -2.7945285312957946,
    -0.8954193206892338,
    0.8191275543690049,
    -1.2010748672138245,
    1.8200585109783676,
    -4.0414864994304995,
    -1.1067516919685314,
    27.093783993523875,
    -2.6258515490033574,
    -2.508523809847693,
    -0.9509638407462173,
    -4.062561732498029,
    -1.3069378832904022,
    -4.748376868098751,
    -2.2794880164476172,
    -4.04469000275998,
    -1.488371833261441,
    -3.143777024059357,
    -4.825633707466585,
    -1.2643005664164164,
    -4.874359487877873,
    7.641307268342813,
    3.033424874435692,
    -1.7717169477583123,
    5.8767937553116685,
    -4.749182261959339,
    3.716259030662809,
    -1.5455090689267301,
    -3.425060644321869,
    -1.7541067155025978,
    -3.453910246400076,
    -3.621237938453671,
    -5.975290350283105,
    -5.49638695578488
  ],
  "selected_features": [
    "SiO2_wt",
    "P2O5_tot_wt"
  ],
  "selected_models": [],
  "stacking_used": false,
  "stacked_model": true,
  "number_of_models": 1,
  "final_estimator": "svr",
  "final_estimator_params": {
    "svr_C": 2.4276803315839675,
    "svr_epsilon": 0.0014416682354019483
  },
  "model_params": {
    "svr": {
      "svr_C": 2.4276803315839675,
      "svr_epsilon": 0.0014416682354019483
    }
  },
  "use_random_split": true,
  "use_feature_selection": true,
  "model_name": "SVR-FS",
  "error_mean": 4.028279448868216,
  "error_sdev": 6.578359514125447,
  "uncertainty_median": 10.565926153310178,
  "uncertainty_mad": 5.7585465580832365,
  "uncertainty_measure": 54.50110548311142,
  "feature_importance": {
    "K2O_wt": 0.208069669147094,
    "Fe2O3T_wt": 0.21000312985934572
  }
}