{
  "y_test": [
    1.53,
    4.2,
    8.7,
    0.24,
    0.04,
    0.35,
    3.4,
    1.3,
    0.56,
    1.8,
    8.0,
    0.22,
    6.7,
    0.18,
    0.4,
    2.4,
    0.51,
    1.47,
    0.52,
    1.2,
    7.4,
    0.43,
    10.1,
    0.25,
    5.4,
    0.11,
    6.5,
    2.7,
    25.0,
    11.7,
    2.6,
    2.4,
    0.31,
    0.15,
    25.8,
    1.3,
    1.44,
    0.47,
    0.05,
    0.17,
    0.14,
    6.1,
    0.15,
    0.57,
    1.44
  ],
  "y_pred": [
    2.334420392330842,
    3.508737399902976,
    2.5473624285124137,
    1.542308402308863,
    1.1450661528332937,
    2.461908721776497,
    3.454472385229404,
    0.8523236943515693,
    2.618719687597693,
    0.18672662760540543,
    3.5877874789926847,
    -1.6746661222726216,
    4.328456613269817,
    2.478188226178569,
    3.161828117377617,
    3.5889541858851612,
    2.9814938885909146,
    3.333042186079485,
    2.9705366284558306,
    1.412853428016547,
    2.4760099957895085,
    2.301069512270362,
    2.5348355195675074,
    2.1955954267916957,
    2.8558650985044665,
    0.4465762426272312,
    2.589234910977905,
    3.3899634152118683,
    4.133586453271594,
    2.505893115166995,
    2.4555383271087177,
    3.56966699285981,
    2.5704387511236253,
    2.5846329396470242,
    24.498502381559693,
    2.9597002420103253,
    2.8416875264702695,
    2.3468987667619823,
    10.487639187759763,
    -0.23507725559622267,
    0.8068922401895904,
    3.245109972901957,
    2.6370199999840844,
    2.3858614032123233,
    1.6691938225642244
  ],
  "selected_features": [
    "K2O_wt",
    "Al2O3_wt"
  ],
  "selected_models": [],
  "stacking_used": false,
  "stacked_model": true,
  "number_of_models": 1,
  "final_estimator": "ann",
  "final_estimator_params": {
    "ann_hidden": 87,
    "ann_alpha": 0.012701841892063326
  },
  "model_params": {
    "ann": {
      "ann_hidden": 87,
      "ann_alpha": 0.012701841892063326
    }
  },
  "use_random_split": true,
  "use_feature_selection": true,
  "model_name": "ANN-FS",
  "error_mean": 0.4294920997386831,
  "error_sdev": 4.483287431976484,
  "uncertainty_median": 1.8139958681145405,
  "uncertainty_mad": 4.304536607686337,
  "uncertainty_measure": 237.29583310244553,
  "feature_importance": {
    "K2O_wt": 0.6314512067261647,
    "Fe2O3T_wt": 1.8652145471375312
  }
}