{
  "y_test": [
    0.27,
    0.43,
    0.1,
    0.27,
    0.04,
    0.44,
    0.56,
    1.3,
    0.74,
    0.41,
    0.37,
    1.18,
    0.42,
    25.6,
    0.29,
    0.04,
    25.0,
    0.14,
    25.8,
    0.09,
    5.4,
    8.9,
    0.09,
    0.14,
    0.15,
    1.2,
    0.16,
    0.14,
    0.14,
    2.6,
    0.44,
    1.4,
    4.2,
    0.21,
    4.5,
    6.1,
    1.3,
    0.34,
    0.07,
    1.3,
    0.15,
    6.7,
    1.0,
    0.19,
    7.4
  ],
  "y_pred": [
    4.44637306088033,
    1.2497944052954395,
    1.3154882117145092,
    3.573305645721888,
    4.775367586899687,
    0.7685856123422781,
    2.2495135373905057,
    2.7925346096966024,
    1.7432546516439515,
    1.9653881493858734,
    0.9999060156636261,
    0.5357166395770321,
    6.441498821131486,
    24.2439174394505,
    0.42944682507961573,
    0.17866478938100272,
    20.11479296532371,
    -1.7176917666670946,
    21.39210588090161,
    11.837652198538215,
    5.67220491209854,
    2.3205956710253375,
    0.07151637792440368,
    5.5112500684324495,
    1.8955552879883797,
    2.214374773215546,
    0.9461887822200978,
    -2.441032498177883,
    3.739290264647849,
    3.268538839272747,
    0.3400862213411031,
    4.360497877214794,
    7.038383930858124,
    -2.5424207756454535,
    4.003642297942964,
    7.261100245935136,
    5.097203669009257,
    3.07524400796677,
    0.21877690699427177,
    2.966650936187044,
    0.4535673750575242,
    4.592103011571044,
    3.9590962858392125,
    -2.043786906566112,
    9.408940046702835
  ],
  "selected_features": [
    "K2O_wt",
    "Fe2O3T_wt",
    "SiO2_wt",
    "Al2O3_wt",
    "P2O5_tot_wt"
  ],
  "selected_models": [],
  "stacking_used": false,
  "stacked_model": true,
  "number_of_models": 1,
  "final_estimator": "lr",
  "final_estimator_params": {},
  "model_params": {
    "lr": {}
  },
  "use_random_split": true,
  "use_feature_selection": false,
  "model_name": "LR",
  "error_mean": -0.955848508631261,
  "error_sdev": 3.06786717682342,
  "uncertainty_median": 5.835067973740941,
  "uncertainty_mad": 8.256637419931481,
  "uncertainty_measure": 141.50027826733336,
  "feature_importance": {
    "K2O_wt": 0.020024139996727922,
    "Fe2O3T_wt": 0.07594436579647054,
    "SiO2_wt": 2.0693039362672874,
    "Al2O3_wt": 0.19392312825220612,
    "P2O5_tot_wt": 0.05314780347942571
  }
}