{
  "y_test": [
    8.7,
    6.6,
    0.04,
    0.14,
    1.53,
    0.25,
    0.04,
    0.11,
    0.23,
    6.0,
    0.19,
    4.2,
    1.3,
    7.4,
    0.74,
    0.25,
    4.2,
    1.3,
    0.21,
    2.4,
    0.37,
    0.36,
    1.18,
    38.0,
    1.9,
    0.51,
    6.5,
    0.17,
    5.4,
    0.14,
    0.15,
    0.56,
    22.1,
    0.04,
    0.73,
    0.15,
    0.87,
    2.4,
    0.24,
    0.18,
    0.4,
    1.8,
    0.19,
    2.4,
    0.12
  ],
  "y_pred": [
    7.739534883720932,
    7.46046511627907,
    3.8723050615595094,
    0.37001311832757733,
    0.25238896439477837,
    0.17458187355280375,
    0.3615897266030229,
    3.0941550387596886,
    0.3527389514092244,
    4.367441860465116,
    0.48663638588689145,
    2.58186046511628,
    1.352558139534883,
    6.766666666666665,
    0.6163525424693272,
    0.16700875463645634,
    5.272093023255812,
    0.8928165374677004,
    0.7830249169435215,
    2.647209302325583,
    0.3219529854372119,
    0.24171944236529677,
    0.7154871443016034,
    7.755116279069766,
    2.6644186046511633,
    0.3961877332475412,
    7.700000000000002,
    0.24906487229141128,
    4.562790697674419,
    0.2587897467379267,
    0.22081090984558832,
    0.24155302870863743,
    26.67441860465116,
    0.2511728457133381,
    0.8636437938536013,
    0.39650176727552855,
    0.8698643410852716,
    1.89686046511628,
    0.34295475227502537,
    0.2930824038554545,
    0.3285993124951669,
    7.404651162790693,
    0.2540157824923215,
    2.7572093023255833,
    0.3307968639887245
  ],
  "selected_features": [
    "K2O_wt",
    "Fe2O3T_wt",
    "SiO2_wt",
    "Al2O3_wt",
    "P2O5_tot_wt"
  ],
  "selected_models": [],
  "stacking_used": false,
  "stacked_model": true,
  "number_of_models": 1,
  "final_estimator": "rf",
  "final_estimator_params": {
    "rf_n_estimators": 43,
    "rf_max_depth": 10
  },
  "model_params": {
    "rf": {
      "rf_n_estimators": 43,
      "rf_max_depth": 10
    }
  },
  "feature_names": [
    "K2O_wt",
    "Fe2O3T_wt",
    "SiO2_wt",
    "Al2O3_wt",
    "P2O5_tot_wt"
  ],
  "use_random_split": true,
  "use_feature_selection": false,
  "model_name": "RF",
  "error_mean": 0.33526435174169883,
  "error_sdev": 4.767972419570293,
  "uncertainty_median": 9.153488372093028,
  "uncertainty_mad": 5.836951442874299,
  "uncertainty_measure": 63.7675081411572,
  "feature_importance": {
    "K2O_wt": 0.0238182237151932,
    "Fe2O3T_wt": 0.027520418485671248,
    "SiO2_wt": 0.29340062370751424,
    "Al2O3_wt": 0.0011299417289652503,
    "P2O5_tot_wt": 0.47555486661477997
  },
  "run": 2
}