{
  "y_test": [
    0.16,
    0.4,
    0.29,
    5.7,
    0.15,
    0.17,
    0.73,
    0.04,
    0.47,
    0.04,
    0.21,
    0.07,
    0.27,
    0.12,
    0.21,
    0.32,
    1.4,
    0.03,
    6.2,
    0.87,
    0.02,
    0.16,
    1.44,
    25.8,
    25.0,
    0.74,
    0.24,
    0.31,
    4.2,
    2.7,
    0.51,
    4.5,
    1.4,
    7.4,
    0.52,
    1.8,
    1.3,
    0.14,
    31.8,
    1.3,
    1.2,
    0.36,
    0.19,
    25.6,
    1.47
  ],
  "y_pred": [
    0.31622979044914246,
    0.3796922266483307,
    0.07582884281873703,
    7.936532974243164,
    -0.00942917913198471,
    -0.11944656819105148,
    0.6400943994522095,
    0.6876730918884277,
    -0.023220552131533623,
    1.8169453144073486,
    0.07357922941446304,
    0.10270389914512634,
    0.4472616910934448,
    1.537396788597107,
    1.698489785194397,
    0.5347442626953125,
    2.111435651779175,
    0.13803738355636597,
    8.016254425048828,
    0.7805096507072449,
    1.3183066844940186,
    0.14036205410957336,
    0.3080386519432068,
    28.15399742126465,
    24.729473114013672,
    0.7762130498886108,
    0.7601016759872437,
    5.839575290679932,
    13.245590209960938,
    2.045274257659912,
    0.1770712435245514,
    6.964039325714111,
    2.331235408782959,
    7.491963863372803,
    0.22108153998851776,
    23.60594367980957,
    0.3359227180480957,
    3.682215452194214,
    36.526309967041016,
    1.4588868618011475,
    0.6946040391921997,
    0.12550489604473114,
    0.2274719625711441,
    24.14849853515625,
    1.0951297283172607
  ],
  "selected_features": [
    "Fe2O3T_wt",
    "SiO2_wt",
    "Al2O3_wt",
    "P2O5_tot_wt"
  ],
  "selected_models": [],
  "stacking_used": false,
  "stacked_model": true,
  "number_of_models": 1,
  "final_estimator": "xgb",
  "final_estimator_params": {
    "xgb_n_estimators": 97,
    "xgb_lr": 0.19273936490350427,
    "xgb_max_depth": 5,
    "xgb_subsample": 0.6416453586011793,
    "xgb_colsample": 0.908666142216715
  },
  "model_params": {
    "xgb": {
      "xgb_n_estimators": 97,
      "xgb_lr": 0.19273936490350427,
      "xgb_max_depth": 5,
      "xgb_subsample": 0.6416453586011793,
      "xgb_colsample": 0.908666142216715
    }
  },
  "use_random_split": true,
  "use_feature_selection": true,
  "model_name": "XGB-FS",
  "error_mean": -1.235424994205435,
  "error_sdev": 3.665568603804356,
  "uncertainty_median": 12.97374439239502,
  "uncertainty_mad": 6.585724830627441,
  "uncertainty_measure": 50.76194374916063,
  "feature_importance": {
    "K2O_wt": 0.3849853122771162,
    "Fe2O3T_wt": 0.5480862174902171,
    "SiO2_wt": -0.015781208458031083,
    "Al2O3_wt": 1.0224240684216541
  }
}