{
  "y_test": [
    25.0,
    0.87,
    11.7,
    1.3,
    1.47,
    6.0,
    0.14,
    1.2,
    0.15,
    0.41,
    0.04,
    0.74,
    0.09,
    0.15,
    0.04,
    0.62,
    34.0,
    0.4,
    0.19,
    0.05,
    1.18,
    6.2,
    5.1,
    0.23,
    0.47,
    6.5,
    1.5,
    0.37,
    0.25,
    0.73,
    0.15,
    0.17,
    0.44,
    2.4,
    2.4,
    1.3,
    22.1,
    6.7,
    0.09,
    0.36,
    0.32,
    0.34,
    0.44,
    4.2,
    0.31
  ],
  "y_pred": [
    28.46383563640186,
    0.8588523806640829,
    7.414594993782304,
    0.6462108048816689,
    0.6640019988712018,
    6.985381599042687,
    0.6462108048816689,
    0.6462108048816689,
    0.6462108048816689,
    0.6462108048816689,
    0.6462108048816689,
    0.6540819784942277,
    0.6540819784942277,
    0.6462108048816689,
    0.6462108048816689,
    0.6462108048816689,
    26.9454565761685,
    0.6462108048816689,
    0.6462108048816689,
    18.62121560294643,
    0.6540819784942277,
    6.985381599042687,
    6.985381599042687,
    0.6462108048816689,
    0.6462108048816689,
    9.321352919487467,
    0.8588523806640829,
    0.6462108048816689,
    0.6462108048816689,
    0.6462108048816689,
    0.6462108048816689,
    0.6462108048816689,
    0.6462108048816689,
    1.257466746423374,
    1.257466746423374,
    0.865753114413893,
    28.104198712967452,
    7.414594993782304,
    0.6462108048816689,
    0.6462108048816689,
    0.6540819784942277,
    0.6462108048816689,
    0.6462108048816689,
    7.414594993782304,
    0.6462108048816689
  ],
  "selected_features": [
    "K2O_wt",
    "SiO2_wt",
    "P2O5_tot_wt"
  ],
  "selected_models": [],
  "stacking_used": false,
  "stacked_model": true,
  "number_of_models": 1,
  "final_estimator": "rf",
  "final_estimator_params": {
    "rf_n_estimators": 151,
    "rf_max_depth": 2
  },
  "model_params": {
    "rf": {
      "rf_n_estimators": 151,
      "rf_max_depth": 2
    }
  },
  "use_random_split": true,
  "use_feature_selection": true,
  "model_name": "RF-FS",
  "error_mean": -0.6607504405565257,
  "error_sdev": 3.2824870512963313,
  "uncertainty_median": 11.109298309006231,
  "uncertainty_mad": 6.799963939451526,
  "uncertainty_measure": 61.20966194542496,
  "feature_importance": {
    "K2O_wt": 0.01909981140075653,
    "Fe2O3T_wt": 0.8317163880438203,
    "SiO2_wt": 0.33113052758813943
  }
}