{
  "y_test": [
    1.4,
    25.0,
    1.18,
    0.04,
    2.4,
    0.04,
    25.6,
    38.0,
    0.73,
    0.16,
    2.4,
    0.12,
    3.4,
    0.15,
    0.44,
    0.21,
    0.14,
    0.14,
    0.37,
    0.37,
    0.87,
    6.9,
    0.24,
    0.17,
    22.1,
    0.22,
    0.15,
    0.03,
    0.07,
    0.52,
    0.84,
    0.56,
    0.1,
    0.19,
    6.5,
    0.23,
    8.7,
    4.2,
    0.04,
    0.15,
    6.6,
    1.5,
    0.17,
    6.7,
    0.14
  ],
  "y_pred": [
    2.479381485998863,
    26.75112624994671,
    0.9605850549388095,
    0.23882747046895,
    1.8251629450743725,
    0.26938580581812743,
    25.823260317930558,
    1.9333095722337819,
    0.36716676290078265,
    0.2960941209594145,
    0.20409275596056523,
    2.6087964489021274,
    3.4107140541327086,
    0.25243147373278396,
    0.31772147838319875,
    0.4536489315796695,
    0.19093912927818438,
    0.27399528205815776,
    1.38658319239251,
    2.5513091526775526,
    0.5974489242587111,
    4.365412242420231,
    0.2580658158248618,
    0.3418980096444998,
    28.606728332890185,
    0.3215709701958679,
    0.2778523684296227,
    0.2571643357196124,
    0.38772744813064464,
    0.7717149434295842,
    0.33630820333630324,
    0.37855495229120856,
    0.34080099875347386,
    0.29254354757502543,
    7.516428003338891,
    0.3121345244165528,
    7.267274812248877,
    5.140628042500965,
    0.3130402962889555,
    1.0907522361809692,
    3.0995948759767726,
    0.35449034870927876,
    0.2630567493620074,
    4.682761045953261,
    1.387442439352695
  ],
  "selected_features": [
    "K2O_wt",
    "Fe2O3T_wt",
    "SiO2_wt",
    "P2O5_tot_wt"
  ],
  "selected_models": [],
  "stacking_used": false,
  "stacked_model": true,
  "number_of_models": 1,
  "final_estimator": "knn",
  "final_estimator_params": {
    "knn_n": 5,
    "knn_weights": "distance"
  },
  "model_params": {
    "knn": {
      "knn_n": 5,
      "knn_weights": "distance"
    }
  },
  "use_random_split": true,
  "use_feature_selection": true,
  "model_name": "KNN-FS",
  "error_mean": 0.6360905299422914,
  "error_sdev": 5.596292477265254,
  "uncertainty_median": 5.854860512803762,
  "uncertainty_mad": 8.98260967839353,
  "uncertainty_measure": 153.4214121540525,
  "feature_importance": {
    "K2O_wt": -0.010193574469640818,
    "Fe2O3T_wt": 0.0003693945004440868,
    "SiO2_wt": 1.2634483374526753,
    "Al2O3_wt": 0.013559770020109664
  }
}