{
  "y_test": [
    1.5,
    2.4,
    3.8,
    0.41,
    0.07,
    0.42,
    0.4,
    0.44,
    0.04,
    6.7,
    5.1,
    0.36,
    0.47,
    1.3,
    25.6,
    6.5,
    0.04,
    2.4,
    0.14,
    6.3,
    0.22,
    0.14,
    0.03,
    0.11,
    6.9,
    8.0,
    1.8,
    0.15,
    0.1,
    0.52,
    1.9,
    2.7,
    34.0,
    0.09,
    0.51,
    0.05,
    7.4,
    25.0,
    0.15,
    0.14,
    0.73,
    38.0,
    1.2,
    0.12,
    0.23
  ],
  "y_pred": [
    -1.338524154867848,
    -0.6846302748017692,
    5.5794387790040005,
    2.6330147947766704,
    0.8682732440450884,
    6.082848822463184,
    3.4544183468682945,
    0.21724132285156017,
    -0.7920639813930244,
    2.843949992657194,
    5.795882753012645,
    -1.0325110695328235,
    0.05694826717810386,
    4.780332890220528,
    24.905861786096075,
    8.920815217154573,
    -1.438412222752408,
    -0.958023678016005,
    3.530585949491556,
    5.375463461175787,
    -0.14589473862320546,
    -3.6657704699249862,
    -0.38819252254914005,
    -3.015292943160354,
    -0.6058291476347186,
    3.020734277381564,
    0.4885218423244524,
    2.742716860529704,
    0.17856392182916636,
    -1.7350494345092606,
    8.768034046561361,
    0.8488037859830406,
    24.89398979188087,
    0.4843540244908482,
    1.0647813337303411,
    13.19937784236702,
    8.645270397770641,
    19.473248274182986,
    1.0446586097610115,
    0.05864893919920178,
    -0.44284290122095626,
    5.430779725613171,
    1.240398879947854,
    -2.5658854641211164,
    0.6423449673760686
  ],
  "selected_features": [
    "SiO2_wt",
    "Al2O3_wt"
  ],
  "selected_models": [],
  "stacking_used": false,
  "stacked_model": true,
  "number_of_models": 1,
  "final_estimator": "lr",
  "final_estimator_params": {},
  "model_params": {
    "lr": {}
  },
  "use_random_split": true,
  "use_feature_selection": true,
  "model_name": "LR-FS",
  "error_mean": 1.0248582190040678,
  "error_sdev": 6.0517664781968925,
  "uncertainty_median": 6.648270667214861,
  "uncertainty_mad": 7.111895506104652,
  "uncertainty_measure": 106.97361557759825,
  "feature_importance": {
    "K2O_wt": 0.9041345803550503,
    "Fe2O3T_wt": 0.147728927587145
  }
}