{
  "y_test": [
    4.2,
    5.1,
    0.25,
    6.6,
    1.3,
    5.4,
    1.4,
    6.9,
    0.14,
    0.14,
    0.16,
    0.14,
    0.04,
    6.7,
    0.02,
    1.3,
    0.29,
    0.18,
    3.4,
    1.9,
    0.73,
    0.74,
    1.18,
    0.17,
    7.0,
    1.47,
    2.7,
    22.1,
    0.09,
    2.4,
    0.37,
    1.3,
    0.05,
    6.2,
    0.04,
    0.07,
    0.15,
    0.1,
    0.36,
    1.3,
    1.0,
    0.57,
    6.3,
    0.24,
    2.4
  ],
  "y_pred": [
    8.077792494481248,
    4.586092715231792,
    0.30966887417218564,
    8.257792494481244,
    0.9152317880794709,
    4.659006622516567,
    4.526147902869752,
    7.055629139072862,
    0.22935666982024633,
    0.9606622516556278,
    0.33224061810154465,
    0.2535389072847681,
    1.0541721854304649,
    7.260463576158952,
    5.08275938189845,
    4.526147902869752,
    0.18271523178807964,
    0.20218543046357634,
    3.121434878587196,
    2.4965894039735064,
    0.28926048565121365,
    0.30916114790286975,
    0.2609657836644593,
    0.7690066225165573,
    8.257792494481244,
    0.29708609271523195,
    2.79486754966887,
    24.533774834437114,
    0.9374172185430474,
    2.5387086092715196,
    0.2690286975717434,
    0.5560927152317888,
    0.33231788079470215,
    7.171942604856523,
    0.29246826710816787,
    0.8712582781456963,
    0.35793046357615943,
    0.30439072847682086,
    0.35340645695364153,
    4.526147902869752,
    0.8340397350993388,
    0.40517246136865415,
    8.0273289183223,
    0.2374130794701986,
    2.4965894039735064
  ],
  "selected_features": [
    "K2O_wt",
    "P2O5_tot_wt"
  ],
  "selected_models": [],
  "stacking_used": false,
  "stacked_model": true,
  "number_of_models": 1,
  "final_estimator": "rf",
  "final_estimator_params": {
    "rf_n_estimators": 151,
    "rf_max_depth": 17
  },
  "model_params": {
    "rf": {
      "rf_n_estimators": 151,
      "rf_max_depth": 17
    }
  },
  "use_random_split": true,
  "use_feature_selection": true,
  "model_name": "RF-FS",
  "error_mean": -0.6116265978135201,
  "error_sdev": 1.325539507791463,
  "uncertainty_median": 13.503532008830028,
  "uncertainty_mad": 5.610751907574507,
  "uncertainty_measure": 41.55025443643639,
  "feature_importance": {
    "K2O_wt": 0.791444301513292,
    "Fe2O3T_wt": 2.5509401874248354
  }
}