{
  "y_test": [
    0.16,
    34.0,
    29.4,
    0.74,
    0.23,
    24.5,
    0.17,
    4.2,
    0.52,
    2.4,
    0.41,
    3.8,
    0.1,
    0.02,
    8.7,
    0.35,
    0.14,
    0.09,
    22.1,
    38.0,
    0.44,
    5.7,
    25.0,
    0.4,
    1.3,
    0.04,
    25.8,
    0.12,
    0.1,
    4.2,
    0.25,
    0.04,
    0.04,
    7.0,
    1.18,
    0.24,
    25.6,
    3.4,
    0.56,
    1.3,
    0.16,
    4.2,
    0.05,
    0.04,
    0.09
  ],
  "y_pred": [
    0.441438875221079,
    12.601475247572129,
    36.604025450403675,
    1.170256592083289,
    0.5302932400822684,
    21.487965616048147,
    -0.29042829693487365,
    4.315783438638633,
    0.5185460232850945,
    1.7829627601402278,
    1.4476834136968368,
    3.6763407962573758,
    0.4786378227514974,
    1.1887668179623905,
    10.496614757669537,
    0.8071589541958353,
    6.82428058859456,
    0.12327157860441657,
    54.34759028170846,
    1.6064702196783056,
    -0.051289434260837374,
    3.8848723625792574,
    23.416967215603904,
    0.7340685490301435,
    3.105162585875664,
    -0.27605988483904004,
    75.9383991642382,
    1.1273380928302583,
    0.7613595593785247,
    3.1015889199313462,
    0.7370204098641826,
    0.1033640678470869,
    0.3570691416790133,
    6.3508978957073206,
    1.4836532202971136,
    0.41824842521896005,
    18.62509388065987,
    2.817047768293019,
    0.20489637581292125,
    2.4095328036891677,
    0.5222849489698007,
    4.984597681377622,
    44.66096821004479,
    0.5058847850909496,
    0.4917467753241323
  ],
  "selected_features": [
    "K2O_wt",
    "Fe2O3T_wt",
    "SiO2_wt",
    "Al2O3_wt",
    "P2O5_tot_wt"
  ],
  "selected_models": [],
  "stacking_used": false,
  "stacked_model": true,
  "number_of_models": 1,
  "final_estimator": "ann",
  "final_estimator_params": {
    "ann_hidden": 40,
    "ann_alpha": 0.022156340616014843
  },
  "model_params": {
    "ann": {
      "ann_hidden": 40,
      "ann_alpha": 0.022156340616014843
    }
  },
  "use_random_split": true,
  "use_feature_selection": false,
  "model_name": "ANN",
  "error_mean": -1.7620855043978279,
  "error_sdev": 12.936687940571709,
  "uncertainty_median": 34.13927321770986,
  "uncertainty_mad": 17.338538778667292,
  "uncertainty_measure": 50.78766225659681,
  "feature_importance": {
    "K2O_wt": 0.093553176011065,
    "Fe2O3T_wt": -0.33918969435091356,
    "SiO2_wt": -0.029788311123480033,
    "Al2O3_wt": 0.05997216391379087,
    "P2O5_tot_wt": -0.17108160923511606
  }
}