{
  "y_test": [
    8.7,
    1.3,
    0.52,
    0.57,
    1.4,
    0.1,
    0.23,
    0.51,
    0.19,
    0.44,
    0.27,
    0.41,
    0.09,
    0.34,
    0.35,
    0.46,
    0.14,
    0.4,
    0.14,
    0.07,
    0.21,
    0.43,
    1.53,
    0.42,
    2.7,
    0.68,
    8.0,
    10.4,
    0.04,
    2.4,
    2.4,
    0.15,
    0.19,
    0.47,
    0.24,
    5.1,
    0.04,
    0.37,
    0.18,
    2.4,
    5.4,
    7.4,
    0.14,
    4.5,
    0.13
  ],
  "y_pred": [
    8.596372604370117,
    1.3935493230819702,
    0.20291276276111603,
    0.0539945587515831,
    2.0986766815185547,
    0.07388757169246674,
    0.08363522589206696,
    0.1402633786201477,
    0.3303561806678772,
    0.3127320110797882,
    0.35790738463401794,
    0.4097851514816284,
    0.061027538031339645,
    1.2225027084350586,
    1.1718671321868896,
    0.8904368877410889,
    0.990338146686554,
    0.1494908183813095,
    2.812178373336792,
    0.2070353478193283,
    1.2469068765640259,
    0.13665616512298584,
    0.31846603751182556,
    -0.07049518823623657,
    1.3858872652053833,
    1.0603374242782593,
    6.123491287231445,
    14.990033149719238,
    0.15033407509326935,
    1.2724921703338623,
    1.1268917322158813,
    1.0974057912826538,
    0.10173431038856506,
    0.060399312525987625,
    0.012080135755240917,
    3.958984613418579,
    0.23521995544433594,
    2.0516562461853027,
    0.18182095885276794,
    3.638603925704956,
    4.611499786376953,
    7.475646018981934,
    -0.036816902458667755,
    6.958981990814209,
    0.1384374499320984
  ],
  "selected_features": [
    "Fe2O3T_wt",
    "SiO2_wt",
    "Al2O3_wt",
    "P2O5_tot_wt"
  ],
  "selected_models": [],
  "stacking_used": false,
  "stacked_model": true,
  "number_of_models": 1,
  "final_estimator": "xgb",
  "final_estimator_params": {
    "xgb_n_estimators": 136,
    "xgb_lr": 0.08721198530223784,
    "xgb_max_depth": 6,
    "xgb_subsample": 0.7574674356975295,
    "xgb_colsample": 0.9679165605425505
  },
  "model_params": {
    "xgb": {
      "xgb_n_estimators": 136,
      "xgb_lr": 0.08721198530223784,
      "xgb_max_depth": 6,
      "xgb_subsample": 0.7574674356975295,
      "xgb_colsample": 0.9679165605425505
    }
  },
  "use_random_split": true,
  "use_feature_selection": true,
  "model_name": "XGB-FS",
  "error_mean": -0.1607912083425456,
  "error_sdev": 1.120741654757906,
  "uncertainty_median": 6.810706615447998,
  "uncertainty_mad": 3.7304317951202393,
  "uncertainty_measure": 54.773050811774795,
  "feature_importance": {
    "K2O_wt": 0.9125938523834815,
    "Fe2O3T_wt": -0.008083542188360233,
    "SiO2_wt": 0.1267698697615133,
    "Al2O3_wt": 3.730087638526292
  }
}