{
  "y_test": [
    0.36,
    0.14,
    6.9,
    0.18,
    8.7,
    38.0,
    6.5,
    0.04,
    0.1,
    0.09,
    7.4,
    1.44,
    0.14,
    0.19,
    0.15,
    0.03,
    25.8,
    0.07,
    1.47,
    0.09,
    25.0,
    0.09,
    0.14,
    34.0,
    1.4,
    1.3,
    0.14,
    0.37,
    0.56,
    1.2,
    6.6,
    0.34,
    0.44,
    3.4,
    0.04,
    6.7,
    1.9,
    0.36,
    0.87,
    0.31,
    0.51,
    0.19,
    4.2,
    0.07,
    0.14
  ],
  "y_pred": [
    0.3764404761904761,
    0.28155238095238094,
    1.2228166666666669,
    0.24392222222222215,
    8.318166666666668,
    4.637266666666667,
    8.028333333333336,
    1.2735666666666672,
    0.2910904761904762,
    0.43010000000000015,
    7.180833333333336,
    1.4215666666666666,
    1.82465,
    0.3974154761904762,
    0.4171833333333334,
    0.2642261904761904,
    23.154000000000007,
    0.9788833333333332,
    0.8324166666666665,
    0.7962571428571432,
    23.440000000000005,
    3.9455999999999993,
    0.30111666666666664,
    28.057966666666665,
    1.382416666666668,
    0.4495,
    0.2616333333333333,
    0.46935333333333346,
    1.323466666666667,
    0.43851666666666667,
    6.406400000000004,
    0.29771666666666663,
    0.25329047619047623,
    4.7284999999999995,
    0.2185888888888889,
    6.6324999999999985,
    5.2043,
    0.252088888888889,
    1.1889333333333332,
    0.2768333333333332,
    0.3219166666666667,
    0.13901666666666665,
    5.7940000000000005,
    0.23262380952380954,
    0.4699833333333336
  ],
  "selected_features": [
    "K2O_wt",
    "Fe2O3T_wt",
    "SiO2_wt",
    "Al2O3_wt",
    "P2O5_tot_wt"
  ],
  "selected_models": [],
  "stacking_used": false,
  "stacked_model": true,
  "number_of_models": 1,
  "final_estimator": "et",
  "final_estimator_params": {
    "et_n_estimators": 50,
    "et_max_depth": 17,
    "et_min_samples_split": 5,
    "et_min_samples_leaf": 1,
    "et_bootstrap": false
  },
  "model_params": {
    "et": {
      "et_n_estimators": 50,
      "et_max_depth": 17,
      "et_min_samples_split": 5,
      "et_min_samples_leaf": 1,
      "et_bootstrap": false
    }
  },
  "use_random_split": true,
  "use_feature_selection": false,
  "model_name": "ET",
  "error_mean": 0.7378455608465604,
  "error_sdev": 5.237405771025541,
  "uncertainty_median": 12.833349999999998,
  "uncertainty_mad": 4.863775212457671,
  "uncertainty_measure": 37.899497889932654,
  "feature_importance": {
    "K2O_wt": 0.00023574139224676993,
    "Fe2O3T_wt": 0.002133818800672943,
    "SiO2_wt": 0.4893009411517101,
    "Al2O3_wt": 0.02812924484639023,
    "P2O5_tot_wt": 0.21096969601667798
  }
}