{
  "y_test": [
    0.31,
    0.22,
    0.04,
    0.4,
    0.37,
    3.8,
    22.1,
    0.18,
    25.6,
    0.57,
    0.21,
    0.14,
    1.3,
    0.07,
    0.32,
    0.27,
    6.9,
    25.8,
    0.27,
    0.87,
    0.51,
    0.17,
    0.1,
    0.23,
    0.44,
    0.29,
    0.11,
    0.19,
    6.0,
    1.3,
    0.43,
    0.15,
    24.5,
    0.12,
    4.2,
    0.34,
    0.17,
    0.14,
    7.0,
    0.9,
    0.18,
    0.74,
    1.5,
    0.16,
    0.09
  ],
  "y_pred": [
    1.4096409442597189,
    -0.8908963925139721,
    1.468625734511991,
    1.0886364596218876,
    1.2834429967866674,
    3.159970749721113,
    114.15235980999394,
    1.2275414714282848,
    18.26894866121761,
    1.134776105758589,
    2.197734407952587,
    1.4347561501839885,
    1.840315349618453,
    0.2233112569879284,
    1.5298053164791587,
    2.125887260181222,
    1.707895095505553,
    99.29042779853013,
    1.3198425924062545,
    1.534126060805045,
    0.9971816301216838,
    1.3984493878696431,
    1.2529377789750649,
    1.4382488872209869,
    0.8216328725018902,
    1.3090495063797514,
    1.8125823461798927,
    1.627648525851936,
    3.1280419324296194,
    1.9240544731190812,
    1.2706330318419585,
    0.7138255105294291,
    24.58893761507178,
    2.142352865595432,
    2.6732218275384128,
    0.5722490546590115,
    0.14147323273229717,
    0.7022208407915711,
    8.194910744769937,
    1.2015027181786313,
    1.3482613325768376,
    1.3655697714541337,
    1.9104313353951645,
    1.0478272846378431,
    1.7095171536003408
  ],
  "selected_features": [
    "K2O_wt",
    "Al2O3_wt",
    "P2O5_tot_wt"
  ],
  "selected_models": [],
  "stacking_used": false,
  "stacked_model": true,
  "number_of_models": 1,
  "final_estimator": "ann",
  "final_estimator_params": {
    "ann_hidden": 90,
    "ann_alpha": 0.03068669609479384
  },
  "model_params": {
    "ann": {
      "ann_hidden": 90,
      "ann_alpha": 0.03068669609479384
    }
  },
  "use_random_split": true,
  "use_feature_selection": true,
  "model_name": "ANN-FS",
  "error_mean": -4.024442433099078,
  "error_sdev": 17.373157543869088,
  "uncertainty_median": 26.835089629829177,
  "uncertainty_mad": 23.442613794950333,
  "uncertainty_measure": 87.35806035427638,
  "feature_importance": {
    "K2O_wt": 1.0897904032731331,
    "Fe2O3T_wt": -3.0362927320042563,
    "SiO2_wt": -2.609201170303286
  }
}