{
  "y_test": [
    7.0,
    0.03,
    6.5,
    0.56,
    0.14,
    1.3,
    0.04,
    2.6,
    0.07,
    0.24,
    0.17,
    0.52,
    1.18,
    0.04,
    0.36,
    0.05,
    6.9,
    0.17,
    2.7,
    0.9,
    1.4,
    0.1,
    5.4,
    4.2,
    0.27,
    34.0,
    1.9,
    6.7,
    1.3,
    2.4,
    6.0,
    0.37,
    0.16,
    0.15,
    0.02,
    0.23,
    22.1,
    0.34,
    1.2,
    0.68,
    0.17,
    6.7,
    31.8,
    0.46,
    6.1
  ],
  "y_pred": [
    7.74340655613004,
    -0.9060216517769284,
    9.66625629504911,
    0.03970192368294967,
    -1.854193829045352,
    1.8313952459475917,
    1.0761170398419466,
    2.9918561403279273,
    0.5826164615216243,
    -1.2829209672063886,
    -0.9422846980272581,
    0.5233536152505422,
    1.3725628451744676,
    -1.0265551180378836,
    0.09800365330762695,
    -2.139585675094068,
    8.174354458877612,
    -0.22922461185429555,
    1.4935381241549521,
    2.0674623657841753,
    3.2294101113779305,
    -0.1485890519059172,
    3.5550008738161107,
    6.4597561797441445,
    0.9689103072892582,
    10.671391700839193,
    4.851179450100741,
    8.243397285447273,
    3.1809700328355373,
    1.1749908392738586,
    4.773018782887476,
    2.1831587399551626,
    -1.435042751841344,
    0.15385847608409797,
    0.2265781313192594,
    0.14317115757817156,
    35.14061912742486,
    0.4258027484569258,
    1.378865085995443,
    1.3561957558820446,
    0.3384309542476398,
    11.48739263020842,
    10.767832960964194,
    0.5896296607942215,
    4.511691198858873
  ],
  "selected_features": [
    "K2O_wt",
    "Fe2O3T_wt",
    "SiO2_wt",
    "Al2O3_wt",
    "P2O5_tot_wt"
  ],
  "selected_models": [],
  "stacking_used": false,
  "stacked_model": true,
  "number_of_models": 1,
  "final_estimator": "svr",
  "final_estimator_params": {
    "svr_C": 4.669270454214208,
    "svr_epsilon": 0.003864288351854753
  },
  "model_params": {
    "svr": {
      "svr_C": 4.669270454214208,
      "svr_epsilon": 0.003864288351854753
    }
  },
  "feature_names": [
    "K2O_wt",
    "Fe2O3T_wt",
    "SiO2_wt",
    "Al2O3_wt",
    "P2O5_tot_wt"
  ],
  "use_random_split": true,
  "use_feature_selection": false,
  "model_name": "SVR",
  "error_mean": 0.49138980974128954,
  "error_sdev": 5.30725559416856,
  "uncertainty_median": 16.939292843415807,
  "uncertainty_mad": 7.314693871660301,
  "uncertainty_measure": 43.18181366410155,
  "feature_importance": {
    "K2O_wt": 0.02850378939202534,
    "Fe2O3T_wt": 0.0454579086084981,
    "SiO2_wt": 0.3169065802430308,
    "Al2O3_wt": -0.03143311130863777,
    "P2O5_tot_wt": 0.43711583786863356
  },
  "run": 6
}