{
  "y_test": [
    1.5,
    2.4,
    3.8,
    0.41,
    0.07,
    0.42,
    0.4,
    0.44,
    0.04,
    6.7,
    5.1,
    0.36,
    0.47,
    1.3,
    25.6,
    6.5,
    0.04,
    2.4,
    0.14,
    6.3,
    0.22,
    0.14,
    0.03,
    0.11,
    6.9,
    8.0,
    1.8,
    0.15,
    0.1,
    0.52,
    1.9,
    2.7,
    34.0,
    0.09,
    0.51,
    0.05,
    7.4,
    25.0,
    0.15,
    0.14,
    0.73,
    38.0,
    1.2,
    0.12,
    0.23
  ],
  "y_pred": [
    0.5166256318032352,
    0.4077787641943744,
    3.5698257976743744,
    1.018294858837556,
    4.1389846620254325,
    0.722430290736376,
    0.33395214936571843,
    0.18788827760157986,
    0.11654987188744892,
    9.365732025997051,
    3.0213528548530433,
    0.17408186267914194,
    0.12384784480529776,
    1.3552911550930153,
    29.05354471499992,
    9.568285744041415,
    0.29068832631535857,
    0.3888581215499484,
    1.6453123032073853,
    2.1755200865020257,
    0.32016286315684633,
    0.6700494202456504,
    0.14492321425966245,
    0.5360438315009853,
    0.3869504140257735,
    5.928093956613265,
    0.48344653078052796,
    0.7868622593280372,
    0.1449307693461055,
    0.40209682995587037,
    8.254064140905005,
    0.18301464117720906,
    29.24457825553295,
    0.45509835618706573,
    0.40545951693124777,
    21.18959028488382,
    9.249193338482966,
    24.95673368464118,
    1.1175830397343154,
    0.32705081814906667,
    0.4993105573238491,
    1.3722852186331047,
    0.1304332863177421,
    0.15503249646602588,
    1.162388835769807
  ],
  "selected_features": [
    "K2O_wt",
    "SiO2_wt",
    "P2O5_tot_wt"
  ],
  "selected_models": [],
  "stacking_used": false,
  "stacked_model": true,
  "number_of_models": 1,
  "final_estimator": "knn",
  "final_estimator_params": {
    "knn_n": 2,
    "knn_weights": "distance"
  },
  "model_params": {
    "knn": {
      "knn_n": 2,
      "knn_weights": "distance"
    }
  },
  "use_random_split": true,
  "use_feature_selection": true,
  "model_name": "KNN-FS",
  "error_mean": 0.3977728465662719,
  "error_sdev": 6.716709518098341,
  "uncertainty_median": 4.835937840528253,
  "uncertainty_mad": 8.720875494084462,
  "uncertainty_measure": 180.33473095948312,
  "feature_importance": {
    "K2O_wt": 0.003436401276168064,
    "Fe2O3T_wt": 1.1570552559825529,
    "SiO2_wt": 0.04906420569541194
  }
}