{
  "y_test": [
    1.3,
    0.31,
    0.04,
    4.2,
    29.4,
    0.03,
    0.32,
    0.09,
    1.0,
    2.4,
    0.07,
    1.3,
    0.4,
    0.15,
    1.9,
    0.27,
    0.12,
    0.84,
    34.0,
    0.1,
    0.05,
    0.29,
    0.37,
    1.5,
    0.25,
    7.0,
    3.8,
    0.04,
    0.87,
    1.9,
    0.21,
    25.8,
    0.52,
    2.6,
    0.24,
    6.7,
    0.17,
    0.4,
    1.4,
    5.7,
    0.44,
    31.8,
    1.44,
    1.44,
    0.73
  ],
  "y_pred": [
    0.45170366764068604,
    1.7100636959075928,
    0.24266988039016724,
    5.533624172210693,
    11.510894775390625,
    0.23535391688346863,
    0.45669418573379517,
    0.41682103276252747,
    0.9994270205497742,
    2.548250913619995,
    0.8710919618606567,
    1.8939083814620972,
    0.22872699797153473,
    0.23978668451309204,
    4.756357669830322,
    1.7041714191436768,
    2.8629140853881836,
    0.23978668451309204,
    23.06597137451172,
    0.2893575429916382,
    7.476428508758545,
    0.9608527421951294,
    0.24337519705295563,
    1.3511255979537964,
    0.2893575429916382,
    6.185291290283203,
    5.56022310256958,
    0.23705905675888062,
    1.7262853384017944,
    2.634951114654541,
    1.318676471710205,
    11.940291404724121,
    0.2647097408771515,
    1.0848759412765503,
    0.4408051073551178,
    5.770573616027832,
    0.23978668451309204,
    0.3676757514476776,
    1.908949613571167,
    5.662643909454346,
    0.23978668451309204,
    22.809024810791016,
    0.19765885174274445,
    1.1025725603103638,
    0.5335763692855835
  ],
  "selected_features": [
    "K2O_wt",
    "SiO2_wt",
    "Al2O3_wt",
    "P2O5_tot_wt"
  ],
  "selected_models": [],
  "stacking_used": false,
  "stacked_model": true,
  "number_of_models": 1,
  "final_estimator": "xgb",
  "final_estimator_params": {
    "xgb_n_estimators": 234,
    "xgb_lr": 0.011309269984582964,
    "xgb_max_depth": 3,
    "xgb_subsample": 0.7666404748868804,
    "xgb_colsample": 0.842759232903777
  },
  "model_params": {
    "xgb": {
      "xgb_n_estimators": 234,
      "xgb_lr": 0.011309269984582964,
      "xgb_max_depth": 3,
      "xgb_subsample": 0.7666404748868804,
      "xgb_colsample": 0.842759232903777
    }
  },
  "use_random_split": true,
  "use_feature_selection": true,
  "model_name": "XGB-FS",
  "error_mean": 0.7354637095001006,
  "error_sdev": 4.208298106978867,
  "uncertainty_median": 9.266948699951172,
  "uncertainty_mad": 3.7463932037353516,
  "uncertainty_measure": 40.427473217317925,
  "feature_importance": {
    "K2O_wt": 0.12532511769550989,
    "Fe2O3T_wt": 0.2709095489748044,
    "SiO2_wt": 0.026729905977370492,
    "Al2O3_wt": 0.48066358795425274
  }
}