{
  "y_test": [
    0.19,
    0.04,
    1.44,
    5.4,
    0.12,
    0.35,
    0.47,
    0.19,
    10.4,
    6.7,
    0.16,
    0.04,
    0.25,
    0.27,
    34.0,
    0.04,
    2.4,
    0.04,
    6.9,
    0.21,
    4.2,
    0.34,
    0.43,
    6.3,
    6.2,
    3.4,
    4.5,
    0.12,
    1.4,
    31.8,
    0.62,
    1.0,
    0.07,
    0.57,
    0.68,
    2.6,
    0.07,
    0.18,
    1.5,
    0.15,
    0.04,
    0.04,
    0.17,
    0.15,
    0.05
  ],
  "y_pred": [
    0.591379004795751,
    1.2073633429831003,
    -0.44542943945020075,
    5.314437332125485,
    -1.7737009569681101,
    3.5664083958604342,
    0.5493045433311019,
    2.1772881224178358,
    11.299842257677799,
    5.16791040515588,
    -0.31631871796448263,
    -1.6403985557342435,
    2.1752642975478365,
    3.2331782750090676,
    23.718873827531528,
    0.08167490724810622,
    0.6216043407617204,
    3.335079717092425,
    5.97817456786782,
    -1.5129502309967722,
    7.005556620877431,
    0.2686888427240093,
    0.2234323435509047,
    3.9651590618517254,
    1.3973684630241334,
    6.371577154125819,
    6.289891162715052,
    5.8077468767276,
    5.2789363996103615,
    22.00391965454323,
    0.29919414163350555,
    4.51717764545307,
    -0.510874349496081,
    -0.08186398388938465,
    2.734674021069428,
    5.997035918371559,
    0.8714555365275689,
    0.5637472741933032,
    -0.18837795428614945,
    1.142993695780733,
    -0.15218682194258215,
    2.6110217747694655,
    1.850519917743357,
    0.2908240552287611,
    15.853140004682736
  ],
  "selected_features": [
    "K2O_wt",
    "SiO2_wt"
  ],
  "selected_models": [],
  "stacking_used": false,
  "stacked_model": true,
  "number_of_models": 1,
  "final_estimator": "ann",
  "final_estimator_params": {
    "ann_hidden": 92,
    "ann_alpha": 0.01583988045045996
  },
  "model_params": {
    "ann": {
      "ann_hidden": 92,
      "ann_alpha": 0.01583988045045996
    }
  },
  "use_random_split": true,
  "use_feature_selection": true,
  "model_name": "ANN-FS",
  "error_mean": -0.47888317537514746,
  "error_sdev": 3.8125780682070376,
  "uncertainty_median": 6.445994058756906,
  "uncertainty_mad": 6.647255205156605,
  "uncertainty_measure": 103.12226701677277,
  "feature_importance": {
    "K2O_wt": 0.11138438122750632,
    "Fe2O3T_wt": 1.3505733243252283
  }
}