{
  "y_test": [
    0.09,
    4.2,
    1.3,
    7.4,
    0.15,
    6.9,
    1.9,
    0.1,
    38.0,
    11.7,
    0.03,
    6.6,
    5.7,
    0.44,
    0.17,
    6.7,
    0.84,
    6.3,
    0.22,
    1.3,
    0.14,
    0.25,
    0.12,
    0.05,
    0.14,
    0.04,
    0.4,
    0.04,
    0.12,
    5.4,
    0.11,
    2.4,
    8.9,
    6.1,
    0.09,
    1.4,
    1.53,
    0.68,
    0.18,
    3.4,
    1.8,
    0.15,
    6.2,
    2.6,
    0.12
  ],
  "y_pred": [
    7.9243032501364175,
    11.86678216237195,
    0.6956575225584427,
    10.669769204095754,
    1.8678169317833404,
    7.726497050479082,
    0.5029854937896797,
    1.1595303679097253,
    8.15218983406455,
    8.56228611734347,
    0.34987689471932376,
    11.574209316129046,
    4.700629522204244,
    0.7458974853821249,
    -4.324691250842275,
    7.726497050479082,
    -0.4259274131688125,
    11.664656934023848,
    1.5840762507508606,
    3.7601052763639897,
    1.0872818900798653,
    1.6296144379764177,
    1.1795409809992736,
    1.2678960314016317,
    -2.844136693694396,
    1.0872818900798653,
    1.3607753229979929,
    1.0872818900798653,
    7.114748177455833,
    4.908139498456738,
    1.0872818900798653,
    -1.2733709207960713,
    6.7896106654507475,
    7.404685599734239,
    1.404558885665656,
    3.7601052763639897,
    1.310477553952014,
    0.2128273336137764,
    0.3091631325644645,
    1.0657706819957222,
    9.012281985787684,
    -0.3280932782674866,
    6.7896106654507475,
    3.501284006382909,
    0.32610066503309143
  ],
  "selected_features": [
    "K2O_wt",
    "Fe2O3T_wt",
    "SiO2_wt",
    "Al2O3_wt",
    "P2O5_tot_wt"
  ],
  "selected_models": [],
  "stacking_used": false,
  "stacked_model": true,
  "number_of_models": 1,
  "final_estimator": "lgbm",
  "final_estimator_params": {
    "lgbm_num_leaves": 87,
    "lgbm_lr": 0.11802357951852388,
    "lgbm_n_estimators": 164
  },
  "model_params": {
    "lgbm": {
      "lgbm_num_leaves": 87,
      "lgbm_lr": 0.11802357951852388,
      "lgbm_n_estimators": 164
    }
  },
  "use_random_split": true,
  "use_feature_selection": false,
  "model_name": "LGBM",
  "error_mean": -0.29630812376485066,
  "error_sdev": 5.380677684476195,
  "uncertainty_median": 7.87361732747579,
  "uncertainty_mad": 3.67291795455096,
  "uncertainty_measure": 46.64841840527274,
  "feature_importance": {
    "K2O_wt": -0.0078954757580075,
    "Fe2O3T_wt": 0.017377455610363666,
    "SiO2_wt": 0.18825648561071162,
    "Al2O3_wt": 0.2858471504080418,
    "P2O5_tot_wt": 0.9866835374449778
  }
}