{
  "y_test": [
    4.2,
    5.1,
    0.25,
    6.6,
    1.3,
    5.4,
    1.4,
    6.9,
    0.14,
    0.14,
    0.16,
    0.14,
    0.04,
    6.7,
    0.02,
    1.3,
    0.29,
    0.18,
    3.4,
    1.9,
    0.73,
    0.74,
    1.18,
    0.17,
    7.0,
    1.47,
    2.7,
    22.1,
    0.09,
    2.4,
    0.37,
    1.3,
    0.05,
    6.2,
    0.04,
    0.07,
    0.15,
    0.1,
    0.36,
    1.3,
    1.0,
    0.57,
    6.3,
    0.24,
    2.4
  ],
  "y_pred": [
    11.94179450280442,
    6.652773274426028,
    0.7231247765386568,
    10.177466919158277,
    -0.9060602597612291,
    4.761691710188848,
    0.7814470302714235,
    8.760710715292118,
    1.1701066491389471,
    0.8854567066792727,
    -0.5142224582566205,
    0.7118693721026005,
    10.053874478333617,
    6.982181315969281,
    -0.411209622819228,
    0.6688948653570884,
    0.8854567066792727,
    0.8854567066792727,
    0.03286921531919869,
    1.6779052847646583,
    0.7402694614310621,
    0.16907377371018106,
    0.3000379820514121,
    0.038872311212359574,
    10.045773059894302,
    0.1349163242740609,
    -0.042541882548042705,
    24.07446798968389,
    6.077103069022546,
    -0.3825429965910744,
    0.7000405679218982,
    0.7972710189138554,
    1.280429864333663,
    6.869629151054946,
    0.29144127541989584,
    0.8326604284469781,
    0.26631944384611905,
    -0.07959470030683595,
    -0.1614325990842335,
    0.7814470302714235,
    -1.0186124246755641,
    0.02902938819528887,
    10.016571510010383,
    -1.0846344010405253,
    0.6317125108740352
  ],
  "selected_features": [
    "K2O_wt",
    "Fe2O3T_wt",
    "SiO2_wt",
    "Al2O3_wt",
    "P2O5_tot_wt"
  ],
  "selected_models": [],
  "stacking_used": false,
  "stacked_model": true,
  "number_of_models": 1,
  "final_estimator": "lgbm",
  "final_estimator_params": {
    "lgbm_num_leaves": 24,
    "lgbm_lr": 0.11040035481987243,
    "lgbm_n_estimators": 118
  },
  "model_params": {
    "lgbm": {
      "lgbm_num_leaves": 24,
      "lgbm_lr": 0.11040035481987243,
      "lgbm_n_estimators": 118
    }
  },
  "use_random_split": true,
  "use_feature_selection": false,
  "model_name": "LGBM",
  "error_mean": -0.5030954454486206,
  "error_sdev": 2.533767765073611,
  "uncertainty_median": 10.856402947901914,
  "uncertainty_mad": 4.335417545266052,
  "uncertainty_measure": 39.93419888770715,
  "feature_importance": {
    "K2O_wt": 0.49647983123520967,
    "Fe2O3T_wt": 0.04334371060379962,
    "SiO2_wt": 0.09292952231565361,
    "Al2O3_wt": 0.010092395428482113,
    "P2O5_tot_wt": 2.258357043619559
  }
}