{
  "y_test": [
    1.5,
    2.4,
    3.8,
    0.41,
    0.07,
    0.42,
    0.4,
    0.44,
    0.04,
    6.7,
    5.1,
    0.36,
    0.47,
    1.3,
    25.6,
    6.5,
    0.04,
    2.4,
    0.14,
    6.3,
    0.22,
    0.14,
    0.03,
    0.11,
    6.9,
    8.0,
    1.8,
    0.15,
    0.1,
    0.52,
    1.9,
    2.7,
    34.0,
    0.09,
    0.51,
    0.05,
    7.4,
    25.0,
    0.15,
    0.14,
    0.73,
    38.0,
    1.2,
    0.12,
    0.23
  ],
  "y_pred": [
    0.8428119786632953,
    1.1412079482765483,
    4.225769836135161,
    1.5940703933265128,
    4.071269677285179,
    0.7096042853613802,
    0.4177594326245708,
    0.6555186077460549,
    0.8380284102007509,
    12.062052931365281,
    4.2072982682834805,
    0.22791983974142552,
    0.7363841082868878,
    3.5348759090167157,
    4.805181688049359,
    9.075456440608201,
    0.32758384411929664,
    1.3954266241105742,
    1.336886859668106,
    7.331589071461206,
    2.7477113188706177,
    -0.4084808792110055,
    0.6669501639246185,
    -0.5763787703594307,
    1.6229745618851987,
    7.171279009652215,
    4.175018835713028,
    1.4791983518448217,
    0.6717762232585469,
    0.50095774367875,
    3.805966228754386,
    1.39523847514463,
    6.424502458706913,
    -0.02801041298060289,
    0.3340718605331954,
    2.54972234460854,
    7.91886220992869,
    8.624028134370601,
    0.5315917443306233,
    0.4331224107710463,
    0.8753207201336879,
    1.786488060401181,
    0.3325091994804035,
    0.22935558420891125,
    0.4725941061316028
  ],
  "selected_features": [
    "K2O_wt",
    "SiO2_wt",
    "P2O5_tot_wt"
  ],
  "selected_models": [],
  "stacking_used": false,
  "stacked_model": true,
  "number_of_models": 1,
  "final_estimator": "ann",
  "final_estimator_params": {
    "ann_hidden": 22,
    "ann_alpha": 6.275525820546995e-05
  },
  "model_params": {
    "ann": {
      "ann_hidden": 22,
      "ann_alpha": 6.275525820546995e-05
    }
  },
  "use_random_split": true,
  "use_feature_selection": true,
  "model_name": "ANN-FS",
  "error_mean": 1.806820759153085,
  "error_sdev": 7.90218078161042,
  "uncertainty_median": 6.204660328108583,
  "uncertainty_mad": 2.9384491734073745,
  "uncertainty_measure": 47.35874355757242,
  "feature_importance": {
    "K2O_wt": -0.07224419662459247,
    "Fe2O3T_wt": 0.18141630891877839,
    "SiO2_wt": 0.17704388315240102
  }
}