{
  "y_test": [
    0.16,
    0.4,
    0.29,
    5.7,
    0.15,
    0.17,
    0.73,
    0.04,
    0.47,
    0.04,
    0.21,
    0.07,
    0.27,
    0.12,
    0.21,
    0.32,
    1.4,
    0.03,
    6.2,
    0.87,
    0.02,
    0.16,
    1.44,
    25.8,
    25.0,
    0.74,
    0.24,
    0.31,
    4.2,
    2.7,
    0.51,
    4.5,
    1.4,
    7.4,
    0.52,
    1.8,
    1.3,
    0.14,
    31.8,
    1.3,
    1.2,
    0.36,
    0.19,
    25.6,
    1.47
  ],
  "y_pred": [
    0.4419931112829958,
    0.6083898274520356,
    0.5653435584393689,
    5.154141647891017,
    0.155294878505984,
    0.19967589343884784,
    1.128469642963899,
    0.04205067378561589,
    0.20575440383049814,
    0.43455243207549543,
    0.5395258121421995,
    0.22971525880370924,
    0.153336593940673,
    0.8691736675010002,
    1.3885513907189622,
    1.3426063006935807,
    1.3355352662521294,
    0.10586940350907525,
    2.698537933346808,
    0.3494109740635274,
    0.7043498664830334,
    0.10241710146000704,
    2.506318904973273,
    16.439120426134984,
    25.73530078585589,
    1.7321532082635684,
    0.8699692936845818,
    13.232089573578127,
    10.370128863075767,
    1.0373839264583986,
    -0.017969155860242392,
    5.053811109674492,
    1.4140915983469413,
    7.191539573232843,
    0.18367717212100088,
    2.760487330718065,
    1.2640718051790354,
    -0.16258380166066644,
    29.412129818801,
    3.497498631011235,
    1.1080474780931513,
    0.28345169404483395,
    1.3088786263173233,
    24.572199043066664,
    1.2367753775955266
  ],
  "selected_features": [
    "K2O_wt",
    "Fe2O3T_wt",
    "SiO2_wt",
    "Al2O3_wt",
    "P2O5_tot_wt"
  ],
  "selected_models": [],
  "stacking_used": false,
  "stacked_model": true,
  "number_of_models": 1,
  "final_estimator": "gpr",
  "final_estimator_params": {
    "gpr_nu": 0.5,
    "gpr_const": 8.35074005781712,
    "gpr_length_scale": 1.5444017946252013,
    "gpr_alpha": 0.009979966605773797
  },
  "model_params": {
    "gpr": {
      "gpr_nu": 0.5,
      "gpr_const": 8.35074005781712,
      "gpr_length_scale": 1.5444017946252013,
      "gpr_alpha": 0.009979966605773797
    }
  },
  "use_random_split": true,
  "use_feature_selection": false,
  "model_name": "GPR",
  "error_mean": -0.2629614871396945,
  "error_sdev": 2.726521218485556,
  "uncertainty_median": 6.4067295372380375,
  "uncertainty_mad": 7.057092833238516,
  "uncertainty_measure": 110.15125255749211,
  "feature_importance": {
    "K2O_wt": -0.006004258525997401,
    "Fe2O3T_wt": 0.07036156317085539,
    "SiO2_wt": 1.6796623296087412,
    "Al2O3_wt": 0.015060344701628097,
    "P2O5_tot_wt": 0.007080948076991287
  }
}