{
  "y_test": [
    0.03,
    1.3,
    0.23,
    0.04,
    1.9,
    0.36,
    2.4,
    1.18,
    0.37,
    0.41,
    38.0,
    0.02,
    11.7,
    2.4,
    0.35,
    25.8,
    0.07,
    0.1,
    0.52,
    6.9,
    24.5,
    0.14,
    0.27,
    0.4,
    0.29,
    8.0,
    2.7,
    0.68,
    0.25,
    0.12,
    0.14,
    3.4,
    1.44,
    1.8,
    1.5,
    1.4,
    0.37,
    0.34,
    0.57,
    1.3,
    8.7,
    6.7,
    29.4,
    0.14,
    0.43
  ],
  "y_pred": [
    0.21362790697674408,
    1.4507441860465125,
    0.3161550387596899,
    0.14730232558139508,
    1.425116279069769,
    0.341162790697674,
    2.1765116279069723,
    0.5204651162790684,
    0.24720930232558186,
    0.5406511627906981,
    4.852697674418601,
    2.43320930232558,
    7.833255813953502,
    1.3950697674418617,
    0.33511627906976776,
    21.96441860465115,
    0.22716279069767395,
    0.30906976744186027,
    0.3446434108527129,
    6.464186046511653,
    25.71488372093028,
    0.49800000000000083,
    0.15409302325581337,
    0.3113488372093024,
    0.13762790697674435,
    6.012558139534903,
    2.3863255813953406,
    0.36227906976744173,
    0.4690232558139537,
    0.4585116279069766,
    0.16153488372093025,
    3.4134883720930214,
    0.14613953488372117,
    6.140139534883734,
    1.2827906976744194,
    1.5160465116279103,
    0.4416279069767452,
    0.3386046511627907,
    0.287953488372093,
    1.4099534883720957,
    6.853953488372095,
    7.876279069767447,
    15.503023255813943,
    0.4293023255813958,
    0.09665116279069745
  ],
  "selected_features": [
    "K2O_wt",
    "Fe2O3T_wt",
    "SiO2_wt",
    "Al2O3_wt",
    "P2O5_tot_wt"
  ],
  "selected_models": [],
  "stacking_used": false,
  "stacked_model": true,
  "number_of_models": 1,
  "final_estimator": "et",
  "final_estimator_params": {
    "et_n_estimators": 215,
    "et_max_depth": 20,
    "et_min_samples_split": 2,
    "et_min_samples_leaf": 1,
    "et_bootstrap": false
  },
  "model_params": {
    "et": {
      "et_n_estimators": 215,
      "et_max_depth": 20,
      "et_min_samples_split": 2,
      "et_min_samples_leaf": 1,
      "et_bootstrap": false
    }
  },
  "use_random_split": true,
  "use_feature_selection": false,
  "model_name": "ET",
  "error_mean": 1.1804463393626161,
  "error_sdev": 5.432194513763978,
  "uncertainty_median": 9.622558139534885,
  "uncertainty_mad": 3.5788042822997377,
  "uncertainty_measure": 37.19181771005358,
  "feature_importance": {
    "K2O_wt": -0.001923799743440474,
    "Fe2O3T_wt": -0.004871973580866746,
    "SiO2_wt": 0.2815351770422405,
    "Al2O3_wt": 0.04079692847269259,
    "P2O5_tot_wt": 0.27315375972668415
  }
}