{
  "y_test": [
    1.4,
    25.0,
    1.18,
    0.04,
    2.4,
    0.04,
    25.6,
    38.0,
    0.73,
    0.16,
    2.4,
    0.12,
    3.4,
    0.15,
    0.44,
    0.21,
    0.14,
    0.14,
    0.37,
    0.37,
    0.87,
    6.9,
    0.24,
    0.17,
    22.1,
    0.22,
    0.15,
    0.03,
    0.07,
    0.52,
    0.84,
    0.56,
    0.1,
    0.19,
    6.5,
    0.23,
    8.7,
    4.2,
    0.04,
    0.15,
    6.6,
    1.5,
    0.17,
    6.7,
    0.14
  ],
  "y_pred": [
    1.6492646932601929,
    23.225997924804688,
    0.6161550879478455,
    0.3577286899089813,
    3.2278597354888916,
    0.19325226545333862,
    24.547607421875,
    5.151031970977783,
    0.7954962253570557,
    0.17665567994117737,
    0.7174289226531982,
    1.3633406162261963,
    1.7858575582504272,
    0.23340937495231628,
    0.22959071397781372,
    0.46341079473495483,
    0.03445744886994362,
    0.25068163871765137,
    0.40401947498321533,
    0.8839435577392578,
    0.730613112449646,
    5.737775802612305,
    0.1502184420824051,
    0.19628745317459106,
    25.915058135986328,
    0.4559691250324249,
    0.3150956332683563,
    0.22212855517864227,
    0.27177196741104126,
    0.16008421778678894,
    0.31832045316696167,
    0.19020161032676697,
    0.3608526289463043,
    0.25631991028785706,
    7.166363716125488,
    0.18423716723918915,
    6.02879524230957,
    2.5101370811462402,
    2.4406886100769043,
    1.0929478406906128,
    6.124617099761963,
    1.079022765159607,
    0.1896991729736328,
    5.8731584548950195,
    0.8203975558280945
  ],
  "selected_features": [
    "Fe2O3T_wt",
    "SiO2_wt",
    "Al2O3_wt",
    "P2O5_tot_wt"
  ],
  "selected_models": [],
  "stacking_used": false,
  "stacked_model": true,
  "number_of_models": 1,
  "final_estimator": "xgb",
  "final_estimator_params": {
    "xgb_n_estimators": 229,
    "xgb_lr": 0.05694839885141775,
    "xgb_max_depth": 6,
    "xgb_subsample": 0.9721932645487426,
    "xgb_colsample": 0.7937495129446224
  },
  "model_params": {
    "xgb": {
      "xgb_n_estimators": 229,
      "xgb_lr": 0.05694839885141775,
      "xgb_max_depth": 6,
      "xgb_subsample": 0.9721932645487426,
      "xgb_colsample": 0.7937495129446224
    }
  },
  "use_random_split": true,
  "use_feature_selection": true,
  "model_name": "XGB-FS",
  "error_mean": 0.779601076665852,
  "error_sdev": 4.9997388098103155,
  "uncertainty_median": 8.296430587768555,
  "uncertainty_mad": 6.2591938972473145,
  "uncertainty_measure": 75.4444195130766,
  "feature_importance": {
    "K2O_wt": 0.03178299553748579,
    "Fe2O3T_wt": 0.6605053108984476,
    "SiO2_wt": 0.00880902074332199,
    "Al2O3_wt": 0.1583445453271358
  }
}