{
  "y_test": [
    0.31,
    0.22,
    0.04,
    0.4,
    0.37,
    3.8,
    22.1,
    0.18,
    25.6,
    0.57,
    0.21,
    0.14,
    1.3,
    0.07,
    0.32,
    0.27,
    6.9,
    25.8,
    0.27,
    0.87,
    0.51,
    0.17,
    0.1,
    0.23,
    0.44,
    0.29,
    0.11,
    0.19,
    6.0,
    1.3,
    0.43,
    0.15,
    24.5,
    0.12,
    4.2,
    0.34,
    0.17,
    0.14,
    7.0,
    0.9,
    0.18,
    0.74,
    1.5,
    0.16,
    0.09
  ],
  "y_pred": [
    0.5182393725049614,
    -2.154686015558905,
    -2.9760055125540763,
    -1.582462837312896,
    -1.5187474866719661,
    2.557793878171033,
    44.766053180724874,
    -1.28610800850438,
    10.168098493690652,
    -2.14574693441177,
    -1.5303399622693092,
    0.3315084466231504,
    1.2758716951420936,
    -1.5946172306685895,
    -2.315886667074386,
    -0.009763842205039452,
    -1.3692263138331722,
    35.3992986401839,
    -0.4796610467629048,
    -0.7283376088859086,
    -1.6447029368438884,
    -2.892350196804289,
    -1.607474986482604,
    -1.8348754995567873,
    -2.0156972966257403,
    -3.580825963756716,
    -4.0123750812529195,
    -3.9835280288521773,
    3.060957991392007,
    1.1814379596327758,
    -2.5772559560515163,
    -2.078990312951202,
    10.548411333342283,
    -0.30622875146001327,
    2.5056486982794013,
    -1.2536692206369562,
    -1.7346840010035898,
    -0.9654195154947054,
    8.415201631012499,
    -0.09387041796697382,
    -2.7189105822994613,
    -0.9747933152840549,
    -2.146489997228997,
    -2.8801414462898656,
    3.1640783165939794
  ],
  "selected_features": [
    "K2O_wt",
    "Fe2O3T_wt",
    "SiO2_wt",
    "Al2O3_wt",
    "P2O5_tot_wt"
  ],
  "selected_models": [],
  "stacking_used": false,
  "stacked_model": true,
  "number_of_models": 1,
  "final_estimator": "svr",
  "final_estimator_params": {
    "svr_C": 4.993961824486362,
    "svr_epsilon": 0.08533716477932939
  },
  "model_params": {
    "svr": {
      "svr_C": 4.993961824486362,
      "svr_epsilon": 0.08533716477932939
    }
  },
  "use_random_split": true,
  "use_feature_selection": false,
  "model_name": "SVR",
  "error_mean": 1.6622505185836034,
  "error_sdev": 5.196390024623666,
  "uncertainty_median": 17.823315177718356,
  "uncertainty_mad": 9.400438509019407,
  "uncertainty_measure": 52.74236815814868,
  "feature_importance": {
    "K2O_wt": 0.0021447620563681625,
    "Fe2O3T_wt": 0.07827866891331794,
    "SiO2_wt": 0.21575940417903752,
    "Al2O3_wt": 0.0015965327152505726,
    "P2O5_tot_wt": 0.8158493716740479
  }
}