{
  "y_test": [
    25.0,
    0.87,
    11.7,
    1.3,
    1.47,
    6.0,
    0.14,
    1.2,
    0.15,
    0.41,
    0.04,
    0.74,
    0.09,
    0.15,
    0.04,
    0.62,
    34.0,
    0.4,
    0.19,
    0.05,
    1.18,
    6.2,
    5.1,
    0.23,
    0.47,
    6.5,
    1.5,
    0.37,
    0.25,
    0.73,
    0.15,
    0.17,
    0.44,
    2.4,
    2.4,
    1.3,
    22.1,
    6.7,
    0.09,
    0.36,
    0.32,
    0.34,
    0.44,
    4.2,
    0.31
  ],
  "y_pred": [
    20.256071090698242,
    1.2708970308303833,
    12.694178581237793,
    1.2180424928665161,
    0.956646740436554,
    5.100290298461914,
    0.14015954732894897,
    0.5579483509063721,
    0.500511884689331,
    0.49921315908432007,
    0.2818695902824402,
    0.23783811926841736,
    0.2788236737251282,
    0.4502652883529663,
    0.4419860541820526,
    0.4224553406238556,
    31.336423873901367,
    0.4169916808605194,
    0.06169037148356438,
    12.995099067687988,
    0.6902163624763489,
    4.216465473175049,
    4.0167951583862305,
    0.2641453742980957,
    0.19872184097766876,
    9.90807056427002,
    1.9013725519180298,
    1.5264991521835327,
    0.11180364340543747,
    0.2638205289840698,
    2.0176379680633545,
    0.3542770445346832,
    0.23995070159435272,
    1.1381971836090088,
    3.374924421310425,
    1.1999918222427368,
    21.021194458007812,
    7.115764141082764,
    0.515294075012207,
    0.21598273515701294,
    0.3134836256504059,
    0.2539730370044708,
    -0.005308116786181927,
    8.009178161621094,
    1.6517298221588135
  ],
  "selected_features": [
    "K2O_wt",
    "Fe2O3T_wt",
    "SiO2_wt",
    "Al2O3_wt",
    "P2O5_tot_wt"
  ],
  "selected_models": [],
  "stacking_used": false,
  "stacked_model": true,
  "number_of_models": 1,
  "final_estimator": "xgb",
  "final_estimator_params": {
    "xgb_n_estimators": 149,
    "xgb_lr": 0.19374877340359437,
    "xgb_max_depth": 9,
    "xgb_subsample": 0.6890191253345854,
    "xgb_colsample": 0.9037585760434215
  },
  "model_params": {
    "xgb": {
      "xgb_n_estimators": 149,
      "xgb_lr": 0.19374877340359437,
      "xgb_max_depth": 9,
      "xgb_subsample": 0.6890191253345854,
      "xgb_colsample": 0.9037585760434215
    }
  },
  "use_random_split": true,
  "use_feature_selection": true,
  "model_name": "XGB-FS",
  "error_mean": -0.2627018659388025,
  "error_sdev": 2.3376192559242845,
  "uncertainty_median": 14.225004196166992,
  "uncertainty_mad": 5.161674499511719,
  "uncertainty_measure": 36.28592602385707,
  "feature_importance": {
    "K2O_wt": 0.0169224364207073,
    "Fe2O3T_wt": 0.062253237134380954,
    "SiO2_wt": 0.28446402397776366,
    "Al2O3_wt": 0.181222195636661,
    "P2O5_tot_wt": 1.1680687329833184
  }
}