{
  "y_test": [
    1.53,
    0.04,
    0.52,
    0.15,
    0.19,
    2.4,
    0.23,
    25.0,
    0.37,
    1.3,
    6.2,
    0.15,
    0.13,
    0.17,
    0.4,
    0.19,
    0.1,
    0.14,
    0.29,
    0.84,
    4.2,
    1.3,
    0.24,
    29.4,
    0.31,
    0.68,
    6.9,
    0.04,
    0.07,
    0.24,
    0.41,
    0.21,
    2.7,
    0.14,
    0.37,
    0.36,
    6.7,
    0.27,
    22.1,
    0.87,
    0.46,
    5.7,
    0.12,
    0.25,
    0.15
  ],
  "y_pred": [
    3.066249246456641,
    0.6450275728902359,
    0.7662830569182228,
    0.635987990780388,
    -0.5967196514142088,
    3.8854812689459166,
    0.5624147615098822,
    15.9360740103496,
    0.9530708162217387,
    2.1116553699980485,
    8.393602260166984,
    -1.1482355366871948,
    0.14697998345404778,
    0.6443616379474405,
    1.4829087567135142,
    0.08915197873649944,
    0.2974527995430574,
    1.408413280562017,
    -0.3743139041514671,
    0.6019032998046219,
    12.001417356276853,
    2.12510596769389,
    1.1664963433922737,
    18.936364553686712,
    0.8425415990714376,
    0.8425415990714376,
    7.330491986358778,
    1.387697009666318,
    -0.2561813719015577,
    0.7492025208133986,
    0.27909951331967825,
    1.5744847689698327,
    3.9823924036591074,
    -1.047430477651724,
    0.7463380304544971,
    -0.37728297027756846,
    9.246733880059388,
    2.487959566794161,
    27.598617967046497,
    2.056768027420808,
    0.666589709433044,
    5.02300402203116,
    0.5668963619478649,
    0.12429149306669968,
    1.508106628047197
  ],
  "selected_features": [
    "K2O_wt",
    "P2O5_tot_wt"
  ],
  "selected_models": [],
  "stacking_used": false,
  "stacked_model": true,
  "number_of_models": 1,
  "final_estimator": "ann",
  "final_estimator_params": {
    "ann_hidden": 88,
    "ann_alpha": 1.0489324945523638e-05
  },
  "model_params": {
    "ann": {
      "ann_hidden": 88,
      "ann_alpha": 1.0489324945523638e-05
    }
  },
  "use_random_split": true,
  "use_feature_selection": true,
  "model_name": "ANN-FS",
  "error_mean": -0.32311101082658156,
  "error_sdev": 2.6978957623410196,
  "uncertainty_median": 15.570857532949073,
  "uncertainty_mad": 5.0078531509057695,
  "uncertainty_measure": 32.16170426265083,
  "feature_importance": {
    "K2O_wt": 0.15568505960594567,
    "Fe2O3T_wt": 1.5121256366470706
  }
}