{
  "y_test": [
    0.23,
    0.22,
    0.4,
    6.9,
    8.9,
    0.4,
    0.62,
    0.15,
    7.4,
    0.02,
    0.04,
    0.12,
    0.14,
    10.4,
    0.04,
    1.3,
    0.42,
    6.5,
    1.53,
    0.14,
    1.3,
    0.14,
    25.6,
    0.1,
    0.51,
    0.32,
    4.2,
    0.16,
    0.4,
    6.2,
    0.73,
    11.7,
    0.11,
    6.3,
    2.4,
    0.21,
    0.14,
    2.7,
    1.5,
    6.1,
    0.04,
    10.1,
    24.5,
    0.09,
    0.87
  ],
  "y_pred": [
    1.2217346198661758,
    -2.979931844636873,
    0.4796582260517184,
    7.114260972023555,
    2.5667784346759674,
    0.3263257633023642,
    0.226936287566474,
    3.2074620625229606,
    9.467733637027752,
    -1.1724797911549985,
    4.142056930732323,
    3.881061943191696,
    4.968620003155625,
    9.78993636381476,
    1.390471824605207,
    3.1807632574801517,
    6.105519418808569,
    10.313314463005891,
    4.602304408917657,
    -2.197222959889082,
    4.565499757492628,
    -0.667792014297504,
    19.810012949011593,
    0.8685087541288681,
    2.2881230485911175,
    -0.6829158496727672,
    7.60945490353015,
    0.26478987614128613,
    4.307824784544856,
    6.502381613270206,
    0.24736827512285942,
    12.909367568456894,
    -0.32694023181610277,
    6.287922961989253,
    -0.041822257033636845,
    -2.6839621862185794,
    -1.9712785133952977,
    1.438084112119192,
    -0.7886782682263416,
    7.537812832926157,
    -2.212645346126706,
    10.98166283172625,
    19.521364846981193,
    10.44230370320485,
    1.213879508864025
  ],
  "selected_features": [
    "K2O_wt",
    "Fe2O3T_wt",
    "SiO2_wt",
    "P2O5_tot_wt"
  ],
  "selected_models": [],
  "stacking_used": false,
  "stacked_model": true,
  "number_of_models": 1,
  "final_estimator": "lr",
  "final_estimator_params": {},
  "model_params": {
    "lr": {}
  },
  "feature_names": [
    "K2O_wt",
    "Fe2O3T_wt",
    "SiO2_wt",
    "Al2O3_wt",
    "P2O5_tot_wt"
  ],
  "use_random_split": true,
  "use_feature_selection": true,
  "model_name": "LR-FS",
  "error_mean": -0.4836807040529408,
  "error_sdev": 3.096753295483223,
  "uncertainty_median": 5.909852961446147,
  "uncertainty_mad": 6.41620169446794,
  "uncertainty_measure": 108.56787362266098,
  "feature_importance": {
    "K2O_wt": 0.14175417883577004,
    "Fe2O3T_wt": 0.09071873632668587,
    "SiO2_wt": 1.666177828890903,
    "Al2O3_wt": 0.04936752425660585
  },
  "run": 4
}