{
  "y_test": [
    0.57,
    0.04,
    0.19,
    4.2,
    0.19,
    0.34,
    6.3,
    29.4,
    0.04,
    0.73,
    25.0,
    0.02,
    6.7,
    8.9,
    0.1,
    0.56,
    0.14,
    0.4,
    0.41,
    0.14,
    31.8,
    0.23,
    0.19,
    34.0,
    1.9,
    0.52,
    0.36,
    1.3,
    10.4,
    0.87,
    2.6,
    0.24,
    0.44,
    0.09,
    0.13,
    0.68,
    5.1,
    0.04,
    3.4,
    1.18,
    0.18,
    25.8,
    0.17,
    6.1,
    0.25
  ],
  "y_pred": [
    0.5302674905176765,
    4.285569629555084,
    -1.8721940562307609,
    6.001821895303014,
    -0.2774176329071061,
    -0.17302934127717506,
    5.268114403772611,
    13.738050304562258,
    3.858547849090005,
    0.31015362375709543,
    17.400791087709926,
    -0.15740859176378308,
    4.174238753390139,
    1.855701469416008,
    1.2123527454714491,
    2.1295312348627675,
    -1.3414913642261368,
    0.8171242925264828,
    1.6103074191146902,
    4.880143065172874,
    22.699283679771238,
    1.2586783753193451,
    0.15615388820644327,
    25.416474836645627,
    4.1202441157079015,
    -0.44692731813535147,
    0.5914581800346141,
    3.1382315351908687,
    8.979982554764874,
    1.63606216974566,
    2.672345375502797,
    -2.461883663766109,
    0.46200911287511914,
    10.40928278008559,
    3.213829922924724,
    0.8447234045040481,
    5.284616777511552,
    -0.5811705722846838,
    5.653910153623176,
    0.7696849404705155,
    0.9511649387574295,
    17.49644320294518,
    2.353112765151348,
    6.3678650380888335,
    2.6707279348539466
  ],
  "selected_features": [
    "K2O_wt",
    "Fe2O3T_wt",
    "SiO2_wt",
    "Al2O3_wt",
    "P2O5_tot_wt"
  ],
  "selected_models": [],
  "stacking_used": false,
  "stacked_model": true,
  "number_of_models": 1,
  "final_estimator": "lr",
  "final_estimator_params": {},
  "model_params": {
    "lr": {}
  },
  "feature_names": [
    "K2O_wt",
    "Fe2O3T_wt",
    "SiO2_wt",
    "Al2O3_wt",
    "P2O5_tot_wt"
  ],
  "use_random_split": true,
  "use_feature_selection": false,
  "model_name": "LR",
  "error_mean": 0.5429449243041823,
  "error_sdev": 4.254199210762733,
  "uncertainty_median": 6.246022802856654,
  "uncertainty_mad": 6.6221340450922215,
  "uncertainty_measure": 106.02161173768933,
  "feature_importance": {
    "K2O_wt": 0.015689003476559087,
    "Fe2O3T_wt": -0.004195105317471446,
    "SiO2_wt": 1.198425872976255,
    "Al2O3_wt": 0.06685872454074372,
    "P2O5_tot_wt": 0.04349073368739827
  },
  "run": 5
}