{
  "y_test": [
    3.4,
    0.34,
    1.4,
    5.7,
    0.19,
    0.03,
    0.52,
    2.6,
    0.04,
    0.56,
    25.0,
    0.16,
    3.8,
    0.41,
    0.13,
    0.14,
    0.11,
    0.46,
    8.7,
    34.0,
    6.3,
    31.8,
    0.15,
    0.4,
    1.53,
    0.29,
    0.37,
    2.4,
    0.12,
    4.2,
    0.17,
    0.52,
    6.7,
    1.0,
    6.2,
    0.15,
    22.1,
    0.47,
    0.15,
    0.84,
    4.5,
    0.1,
    0.05,
    0.32,
    0.14
  ],
  "y_pred": [
    3.976724639455253,
    0.3136683311570654,
    2.1731658628660626,
    3.660656176089742,
    0.053874563903776096,
    0.16595918874020066,
    0.2172411035165395,
    5.642007767972048,
    0.17660234585872195,
    0.4920332032501309,
    24.73526942105929,
    0.1909422416916267,
    3.874758420422068,
    0.6739444402303169,
    0.49625874275227777,
    0.5052148247640674,
    0.31931127041940005,
    0.8247081022233355,
    7.231314681990427,
    25.181379608573703,
    3.5866369097882034,
    24.341066668984872,
    0.20049962492320683,
    1.3383146691839096,
    0.5212873038817739,
    0.1822384684993628,
    0.20245737499739058,
    0.20553176941666476,
    6.1445975182652806,
    5.4266966075651535,
    0.25813353966100516,
    0.6928118395848234,
    5.872041058245828,
    2.7415247371742297,
    5.097412244375504,
    0.9763906622016282,
    24.451662042808902,
    0.20214238562601544,
    2.563160012161661,
    0.22862772432857917,
    5.314370557988688,
    0.16203044630973637,
    16.57188532332261,
    0.31873095263098467,
    20.295958511451474
  ],
  "selected_features": [
    "SiO2_wt",
    "P2O5_tot_wt"
  ],
  "selected_models": [],
  "stacking_used": false,
  "stacked_model": true,
  "number_of_models": 1,
  "final_estimator": "knn",
  "final_estimator_params": {
    "knn_n": 7,
    "knn_weights": "distance"
  },
  "model_params": {
    "knn": {
      "knn_n": 7,
      "knn_weights": "distance"
    }
  },
  "use_random_split": true,
  "use_feature_selection": true,
  "model_name": "KNN-FS",
  "error_mean": -0.6698054197847453,
  "error_sdev": 4.471458655864497,
  "uncertainty_median": 6.817979309853769,
  "uncertainty_mad": 8.09326613482934,
  "uncertainty_measure": 118.70476232059619,
  "feature_importance": {
    "K2O_wt": 1.469819669407352,
    "Fe2O3T_wt": 0.021474064469677097
  }
}