{
  "y_test": [
    0.19,
    0.84,
    1.0,
    8.9,
    10.1,
    6.2,
    3.4,
    1.5,
    0.37,
    31.8,
    0.04,
    0.17,
    0.31,
    0.25,
    10.4,
    1.4,
    0.4,
    2.4,
    6.0,
    0.16,
    0.12,
    25.0,
    1.53,
    0.05,
    0.15,
    0.43,
    5.4,
    1.8,
    2.4,
    0.1,
    0.07,
    0.73,
    0.14,
    0.17,
    0.87,
    0.37,
    0.22,
    0.62,
    0.46,
    2.7,
    1.47,
    6.5,
    0.18,
    5.1,
    0.09
  ],
  "y_pred": [
    -2.191835911983972,
    -0.921880961991306,
    3.9484806440550173,
    1.3694897609618373,
    9.999949972097106,
    -0.03181572559466872,
    5.920000396273565,
    -1.0287790916885413,
    0.3288981359733256,
    24.66404202870185,
    4.614970368880837,
    0.5446864336759099,
    5.1036685909404085,
    3.377642428506306,
    11.717147862926979,
    4.846036702866307,
    0.39940319989318596,
    -0.19171267613562293,
    6.3473293958906964,
    -0.20572098355359003,
    -1.959701169575851,
    20.788794160699187,
    5.181914977495428,
    13.895976501020904,
    0.6027938889453175,
    0.21764155972788757,
    5.8142049952942365,
    0.7284962615361437,
    -0.8791717316528675,
    0.622069941061568,
    0.9430324506543499,
    -0.1981016900982091,
    3.1144992651219887,
    -0.6512372457862092,
    2.2680571585431046,
    7.4588714636009,
    0.14704694639179294,
    -0.016117820664913296,
    -0.21814042129561528,
    1.078490933545872,
    0.3384742271757091,
    9.685718366635363,
    2.2040816783120185,
    6.049775474630973,
    11.451987151079585
  ],
  "selected_features": [
    "SiO2_wt",
    "Al2O3_wt"
  ],
  "selected_models": [],
  "stacking_used": false,
  "stacked_model": true,
  "number_of_models": 1,
  "final_estimator": "lr",
  "final_estimator_params": {},
  "model_params": {
    "lr": {}
  },
  "feature_names": [
    "K2O_wt",
    "Fe2O3T_wt",
    "SiO2_wt",
    "Al2O3_wt",
    "P2O5_tot_wt"
  ],
  "use_random_split": true,
  "use_feature_selection": true,
  "model_name": "LR-FS",
  "error_mean": -0.5506546198465397,
  "error_sdev": 3.95870439263077,
  "uncertainty_median": 8.037786192365772,
  "uncertainty_mad": 6.223890269820069,
  "uncertainty_measure": 77.43289160554524,
  "feature_importance": {
    "K2O_wt": 1.2139165403162104,
    "Fe2O3T_wt": 0.22648714685346463
  },
  "run": 0
}