{
  "y_test": [
    1.3,
    0.31,
    0.04,
    4.2,
    29.4,
    0.03,
    0.32,
    0.09,
    1.0,
    2.4,
    0.07,
    1.3,
    0.4,
    0.15,
    1.9,
    0.27,
    0.12,
    0.84,
    34.0,
    0.1,
    0.05,
    0.29,
    0.37,
    1.5,
    0.25,
    7.0,
    3.8,
    0.04,
    0.87,
    1.9,
    0.21,
    25.8,
    0.52,
    2.6,
    0.24,
    6.7,
    0.17,
    0.4,
    1.4,
    5.7,
    0.44,
    31.8,
    1.44,
    1.44,
    0.73
  ],
  "y_pred": [
    0.4970550537109375,
    1.4112991094589233,
    0.1954379379749298,
    5.893856525421143,
    12.089164733886719,
    0.2202478051185608,
    0.4996185600757599,
    0.4244575798511505,
    1.0396281480789185,
    2.4336652755737305,
    0.9426310062408447,
    1.9727907180786133,
    0.2028786987066269,
    0.20144616067409515,
    5.176299095153809,
    1.5084974765777588,
    3.336930513381958,
    0.39550265669822693,
    23.209585189819336,
    0.24374160170555115,
    8.045605659484863,
    1.4085899591445923,
    0.23223498463630676,
    1.3003284931182861,
    0.281566858291626,
    5.840838432312012,
    5.83143424987793,
    0.19831503927707672,
    1.4631105661392212,
    2.4450972080230713,
    1.311172604560852,
    12.879063606262207,
    0.27230536937713623,
    1.342003345489502,
    0.6283454895019531,
    6.046572685241699,
    0.2095731645822525,
    0.31184709072113037,
    1.959719181060791,
    5.635711193084717,
    0.21548223495483398,
    22.982397079467773,
    0.18520209193229675,
    1.1910263299942017,
    0.5695673823356628
  ],
  "selected_features": [
    "K2O_wt",
    "Fe2O3T_wt",
    "SiO2_wt",
    "Al2O3_wt",
    "P2O5_tot_wt"
  ],
  "selected_models": [],
  "stacking_used": false,
  "stacked_model": true,
  "number_of_models": 1,
  "final_estimator": "xgb",
  "final_estimator_params": {
    "xgb_n_estimators": 284,
    "xgb_lr": 0.010582217049635715,
    "xgb_max_depth": 3,
    "xgb_subsample": 0.600591620185652,
    "xgb_colsample": 0.8304659270620905
  },
  "model_params": {
    "xgb": {
      "xgb_n_estimators": 284,
      "xgb_lr": 0.010582217049635715,
      "xgb_max_depth": 3,
      "xgb_subsample": 0.600591620185652,
      "xgb_colsample": 0.8304659270620905
    }
  },
  "use_random_split": true,
  "use_feature_selection": false,
  "model_name": "XGB",
  "error_mean": 0.6492923523320092,
  "error_sdev": 4.122308862313192,
  "uncertainty_median": 9.587894439697266,
  "uncertainty_mad": 3.8565661907196045,
  "uncertainty_measure": 40.22328588383347,
  "feature_importance": {
    "K2O_wt": 0.10707036058249475,
    "Fe2O3T_wt": -0.013671177458149915,
    "SiO2_wt": 0.2592800233232538,
    "Al2O3_wt": 0.030654908970100512,
    "P2O5_tot_wt": 0.5157578361269154
  }
}