{
  "y_test": [
    6.5,
    1.47,
    2.4,
    1.9,
    0.14,
    10.1,
    0.05,
    1.4,
    38.0,
    6.9,
    0.37,
    0.56,
    0.27,
    1.3,
    0.07,
    4.2,
    0.19,
    0.15,
    22.1,
    0.22,
    0.47,
    0.31,
    0.36,
    1.3,
    0.12,
    0.37,
    0.18,
    0.04,
    0.57,
    0.19,
    1.53,
    0.05,
    34.0,
    8.0,
    2.4,
    8.7,
    0.16,
    6.3,
    0.14,
    0.04,
    1.2,
    0.15,
    0.44,
    0.14,
    0.21
  ],
  "y_pred": [
    7.332584361957423,
    0.4960491090044532,
    0.4401927139055357,
    1.7485668473970322,
    0.3651925364931241,
    6.97148813745479,
    17.925996118528595,
    1.8076256081106254,
    2.0840462436463314,
    5.942285920250225,
    1.7458887029356398,
    0.5201411618524387,
    1.3118196975929775,
    1.8569666045235416,
    3.930519888820508,
    5.503349842084511,
    0.03791443213801049,
    3.1084628038257565,
    28.370803379606492,
    0.883396557030161,
    0.2310154930230075,
    2.924669529072811,
    0.3089592806579211,
    0.15211750992744388,
    0.49038889986139944,
    0.9890160347770434,
    0.13965786733613994,
    0.292311851580509,
    0.3684574867290893,
    0.5346353332590441,
    0.17120940890376168,
    0.4720310423951837,
    29.36596798669023,
    5.54421103179603,
    1.5678582242732886,
    7.385408449640768,
    0.36835074728069106,
    4.767552364450115,
    1.7386886572477132,
    0.28822238941532596,
    0.20678390658168366,
    0.2602758839681054,
    0.5054370144871383,
    0.3075608065690578,
    0.6315245788037487
  ],
  "selected_features": [
    "K2O_wt",
    "Fe2O3T_wt",
    "SiO2_wt",
    "P2O5_tot_wt"
  ],
  "selected_models": [],
  "stacking_used": false,
  "stacked_model": true,
  "number_of_models": 1,
  "final_estimator": "gpr",
  "final_estimator_params": {
    "gpr_nu": 0.5,
    "gpr_const": 9.676436699398952,
    "gpr_length_scale": 5.048883333521985,
    "gpr_alpha": 0.009326653267296113
  },
  "model_params": {
    "gpr": {
      "gpr_nu": 0.5,
      "gpr_const": 9.676436699398952,
      "gpr_length_scale": 5.048883333521985,
      "gpr_alpha": 0.009326653267296113
    }
  },
  "use_random_split": true,
  "use_feature_selection": true,
  "model_name": "GPR-FS",
  "error_mean": 0.2947643900914351,
  "error_sdev": 6.284147828357944,
  "uncertainty_median": 8.915718126834797,
  "uncertainty_mad": 8.558991838448472,
  "uncertainty_measure": 95.99890571559638,
  "feature_importance": {
    "K2O_wt": -0.0096392141448735,
    "Fe2O3T_wt": 0.017311916089576333,
    "SiO2_wt": 0.8406946326910283,
    "Al2O3_wt": 0.0489784055017366
  }
}