{
  "y_test": [
    8.7,
    0.46,
    2.4,
    1.3,
    3.8,
    0.27,
    0.19,
    4.5,
    0.37,
    6.7,
    0.15,
    1.8,
    0.36,
    25.6,
    1.18,
    0.04,
    1.2,
    6.2,
    0.07,
    0.25,
    31.8,
    11.7,
    1.5,
    0.34,
    0.19,
    7.4,
    1.47,
    0.52,
    0.12,
    0.4,
    4.2,
    0.19,
    34.0,
    0.03,
    0.4,
    0.14,
    0.17,
    0.14,
    0.41,
    0.35,
    0.4,
    0.15,
    0.12,
    2.4,
    1.44
  ],
  "y_pred": [
    9.855989759249809,
    0.2742699185414672,
    -0.02239161926057065,
    4.114357980311841,
    5.184083795689034,
    3.7668666266863617,
    -0.5106216684700087,
    3.7723453683478603,
    6.510335981541687,
    5.30656990317587,
    0.44448998602731393,
    1.3360956204210588,
    0.5088840893099693,
    21.19457457282452,
    0.5763587655125448,
    3.3649637320282686,
    1.9222791715494445,
    0.42834116423252766,
    1.425235646265893,
    1.2873823347823752,
    22.257217201048128,
    9.617667615384882,
    -0.5177756006120369,
    0.11092180248715877,
    0.04945446381454488,
    9.353338190124813,
    0.4873916371512941,
    -0.5975685060226397,
    1.7035947462720173,
    0.6074077675719032,
    6.670421973253944,
    -1.260283554260944,
    24.18661892727197,
    0.11703501232101843,
    3.5841828745700255,
    3.0013436782992358,
    0.04383124795701221,
    4.754463105109512,
    1.8918802476317929,
    4.554100883718334,
    0.6688041449932882,
    1.7213364366204225,
    4.479449581938159,
    -0.034813177578111976,
    0.8785414713893189
  ],
  "selected_features": [
    "K2O_wt",
    "Fe2O3T_wt",
    "SiO2_wt",
    "Al2O3_wt",
    "P2O5_tot_wt"
  ],
  "selected_models": [],
  "stacking_used": false,
  "stacked_model": true,
  "number_of_models": 1,
  "final_estimator": "lr",
  "final_estimator_params": {},
  "model_params": {
    "lr": {}
  },
  "use_random_split": true,
  "use_feature_selection": false,
  "model_name": "LR",
  "error_mean": -0.07886607331605124,
  "error_sdev": 3.1533691106324975,
  "uncertainty_median": 8.57683845451499,
  "uncertainty_mad": 5.558631383574602,
  "uncertainty_measure": 64.80979457702676,
  "feature_importance": {
    "K2O_wt": 0.011371192401086905,
    "Fe2O3T_wt": 0.02010910853800552,
    "SiO2_wt": 0.9857514400342641,
    "Al2O3_wt": 0.10327806758113214,
    "P2O5_tot_wt": 0.03271149280916137
  }
}