{
  "y_test": [
    0.57,
    0.04,
    0.19,
    4.2,
    0.19,
    0.34,
    6.3,
    29.4,
    0.04,
    0.73,
    25.0,
    0.02,
    6.7,
    8.9,
    0.1,
    0.56,
    0.14,
    0.4,
    0.41,
    0.14,
    31.8,
    0.23,
    0.19,
    34.0,
    1.9,
    0.52,
    0.36,
    1.3,
    10.4,
    0.87,
    2.6,
    0.24,
    0.44,
    0.09,
    0.13,
    0.68,
    5.1,
    0.04,
    3.4,
    1.18,
    0.18,
    25.8,
    0.17,
    6.1,
    0.25
  ],
  "y_pred": [
    0.5063405961059468,
    0.5063405961059468,
    0.5063405961059468,
    1.4440237212896743,
    0.5063405961059468,
    0.582503167780477,
    7.032732608275969,
    13.38231198080208,
    0.5063405961059468,
    0.5237884142873765,
    20.75080297408272,
    1.3678611496151445,
    6.747839560147624,
    7.934043124941158,
    0.5063405961059468,
    0.6352816492846401,
    0.5063405961059468,
    0.5063405961059468,
    0.5140716885429216,
    0.5063405961059468,
    25.312283252278913,
    0.5063405961059468,
    0.5140716885429216,
    25.204521814370413,
    1.2297919689850494,
    0.5063405961059468,
    0.5063405961059468,
    0.5372810613462,
    6.47802482924597,
    1.1536293973105194,
    0.582503167780477,
    0.5063405961059468,
    0.5063405961059468,
    0.6352816492846401,
    0.5063405961059468,
    0.582503167780477,
    6.367176630317276,
    0.5063405961059468,
    1.4440237212896743,
    0.582503167780477,
    0.5063405961059468,
    17.080993853059724,
    0.5063405961059468,
    6.367176630317276,
    0.5063405961059468
  ],
  "selected_features": [
    "K2O_wt",
    "Fe2O3T_wt",
    "SiO2_wt",
    "Al2O3_wt",
    "P2O5_tot_wt"
  ],
  "selected_models": [],
  "stacking_used": false,
  "stacked_model": true,
  "number_of_models": 1,
  "final_estimator": "rf",
  "final_estimator_params": {
    "rf_n_estimators": 102,
    "rf_max_depth": 2
  },
  "model_params": {
    "rf": {
      "rf_n_estimators": 102,
      "rf_max_depth": 2
    }
  },
  "feature_names": [
    "K2O_wt",
    "Fe2O3T_wt",
    "SiO2_wt",
    "Al2O3_wt",
    "P2O5_tot_wt"
  ],
  "use_random_split": true,
  "use_feature_selection": false,
  "model_name": "RF",
  "error_mean": 1.0607222807832717,
  "error_sdev": 3.230544434651698,
  "uncertainty_median": 10.624765114905019,
  "uncertainty_mad": 4.401420922674041,
  "uncertainty_measure": 41.426053894588975,
  "feature_importance": {
    "K2O_wt": 0.14869063796251736,
    "Fe2O3T_wt": -0.003663236150361733,
    "SiO2_wt": 0.16118064054181436,
    "Al2O3_wt": 0.06382037690550908,
    "P2O5_tot_wt": 0.586036580491589
  },
  "run": 5
}