{
  "y_test": [
    1.8,
    1.44,
    0.14,
    0.42,
    0.09,
    0.27,
    0.09,
    0.9,
    1.5,
    25.6,
    0.14,
    0.4,
    10.1,
    0.57,
    1.0,
    38.0,
    0.1,
    3.4,
    0.24,
    0.15,
    6.6,
    24.5,
    0.13,
    0.11,
    6.1,
    0.25,
    22.1,
    0.43,
    0.27,
    0.24,
    0.1,
    0.04,
    11.7,
    0.17,
    1.53,
    0.16,
    1.9,
    6.0,
    0.21,
    0.19,
    0.15,
    7.0,
    0.34,
    0.21,
    0.62
  ],
  "y_pred": [
    4.04649015666699,
    1.3224907348396937,
    0.1939559826899444,
    1.2203851534367924,
    0.20331426279479858,
    0.04185119343007493,
    0.26594392356215746,
    1.9454604505977138,
    0.6376209845154088,
    31.113104646743025,
    -0.033013685769237355,
    0.689333636635364,
    6.291162534157582,
    0.23626280057299054,
    1.5842763688286243,
    0.9128760533452347,
    0.19890963229144853,
    3.597745503591812,
    0.42592169681436376,
    0.12921070140944924,
    5.0310494908934915,
    24.866176803766464,
    0.1462102698631238,
    0.9250330862391563,
    4.649793585177695,
    0.07357112026181634,
    29.80006498877849,
    0.08366548432039433,
    1.2572987917041374,
    0.6639336398397071,
    0.15673988167361186,
    0.3030633193666654,
    8.261502313860875,
    0.17666668931431628,
    0.3660497113469843,
    0.3444486029880167,
    5.874303568815142,
    3.8928488239115127,
    1.0874986520389567,
    0.09239255512865308,
    1.629845768015402,
    6.329916215946214,
    -0.1762292341435221,
    1.473999668232423,
    0.9673282369920648
  ],
  "selected_features": [
    "Fe2O3T_wt",
    "SiO2_wt",
    "Al2O3_wt",
    "P2O5_tot_wt"
  ],
  "selected_models": [],
  "stacking_used": false,
  "stacked_model": true,
  "number_of_models": 1,
  "final_estimator": "gpr",
  "final_estimator_params": {
    "gpr_nu": 1.5,
    "gpr_const": 9.066385887842136,
    "gpr_length_scale": 1.2861677719563067,
    "gpr_alpha": 0.0072834468100870025
  },
  "model_params": {
    "gpr": {
      "gpr_nu": 1.5,
      "gpr_const": 9.066385887842136,
      "gpr_length_scale": 1.2861677719563067,
      "gpr_alpha": 0.0072834468100870025
    }
  },
  "use_random_split": true,
  "use_feature_selection": true,
  "model_name": "GPR-FS",
  "error_mean": 0.5355450052114219,
  "error_sdev": 5.878736209008871,
  "uncertainty_median": 12.759556294452743,
  "uncertainty_mad": 8.532029001652251,
  "uncertainty_measure": 66.86775625075285,
  "feature_importance": {
    "K2O_wt": 0.020319837070354813,
    "Fe2O3T_wt": 0.9058773134323207,
    "SiO2_wt": -0.02255875075231515,
    "Al2O3_wt": 0.13670453164450236
  }
}