{
  "y_test": [
    0.15,
    4.5,
    0.36,
    0.16,
    0.44,
    0.27,
    0.18,
    5.4,
    0.51,
    0.1,
    38.0,
    7.4,
    6.7,
    0.17,
    0.4,
    4.2,
    2.7,
    25.0,
    3.8,
    1.3,
    2.4,
    0.73,
    0.37,
    3.4,
    0.14,
    5.7,
    1.0,
    0.32,
    0.31,
    0.34,
    2.4,
    0.04,
    25.8,
    0.23,
    0.19,
    0.19,
    0.24,
    0.16,
    0.25,
    0.11,
    1.47,
    0.17,
    0.05,
    6.7,
    0.35
  ],
  "y_pred": [
    0.388502301009563,
    7.0460738372072536,
    0.36377723707094406,
    0.36377723707094406,
    0.36377723707094406,
    0.8968399358874657,
    0.36377723707094406,
    6.179897415249582,
    0.36377723707094406,
    0.36377723707094406,
    6.18311853156496,
    7.191609551492969,
    7.0460738372072536,
    0.4612448383229959,
    0.388502301009563,
    1.6874024296998293,
    1.3852573202348426,
    24.40688466625967,
    6.179897415249582,
    1.6846876131856554,
    0.8968399358874657,
    0.5891766538653374,
    0.36377723707094406,
    1.6874024296998293,
    0.36377723707094406,
    6.825215702286619,
    1.176349978307753,
    0.388502301009563,
    0.36377723707094406,
    0.36377723707094406,
    0.9722972897150727,
    0.43651977438437695,
    26.23711970899471,
    0.36377723707094406,
    0.43651977438437695,
    0.388502301009563,
    0.36377723707094406,
    0.36377723707094406,
    0.36377723707094406,
    0.36377723707094406,
    1.1036074409943202,
    0.36377723707094406,
    0.36377723707094406,
    7.2082533243867415,
    0.36377723707094406
  ],
  "selected_features": [
    "K2O_wt",
    "SiO2_wt",
    "Al2O3_wt",
    "P2O5_tot_wt"
  ],
  "selected_models": [],
  "stacking_used": false,
  "stacked_model": true,
  "number_of_models": 1,
  "final_estimator": "rf",
  "final_estimator_params": {
    "rf_n_estimators": 24,
    "rf_max_depth": 3
  },
  "model_params": {
    "rf": {
      "rf_n_estimators": 24,
      "rf_max_depth": 3
    }
  },
  "feature_names": [
    "K2O_wt",
    "Fe2O3T_wt",
    "SiO2_wt",
    "Al2O3_wt",
    "P2O5_tot_wt"
  ],
  "use_random_split": true,
  "use_feature_selection": true,
  "model_name": "RF-FS",
  "error_mean": 0.6395491360936909,
  "error_sdev": 4.828442034343826,
  "uncertainty_median": 7.268868403751821,
  "uncertainty_mad": 5.345519588759385,
  "uncertainty_measure": 73.53991421828876,
  "feature_importance": {
    "K2O_wt": 0.005191882187468676,
    "Fe2O3T_wt": 0.5695661350274952,
    "SiO2_wt": 0.006955606745588799,
    "Al2O3_wt": 0.25531434547217535
  },
  "run": 1
}