{
  "y_test": [
    4.2,
    5.1,
    0.25,
    6.6,
    1.3,
    5.4,
    1.4,
    6.9,
    0.14,
    0.14,
    0.16,
    0.14,
    0.04,
    6.7,
    0.02,
    1.3,
    0.29,
    0.18,
    3.4,
    1.9,
    0.73,
    0.74,
    1.18,
    0.17,
    7.0,
    1.47,
    2.7,
    22.1,
    0.09,
    2.4,
    0.37,
    1.3,
    0.05,
    6.2,
    0.04,
    0.07,
    0.15,
    0.1,
    0.36,
    1.3,
    1.0,
    0.57,
    6.3,
    0.24,
    2.4
  ],
  "y_pred": [
    10.93121196754563,
    5.565957915638682,
    0.5126534077146647,
    9.660104414179456,
    1.623497290057369,
    7.617524007592713,
    2.329104903133947,
    6.515947360102273,
    0.20783825505123668,
    0.5909930841302039,
    0.3728253541590255,
    0.3125548034453714,
    3.311103224947241,
    8.30785154061624,
    3.537039764269988,
    2.4088717340042263,
    0.413410340437115,
    0.24368802367341907,
    3.961786701795055,
    5.611377163057928,
    0.6539162976982453,
    0.7675529972056347,
    0.6761052077899684,
    0.6081345495613241,
    8.676242345213941,
    1.2476175441529398,
    4.337702798553714,
    27.92966475095786,
    3.182646554011805,
    4.611639580162907,
    0.527380993921562,
    0.9163209937684584,
    0.28968745297974496,
    8.028621655558771,
    0.5781500910676098,
    0.8630994917073007,
    0.48663270041228823,
    0.4136510280616504,
    0.2874079485761026,
    2.1128865123293488,
    1.4759948270031815,
    0.35443726481340415,
    9.123667632570266,
    0.2744994731434893,
    3.879544690378363
  ],
  "selected_features": [
    "K2O_wt",
    "SiO2_wt",
    "P2O5_tot_wt"
  ],
  "selected_models": [],
  "stacking_used": false,
  "stacked_model": true,
  "number_of_models": 1,
  "final_estimator": "et",
  "final_estimator_params": {
    "et_n_estimators": 145,
    "et_max_depth": 15,
    "et_min_samples_split": 4,
    "et_min_samples_leaf": 2,
    "et_bootstrap": false
  },
  "model_params": {
    "et": {
      "et_n_estimators": 145,
      "et_max_depth": 15,
      "et_min_samples_split": 4,
      "et_min_samples_leaf": 2,
      "et_bootstrap": false
    }
  },
  "use_random_split": true,
  "use_feature_selection": true,
  "model_name": "ET-FS",
  "error_mean": -1.1499677030478148,
  "error_sdev": 1.6025583783582358,
  "uncertainty_median": 11.353701037660837,
  "uncertainty_mad": 5.406338741795719,
  "uncertainty_measure": 47.61741324580066,
  "feature_importance": {
    "K2O_wt": 0.05687675851433955,
    "Fe2O3T_wt": 0.7953857874466662,
    "SiO2_wt": 0.7533771651806421
  }
}