{
  "y_test": [
    1.9,
    1.44,
    0.09,
    2.4,
    0.68,
    0.42,
    34.0,
    25.6,
    2.6,
    0.27,
    25.0,
    0.18,
    0.24,
    6.3,
    0.32,
    1.47,
    0.74,
    1.4,
    0.41,
    1.3,
    6.7,
    0.87,
    0.15,
    1.53,
    0.46,
    6.5,
    1.2,
    2.4,
    0.37,
    0.04,
    0.35,
    1.8,
    0.25,
    0.19,
    0.34,
    11.7,
    0.14,
    0.1,
    0.04,
    0.18,
    0.1,
    5.1,
    0.37,
    4.2,
    0.27
  ],
  "y_pred": [
    9.284964567128508,
    0.20533597596127295,
    11.772380190966476,
    -0.10785004305350032,
    1.0977506963915382,
    7.047910908996679,
    26.263956085631996,
    25.98555898831792,
    4.6586475240551835,
    0.20363936900881718,
    26.004584320776193,
    0.26995954825523727,
    0.4511926339836112,
    4.512951655555893,
    0.7054676047076183,
    0.6191201629928891,
    1.8208246723344539,
    1.3404491065342383,
    -1.375046457121155,
    2.2360621990924407,
    6.654465454075574,
    0.43819954039711195,
    0.1882486018167997,
    1.1800105669963084,
    2.01971777877559,
    8.746028977634358,
    1.7881409379922204,
    0.46397625225431494,
    0.7260661173598937,
    0.0845611235903303,
    1.6946805663073852,
    2.582526414891425,
    0.4762398873446898,
    0.17917302833592696,
    0.062724848688827,
    11.005058416112014,
    0.1789949318774302,
    0.017031872487134336,
    0.24319643408082303,
    0.19400602302201442,
    0.2989239556327363,
    3.5488549941972685,
    15.315465306322599,
    5.290632800166952,
    -0.5423246535643016
  ],
  "selected_features": [
    "K2O_wt",
    "Fe2O3T_wt",
    "SiO2_wt",
    "Al2O3_wt",
    "P2O5_tot_wt"
  ],
  "selected_models": [],
  "stacking_used": false,
  "stacked_model": true,
  "number_of_models": 1,
  "final_estimator": "gpr",
  "final_estimator_params": {
    "gpr_nu": 0.5,
    "gpr_const": 0.1449083375683473,
    "gpr_length_scale": 0.2642917215127791,
    "gpr_alpha": 0.009835599364092389
  },
  "model_params": {
    "gpr": {
      "gpr_nu": 0.5,
      "gpr_const": 0.1449083375683473,
      "gpr_length_scale": 0.2642917215127791,
      "gpr_alpha": 0.009835599364092389
    }
  },
  "use_random_split": true,
  "use_feature_selection": false,
  "model_name": "GPR",
  "error_mean": -0.7493879974958163,
  "error_sdev": 3.4870470725133007,
  "uncertainty_median": 8.256182397086485,
  "uncertainty_mad": 7.694003227146562,
  "uncertainty_measure": 93.1908097120249,
  "feature_importance": {
    "K2O_wt": -0.010848311829361284,
    "Fe2O3T_wt": 0.03007731250640616,
    "SiO2_wt": 1.5288000001432835,
    "Al2O3_wt": 0.027087289994253715,
    "P2O5_tot_wt": 0.0036448531080693325
  }
}