{
  "y_test": [
    11.7,
    6.6,
    3.8,
    0.04,
    0.15,
    0.04,
    2.4,
    8.7,
    6.7,
    24.5,
    1.9,
    1.4,
    2.7,
    0.24,
    0.14,
    3.4,
    34.0,
    0.04,
    0.04,
    4.2,
    0.15,
    1.47,
    0.18,
    0.37,
    7.4,
    0.19,
    0.04,
    25.6,
    0.34,
    1.5,
    0.15,
    1.53,
    0.09,
    0.35,
    0.05,
    0.14,
    0.37,
    4.2,
    1.44,
    25.6,
    0.23,
    0.57,
    0.43,
    0.17,
    0.17
  ],
  "y_pred": [
    6.1000000000000005,
    2.5966666666666667,
    3.633333333333333,
    0.24000000000000002,
    0.58,
    0.12333333333333334,
    0.4566666666666667,
    7.233333333333334,
    5.966666666666668,
    28.733333333333334,
    2.5966666666666667,
    2.566666666666667,
    0.5099999999999999,
    0.21333333333333335,
    0.20333333333333334,
    2.5999999999999996,
    26.566666666666666,
    0.23,
    0.3133333333333333,
    5.1000000000000005,
    0.5,
    0.5599999999999999,
    0.24666666666666667,
    0.4566666666666667,
    6.0,
    0.31333333333333335,
    0.6166666666666666,
    26.566666666666666,
    1.0733333333333333,
    0.3233333333333333,
    2.18,
    0.7033333333333333,
    0.21333333333333335,
    0.75,
    21.599999999999998,
    0.7666666666666666,
    0.27666666666666667,
    5.833333333333333,
    0.20666666666666667,
    28.733333333333334,
    0.8866666666666667,
    0.3233333333333333,
    0.09000000000000001,
    0.2866666666666667,
    0.19333333333333336
  ],
  "selected_features": [
    "SiO2_wt",
    "P2O5_tot_wt"
  ],
  "selected_models": [],
  "stacking_used": false,
  "stacked_model": true,
  "number_of_models": 1,
  "final_estimator": "knn",
  "final_estimator_params": {
    "knn_n": 3,
    "knn_weights": "uniform"
  },
  "model_params": {
    "knn": {
      "knn_n": 3,
      "knn_weights": "uniform"
    }
  },
  "feature_names": [
    "K2O_wt",
    "Fe2O3T_wt",
    "SiO2_wt",
    "Al2O3_wt",
    "P2O5_tot_wt"
  ],
  "use_random_split": true,
  "use_feature_selection": true,
  "model_name": "KNN-FS",
  "error_mean": -0.24096296296296293,
  "error_sdev": 3.764129449988914,
  "uncertainty_median": 5.133333333333333,
  "uncertainty_mad": 8.319826027777777,
  "uncertainty_measure": 162.07453300865802,
  "feature_importance": {
    "K2O_wt": 1.8090624412927578,
    "Fe2O3T_wt": 0.04830099434417248
  },
  "run": 3
}