{
  "y_test": [
    0.36,
    0.14,
    6.9,
    0.18,
    8.7,
    38.0,
    6.5,
    0.04,
    0.1,
    0.09,
    7.4,
    1.44,
    0.14,
    0.19,
    0.15,
    0.03,
    25.8,
    0.07,
    1.47,
    0.09,
    25.0,
    0.09,
    0.14,
    34.0,
    1.4,
    1.3,
    0.14,
    0.37,
    0.56,
    1.2,
    6.6,
    0.34,
    0.44,
    3.4,
    0.04,
    6.7,
    1.9,
    0.36,
    0.87,
    0.31,
    0.51,
    0.19,
    4.2,
    0.07,
    0.14
  ],
  "y_pred": [
    0.30400753021240234,
    0.04552086442708969,
    1.2966865301132202,
    0.22918182611465454,
    7.599998950958252,
    4.913032531738281,
    8.386490821838379,
    0.06389525532722473,
    0.26841410994529724,
    0.4187488257884979,
    6.671048164367676,
    1.1567274332046509,
    0.3176421523094177,
    0.5888894200325012,
    0.47803643345832825,
    0.23066747188568115,
    25.655439376831055,
    0.7194379568099976,
    1.009190320968628,
    0.09844323992729187,
    26.78959083557129,
    2.4892172813415527,
    0.17017535865306854,
    26.678241729736328,
    1.3377084732055664,
    0.07030559331178665,
    0.5875061750411987,
    0.9806540608406067,
    0.44463181495666504,
    0.6806352138519287,
    6.524570465087891,
    0.2871032953262329,
    0.2844166159629822,
    3.064283609390259,
    0.2138829082250595,
    7.257100582122803,
    6.119913101196289,
    0.1939120888710022,
    0.890693724155426,
    0.9393060207366943,
    0.21254920959472656,
    0.1123061254620552,
    4.813615798950195,
    0.22575579583644867,
    0.48812612891197205
  ],
  "selected_features": [
    "Fe2O3T_wt",
    "SiO2_wt",
    "Al2O3_wt",
    "P2O5_tot_wt"
  ],
  "selected_models": [],
  "stacking_used": false,
  "stacked_model": true,
  "number_of_models": 1,
  "final_estimator": "xgb",
  "final_estimator_params": {
    "xgb_n_estimators": 245,
    "xgb_lr": 0.07443019810167352,
    "xgb_max_depth": 6,
    "xgb_subsample": 0.8565807857171843,
    "xgb_colsample": 0.9051770396427928
  },
  "model_params": {
    "xgb": {
      "xgb_n_estimators": 245,
      "xgb_lr": 0.07443019810167352,
      "xgb_max_depth": 6,
      "xgb_subsample": 0.8565807857171843,
      "xgb_colsample": 0.9051770396427928
    }
  },
  "use_random_split": true,
  "use_feature_selection": true,
  "model_name": "XGB-FS",
  "error_mean": 0.7944955283866987,
  "error_sdev": 5.197332014893711,
  "uncertainty_median": 8.252571105957031,
  "uncertainty_mad": 6.088399410247803,
  "uncertainty_measure": 73.77578856428097,
  "feature_importance": {
    "K2O_wt": 0.018949729675419427,
    "Fe2O3T_wt": 0.5743618193632564,
    "SiO2_wt": 0.028551521085487055,
    "Al2O3_wt": 0.19400949354412758
  }
}