{
  "y_test": [
    1.3,
    24.5,
    0.51,
    0.25,
    0.04,
    6.2,
    1.53,
    0.17,
    0.07,
    0.1,
    0.19,
    1.4,
    0.04,
    10.4,
    0.18,
    0.36,
    0.09,
    0.14,
    0.27,
    0.14,
    0.07,
    0.22,
    6.9,
    0.14,
    0.05,
    0.15,
    2.4,
    31.8,
    0.29,
    1.44,
    38.0,
    1.5,
    0.12,
    1.18,
    0.14,
    0.29,
    6.2,
    1.2,
    2.4,
    1.3,
    1.9,
    2.7,
    1.8,
    6.5,
    8.7
  ],
  "y_pred": [
    1.7364835236787641,
    21.443387084665122,
    1.5311652619577956,
    2.777185577189641,
    4.25271608278878,
    -0.04107274563804708,
    4.3204726964407385,
    1.6717948599051446,
    0.7609309328452127,
    0.5781354448874225,
    -2.7293443322639774,
    4.128396440237289,
    -0.9033764195532967,
    10.392143382369799,
    2.0152404647698816,
    0.21651213816056014,
    -0.11176774570173365,
    3.146618001289667,
    3.0938594918837836,
    1.4912015834094667,
    1.510919461257597,
    0.23386990244145522,
    -0.48711839112319666,
    5.205100761003877,
    -0.8320702901845749,
    -0.2360059851428673,
    1.1486367373738275,
    25.263256667963482,
    -1.595207048856686,
    0.664768895047736,
    5.830938324257406,
    -1.469815983679716,
    -2.666342718387817,
    -0.2653012319861432,
    -3.506404839518275,
    -1.62004788680688,
    2.5419549788049665,
    1.051702137686192,
    -1.7262953475145295,
    2.6200038885686006,
    9.37512212889306,
    0.19128969294060028,
    1.1093334421792278,
    8.808690667269168,
    8.566300610603541
  ],
  "selected_features": [
    "Fe2O3T_wt",
    "SiO2_wt",
    "Al2O3_wt"
  ],
  "selected_models": [],
  "stacking_used": false,
  "stacked_model": true,
  "number_of_models": 1,
  "final_estimator": "lr",
  "final_estimator_params": {},
  "model_params": {
    "lr": {}
  },
  "use_random_split": true,
  "use_feature_selection": true,
  "model_name": "LR-FS",
  "error_mean": 1.017378660079732,
  "error_sdev": 5.598840753472782,
  "uncertainty_median": 5.732894088767475,
  "uncertainty_mad": 7.319578669547913,
  "uncertainty_measure": 127.67685145080992,
  "feature_importance": {
    "K2O_wt": 0.022975773815721953,
    "Fe2O3T_wt": 0.9567746294015539,
    "SiO2_wt": 0.16642590920622652
  }
}