{
  "y_test": [
    1.9,
    1.44,
    0.09,
    2.4,
    0.68,
    0.42,
    34.0,
    25.6,
    2.6,
    0.27,
    25.0,
    0.18,
    0.24,
    6.3,
    0.32,
    1.47,
    0.74,
    1.4,
    0.41,
    1.3,
    6.7,
    0.87,
    0.15,
    1.53,
    0.46,
    6.5,
    1.2,
    2.4,
    0.37,
    0.04,
    0.35,
    1.8,
    0.25,
    0.19,
    0.34,
    11.7,
    0.14,
    0.1,
    0.04,
    0.18,
    0.1,
    5.1,
    0.37,
    4.2,
    0.27
  ],
  "y_pred": [
    9.667739616275327,
    -1.00398223386496,
    11.398401677223958,
    1.2628550873345574,
    0.6874283544011703,
    6.2577368294645375,
    27.98094019145194,
    23.637233599001235,
    3.1039250016807465,
    4.311077781384029,
    19.959231695994998,
    0.8098024930717997,
    -2.3108222973390014,
    6.669396455461612,
    -0.47064417178314955,
    0.5769677142678873,
    1.665951189885373,
    4.249548168808602,
    1.9818530184426564,
    4.0498676066804045,
    4.805148767883519,
    1.966231703816991,
    0.24963816639379388,
    4.779861191976881,
    0.34840498845771606,
    10.363508481255828,
    2.255072200878132,
    -0.18347248550779227,
    0.953817683251053,
    0.06424380563966992,
    5.15221556874495,
    1.490514174437937,
    1.3966204366145547,
    -1.7982586534020442,
    2.9209448772748097,
    11.080641493642268,
    0.26045922388402687,
    0.7227917397463415,
    0.3585883492200921,
    2.6079775301192,
    1.2654971286626235,
    5.963643092330717,
    7.51351446344038,
    6.85704431050425,
    3.551254890678326
  ],
  "selected_features": [
    "K2O_wt",
    "Fe2O3T_wt",
    "SiO2_wt",
    "Al2O3_wt",
    "P2O5_tot_wt"
  ],
  "selected_models": [],
  "stacking_used": false,
  "stacked_model": true,
  "number_of_models": 1,
  "final_estimator": "lr",
  "final_estimator_params": {},
  "model_params": {
    "lr": {}
  },
  "use_random_split": true,
  "use_feature_selection": false,
  "model_name": "LR",
  "error_mean": -1.0515646868397321,
  "error_sdev": 3.1644731230150613,
  "uncertainty_median": 8.254270505597027,
  "uncertainty_mad": 6.925156240889195,
  "uncertainty_measure": 83.89785912871899,
  "feature_importance": {
    "K2O_wt": 0.011318609334070563,
    "Fe2O3T_wt": 0.033916816081806404,
    "SiO2_wt": 1.389874644513545,
    "Al2O3_wt": 0.11925107294307391,
    "P2O5_tot_wt": 0.01994782857442369
  }
}