{
  "y_test": [
    0.05,
    0.23,
    0.04,
    2.4,
    1.47,
    31.8,
    0.14,
    0.74,
    0.29,
    0.19,
    0.17,
    2.6,
    1.4,
    2.4,
    0.56,
    0.02,
    1.3,
    0.62,
    1.4,
    4.2,
    0.52,
    0.1,
    5.1,
    6.5,
    22.1,
    0.84,
    0.27,
    25.6,
    0.68,
    10.4,
    0.44,
    0.25,
    8.0,
    2.4,
    0.29,
    0.15,
    0.18,
    0.17,
    0.09,
    29.4,
    1.8,
    0.27,
    0.9,
    6.9,
    0.04
  ],
  "y_pred": [
    0.23627260469138145,
    0.19243441313522158,
    0.11711154144066294,
    0.5644516436395293,
    0.3857951553219072,
    29.707093876225176,
    0.0740755834067266,
    0.7390647074861136,
    4.245025403027251,
    0.09973872718706644,
    0.12477979652710536,
    4.781095185076827,
    1.3386253366442329,
    1.8261998098870569,
    0.24675245489615039,
    0.19612397556282124,
    1.41341864313803,
    0.5645318847570953,
    1.4126220409856072,
    5.295877619518852,
    0.2151395768133635,
    0.1606074010895333,
    3.6831993642608736,
    8.724665138887108,
    25.337161480401097,
    0.2616362431454573,
    0.7268058184463086,
    27.40728832384148,
    1.2246008669575086,
    6.9546366161678925,
    0.21287173910842938,
    0.16021590748882408,
    5.351366863969651,
    0.5707313675947736,
    0.5279922007868585,
    1.9071583760552695,
    0.1746616221768451,
    0.22380528172934255,
    0.2288477032092695,
    17.8044716890267,
    0.9377099408874945,
    0.16223170394008246,
    1.3342519466678961,
    1.2351381354237283,
    0.06587171717461571
  ],
  "selected_features": [
    "K2O_wt",
    "Fe2O3T_wt",
    "SiO2_wt",
    "Al2O3_wt",
    "P2O5_tot_wt"
  ],
  "selected_models": [],
  "stacking_used": false,
  "stacked_model": true,
  "number_of_models": 1,
  "final_estimator": "gpr",
  "final_estimator_params": {
    "gpr_nu": 0.5,
    "gpr_const": 3.5340098684069794,
    "gpr_length_scale": 8.99149617250767,
    "gpr_alpha": 0.00956288143612102
  },
  "model_params": {
    "gpr": {
      "gpr_nu": 0.5,
      "gpr_const": 3.5340098684069794,
      "gpr_length_scale": 8.99149617250767,
      "gpr_alpha": 0.00956288143612102
    }
  },
  "use_random_split": true,
  "use_feature_selection": false,
  "model_name": "GPR",
  "error_mean": 0.36124094604877305,
  "error_sdev": 2.33440525885196,
  "uncertainty_median": 8.609599519231367,
  "uncertainty_mad": 6.846721041914659,
  "uncertainty_measure": 79.52426854026201,
  "feature_importance": {
    "K2O_wt": 0.001833517625072424,
    "Fe2O3T_wt": 0.0004163562564570511,
    "SiO2_wt": 1.4412661766654409,
    "Al2O3_wt": 0.05755662572340547,
    "P2O5_tot_wt": 0.02293103736575944
  }
}