{
  "y_test": [
    25.0,
    0.87,
    11.7,
    1.3,
    1.47,
    6.0,
    0.14,
    1.2,
    0.15,
    0.41,
    0.04,
    0.74,
    0.09,
    0.15,
    0.04,
    0.62,
    34.0,
    0.4,
    0.19,
    0.05,
    1.18,
    6.2,
    5.1,
    0.23,
    0.47,
    6.5,
    1.5,
    0.37,
    0.25,
    0.73,
    0.15,
    0.17,
    0.44,
    2.4,
    2.4,
    1.3,
    22.1,
    6.7,
    0.09,
    0.36,
    0.32,
    0.34,
    0.44,
    4.2,
    0.31
  ],
  "y_pred": [
    7.866320570081026,
    1.5990822794315662,
    4.6688526630622995,
    1.687279606480478,
    1.6312258412502039,
    3.1129999769665595,
    0.6385724687114125,
    1.5052715516020805,
    1.1232797328879118,
    1.4735503997915158,
    1.2162035538251197,
    1.29815180542245,
    0.8962780954421405,
    1.0914200812488732,
    0.5038216955114521,
    1.0731486085596789,
    4.398337851208229,
    1.0982546017417631,
    -0.1613321221059052,
    4.846404851377266,
    1.755957314912504,
    2.510289536169185,
    3.0152034912748906,
    1.0706174645730056,
    0.9258114434234321,
    8.555142725626704,
    1.3519468299852548,
    1.4527230935751747,
    1.186513883475606,
    1.1576918814104302,
    1.40938427912035,
    0.9905437911905266,
    0.6634222074988776,
    2.357435245090663,
    2.1947802911978878,
    2.225116114434395,
    28.469646088397578,
    6.210347799234055,
    1.1919577395844614,
    0.8781579878084278,
    1.1888250412608787,
    0.7743689394194229,
    0.8397071028597636,
    6.382035875182602,
    1.3428340012335285
  ],
  "selected_features": [
    "K2O_wt",
    "Fe2O3T_wt",
    "SiO2_wt",
    "Al2O3_wt",
    "P2O5_tot_wt"
  ],
  "selected_models": [],
  "stacking_used": false,
  "stacked_model": true,
  "number_of_models": 1,
  "final_estimator": "svr",
  "final_estimator_params": {
    "svr_C": 0.8217383852446924,
    "svr_epsilon": 0.0010275309849655258
  },
  "model_params": {
    "svr": {
      "svr_C": 0.8217383852446924,
      "svr_epsilon": 0.0010275309849655258
    }
  },
  "use_random_split": true,
  "use_feature_selection": false,
  "model_name": "SVR",
  "error_mean": 0.603164793768095,
  "error_sdev": 5.476680777730031,
  "uncertainty_median": 15.302848382049007,
  "uncertainty_mad": 6.514102194800318,
  "uncertainty_measure": 42.56790652413233,
  "feature_importance": {
    "K2O_wt": 0.00448801564058258,
    "Fe2O3T_wt": -0.010914936059905173,
    "SiO2_wt": 0.05231184159648982,
    "Al2O3_wt": -0.00547453576270192,
    "P2O5_tot_wt": 0.6192306541465522
  }
}