{
  "y_test": [
    1.9,
    1.44,
    0.09,
    2.4,
    0.68,
    0.42,
    34.0,
    25.6,
    2.6,
    0.27,
    25.0,
    0.18,
    0.24,
    6.3,
    0.32,
    1.47,
    0.74,
    1.4,
    0.41,
    1.3,
    6.7,
    0.87,
    0.15,
    1.53,
    0.46,
    6.5,
    1.2,
    2.4,
    0.37,
    0.04,
    0.35,
    1.8,
    0.25,
    0.19,
    0.34,
    11.7,
    0.14,
    0.1,
    0.04,
    0.18,
    0.1,
    5.1,
    0.37,
    4.2,
    0.27
  ],
  "y_pred": [
    2.7316366627952005,
    0.22769445184447482,
    0.38054164187649586,
    2.2152409988385604,
    0.757762243265324,
    0.4133763283689684,
    29.170731707317067,
    24.87804878048781,
    1.0279110983668016,
    0.2089905894846545,
    23.72073170731707,
    0.22769445184447482,
    0.3173887726325863,
    6.902718047472257,
    0.3263549528501403,
    0.6353059980896232,
    0.43055519532949493,
    1.904873632823418,
    0.4159451488092932,
    1.904873632823418,
    6.6550926444200265,
    1.4396725605054979,
    0.2180372986339461,
    0.25572023592499926,
    0.43408133933068016,
    9.940058040954739,
    0.47631505538650437,
    1.1751476423342386,
    0.3856906535165867,
    0.23474835582827186,
    0.22423808086291516,
    19.853609175377468,
    0.2927989779513544,
    0.22359237969058846,
    0.32407903736321947,
    12.891050676902443,
    0.22637718972153625,
    0.30237535249742054,
    0.2227519959264092,
    0.24111451675989773,
    0.3305580879599418,
    5.6087930942969475,
    0.3189220595625405,
    5.968876330843597,
    1.140810771887612
  ],
  "selected_features": [
    "K2O_wt",
    "Fe2O3T_wt",
    "SiO2_wt",
    "Al2O3_wt",
    "P2O5_tot_wt"
  ],
  "selected_models": [],
  "stacking_used": false,
  "stacked_model": true,
  "number_of_models": 1,
  "final_estimator": "rf",
  "final_estimator_params": {
    "rf_n_estimators": 41,
    "rf_max_depth": 5
  },
  "model_params": {
    "rf": {
      "rf_n_estimators": 41,
      "rf_max_depth": 5
    }
  },
  "use_random_split": true,
  "use_feature_selection": false,
  "model_name": "RF",
  "error_mean": -0.3571752799350337,
  "error_sdev": 2.914674316553063,
  "uncertainty_median": 16.940916197623512,
  "uncertainty_mad": 7.568442127601909,
  "uncertainty_measure": 44.67551836814834,
  "feature_importance": {
    "K2O_wt": 0.06563531512128876,
    "Fe2O3T_wt": 0.16887102230210488,
    "SiO2_wt": 0.5465264356461578,
    "Al2O3_wt": 0.014390501822398179,
    "P2O5_tot_wt": 0.9372017054857551
  }
}