{
  "y_test": [
    0.09,
    0.14,
    25.6,
    6.6,
    0.04,
    0.24,
    0.22,
    0.07,
    0.4,
    22.1,
    0.31,
    1.3,
    6.7,
    0.32,
    0.09,
    0.02,
    0.17,
    10.4,
    0.04,
    0.16,
    1.18,
    6.0,
    6.1,
    6.5,
    0.14,
    0.17,
    5.4,
    0.15,
    0.36,
    25.8,
    0.07,
    0.37,
    0.16,
    0.12,
    10.1,
    7.4,
    0.25,
    2.4,
    1.2,
    6.2,
    0.1,
    1.53,
    0.52,
    11.7,
    1.9
  ],
  "y_pred": [
    0.3900666666666666,
    0.9431466666666664,
    26.69759523809523,
    7.393076190476193,
    2.2196033333333327,
    0.23357999999999998,
    0.5179249999999999,
    1.0932499999999998,
    0.9428799999999995,
    28.541428571428582,
    1.199066666666667,
    1.6536789473684206,
    7.350249999999997,
    0.4851499999999999,
    6.178206666666666,
    2.75201,
    0.4714833333333333,
    11.13515275689223,
    0.2650166666666667,
    0.25909333333333345,
    0.732678947368421,
    5.753528947368421,
    6.609545614035088,
    10.08534285714286,
    1.2296499999999995,
    0.6264333333333334,
    8.507178947368422,
    0.2556666666666667,
    0.24671333333333334,
    25.966428571428583,
    0.23934333333333332,
    3.023926666666666,
    1.1209833333333328,
    0.3883183333333332,
    10.391842857142866,
    9.135009523809524,
    0.40254000000000006,
    2.8909999999999996,
    0.9340666666666664,
    7.133445614035086,
    0.31003833333333325,
    1.103486666666667,
    0.24036333333333332,
    12.236940476190476,
    4.97434323308271
  ],
  "selected_features": [
    "K2O_wt",
    "Fe2O3T_wt",
    "SiO2_wt",
    "Al2O3_wt",
    "P2O5_tot_wt"
  ],
  "selected_models": [],
  "stacking_used": false,
  "stacked_model": true,
  "number_of_models": 1,
  "final_estimator": "et",
  "final_estimator_params": {
    "et_n_estimators": 50,
    "et_max_depth": 19,
    "et_min_samples_split": 4,
    "et_min_samples_leaf": 2,
    "et_bootstrap": false
  },
  "model_params": {
    "et": {
      "et_n_estimators": 50,
      "et_max_depth": 19,
      "et_min_samples_split": 4,
      "et_min_samples_leaf": 2,
      "et_bootstrap": false
    }
  },
  "use_random_split": true,
  "use_feature_selection": false,
  "model_name": "ET",
  "error_mean": -0.9873439028125872,
  "error_sdev": 1.5064401272451804,
  "uncertainty_median": 9.536729761904763,
  "uncertainty_mad": 4.997378068488201,
  "uncertainty_measure": 52.40138069603935,
  "feature_importance": {
    "K2O_wt": 0.014797357915134146,
    "Fe2O3T_wt": 0.021328784708747276,
    "SiO2_wt": 0.5947646674718073,
    "Al2O3_wt": 0.06748994277485676,
    "P2O5_tot_wt": 0.3054369657523903
  }
}