{
  "y_test": [
    0.52,
    2.7,
    0.47,
    7.0,
    1.3,
    1.53,
    0.25,
    4.2,
    6.7,
    1.9,
    0.21,
    0.25,
    0.22,
    0.19,
    1.0,
    0.27,
    0.17,
    6.9,
    8.7,
    1.4,
    0.36,
    1.44,
    0.14,
    24.5,
    0.19,
    0.19,
    6.0,
    4.2,
    1.47,
    0.03,
    6.2,
    1.18,
    0.57,
    0.29,
    6.2,
    3.4,
    1.9,
    0.04,
    1.3,
    0.23,
    5.1,
    0.84,
    1.2,
    6.5,
    0.09
  ],
  "y_pred": [
    0.25586751103401184,
    1.9943879842758179,
    0.11130593717098236,
    6.021255016326904,
    1.6471314430236816,
    -0.3354370594024658,
    0.34250330924987793,
    5.843838214874268,
    5.3552398681640625,
    3.7941219806671143,
    0.22438901662826538,
    0.5257986187934875,
    -0.25462260842323303,
    2.217604875564575,
    0.858209490776062,
    1.3017312288284302,
    3.452716827392578,
    4.692915916442871,
    11.769885063171387,
    1.5538069009780884,
    0.6502839922904968,
    0.19743549823760986,
    3.4760873317718506,
    26.897666931152344,
    -0.8638623952865601,
    0.6916552782058716,
    5.721896171569824,
    13.045493125915527,
    0.8489913940429688,
    -0.0008321036584675312,
    7.01849365234375,
    0.48579809069633484,
    0.31905749440193176,
    0.1769113838672638,
    7.667374610900879,
    3.063394784927368,
    1.4349112510681152,
    0.16433541476726532,
    2.438936948776245,
    0.013554418459534645,
    4.147686958312988,
    2.637510061264038,
    2.306816816329956,
    10.744531631469727,
    0.2864876389503479
  ],
  "selected_features": [
    "K2O_wt",
    "Fe2O3T_wt",
    "SiO2_wt",
    "Al2O3_wt",
    "P2O5_tot_wt"
  ],
  "selected_models": [],
  "stacking_used": false,
  "stacked_model": true,
  "number_of_models": 1,
  "final_estimator": "xgb",
  "final_estimator_params": {
    "xgb_n_estimators": 280,
    "xgb_lr": 0.23367359114782169,
    "xgb_max_depth": 7,
    "xgb_subsample": 0.6299532035359977,
    "xgb_colsample": 0.6386538140954303
  },
  "model_params": {
    "xgb": {
      "xgb_n_estimators": 280,
      "xgb_lr": 0.23367359114782169,
      "xgb_max_depth": 7,
      "xgb_subsample": 0.6299532035359977,
      "xgb_colsample": 0.6386538140954303
    }
  },
  "use_random_split": true,
  "use_feature_selection": false,
  "model_name": "XGB",
  "error_mean": -0.5667392425847549,
  "error_sdev": 1.886334674546634,
  "uncertainty_median": 8.6917724609375,
  "uncertainty_mad": 5.178457260131836,
  "uncertainty_measure": 59.578840603626254,
  "feature_importance": {
    "K2O_wt": 0.29839158524814446,
    "Fe2O3T_wt": 0.07897985679799677,
    "SiO2_wt": 0.17992614746350355,
    "Al2O3_wt": 0.08861365906853927,
    "P2O5_tot_wt": 1.4664545216640792
  }
}