{
  "y_test": [
    0.09,
    0.14,
    25.6,
    6.6,
    0.04,
    0.24,
    0.22,
    0.07,
    0.4,
    22.1,
    0.31,
    1.3,
    6.7,
    0.32,
    0.09,
    0.02,
    0.17,
    10.4,
    0.04,
    0.16,
    1.18,
    6.0,
    6.1,
    6.5,
    0.14,
    0.17,
    5.4,
    0.15,
    0.36,
    25.8,
    0.07,
    0.37,
    0.16,
    0.12,
    10.1,
    7.4,
    0.25,
    2.4,
    1.2,
    6.2,
    0.1,
    1.53,
    0.52,
    11.7,
    1.9
  ],
  "y_pred": [
    0.26503146917681836,
    0.3244596714654857,
    26.179740217792485,
    7.285233850129198,
    1.8757815614617936,
    0.2770484496124033,
    0.3881918604651166,
    0.47009007013658144,
    0.3530173495754892,
    27.927045035068215,
    0.9848272425249173,
    1.559790513104468,
    7.17790651531931,
    0.431049280177187,
    1.2922799926172024,
    2.686677187153932,
    0.39652611664820997,
    9.761204318936887,
    0.4110691214470287,
    0.3607361572535994,
    0.6580115356220011,
    7.022481081579923,
    6.5036004983388755,
    7.414162975267633,
    0.43344878183831687,
    0.26123772609819146,
    7.905969545957927,
    0.413621447028424,
    0.27884339239571815,
    27.927045035068215,
    0.34190088593577006,
    1.3045542635658918,
    0.3078777224067921,
    0.3041619601328903,
    7.491986895533415,
    7.096866002214845,
    0.22827796234773,
    3.4425476190476187,
    0.32086683277962325,
    9.229282761166482,
    0.3593212440014768,
    0.6069969545957916,
    0.3681591915836101,
    10.566868309339249,
    5.806998431155404
  ],
  "selected_features": [
    "SiO2_wt",
    "P2O5_tot_wt"
  ],
  "selected_models": [],
  "stacking_used": false,
  "stacked_model": true,
  "number_of_models": 1,
  "final_estimator": "et",
  "final_estimator_params": {
    "et_n_estimators": 258,
    "et_max_depth": 19,
    "et_min_samples_split": 8,
    "et_min_samples_leaf": 1,
    "et_bootstrap": false
  },
  "model_params": {
    "et": {
      "et_n_estimators": 258,
      "et_max_depth": 19,
      "et_min_samples_split": 8,
      "et_min_samples_leaf": 1,
      "et_bootstrap": false
    }
  },
  "use_random_split": true,
  "use_feature_selection": true,
  "model_name": "ET-FS",
  "error_mean": -0.5816176674459587,
  "error_sdev": 1.3721043498351293,
  "uncertainty_median": 12.588823274270968,
  "uncertainty_mad": 6.312825186102635,
  "uncertainty_measure": 50.146269024244575,
  "feature_importance": {
    "K2O_wt": 1.0550715142344564,
    "Fe2O3T_wt": 0.36504591175835316
  }
}