{
  "y_test": [
    0.23,
    0.22,
    0.4,
    6.9,
    8.9,
    0.4,
    0.62,
    0.15,
    7.4,
    0.02,
    0.04,
    0.12,
    0.14,
    10.4,
    0.04,
    1.3,
    0.42,
    6.5,
    1.53,
    0.14,
    1.3,
    0.14,
    25.6,
    0.1,
    0.51,
    0.32,
    4.2,
    0.16,
    0.4,
    6.2,
    0.73,
    11.7,
    0.11,
    6.3,
    2.4,
    0.21,
    0.14,
    2.7,
    1.5,
    6.1,
    0.04,
    10.1,
    24.5,
    0.09,
    0.87
  ],
  "y_pred": [
    0.13001975374421748,
    0.3370556791368069,
    0.22932893794560116,
    5.262674320547557,
    1.892880882319914,
    0.35353309000497257,
    0.3402959096008126,
    0.6538238620528687,
    8.265968869490882,
    0.21040928861758917,
    0.20789259747302957,
    12.844914563208865,
    19.59234229429364,
    3.681630401069339,
    0.269029773020307,
    4.9606086522542325,
    4.459883966815049,
    8.299279018480041,
    0.2159878896387297,
    0.13177519098976753,
    2.040042804420455,
    0.13228798511111964,
    27.328259076002826,
    0.3920091344616291,
    0.14620564490579308,
    0.301640381394835,
    4.022724214924605,
    0.11379692226050102,
    0.21708316682105744,
    5.875575070619142,
    0.34843270026907386,
    3.5237580904266763,
    0.6440330918554813,
    12.06970951219547,
    3.256177611364635,
    0.7530121061382813,
    1.1190267495700421,
    0.40916886887376397,
    0.4280292374643114,
    4.066166702958848,
    0.2902763712091687,
    8.167278638426643,
    27.30849544477438,
    5.715765877242203,
    0.6260333294294771
  ],
  "selected_features": [
    "Fe2O3T_wt",
    "SiO2_wt",
    "Al2O3_wt",
    "P2O5_tot_wt"
  ],
  "selected_models": [],
  "stacking_used": false,
  "stacked_model": true,
  "number_of_models": 1,
  "final_estimator": "knn",
  "final_estimator_params": {
    "knn_n": 3,
    "knn_weights": "distance"
  },
  "model_params": {
    "knn": {
      "knn_n": 3,
      "knn_weights": "distance"
    }
  },
  "feature_names": [
    "K2O_wt",
    "Fe2O3T_wt",
    "SiO2_wt",
    "Al2O3_wt",
    "P2O5_tot_wt"
  ],
  "use_random_split": true,
  "use_feature_selection": true,
  "model_name": "KNN-FS",
  "error_mean": -0.6520960816405474,
  "error_sdev": 4.3023458870272036,
  "uncertainty_median": 3.5866179259443673,
  "uncertainty_mad": 5.176590879636429,
  "uncertainty_measure": 144.33070336794842,
  "feature_importance": {
    "K2O_wt": 0.06930090960709441,
    "Fe2O3T_wt": 1.6677702221659667,
    "SiO2_wt": -0.14185076453423012,
    "Al2O3_wt": -0.007694729684452569
  },
  "run": 4
}