{
  "y_test": [
    11.7,
    6.6,
    3.8,
    0.04,
    0.15,
    0.04,
    2.4,
    8.7,
    6.7,
    24.5,
    1.9,
    1.4,
    2.7,
    0.24,
    0.14,
    3.4,
    34.0,
    0.04,
    0.04,
    4.2,
    0.15,
    1.47,
    0.18,
    0.37,
    7.4,
    0.19,
    0.04,
    25.6,
    0.34,
    1.5,
    0.15,
    1.53,
    0.09,
    0.35,
    0.05,
    0.14,
    0.37,
    4.2,
    1.44,
    25.6,
    0.23,
    0.57,
    0.43,
    0.17,
    0.17
  ],
  "y_pred": [
    6.224149947242155,
    6.201581581094741,
    4.313335727049075,
    0.5586582184821594,
    0.5910119654361128,
    0.12441347322091945,
    2.2752159637604503,
    6.84455288524436,
    4.7784933467457975,
    25.3587517442538,
    4.708072634908383,
    1.2265249863222736,
    1.1103847460674636,
    0.6342748197698791,
    0.5107510139589371,
    4.605450055160777,
    25.849240658574715,
    0.19585399942294934,
    0.5389649715900608,
    5.493157874116212,
    0.17437548207741216,
    0.7201755917292183,
    0.2677974527225735,
    0.5945018261480532,
    6.391564697668407,
    0.5376390160106452,
    0.6658577857510264,
    26.20807239680329,
    1.4454940101123244,
    0.4863710528865184,
    1.8094088404205717,
    1.6083743941939508,
    0.42074319575843555,
    2.0170654075309478,
    13.502174757619693,
    0.36220480577511616,
    0.2931059660723525,
    5.635864362548983,
    0.21246149119967628,
    25.834668068438575,
    0.310682117533676,
    0.2951099700457678,
    0.1651471126402133,
    0.3135639038019664,
    0.27920305404651025
  ],
  "selected_features": [
    "K2O_wt",
    "Fe2O3T_wt",
    "SiO2_wt",
    "Al2O3_wt",
    "P2O5_tot_wt"
  ],
  "selected_models": [],
  "stacking_used": false,
  "stacked_model": true,
  "number_of_models": 1,
  "final_estimator": "gpr",
  "final_estimator_params": {
    "gpr_nu": 0.5,
    "gpr_const": 5.56787704537578,
    "gpr_length_scale": 3.9869124363404245,
    "gpr_alpha": 0.009636014666467432
  },
  "model_params": {
    "gpr": {
      "gpr_nu": 0.5,
      "gpr_const": 5.56787704537578,
      "gpr_length_scale": 3.9869124363404245,
      "gpr_alpha": 0.009636014666467432
    }
  },
  "feature_names": [
    "K2O_wt",
    "Fe2O3T_wt",
    "SiO2_wt",
    "Al2O3_wt",
    "P2O5_tot_wt"
  ],
  "use_random_split": true,
  "use_feature_selection": false,
  "model_name": "GPR",
  "error_mean": -0.16165483048793614,
  "error_sdev": 2.668848518036984,
  "uncertainty_median": 4.205040110861411,
  "uncertainty_mad": 6.618021283216022,
  "uncertainty_measure": 157.38307147468103,
  "feature_importance": {
    "K2O_wt": 0.002798261484602709,
    "Fe2O3T_wt": 0.027121711622314453,
    "SiO2_wt": 1.4952399718373421,
    "Al2O3_wt": 0.046592688568964896,
    "P2O5_tot_wt": 0.02319405634099138
  },
  "run": 3
}