{
  "y_test": [
    11.7,
    6.6,
    3.8,
    0.04,
    0.15,
    0.04,
    2.4,
    8.7,
    6.7,
    24.5,
    1.9,
    1.4,
    2.7,
    0.24,
    0.14,
    3.4,
    34.0,
    0.04,
    0.04,
    4.2,
    0.15,
    1.47,
    0.18,
    0.37,
    7.4,
    0.19,
    0.04,
    25.6,
    0.34,
    1.5,
    0.15,
    1.53,
    0.09,
    0.35,
    0.05,
    0.14,
    0.37,
    4.2,
    1.44,
    25.6,
    0.23,
    0.57,
    0.43,
    0.17,
    0.17
  ],
  "y_pred": [
    8.393859348735507,
    7.200462422963627,
    3.5511761929417034,
    -0.21486609774037602,
    4.134630856249912,
    0.34763617151250736,
    5.835289514134493,
    6.666173088583079,
    5.871105329642113,
    28.735433223829375,
    1.4676720788596465,
    1.4824465645029368,
    5.168544995186588,
    0.9229198862427115,
    5.648317290344156,
    2.4823895410599848,
    28.099415606929767,
    1.3471473198557313,
    3.4230061258742945,
    2.367337325046114,
    0.17411851017325164,
    1.2065999013949296,
    0.36647096816554603,
    0.4505871976125868,
    7.0000008546909225,
    -2.4115612116721685,
    0.1864509853424101,
    27.638690632353082,
    0.7991876775499156,
    1.2865335228278525,
    0.4787870793981641,
    0.3881444056266736,
    0.20074154172615088,
    0.6558171528666401,
    0.7351726146493252,
    -1.8859394123966924,
    0.5897698144806913,
    3.830905876151318,
    0.11857315740488383,
    23.69319813140369,
    0.15073914667438526,
    0.33677688293568986,
    -0.16653935995319502,
    -0.9535770932195833,
    0.07680448931425987
  ],
  "selected_features": [
    "Al2O3_wt",
    "P2O5_tot_wt"
  ],
  "selected_models": [],
  "stacking_used": false,
  "stacked_model": true,
  "number_of_models": 1,
  "final_estimator": "gpr",
  "final_estimator_params": {
    "gpr_nu": 0.5,
    "gpr_const": 6.198583845355619,
    "gpr_length_scale": 4.48676140029932,
    "gpr_alpha": 2.0202318888719933e-07
  },
  "model_params": {
    "gpr": {
      "gpr_nu": 0.5,
      "gpr_const": 6.198583845355619,
      "gpr_length_scale": 4.48676140029932,
      "gpr_alpha": 2.0202318888719933e-07
    }
  },
  "feature_names": [
    "K2O_wt",
    "Fe2O3T_wt",
    "SiO2_wt",
    "Al2O3_wt",
    "P2O5_tot_wt"
  ],
  "use_random_split": true,
  "use_feature_selection": true,
  "model_name": "GPR-FS",
  "error_mean": -0.054590005561213364,
  "error_sdev": 1.9994604161058596,
  "uncertainty_median": 8.62739813879262,
  "uncertainty_mad": 6.130543186478404,
  "uncertainty_measure": 71.05900397609743,
  "feature_importance": {
    "K2O_wt": 1.29721957971419,
    "Fe2O3T_wt": 0.559335023008582
  },
  "run": 3
}