{
  "y_test": [
    0.27,
    0.43,
    0.1,
    0.27,
    0.04,
    0.44,
    0.56,
    1.3,
    0.74,
    0.41,
    0.37,
    1.18,
    0.42,
    25.6,
    0.29,
    0.04,
    25.0,
    0.14,
    25.8,
    0.09,
    5.4,
    8.9,
    0.09,
    0.14,
    0.15,
    1.2,
    0.16,
    0.14,
    0.14,
    2.6,
    0.44,
    1.4,
    4.2,
    0.21,
    4.5,
    6.1,
    1.3,
    0.34,
    0.07,
    1.3,
    0.15,
    6.7,
    1.0,
    0.19,
    7.4
  ],
  "y_pred": [
    2.598140752323076,
    1.3497388107007873,
    0.134181345810256,
    1.7468278542577915,
    -0.007135893960563022,
    -0.3170607077855631,
    3.0289650512325705,
    0.029442691529372775,
    2.5091900444578448,
    -0.23689322030618096,
    1.5444421073560053,
    1.1816325895979587,
    -0.9887885333676201,
    21.504333689269277,
    0.6953329498507659,
    11.372219194323648,
    21.504333689269277,
    1.5417763094048507,
    15.25614663430966,
    6.2206313391844335,
    7.27502756637548,
    7.938159593337172,
    1.756818245875576,
    -0.0869399933795158,
    0.44487684140296246,
    2.0709012203650174,
    1.3497388107007873,
    1.3497388107007873,
    0.1466147288044669,
    1.6172293697957014,
    -0.5490872053353459,
    0.6744898218483124,
    9.624418705116575,
    1.3497388107007873,
    8.176500693763453,
    9.49153260212837,
    1.6685788810312085,
    1.1866420855808955,
    -0.0820747486228336,
    2.055722742793187,
    -0.10909240899584377,
    8.176500693763453,
    -0.5642549275540624,
    0.811888324088061,
    9.456511863725249
  ],
  "selected_features": [
    "K2O_wt",
    "Fe2O3T_wt",
    "SiO2_wt",
    "Al2O3_wt",
    "P2O5_tot_wt"
  ],
  "selected_models": [],
  "stacking_used": false,
  "stacked_model": true,
  "number_of_models": 1,
  "final_estimator": "lgbm",
  "final_estimator_params": {
    "lgbm_num_leaves": 75,
    "lgbm_lr": 0.18092635707743954,
    "lgbm_n_estimators": 62
  },
  "model_params": {
    "lgbm": {
      "lgbm_num_leaves": 75,
      "lgbm_lr": 0.18092635707743954,
      "lgbm_n_estimators": 62
    }
  },
  "use_random_split": true,
  "use_feature_selection": false,
  "model_name": "LGBM",
  "error_mean": -0.6263919516770566,
  "error_sdev": 2.9933825363878386,
  "uncertainty_median": 9.017672867474287,
  "uncertainty_mad": 4.708801145297272,
  "uncertainty_measure": 52.217475777829314,
  "feature_importance": {
    "K2O_wt": 0.41590916101766623,
    "Fe2O3T_wt": 0.0057084240400674495,
    "SiO2_wt": 0.07351338658611202,
    "Al2O3_wt": 0.0291560505074006,
    "P2O5_tot_wt": 1.4609777568738593
  }
}