{
  "y_test": [
    0.09,
    0.14,
    25.6,
    6.6,
    0.04,
    0.24,
    0.22,
    0.07,
    0.4,
    22.1,
    0.31,
    1.3,
    6.7,
    0.32,
    0.09,
    0.02,
    0.17,
    10.4,
    0.04,
    0.16,
    1.18,
    6.0,
    6.1,
    6.5,
    0.14,
    0.17,
    5.4,
    0.15,
    0.36,
    25.8,
    0.07,
    0.37,
    0.16,
    0.12,
    10.1,
    7.4,
    0.25,
    2.4,
    1.2,
    6.2,
    0.1,
    1.53,
    0.52,
    11.7,
    1.9
  ],
  "y_pred": [
    -1.3088590782801763,
    1.2748558293419296,
    26.100849190801522,
    7.013059810402556,
    22.1254459464227,
    0.5922780504536188,
    0.23650289063798097,
    0.1488840773224708,
    0.011966830424181,
    26.100849190801522,
    0.15985728288237622,
    2.0221142733022557,
    5.885096078582562,
    0.6608786711592253,
    3.0125362796786637,
    0.4395304792607339,
    0.2265378228856157,
    6.65369552817211,
    0.12846160502703635,
    0.29655552223724024,
    -0.07615623954144668,
    5.618833044008029,
    6.3576410643422365,
    18.47958061174712,
    0.3432346582979013,
    0.5922780504536188,
    5.607559884319972,
    1.5277388574177806,
    -0.23906719250376807,
    18.47958061174712,
    0.12846160502703635,
    1.2139408256268491,
    0.3432346582979013,
    0.7458964706281781,
    26.4956285804034,
    6.65369552817211,
    0.07573913577816753,
    1.7953568911451443,
    0.1790746303739293,
    7.229028645840026,
    0.7906202347353658,
    0.6808723178935767,
    0.537194408095671,
    9.088115252852413,
    1.8256317983363755
  ],
  "selected_features": [
    "K2O_wt",
    "Fe2O3T_wt",
    "P2O5_tot_wt"
  ],
  "selected_models": [],
  "stacking_used": false,
  "stacked_model": true,
  "number_of_models": 1,
  "final_estimator": "lgbm",
  "final_estimator_params": {
    "lgbm_num_leaves": 20,
    "lgbm_lr": 0.2863708910191558,
    "lgbm_n_estimators": 138
  },
  "model_params": {
    "lgbm": {
      "lgbm_num_leaves": 20,
      "lgbm_lr": 0.2863708910191558,
      "lgbm_n_estimators": 138
    }
  },
  "use_random_split": true,
  "use_feature_selection": true,
  "model_name": "LGBM-FS",
  "error_mean": -1.0094402358891297,
  "error_sdev": 4.691430976032722,
  "uncertainty_median": 6.65369552817211,
  "uncertainty_mad": 7.130763425888164,
  "uncertainty_measure": 107.16996886461249,
  "feature_importance": {
    "K2O_wt": 0.9330029577531194,
    "Fe2O3T_wt": 0.09717773588078295,
    "SiO2_wt": 2.540907615020668
  }
}