{
  "y_test": [
    0.52,
    0.29,
    0.24,
    0.14,
    0.07,
    0.56,
    0.18,
    6.9,
    0.09,
    0.12,
    6.5,
    0.84,
    6.1,
    1.5,
    0.31,
    8.0,
    1.9,
    0.87,
    0.14,
    0.17,
    0.32,
    0.74,
    0.19,
    0.21,
    0.51,
    0.17,
    1.2,
    0.62,
    5.4,
    0.04,
    0.22,
    6.3,
    25.6,
    0.9,
    25.8,
    0.18,
    1.3,
    0.11,
    6.9,
    0.05,
    0.41,
    0.43,
    0.04,
    2.4,
    0.17
  ],
  "y_pred": [
    0.19562647610706962,
    4.2525851097333875,
    0.80661672586964,
    -0.17344318627934197,
    3.045908198778679,
    0.29092131622915796,
    0.22671786959295526,
    1.3885599315788388,
    0.3567878983169428,
    0.8051557682330426,
    8.872821448936104,
    0.3542000602380102,
    4.654354110942144,
    0.8618591873046038,
    13.64663710333443,
    5.4502768901405085,
    8.889479186098075,
    0.5075555798513709,
    0.09456218007578476,
    0.14131857974373974,
    0.8882411458322905,
    1.0104128780866817,
    0.9959427406216421,
    0.8400381624388258,
    0.12779909337660644,
    0.34322064847222755,
    1.3916107414605743,
    0.5905900256751777,
    2.32457261533518,
    0.3818495459690401,
    0.5919949867639245,
    5.976272813127547,
    25.261509117662264,
    1.0732066741879644,
    16.68536820045268,
    0.13838304886115882,
    1.8146719001719647,
    0.7516902586286465,
    6.243710722297209,
    0.19066432538216516,
    -0.6680613256669501,
    0.13382791958427465,
    0.03206574174015753,
    2.0867535220551936,
    0.22717304871778188
  ],
  "selected_features": [
    "K2O_wt",
    "Fe2O3T_wt",
    "SiO2_wt",
    "Al2O3_wt",
    "P2O5_tot_wt"
  ],
  "selected_models": [],
  "stacking_used": false,
  "stacked_model": true,
  "number_of_models": 1,
  "final_estimator": "gpr",
  "final_estimator_params": {
    "gpr_nu": 0.5,
    "gpr_const": 5.2804057141108345,
    "gpr_length_scale": 7.007003640873002,
    "gpr_alpha": 3.2314378766208536e-08
  },
  "model_params": {
    "gpr": {
      "gpr_nu": 0.5,
      "gpr_const": 5.2804057141108345,
      "gpr_length_scale": 7.007003640873002,
      "gpr_alpha": 3.2314378766208536e-08
    }
  },
  "use_random_split": true,
  "use_feature_selection": true,
  "model_name": "GPR-FS",
  "error_mean": -0.18782242191243037,
  "error_sdev": 2.990057802668356,
  "uncertainty_median": 6.3488302958445555,
  "uncertainty_mad": 6.778799630767482,
  "uncertainty_measure": 106.77241814455729,
  "feature_importance": {
    "K2O_wt": -0.007765036553534191,
    "Fe2O3T_wt": -0.06969100576995886,
    "SiO2_wt": 1.4933541093001965,
    "Al2O3_wt": -0.03590262896425698,
    "P2O5_tot_wt": 0.01994949864695596
  }
}