{
  "y_test": [
    6.5,
    1.47,
    2.4,
    1.9,
    0.14,
    10.1,
    0.05,
    1.4,
    38.0,
    6.9,
    0.37,
    0.56,
    0.27,
    1.3,
    0.07,
    4.2,
    0.19,
    0.15,
    22.1,
    0.22,
    0.47,
    0.31,
    0.36,
    1.3,
    0.12,
    0.37,
    0.18,
    0.04,
    0.57,
    0.19,
    1.53,
    0.05,
    34.0,
    8.0,
    2.4,
    8.7,
    0.16,
    6.3,
    0.14,
    0.04,
    1.2,
    0.15,
    0.44,
    0.14,
    0.21
  ],
  "y_pred": [
    9.43323149070051,
    0.28019241937331074,
    -0.45538234887565565,
    3.4859287653567286,
    2.729602664119593,
    9.711183035921046,
    13.926390582585114,
    5.0135757318046785,
    5.764489580916681,
    2.942628887232207,
    7.146660809690069,
    1.5169124804114809,
    3.4321849708259826,
    5.071922937312053,
    0.9610505461083427,
    6.944460271501914,
    -1.7234455351748785,
    2.935389068140676,
    27.883439195499395,
    -0.10009736709269745,
    0.11395084288180612,
    4.8078796238002255,
    -1.0255690799421338,
    2.1976658053011136,
    -2.6361814028790285,
    0.09606891096449388,
    -0.5014170773589548,
    4.2471948916976565,
    -0.6715355359544439,
    -2.8362423299129667,
    4.776223273677157,
    -1.7170012320772834,
    26.229703881962187,
    3.220769907922385,
    -0.6681891851654669,
    9.342311930727778,
    -1.0079133379142036,
    5.7079364889999695,
    3.7675019911343135,
    -0.7751864993542732,
    1.3562113471556678,
    0.045100960443978266,
    -1.0445085324668746,
    -3.7882867711467334,
    -3.6854526326361743
  ],
  "selected_features": [
    "SiO2_wt",
    "Al2O3_wt"
  ],
  "selected_models": [],
  "stacking_used": false,
  "stacked_model": true,
  "number_of_models": 1,
  "final_estimator": "lr",
  "final_estimator_params": {},
  "model_params": {
    "lr": {}
  },
  "use_random_split": true,
  "use_feature_selection": true,
  "model_name": "LR-FS",
  "error_mean": 0.29352545719518325,
  "error_sdev": 6.073673539008227,
  "uncertainty_median": 7.512112558432973,
  "uncertainty_mad": 8.02901717061278,
  "uncertainty_measure": 106.8809487099543,
  "feature_importance": {
    "K2O_wt": 0.9735991053519644,
    "Fe2O3T_wt": 0.1852990951206025
  }
}