{
  "y_test": [
    0.09,
    4.2,
    1.3,
    7.4,
    0.15,
    6.9,
    1.9,
    0.1,
    38.0,
    11.7,
    0.03,
    6.6,
    5.7,
    0.44,
    0.17,
    6.7,
    0.84,
    6.3,
    0.22,
    1.3,
    0.14,
    0.25,
    0.12,
    0.05,
    0.14,
    0.04,
    0.4,
    0.04,
    0.12,
    5.4,
    0.11,
    2.4,
    8.9,
    6.1,
    0.09,
    1.4,
    1.53,
    0.68,
    0.18,
    3.4,
    1.8,
    0.15,
    6.2,
    2.6,
    0.12
  ],
  "y_pred": [
    8.23957926613246,
    2.0192569402305107,
    0.6697049060401792,
    7.227809428693702,
    1.7665261471185625,
    4.954058503710871,
    1.9530014987780313,
    0.2308281092502762,
    0.6092911023865013,
    4.065581819831261,
    0.07670055474710269,
    4.563006098595747,
    4.97974579034082,
    0.19277136084776236,
    0.294348346025711,
    5.083884056670222,
    0.24117060479431185,
    2.103083580163936,
    0.5839533056499198,
    2.0739055772548425,
    0.7107574714760432,
    0.12417177277193492,
    0.2439295655944953,
    0.19882544033978578,
    0.1390559970629126,
    0.22404899994979344,
    0.4894736590580768,
    0.21768161783708972,
    0.9459438115986041,
    2.655550686302457,
    0.6856757562586937,
    0.8882773972548228,
    1.4265895739334575,
    4.307111266407134,
    0.1270258803540969,
    1.9136013640541836,
    0.33362182560024056,
    0.7669395128733245,
    0.19242674411283422,
    4.221600971247438,
    2.0309074877068394,
    0.39189983799436234,
    0.9542438548355943,
    4.077421487545914,
    0.3913492945986965
  ],
  "selected_features": [
    "SiO2_wt",
    "Al2O3_wt",
    "P2O5_tot_wt"
  ],
  "selected_models": [],
  "stacking_used": false,
  "stacked_model": true,
  "number_of_models": 1,
  "final_estimator": "gpr",
  "final_estimator_params": {
    "gpr_nu": 0.5,
    "gpr_const": 5.295168425922333,
    "gpr_length_scale": 1.6274875217119669,
    "gpr_alpha": 0.0034333814984727155
  },
  "model_params": {
    "gpr": {
      "gpr_nu": 0.5,
      "gpr_const": 5.295168425922333,
      "gpr_length_scale": 1.6274875217119669,
      "gpr_alpha": 0.0034333814984727155
    }
  },
  "use_random_split": true,
  "use_feature_selection": true,
  "model_name": "GPR-FS",
  "error_mean": 1.3736369272437432,
  "error_sdev": 5.988883410582183,
  "uncertainty_median": 1.430984106425073,
  "uncertainty_mad": 1.7338684374028472,
  "uncertainty_measure": 121.1661561870487,
  "feature_importance": {
    "K2O_wt": 0.16062580993137124,
    "Fe2O3T_wt": -0.032140379066840946,
    "SiO2_wt": 0.05224439128712903
  }
}