{
  "y_test": [
    0.16,
    0.4,
    0.29,
    5.7,
    0.15,
    0.17,
    0.73,
    0.04,
    0.47,
    0.04,
    0.21,
    0.07,
    0.27,
    0.12,
    0.21,
    0.32,
    1.4,
    0.03,
    6.2,
    0.87,
    0.02,
    0.16,
    1.44,
    25.8,
    25.0,
    0.74,
    0.24,
    0.31,
    4.2,
    2.7,
    0.51,
    4.5,
    1.4,
    7.4,
    0.52,
    1.8,
    1.3,
    0.14,
    31.8,
    1.3,
    1.2,
    0.36,
    0.19,
    25.6,
    1.47
  ],
  "y_pred": [
    0.38451340431511843,
    0.4169265704863057,
    0.4466703123182953,
    4.782047129531224,
    0.15148976604447348,
    0.2456391788386176,
    0.4865736115526694,
    0.10658256918590103,
    0.3119881281959656,
    0.4521886212986151,
    0.5069711899954725,
    0.27071701325624015,
    0.1127494698128619,
    2.469920430898755,
    0.9572725129499664,
    0.7606949774323419,
    1.129731937654455,
    0.17430264605832566,
    2.828881965151172,
    0.24190966655300633,
    0.19488978343869715,
    0.15400038009755018,
    2.931118732159113,
    25.085093560788174,
    26.38377662533847,
    1.8304721119272591,
    0.6815220903943336,
    10.151949768098616,
    12.819778815442342,
    0.7852762657024872,
    0.1697155526603563,
    5.708399456052293,
    1.7676913008339161,
    7.708747690891883,
    0.21704088411844447,
    2.304540958712158,
    0.25596277248349636,
    1.2035476335244792,
    27.809468079409523,
    5.4420789172454676,
    0.40072986713645986,
    0.25524834749479386,
    0.8726091111191798,
    26.731248131178198,
    0.6583432125324475
  ],
  "selected_features": [
    "K2O_wt",
    "Fe2O3T_wt",
    "SiO2_wt",
    "Al2O3_wt",
    "P2O5_tot_wt"
  ],
  "selected_models": [],
  "stacking_used": false,
  "stacked_model": true,
  "number_of_models": 1,
  "final_estimator": "knn",
  "final_estimator_params": {
    "knn_n": 4,
    "knn_weights": "distance"
  },
  "model_params": {
    "knn": {
      "knn_n": 4,
      "knn_weights": "distance"
    }
  },
  "use_random_split": true,
  "use_feature_selection": false,
  "model_name": "KNN",
  "error_mean": -0.48468935889577597,
  "error_sdev": 2.28779174596204,
  "uncertainty_median": 5.711704784299041,
  "uncertainty_mad": 7.77026821696457,
  "uncertainty_measure": 136.04113851129586,
  "feature_importance": {
    "K2O_wt": -0.0024848779837176615,
    "Fe2O3T_wt": 0.038207032314610874,
    "SiO2_wt": 1.9677404851017295,
    "Al2O3_wt": 0.010952714895850866,
    "P2O5_tot_wt": 0.004764746672432143
  }
}