{
  "y_test": [
    0.19,
    0.04,
    1.44,
    5.4,
    0.12,
    0.35,
    0.47,
    0.19,
    10.4,
    6.7,
    0.16,
    0.04,
    0.25,
    0.27,
    34.0,
    0.04,
    2.4,
    0.04,
    6.9,
    0.21,
    4.2,
    0.34,
    0.43,
    6.3,
    6.2,
    3.4,
    4.5,
    0.12,
    1.4,
    31.8,
    0.62,
    1.0,
    0.07,
    0.57,
    0.68,
    2.6,
    0.07,
    0.18,
    1.5,
    0.15,
    0.04,
    0.04,
    0.17,
    0.15,
    0.05
  ],
  "y_pred": [
    1.104225486174455,
    0.9369251261544455,
    0.027654658902085072,
    3.2204497113983237,
    0.427636189993144,
    1.4616666705557444,
    0.6274420508078444,
    1.242637036440617,
    4.741273923316322,
    8.1596960715028,
    -0.6811454075623398,
    0.47107290550807995,
    1.4713220101168731,
    2.144402072384625,
    2.619408302046123,
    0.15335058685705205,
    1.805339805605738,
    1.3012583718880237,
    5.551866015766111,
    -0.12474567036770068,
    3.0708266507503748,
    1.3198671611296038,
    -0.33387495148644586,
    6.30504196749966,
    2.580722956691546,
    2.8260680397594866,
    5.031403888585508,
    3.4743322181154586,
    2.788641209898806,
    4.293367246200649,
    0.9894405165341482,
    2.39735355443538,
    0.022951380090497908,
    0.4581890605072047,
    2.1734358503351343,
    2.9978132351552444,
    1.8229918481054657,
    0.1726788039182049,
    1.3698508158537557,
    0.976761235626584,
    0.21782498298287,
    0.6936229893225672,
    0.8834077266392097,
    1.0929343652333372,
    11.766756211482882
  ],
  "selected_features": [
    "Fe2O3T_wt",
    "SiO2_wt",
    "P2O5_tot_wt"
  ],
  "selected_models": [],
  "stacking_used": false,
  "stacked_model": true,
  "number_of_models": 1,
  "final_estimator": "svr",
  "final_estimator_params": {
    "svr_C": 0.14121256651939798,
    "svr_epsilon": 0.953846895692945
  },
  "model_params": {
    "svr": {
      "svr_C": 0.14121256651939798,
      "svr_epsilon": 0.953846895692945
    }
  },
  "use_random_split": true,
  "use_feature_selection": true,
  "model_name": "SVR-FS",
  "error_mean": 0.8919078915365446,
  "error_sdev": 6.63574918912679,
  "uncertainty_median": 8.33719874785996,
  "uncertainty_mad": 3.011854639083162,
  "uncertainty_measure": 36.12549886562633,
  "feature_importance": {
    "K2O_wt": -0.06616297519616005,
    "Fe2O3T_wt": 0.057939500470380816,
    "SiO2_wt": 0.14881197079329322
  }
}