{
  "y_test": [
    1.44,
    0.73,
    3.4,
    25.0,
    8.0,
    4.2,
    0.24,
    38.0,
    0.12,
    0.17,
    0.37,
    0.74,
    0.9,
    0.19,
    0.16,
    29.4,
    0.11,
    0.07,
    6.1,
    1.4,
    0.57,
    0.1,
    10.4,
    0.05,
    0.25,
    0.09,
    1.8,
    0.47,
    6.2,
    0.14,
    0.15,
    0.44,
    0.43,
    0.09,
    0.36,
    6.0,
    1.3,
    7.4,
    0.17,
    6.7,
    0.14,
    0.37,
    0.87,
    0.03,
    1.2
  ],
  "y_pred": [
    2.0207486647297976,
    0.8578219331095942,
    3.726046931104917,
    19.098640562082906,
    6.705748682100425,
    4.194225905759159,
    0.5764628334749424,
    2.686265115717619,
    1.849530511998567,
    1.1807329683271586,
    0.14839677150696828,
    1.4749010236257225,
    2.3230137357488827,
    -1.946426096898546,
    1.0374345472551656,
    8.408355244208614,
    0.27100507985619404,
    2.4559682990208866,
    4.282521532231728,
    3.4346856320484918,
    0.08772056994057897,
    0.614765022684187,
    4.025891781412529,
    2.1829552546629687,
    0.9308373558044678,
    0.556113177754203,
    3.3775927344162806,
    0.7809352110405559,
    9.444490417375148,
    2.297949664342508,
    0.02797873997409428,
    -0.3077123219858129,
    0.9203561601286878,
    -0.26763713805653766,
    0.7202920424869574,
    4.124865498382149,
    3.3971042852047466,
    7.870158657900249,
    0.08594809203591569,
    5.406187011138815,
    0.20062076860814648,
    0.9424002178933166,
    1.3549153656524424,
    0.2381236705584049,
    0.43750526238549603
  ],
  "selected_features": [
    "K2O_wt",
    "Fe2O3T_wt",
    "SiO2_wt",
    "Al2O3_wt",
    "P2O5_tot_wt"
  ],
  "selected_models": [],
  "stacking_used": false,
  "stacked_model": true,
  "number_of_models": 1,
  "final_estimator": "ann",
  "final_estimator_params": {
    "ann_hidden": 67,
    "ann_alpha": 0.0002494581501450149
  },
  "model_params": {
    "ann": {
      "ann_hidden": 67,
      "ann_alpha": 0.0002494581501450149
    }
  },
  "use_random_split": true,
  "use_feature_selection": false,
  "model_name": "ANN",
  "error_mean": 1.1605236138055623,
  "error_sdev": 6.334439069964821,
  "uncertainty_median": 9.06426358474782,
  "uncertainty_mad": 5.651608203616257,
  "uncertainty_measure": 62.35043973264478,
  "feature_importance": {
    "K2O_wt": 0.08113110414565894,
    "Fe2O3T_wt": 0.03655565986078252,
    "SiO2_wt": -0.038255216442882184,
    "Al2O3_wt": 0.5267233220912714,
    "P2O5_tot_wt": 0.3002782631887073
  }
}