{
  "y_test": [
    0.09,
    0.14,
    25.6,
    6.6,
    0.04,
    0.24,
    0.22,
    0.07,
    0.4,
    22.1,
    0.31,
    1.3,
    6.7,
    0.32,
    0.09,
    0.02,
    0.17,
    10.4,
    0.04,
    0.16,
    1.18,
    6.0,
    6.1,
    6.5,
    0.14,
    0.17,
    5.4,
    0.15,
    0.36,
    25.8,
    0.07,
    0.37,
    0.16,
    0.12,
    10.1,
    7.4,
    0.25,
    2.4,
    1.2,
    6.2,
    0.1,
    1.53,
    0.52,
    11.7,
    1.9
  ],
  "y_pred": [
    0.09407580198657195,
    -1.320781602729559,
    27.056741599622264,
    10.094982326642516,
    0.4220525563088091,
    0.14027607390156538,
    1.2646610672649765,
    2.559172053039824,
    2.443489975047474,
    26.6868172135322,
    14.727928105293847,
    1.526300853944168,
    6.248409796470849,
    0.8476180095956138,
    13.442303437931924,
    0.4974517300233541,
    0.5197257981952621,
    11.60084180980427,
    0.243301623421722,
    0.4539884499633775,
    0.6285693708066922,
    4.691711345567533,
    4.802051558562916,
    9.250803585886594,
    0.32606037788530573,
    0.17229106766599855,
    2.2790960535392992,
    0.15624879590441587,
    0.3461661796699844,
    20.01554676492894,
    0.5483614890703352,
    14.703681395963821,
    0.4470505315396318,
    0.5333783866228017,
    10.38707624867554,
    8.41590749916925,
    -0.1015733637066143,
    2.569812599958966,
    1.4349852977202626,
    3.1144016235457035,
    0.2916262950340922,
    0.15969075343051475,
    0.07744401640918053,
    11.718432617636024,
    9.695526977291658
  ],
  "selected_features": [
    "K2O_wt",
    "Fe2O3T_wt",
    "SiO2_wt",
    "Al2O3_wt",
    "P2O5_tot_wt"
  ],
  "selected_models": [],
  "stacking_used": false,
  "stacked_model": true,
  "number_of_models": 1,
  "final_estimator": "gpr",
  "final_estimator_params": {
    "gpr_nu": 0.5,
    "gpr_const": 2.2910542871366935,
    "gpr_length_scale": 5.509994748299832,
    "gpr_alpha": 0.009973413362549479
  },
  "model_params": {
    "gpr": {
      "gpr_nu": 0.5,
      "gpr_const": 2.2910542871366935,
      "gpr_length_scale": 5.509994748299832,
      "gpr_alpha": 0.009973413362549479
    }
  },
  "use_random_split": true,
  "use_feature_selection": false,
  "model_name": "GPR",
  "error_mean": -1.2307489810675527,
  "error_sdev": 3.9992675858895743,
  "uncertainty_median": 6.701074673546611,
  "uncertainty_mad": 8.549248235424335,
  "uncertainty_measure": 127.58025618149932,
  "feature_importance": {
    "K2O_wt": -0.01786662532155252,
    "Fe2O3T_wt": 0.005120529433288831,
    "SiO2_wt": 2.052182433886064,
    "Al2O3_wt": -0.03227831698735162,
    "P2O5_tot_wt": 0.030756875137068783
  }
}