{
  "y_test": [
    6.5,
    1.47,
    2.4,
    1.9,
    0.14,
    10.1,
    0.05,
    1.4,
    38.0,
    6.9,
    0.37,
    0.56,
    0.27,
    1.3,
    0.07,
    4.2,
    0.19,
    0.15,
    22.1,
    0.22,
    0.47,
    0.31,
    0.36,
    1.3,
    0.12,
    0.37,
    0.18,
    0.04,
    0.57,
    0.19,
    1.53,
    0.05,
    34.0,
    8.0,
    2.4,
    8.7,
    0.16,
    6.3,
    0.14,
    0.04,
    1.2,
    0.15,
    0.44,
    0.14,
    0.21
  ],
  "y_pred": [
    13.188274191295562,
    1.3583213602613906,
    1.6370045311071735,
    2.807948608181574,
    0.8596501053418795,
    13.041847756542323,
    35.094087208208,
    4.351113536562638,
    4.757818545137791,
    4.727357435788816,
    4.652550588954104,
    2.126959168151437,
    3.9547733769751225,
    4.482547607225451,
    1.1086936087709844,
    6.122494476534766,
    1.7421763223750801,
    1.9927202382946145,
    36.54925481293791,
    -0.9886499369019806,
    -0.9363207537983591,
    2.394090563968007,
    -2.2297153471066977,
    3.128583100156506,
    -0.37860784897315547,
    -0.3487180401498602,
    -0.23292232313176875,
    3.2968598288263458,
    -1.1087178206591428,
    -4.15888949729047,
    5.405077068456342,
    -2.8409774822453873,
    12.811875069509,
    4.9962870341007815,
    1.7217730061164875,
    13.647810615758502,
    -2.023679171531951,
    10.327192771244151,
    10.49115283906508,
    -0.7238440166375977,
    2.169866660510124,
    1.9600882247543812,
    -1.3503982213597077,
    -1.7764362409886214,
    -1.713055853850932
  ],
  "selected_features": [
    "K2O_wt",
    "Fe2O3T_wt",
    "SiO2_wt",
    "Al2O3_wt",
    "P2O5_tot_wt"
  ],
  "selected_models": [],
  "stacking_used": false,
  "stacked_model": true,
  "number_of_models": 1,
  "final_estimator": "svr",
  "final_estimator_params": {
    "svr_C": 5.1202820355784935,
    "svr_epsilon": 0.2742788813334903
  },
  "model_params": {
    "svr": {
      "svr_C": 5.1202820355784935,
      "svr_epsilon": 0.2742788813334903
    }
  },
  "use_random_split": true,
  "use_feature_selection": false,
  "model_name": "SVR",
  "error_mean": -0.6763403934774819,
  "error_sdev": 8.720472472782967,
  "uncertainty_median": 24.406657558850565,
  "uncertainty_mad": 9.685296363507595,
  "uncertainty_measure": 39.68301001541862,
  "feature_importance": {
    "K2O_wt": -0.0002610861866377734,
    "Fe2O3T_wt": -0.21567960267423517,
    "SiO2_wt": 0.07820077687117581,
    "Al2O3_wt": 0.196489917375909,
    "P2O5_tot_wt": 0.0656883973463262
  }
}