{
  "y_test": [
    0.27,
    22.1,
    0.41,
    6.2,
    1.47,
    1.0,
    0.04,
    0.14,
    6.1,
    2.4,
    0.09,
    0.02,
    1.9,
    5.4,
    0.19,
    1.3,
    0.17,
    6.9,
    2.4,
    0.05,
    0.4,
    0.15,
    0.17,
    0.4,
    0.73,
    0.21,
    0.15,
    0.04,
    10.4,
    0.87,
    0.07,
    0.9,
    3.8,
    0.18,
    0.34,
    1.8,
    0.56,
    25.0,
    25.6,
    0.14,
    0.14,
    0.04,
    1.3,
    0.14,
    0.21
  ],
  "y_pred": [
    0.3745612499811193,
    28.063698630136976,
    0.47540347488986506,
    7.395890410958904,
    0.9827958251793867,
    1.3247681770284507,
    0.23914412829631884,
    0.19588195036158249,
    4.470590094836671,
    1.3099665688193087,
    0.35443131449980775,
    1.9606164383561655,
    6.711917808219179,
    6.485475939585528,
    0.14429710952349742,
    1.3721952807466502,
    0.23199771927583737,
    1.3061997716894977,
    2.8497260273972604,
    12.875114155251149,
    0.4258277901686698,
    0.31918038097029344,
    0.38368065137035823,
    0.2612574496520062,
    0.4120744321650424,
    0.47141622190594795,
    0.6799669669533569,
    0.25165001779042867,
    14.17246575342467,
    1.2144817351598172,
    0.849016465509977,
    1.2965946610467156,
    4.93223393045311,
    0.34578594488157444,
    0.2993955333577603,
    7.304041095890412,
    0.8359794520547943,
    25.636301369863027,
    24.822602739726026,
    4.2941162517310785,
    0.32311820034070116,
    0.401751128215518,
    0.8087589112025056,
    0.37516317331448784,
    0.9056902933444029
  ],
  "selected_features": [
    "K2O_wt",
    "SiO2_wt",
    "P2O5_tot_wt"
  ],
  "selected_models": [],
  "stacking_used": false,
  "stacked_model": true,
  "number_of_models": 1,
  "final_estimator": "et",
  "final_estimator_params": {
    "et_n_estimators": 73,
    "et_max_depth": 11,
    "et_min_samples_split": 3,
    "et_min_samples_leaf": 1,
    "et_bootstrap": false
  },
  "model_params": {
    "et": {
      "et_n_estimators": 73,
      "et_max_depth": 11,
      "et_min_samples_split": 3,
      "et_min_samples_leaf": 1,
      "et_bootstrap": false
    }
  },
  "use_random_split": true,
  "use_feature_selection": true,
  "model_name": "ET-FS",
  "error_mean": -0.8634938361227962,
  "error_sdev": 2.604364204916745,
  "uncertainty_median": 15.889726027397261,
  "uncertainty_mad": 6.264988697620479,
  "uncertainty_measure": 39.42792145577783,
  "feature_importance": {
    "K2O_wt": 0.10696643998669696,
    "Fe2O3T_wt": 1.068677223200361,
    "SiO2_wt": 0.515934133724044
  }
}