{
  "y_test": [
    11.7,
    0.31,
    0.36,
    0.25,
    25.6,
    2.4,
    0.19,
    0.41,
    0.11,
    0.14,
    0.29,
    0.37,
    0.05,
    1.3,
    0.16,
    0.12,
    0.15,
    0.35,
    0.19,
    0.34,
    0.13,
    1.44,
    1.44,
    0.4,
    34.0,
    0.52,
    4.5,
    1.3,
    6.9,
    0.02,
    1.2,
    1.9,
    4.2,
    6.1,
    0.12,
    8.0,
    0.74,
    6.3,
    0.17,
    0.4,
    0.27,
    0.04,
    1.4,
    24.5,
    0.27
  ],
  "y_pred": [
    6.933520793914795,
    11.871387481689453,
    0.2741127610206604,
    0.2586822211742401,
    24.07874298095703,
    1.9322524070739746,
    0.28165915608406067,
    0.6980821490287781,
    0.2191561907529831,
    9.096184730529785,
    0.6749431490898132,
    0.4729333221912384,
    0.2943967580795288,
    1.6747944355010986,
    0.15148133039474487,
    0.5691224336624146,
    0.31657010316848755,
    2.6261448860168457,
    0.16227774322032928,
    0.323338121175766,
    0.1389710158109665,
    0.4864836633205414,
    0.17682701349258423,
    2.245760440826416,
    27.712553024291992,
    0.2258915901184082,
    6.650550842285156,
    2.3454554080963135,
    0.9593515992164612,
    1.3250553607940674,
    0.6666126847267151,
    2.2086288928985596,
    17.210599899291992,
    4.6724772453308105,
    9.85141658782959,
    6.242849826812744,
    0.576475977897644,
    13.851869583129883,
    0.459966778755188,
    0.1446291208267212,
    0.17276664078235626,
    0.6769323945045471,
    1.6503928899765015,
    25.123619079589844,
    0.9297913312911987
  ],
  "selected_features": [
    "K2O_wt",
    "Fe2O3T_wt",
    "SiO2_wt",
    "Al2O3_wt",
    "P2O5_tot_wt"
  ],
  "selected_models": [],
  "stacking_used": false,
  "stacked_model": true,
  "number_of_models": 1,
  "final_estimator": "xgb",
  "final_estimator_params": {
    "xgb_n_estimators": 167,
    "xgb_lr": 0.02480837140813594,
    "xgb_max_depth": 6,
    "xgb_subsample": 0.9303105107640074,
    "xgb_colsample": 0.7343167082289148
  },
  "model_params": {
    "xgb": {
      "xgb_n_estimators": 167,
      "xgb_lr": 0.02480837140813594,
      "xgb_max_depth": 6,
      "xgb_subsample": 0.9303105107640074,
      "xgb_colsample": 0.7343167082289148
    }
  },
  "use_random_split": true,
  "use_feature_selection": false,
  "model_name": "XGB",
  "error_mean": -0.857015823258294,
  "error_sdev": 3.7785087872397325,
  "uncertainty_median": 9.878988265991211,
  "uncertainty_mad": 5.348193168640137,
  "uncertainty_measure": 54.13705355893065,
  "feature_importance": {
    "K2O_wt": -0.008774678871905639,
    "Fe2O3T_wt": 0.07176265271400313,
    "SiO2_wt": 0.3100064714159044,
    "Al2O3_wt": 0.02531902853604178,
    "P2O5_tot_wt": 0.5373018283795665
  }
}