{
  "y_test": [
    0.36,
    0.14,
    6.9,
    0.18,
    8.7,
    38.0,
    6.5,
    0.04,
    0.1,
    0.09,
    7.4,
    1.44,
    0.14,
    0.19,
    0.15,
    0.03,
    25.8,
    0.07,
    1.47,
    0.09,
    25.0,
    0.09,
    0.14,
    34.0,
    1.4,
    1.3,
    0.14,
    0.37,
    0.56,
    1.2,
    6.6,
    0.34,
    0.44,
    3.4,
    0.04,
    6.7,
    1.9,
    0.36,
    0.87,
    0.31,
    0.51,
    0.19,
    4.2,
    0.07,
    0.14
  ],
  "y_pred": [
    0.3473103642463684,
    0.14120705425739288,
    0.5905671119689941,
    0.10777140408754349,
    9.45239543914795,
    5.56164026260376,
    9.632740020751953,
    0.7053096890449524,
    0.03887517750263214,
    0.5082733631134033,
    6.643576145172119,
    0.8350314497947693,
    0.519951581954956,
    0.664880096912384,
    0.406432569026947,
    0.26103490591049194,
    26.488079071044922,
    0.6471976041793823,
    0.669474184513092,
    0.4695527255535126,
    26.171995162963867,
    1.8811982870101929,
    0.15980766713619232,
    28.844417572021484,
    1.375380039215088,
    0.27956411242485046,
    -0.008294523693621159,
    0.8458696603775024,
    0.473470538854599,
    0.9312564730644226,
    5.855467796325684,
    0.19859667122364044,
    0.36044228076934814,
    3.6298258304595947,
    0.5055112242698669,
    7.092715740203857,
    8.904845237731934,
    0.14039361476898193,
    1.2275563478469849,
    1.4547669887542725,
    0.2170276641845703,
    0.16942666471004486,
    5.182539939880371,
    0.23995384573936462,
    0.8205931782722473
  ],
  "selected_features": [
    "K2O_wt",
    "Fe2O3T_wt",
    "SiO2_wt",
    "Al2O3_wt",
    "P2O5_tot_wt"
  ],
  "selected_models": [],
  "stacking_used": false,
  "stacked_model": true,
  "number_of_models": 1,
  "final_estimator": "xgb",
  "final_estimator_params": {
    "xgb_n_estimators": 283,
    "xgb_lr": 0.24161895096286173,
    "xgb_max_depth": 4,
    "xgb_subsample": 0.7722757081567723,
    "xgb_colsample": 0.7451240817018668
  },
  "model_params": {
    "xgb": {
      "xgb_n_estimators": 283,
      "xgb_lr": 0.24161895096286173,
      "xgb_max_depth": 4,
      "xgb_subsample": 0.7722757081567723,
      "xgb_colsample": 0.7451240817018668
    }
  },
  "use_random_split": true,
  "use_feature_selection": false,
  "model_name": "XGB",
  "error_mean": 0.586986039215492,
  "error_sdev": 5.170308140555443,
  "uncertainty_median": 8.607151985168457,
  "uncertainty_mad": 5.743936061859131,
  "uncertainty_measure": 66.7344560867158,
  "feature_importance": {
    "K2O_wt": 0.018878175943072506,
    "Fe2O3T_wt": 0.011099361811635528,
    "SiO2_wt": 0.46388136147777004,
    "Al2O3_wt": 0.03276773798065567,
    "P2O5_tot_wt": 0.223766238463064
  }
}