{
  "y_test": [
    11.7,
    0.31,
    0.36,
    0.25,
    25.6,
    2.4,
    0.19,
    0.41,
    0.11,
    0.14,
    0.29,
    0.37,
    0.05,
    1.3,
    0.16,
    0.12,
    0.15,
    0.35,
    0.19,
    0.34,
    0.13,
    1.44,
    1.44,
    0.4,
    34.0,
    0.52,
    4.5,
    1.3,
    6.9,
    0.02,
    1.2,
    1.9,
    4.2,
    6.1,
    0.12,
    8.0,
    0.74,
    6.3,
    0.17,
    0.4,
    0.27,
    0.04,
    1.4,
    24.5,
    0.27
  ],
  "y_pred": [
    8.039830339695191,
    0.5155842635454083,
    0.9712250752345621,
    0.9712250752345621,
    23.667591405292526,
    1.9272406351182476,
    0.025967158493190055,
    0.9712250752345621,
    0.025967158493190055,
    0.5155842635454083,
    0.10550308943810517,
    0.08491079331940744,
    0.35848218068134546,
    1.5883218046972405,
    0.560305213112187,
    0.9396080741500028,
    0.6582868385684568,
    0.6000896117560144,
    0.2293460889493982,
    0.560305213112187,
    0.34339646873649565,
    1.5883218046972405,
    0.025967158493190055,
    0.21231642355445193,
    23.667591405292526,
    0.9806999254529731,
    6.1994165501001275,
    0.9712250752345621,
    1.5883218046972405,
    1.0696088125902121,
    0.21285425866382554,
    2.5750509537761395,
    8.039830339695191,
    6.339293523347511,
    0.47458665737052186,
    6.1994165501001275,
    0.539940056159501,
    8.039830339695191,
    0.560305213112187,
    0.025967158493190055,
    0.48614833461303864,
    0.10550308943810517,
    1.5883218046972405,
    23.667591405292526,
    2.5750509537761395
  ],
  "selected_features": [
    "K2O_wt",
    "P2O5_tot_wt"
  ],
  "selected_models": [],
  "stacking_used": false,
  "stacked_model": true,
  "number_of_models": 1,
  "final_estimator": "lgbm",
  "final_estimator_params": {
    "lgbm_num_leaves": 72,
    "lgbm_lr": 0.1392854949445012,
    "lgbm_n_estimators": 163
  },
  "model_params": {
    "lgbm": {
      "lgbm_num_leaves": 72,
      "lgbm_lr": 0.1392854949445012,
      "lgbm_n_estimators": 163
    }
  },
  "use_random_split": true,
  "use_feature_selection": true,
  "model_name": "LGBM-FS",
  "error_mean": 0.21459654611665233,
  "error_sdev": 2.070579482071845,
  "uncertainty_median": 6.1994165501001275,
  "uncertainty_mad": 6.185086447393657,
  "uncertainty_measure": 99.76884755862649,
  "feature_importance": {
    "K2O_wt": 0.5942984738340261,
    "Fe2O3T_wt": 1.3722308856087742
  }
}