{
  "y_test": [
    0.57,
    0.04,
    0.19,
    4.2,
    0.19,
    0.34,
    6.3,
    29.4,
    0.04,
    0.73,
    25.0,
    0.02,
    6.7,
    8.9,
    0.1,
    0.56,
    0.14,
    0.4,
    0.41,
    0.14,
    31.8,
    0.23,
    0.19,
    34.0,
    1.9,
    0.52,
    0.36,
    1.3,
    10.4,
    0.87,
    2.6,
    0.24,
    0.44,
    0.09,
    0.13,
    0.68,
    5.1,
    0.04,
    3.4,
    1.18,
    0.18,
    25.8,
    0.17,
    6.1,
    0.25
  ],
  "y_pred": [
    1.0485699327783402,
    1.1266028286587808,
    0.987537378231384,
    1.8412172089332113,
    1.8505364948585328,
    1.418993626886358,
    7.769898770087922,
    7.769898770087922,
    1.1063423626715623,
    1.3626493796069283,
    8.549777815113147,
    1.5814206092910963,
    7.6226524542092085,
    7.6226524542092085,
    1.0754089893291785,
    2.3657993530183767,
    1.8505364948585328,
    1.8416977495544438,
    1.3586339187433418,
    1.176104846038288,
    8.549777815113147,
    1.1045082006204856,
    1.3432688984539178,
    8.549777815113147,
    1.9553628168497974,
    1.0457537546469557,
    1.0203497250490559,
    2.303293219895368,
    7.769898770087922,
    1.5814206092910963,
    1.3808421814002798,
    1.5778995035014463,
    1.0183973271803815,
    2.3693204588080268,
    1.085436568073837,
    1.475225252014736,
    7.655753162171337,
    0.9621657020520037,
    1.8412172089332113,
    1.9553628168497974,
    1.8416977495544438,
    7.769898770087922,
    1.832674463448442,
    7.655753162171337,
    1.1266028286587808
  ],
  "selected_features": [
    "K2O_wt",
    "Fe2O3T_wt",
    "SiO2_wt",
    "Al2O3_wt",
    "P2O5_tot_wt"
  ],
  "selected_models": [],
  "stacking_used": false,
  "stacked_model": true,
  "number_of_models": 1,
  "final_estimator": "lgbm",
  "final_estimator_params": {
    "lgbm_num_leaves": 57,
    "lgbm_lr": 0.024659167783456306,
    "lgbm_n_estimators": 51
  },
  "model_params": {
    "lgbm": {
      "lgbm_num_leaves": 57,
      "lgbm_lr": 0.024659167783456306,
      "lgbm_n_estimators": 51
    }
  },
  "feature_names": [
    "K2O_wt",
    "Fe2O3T_wt",
    "SiO2_wt",
    "Al2O3_wt",
    "P2O5_tot_wt"
  ],
  "use_random_split": true,
  "use_feature_selection": false,
  "model_name": "LGBM",
  "error_mean": 1.649809106284608,
  "error_sdev": 7.0733464527503145,
  "uncertainty_median": 7.693904607657414,
  "uncertainty_mad": 0.6116060815486989,
  "uncertainty_measure": 7.9492288082177875,
  "feature_importance": {
    "K2O_wt": 0.01868073250899994,
    "Fe2O3T_wt": 0.00037680982428471734,
    "SiO2_wt": 0.00012755870644236666,
    "Al2O3_wt": 0.0021242118559382695,
    "P2O5_tot_wt": 0.4790353660761851
  },
  "run": 5
}