{
  "y_test": [
    1.3,
    0.31,
    0.04,
    4.2,
    29.4,
    0.03,
    0.32,
    0.09,
    1.0,
    2.4,
    0.07,
    1.3,
    0.4,
    0.15,
    1.9,
    0.27,
    0.12,
    0.84,
    34.0,
    0.1,
    0.05,
    0.29,
    0.37,
    1.5,
    0.25,
    7.0,
    3.8,
    0.04,
    0.87,
    1.9,
    0.21,
    25.8,
    0.52,
    2.6,
    0.24,
    6.7,
    0.17,
    0.4,
    1.4,
    5.7,
    0.44,
    31.8,
    1.44,
    1.44,
    0.73
  ],
  "y_pred": [
    -0.5177795068555626,
    1.0380650374395337,
    2.053492019983636,
    6.329838407438246,
    8.122436891541604,
    0.6240646606154967,
    1.7488934666746863,
    0.805681965975976,
    -0.8941005161943184,
    2.2344907959926212,
    -0.2898208965975576,
    1.5891839170937996,
    1.3089988093778293,
    3.348697334076851,
    3.029157646564081,
    3.190316048140961,
    3.0203432032369575,
    0.18570191229387856,
    21.624968063706547,
    0.16818868497354444,
    3.0203432032369575,
    0.696352996554281,
    0.7686921842089038,
    3.8224934149786702,
    0.8083555193126751,
    4.944074029871534,
    6.170287932740595,
    0.05721884914311965,
    3.0475705768006733,
    2.5147116587811706,
    0.06135652471452978,
    8.122436891541604,
    -0.3462557480384568,
    0.3732769283402191,
    1.6182161367961845,
    6.863657905053854,
    0.05506245138579132,
    0.9605998393143964,
    2.686710699104216,
    4.0590640893414065,
    -1.0574840174066573,
    21.755607524614636,
    0.05721884914311965,
    0.8053775743159445,
    1.0523315654633327
  ],
  "selected_features": [
    "K2O_wt",
    "Fe2O3T_wt",
    "P2O5_tot_wt"
  ],
  "selected_models": [],
  "stacking_used": false,
  "stacked_model": true,
  "number_of_models": 1,
  "final_estimator": "lgbm",
  "final_estimator_params": {
    "lgbm_num_leaves": 90,
    "lgbm_lr": 0.22356861448926907,
    "lgbm_n_estimators": 116
  },
  "model_params": {
    "lgbm": {
      "lgbm_num_leaves": 90,
      "lgbm_lr": 0.22356861448926907,
      "lgbm_n_estimators": 116
    }
  },
  "use_random_split": true,
  "use_feature_selection": true,
  "model_name": "LGBM-FS",
  "error_mean": 0.9391534327824108,
  "error_sdev": 4.943428266545209,
  "uncertainty_median": 6.863657905053854,
  "uncertainty_mad": 4.533020900099789,
  "uncertainty_measure": 66.04380583656466,
  "feature_importance": {
    "K2O_wt": 0.337783763939007,
    "Fe2O3T_wt": -0.007137437903106693,
    "SiO2_wt": 0.9778728867850449
  }
}