{
  "y_test": [
    0.27,
    22.1,
    0.41,
    6.2,
    1.47,
    1.0,
    0.04,
    0.14,
    6.1,
    2.4,
    0.09,
    0.02,
    1.9,
    5.4,
    0.19,
    1.3,
    0.17,
    6.9,
    2.4,
    0.05,
    0.4,
    0.15,
    0.17,
    0.4,
    0.73,
    0.21,
    0.15,
    0.04,
    10.4,
    0.87,
    0.07,
    0.9,
    3.8,
    0.18,
    0.34,
    1.8,
    0.56,
    25.0,
    25.6,
    0.14,
    0.14,
    0.04,
    1.3,
    0.14,
    0.21
  ],
  "y_pred": [
    0.6111139671519711,
    27.4943145035792,
    0.6111139671519711,
    8.174422541353742,
    0.6111139671519711,
    0.6111139671519711,
    0.6111139671519711,
    0.6111139671519711,
    8.304422541353741,
    0.6616025335183255,
    0.6111139671519711,
    1.2605166111139081,
    1.2754293272552168,
    8.304422541353741,
    0.6111139671519711,
    0.6616025335183255,
    0.6111139671519711,
    0.6616025335183255,
    1.2605166111139081,
    17.92747269225861,
    0.6111139671519711,
    0.6111139671519711,
    0.6111139671519711,
    0.6111139671519711,
    0.6111139671519711,
    0.6111139671519711,
    0.6111139671519711,
    0.6111139671519711,
    8.34064545157046,
    0.6616025335183255,
    0.6111139671519711,
    0.6111139671519711,
    8.304422541353741,
    0.6111139671519711,
    0.6111139671519711,
    8.49119814048228,
    0.6111139671519711,
    28.692994864612515,
    29.12327575474636,
    0.6111139671519711,
    0.6111139671519711,
    0.6111139671519711,
    0.6111139671519711,
    0.6111139671519711,
    0.6111139671519711
  ],
  "selected_features": [
    "SiO2_wt",
    "P2O5_tot_wt"
  ],
  "selected_models": [],
  "stacking_used": false,
  "stacked_model": true,
  "number_of_models": 1,
  "final_estimator": "rf",
  "final_estimator_params": {
    "rf_n_estimators": 153,
    "rf_max_depth": 2
  },
  "model_params": {
    "rf": {
      "rf_n_estimators": 153,
      "rf_max_depth": 2
    }
  },
  "use_random_split": true,
  "use_feature_selection": true,
  "model_name": "RF-FS",
  "error_mean": -0.9871478963661314,
  "error_sdev": 3.2638905497435196,
  "uncertainty_median": 8.361198140482282,
  "uncertainty_mad": 6.591622168694461,
  "uncertainty_measure": 78.83585651175885,
  "feature_importance": {
    "K2O_wt": 1.2663837129146696,
    "Fe2O3T_wt": 0.30742553916881127
  }
}