{
  "y_test": [
    0.52,
    2.7,
    0.47,
    7.0,
    1.3,
    1.53,
    0.25,
    4.2,
    6.7,
    1.9,
    0.21,
    0.25,
    0.22,
    0.19,
    1.0,
    0.27,
    0.17,
    6.9,
    8.7,
    1.4,
    0.36,
    1.44,
    0.14,
    24.5,
    0.19,
    0.19,
    6.0,
    4.2,
    1.47,
    0.03,
    6.2,
    1.18,
    0.57,
    0.29,
    6.2,
    3.4,
    1.9,
    0.04,
    1.3,
    0.23,
    5.1,
    0.84,
    1.2,
    6.5,
    0.09
  ],
  "y_pred": [
    2.9869079039047364,
    0.6310988650178402,
    0.9255851909366726,
    8.096823002595205,
    4.699596748674509,
    4.575498982020438,
    1.1544248144466565,
    6.783742367583212,
    4.708226130670834,
    9.662734157247339,
    -2.8132412074471205,
    2.757525414914113,
    -0.6391594722930947,
    -1.218785199990279,
    3.6651961905035897,
    3.3469894241021194,
    2.1262251673567434,
    4.312099860165045,
    10.069554882136497,
    4.634588489610437,
    0.36774725643634554,
    0.8183818506051779,
    -1.8985913281978668,
    21.37418954840021,
    -2.1693619102069874,
    -0.2806018396965513,
    6.58144108573142,
    6.602007755631625,
    0.3099697274623381,
    -0.28094010017686344,
    0.29707042094322134,
    0.3663915513290661,
    0.1416942099377252,
    -0.9524379413737023,
    4.666780073900977,
    6.130602726495628,
    4.073187341569238,
    -0.2871868724307163,
    2.7312388904399008,
    0.9839339316097337,
    5.885942267901335,
    -0.5866060394095953,
    1.962464505568665,
    10.379776317086943,
    -0.14477594265377292
  ],
  "selected_features": [
    "K2O_wt",
    "Fe2O3T_wt",
    "SiO2_wt",
    "Al2O3_wt",
    "P2O5_tot_wt"
  ],
  "selected_models": [],
  "stacking_used": false,
  "stacked_model": true,
  "number_of_models": 1,
  "final_estimator": "lr",
  "final_estimator_params": {},
  "model_params": {
    "lr": {}
  },
  "use_random_split": true,
  "use_feature_selection": false,
  "model_name": "LR",
  "error_mean": -0.40217664886797744,
  "error_sdev": 2.4079205524996343,
  "uncertainty_median": 6.418469291912638,
  "uncertainty_mad": 6.314532130094933,
  "uncertainty_measure": 98.38065499590896,
  "feature_importance": {
    "K2O_wt": 0.0307320909157107,
    "Fe2O3T_wt": 0.12011862424157323,
    "SiO2_wt": 2.5533496675872085,
    "Al2O3_wt": 0.3134434315763559,
    "P2O5_tot_wt": 0.038333632890091014
  }
}