{
  "y_test": [
    1.8,
    1.44,
    0.14,
    0.42,
    0.09,
    0.27,
    0.09,
    0.9,
    1.5,
    25.6,
    0.14,
    0.4,
    10.1,
    0.57,
    1.0,
    38.0,
    0.1,
    3.4,
    0.24,
    0.15,
    6.6,
    24.5,
    0.13,
    0.11,
    6.1,
    0.25,
    22.1,
    0.43,
    0.27,
    0.24,
    0.1,
    0.04,
    11.7,
    0.17,
    1.53,
    0.16,
    1.9,
    6.0,
    0.21,
    0.19,
    0.15,
    7.0,
    0.34,
    0.21,
    0.62
  ],
  "y_pred": [
    2.3421570408894326,
    0.45572642424314225,
    1.5601236922435682,
    3.627374699254233,
    0.5661141499887172,
    2.2347203241245275,
    7.474161636697987,
    2.081177888913821,
    -0.5964567026219285,
    18.397770560553678,
    3.384015750651729,
    0.15806526961128853,
    13.86387327415601,
    -0.4401596106973713,
    1.9786267349730196,
    4.664576664231763,
    0.2950445329266813,
    3.946459165028468,
    1.722932358540362,
    0.19771268411417253,
    11.018233989656794,
    17.086374096103203,
    1.994387325464082,
    -2.307017301395529,
    4.915750085159871,
    1.9508975211470414,
    46.28435427989638,
    -0.2069280784504599,
    2.3267256614961696,
    -0.1969826120646978,
    0.6337184778055942,
    1.5275560595685427,
    7.726949582096928,
    0.7876093663344612,
    2.9953494923582227,
    1.6016442063433765,
    6.132038635923038,
    4.598477194860251,
    -2.3703504799879838,
    -1.747865352927267,
    1.7120033073535907,
    10.829209453691089,
    1.1947795387025337,
    -0.6292540750547317,
    -0.15421765504568796
  ],
  "selected_features": [
    "K2O_wt",
    "SiO2_wt",
    "Al2O3_wt",
    "P2O5_tot_wt"
  ],
  "selected_models": [],
  "stacking_used": false,
  "stacked_model": true,
  "number_of_models": 1,
  "final_estimator": "svr",
  "final_estimator_params": {
    "svr_C": 9.50274887845132,
    "svr_epsilon": 0.1812145627675409
  },
  "model_params": {
    "svr": {
      "svr_C": 9.50274887845132,
      "svr_epsilon": 0.1812145627675409
    }
  },
  "use_random_split": true,
  "use_feature_selection": true,
  "model_name": "SVR-FS",
  "error_mean": -0.18261020570795763,
  "error_sdev": 6.773909546138895,
  "uncertainty_median": 19.672536782591905,
  "uncertainty_mad": 8.279476995013685,
  "uncertainty_measure": 42.086473577419554,
  "feature_importance": {
    "K2O_wt": 0.0002593895567739979,
    "Fe2O3T_wt": 0.2686787176994453,
    "SiO2_wt": 0.06761418607268113,
    "Al2O3_wt": 0.11941619222555355
  }
}