{
  "y_test": [
    11.7,
    0.31,
    0.36,
    0.25,
    25.6,
    2.4,
    0.19,
    0.41,
    0.11,
    0.14,
    0.29,
    0.37,
    0.05,
    1.3,
    0.16,
    0.12,
    0.15,
    0.35,
    0.19,
    0.34,
    0.13,
    1.44,
    1.44,
    0.4,
    34.0,
    0.52,
    4.5,
    1.3,
    6.9,
    0.02,
    1.2,
    1.9,
    4.2,
    6.1,
    0.12,
    8.0,
    0.74,
    6.3,
    0.17,
    0.4,
    0.27,
    0.04,
    1.4,
    24.5,
    0.27
  ],
  "y_pred": [
    4.178718505183619,
    -1.9453808202621001,
    -4.375606377328868,
    -3.5419109527285784,
    9.190712846406925,
    -3.41055430881811,
    -6.944007938688559,
    -2.403154044439967,
    -8.55934323110843,
    -1.4753423207500411,
    -3.0556997514163076,
    -3.8697755221590047,
    -7.475002839785629,
    0.015258733906051702,
    -4.260595456068794,
    -3.130286895971045,
    -4.398318963748276,
    -2.3214840193298993,
    -7.435122059016431,
    -2.697677717720385,
    -3.230671581711814,
    -2.1182631883405616,
    -7.9303246044557,
    -2.5919296385553796,
    9.610415276269373,
    -3.5920580459376215,
    2.863262301673217,
    -0.048330125832141135,
    -3.5159324128971683,
    -4.018768812623096,
    -3.0780503405449604,
    -0.6533691755478106,
    1.9275292701381783,
    1.6259546274831962,
    -1.7444304501351855,
    2.3218121116957366,
    -3.0714199566030764,
    2.3899259375683863,
    -4.09552794092237,
    -6.001479480156641,
    -2.9570425306018286,
    -2.662428357998719,
    0.5794135325077505,
    7.668120407645972,
    -2.003071268435111
  ],
  "selected_features": [
    "SiO2_wt",
    "P2O5_tot_wt"
  ],
  "selected_models": [],
  "stacking_used": false,
  "stacked_model": true,
  "number_of_models": 1,
  "final_estimator": "svr",
  "final_estimator_params": {
    "svr_C": 9.194649044201649,
    "svr_epsilon": 0.35123752821476484
  },
  "model_params": {
    "svr": {
      "svr_C": 9.194649044201649,
      "svr_epsilon": 0.35123752821476484
    }
  },
  "use_random_split": true,
  "use_feature_selection": true,
  "model_name": "SVR-FS",
  "error_mean": 5.184249724003583,
  "error_sdev": 4.484110220230991,
  "uncertainty_median": 1.9315690514537271,
  "uncertainty_mad": 4.212762131530798,
  "uncertainty_measure": 218.100519283026,
  "feature_importance": {
    "K2O_wt": 0.7403719849262888,
    "Fe2O3T_wt": 0.07690938003961487
  }
}