{
  "y_test": [
    0.21,
    0.07,
    0.44,
    1.2,
    6.9,
    11.7,
    0.04,
    8.9,
    6.7,
    2.4,
    0.17,
    0.24,
    6.1,
    6.2,
    0.16,
    6.6,
    6.9,
    24.5,
    0.9,
    0.21,
    31.8,
    0.04,
    1.44,
    4.5,
    0.18,
    8.0,
    0.56,
    0.35,
    4.2,
    0.37,
    0.19,
    1.8,
    5.7,
    1.44,
    0.14,
    1.9,
    10.1,
    1.4,
    0.14,
    0.47,
    5.1,
    8.7,
    1.47,
    0.1,
    7.4
  ],
  "y_pred": [
    0.17996473488966297,
    0.2291523905296917,
    0.22186324535411606,
    0.6763526390081147,
    0.9082163208080911,
    12.420879120879135,
    0.19975125773799898,
    11.337912087912104,
    5.601098901098899,
    0.9328281019031901,
    0.26523396418263284,
    0.2898315564019466,
    4.702747252747245,
    6.596153846153852,
    0.2055842455901082,
    6.858791208791201,
    5.508791208791206,
    25.707692307692295,
    1.1795962035721361,
    0.8781167686300774,
    29.06373626373628,
    0.3850555945599833,
    0.9822131481355093,
    5.399450549450545,
    0.17120231777470873,
    5.852747252747254,
    0.26127004586568614,
    0.30264456682778856,
    4.845604395604389,
    0.4284710577505748,
    0.4862519756620351,
    11.328021978021997,
    5.713736263736266,
    0.17779677497914564,
    0.27151858700518283,
    0.9600429924410437,
    16.950549450549456,
    1.3158501617430223,
    0.18778231975082954,
    0.42664086302723375,
    4.492857142857132,
    12.312087912087916,
    0.8153298376002872,
    0.3310349432775204,
    6.669780219780222
  ],
  "selected_features": [
    "K2O_wt",
    "Fe2O3T_wt",
    "SiO2_wt",
    "Al2O3_wt",
    "P2O5_tot_wt"
  ],
  "selected_models": [],
  "stacking_used": false,
  "stacked_model": true,
  "number_of_models": 1,
  "final_estimator": "rf",
  "final_estimator_params": {
    "rf_n_estimators": 182,
    "rf_max_depth": 8
  },
  "model_params": {
    "rf": {
      "rf_n_estimators": 182,
      "rf_max_depth": 8
    }
  },
  "use_random_split": true,
  "use_feature_selection": false,
  "model_name": "RF",
  "error_mean": -0.15560519950323812,
  "error_sdev": 2.234043101599479,
  "uncertainty_median": 12.315934065934089,
  "uncertainty_mad": 6.731150159824976,
  "uncertainty_measure": 54.65399639028076,
  "feature_importance": {
    "K2O_wt": 0.33796725976897124,
    "Fe2O3T_wt": 0.1577227335625624,
    "SiO2_wt": 0.41545327791916425,
    "Al2O3_wt": 0.008937527586914119,
    "P2O5_tot_wt": 1.708559787320635
  }
}