{
  "y_test": [
    0.21,
    0.07,
    0.44,
    1.2,
    6.9,
    11.7,
    0.04,
    8.9,
    6.7,
    2.4,
    0.17,
    0.24,
    6.1,
    6.2,
    0.16,
    6.6,
    6.9,
    24.5,
    0.9,
    0.21,
    31.8,
    0.04,
    1.44,
    4.5,
    0.18,
    8.0,
    0.56,
    0.35,
    4.2,
    0.37,
    0.19,
    1.8,
    5.7,
    1.44,
    0.14,
    1.9,
    10.1,
    1.4,
    0.14,
    0.47,
    5.1,
    8.7,
    1.47,
    0.1,
    7.4
  ],
  "y_pred": [
    -0.3288268058265008,
    0.6559153887819731,
    -0.22043720136672937,
    1.3566314520426626,
    -0.03641167226046606,
    8.387446961009731,
    -0.3288268058265008,
    4.339562077751666,
    6.1930653781327365,
    -0.5740159774389261,
    -0.002965910682074295,
    -1.7652134844891807,
    5.967397515492512,
    6.1930653781327365,
    0.2259918401855613,
    8.387446961009731,
    6.1930653781327365,
    24.67202160236337,
    1.0263986993005099,
    1.5697084683456821,
    24.67202160236337,
    0.7780604700744153,
    -0.0958384339034218,
    6.1930653781327365,
    -0.3288268058265008,
    6.1930653781327365,
    0.07416490068637388,
    2.25008805401745,
    5.763178287816046,
    0.6258598719120448,
    0.5225280895171446,
    5.091517276936358,
    6.1930653781327365,
    -0.3288268058265008,
    0.41640078154403637,
    3.302396114463608,
    24.853911759301624,
    1.1080145315866112,
    -0.3288268058265008,
    0.15801138710449214,
    6.1930653781327365,
    19.701687148417967,
    0.10371156790449072,
    0.9155314434975564,
    8.387446961009731
  ],
  "selected_features": [
    "K2O_wt",
    "SiO2_wt",
    "P2O5_tot_wt"
  ],
  "selected_models": [],
  "stacking_used": false,
  "stacked_model": true,
  "number_of_models": 1,
  "final_estimator": "lgbm",
  "final_estimator_params": {
    "lgbm_num_leaves": 81,
    "lgbm_lr": 0.09937218974877716,
    "lgbm_n_estimators": 157
  },
  "model_params": {
    "lgbm": {
      "lgbm_num_leaves": 81,
      "lgbm_lr": 0.09937218974877716,
      "lgbm_n_estimators": 157
    }
  },
  "use_random_split": true,
  "use_feature_selection": true,
  "model_name": "LGBM-FS",
  "error_mean": -0.13989982560205713,
  "error_sdev": 3.456330743985317,
  "uncertainty_median": 6.1930653781327365,
  "uncertainty_mad": 6.186147427983328,
  "uncertainty_measure": 99.8882952184901,
  "feature_importance": {
    "K2O_wt": 1.0441512905708041,
    "Fe2O3T_wt": 0.003538471076427705,
    "SiO2_wt": 1.2953724180688524
  }
}