{
  "y_test": [
    0.29,
    1.44,
    0.12,
    0.07,
    6.5,
    2.4,
    8.9,
    8.0,
    29.4,
    1.9,
    6.2,
    0.09,
    0.24,
    0.14,
    31.8,
    6.2,
    0.04,
    0.18,
    0.02,
    0.04,
    0.04,
    0.04,
    0.05,
    25.6,
    0.74,
    34.0,
    5.7,
    1.44,
    2.4,
    0.19,
    0.37,
    6.7,
    0.14,
    0.36,
    1.3,
    10.4,
    0.41,
    2.6,
    7.4,
    0.24,
    0.31,
    0.14,
    4.2,
    0.19,
    6.0
  ],
  "y_pred": [
    1.102174703760003,
    0.21712446568032626,
    0.17555136561291856,
    0.6658969407990128,
    9.093740450783589,
    0.9546704911185033,
    0.37730050756850486,
    1.0876578493853513,
    22.124550559051336,
    7.989035293010026,
    0.7120110618009148,
    8.85238898063809,
    0.6812641475953917,
    0.5440619634387217,
    25.00715797471818,
    1.2001660214451568,
    0.23735001050486282,
    0.16278359376522766,
    0.1844676099814839,
    0.24432407582563723,
    0.08824247085233905,
    0.2309660452375671,
    20.53703131829097,
    24.68766847222692,
    1.3377072039046543,
    24.134043541182596,
    1.183164967979464,
    0.7250790499407161,
    0.440794571622827,
    0.18035387699350977,
    0.5240153585141993,
    3.9244071148756756,
    19.71045528600859,
    0.24440238144598547,
    1.7017906024702054,
    7.782165497712614,
    0.5517901082236856,
    5.967599841059594,
    8.98081951271234,
    0.45135643716650725,
    12.728943428361694,
    0.32815595130423336,
    17.42188409473857,
    0.34471474598910873,
    4.584239458267283
  ],
  "selected_features": [
    "K2O_wt",
    "Fe2O3T_wt",
    "SiO2_wt",
    "Al2O3_wt",
    "P2O5_tot_wt"
  ],
  "selected_models": [],
  "stacking_used": false,
  "stacked_model": true,
  "number_of_models": 1,
  "final_estimator": "knn",
  "final_estimator_params": {
    "knn_n": 3,
    "knn_weights": "distance"
  },
  "model_params": {
    "knn": {
      "knn_n": 3,
      "knn_weights": "distance"
    }
  },
  "use_random_split": true,
  "use_feature_selection": false,
  "model_name": "KNN",
  "error_mean": -0.5661215423014463,
  "error_sdev": 6.163764467782072,
  "uncertainty_median": 5.0367350823199954,
  "uncertainty_mad": 7.629892222853145,
  "uncertainty_measure": 151.4848825310602,
  "feature_importance": {
    "K2O_wt": -0.014644004644532646,
    "Fe2O3T_wt": -0.04485816219248502,
    "SiO2_wt": 1.1867114307334874,
    "Al2O3_wt": -0.12278288468658366,
    "P2O5_tot_wt": 0.018172307676916508
  }
}