{
  "y_test": [
    0.09,
    0.14,
    25.6,
    6.6,
    0.04,
    0.24,
    0.22,
    0.07,
    0.4,
    22.1,
    0.31,
    1.3,
    6.7,
    0.32,
    0.09,
    0.02,
    0.17,
    10.4,
    0.04,
    0.16,
    1.18,
    6.0,
    6.1,
    6.5,
    0.14,
    0.17,
    5.4,
    0.15,
    0.36,
    25.8,
    0.07,
    0.37,
    0.16,
    0.12,
    10.1,
    7.4,
    0.25,
    2.4,
    1.2,
    6.2,
    0.1,
    1.53,
    0.52,
    11.7,
    1.9
  ],
  "y_pred": [
    1.6534431586641771,
    0.8742728685230342,
    14.97286621927169,
    12.209418660484413,
    2.1211151970602318,
    1.409135605804272,
    -1.5404956065552615,
    -0.1421425116823115,
    1.7181284608784528,
    42.35844685282478,
    2.208917815792306,
    2.9771184164671918,
    9.097037404201192,
    0.350443249652736,
    5.374119431126952,
    0.3252565410473548,
    -0.7840237367242199,
    7.87314648291714,
    -0.999547212453921,
    0.031252023692520114,
    1.708903902865245,
    4.779412253125077,
    4.830353417929997,
    15.357905494397539,
    -0.5318359695022715,
    1.2216122116863986,
    4.221092994652799,
    0.4012688329440496,
    -0.33243248710498563,
    39.344534283645494,
    -0.4194874052458851,
    3.14160746910381,
    -0.007988880755441241,
    1.0936974758655849,
    16.132106496946328,
    13.241261901290226,
    1.2746931135444335,
    1.518670164764858,
    2.478422674885447,
    1.7212278564156618,
    -0.040473062117455716,
    3.0310763030129824,
    1.3264480575349205,
    9.773952514291807,
    5.354780779869798
  ],
  "selected_features": [
    "K2O_wt",
    "SiO2_wt",
    "P2O5_tot_wt"
  ],
  "selected_models": [],
  "stacking_used": false,
  "stacked_model": true,
  "number_of_models": 1,
  "final_estimator": "ann",
  "final_estimator_params": {
    "ann_hidden": 47,
    "ann_alpha": 4.385232971672326e-05
  },
  "model_params": {
    "ann": {
      "ann_hidden": 47,
      "ann_alpha": 4.385232971672326e-05
    }
  },
  "use_random_split": true,
  "use_feature_selection": true,
  "model_name": "ANN-FS",
  "error_mean": -1.3750826603342032,
  "error_sdev": 4.57794967747079,
  "uncertainty_median": 23.764334955427632,
  "uncertainty_mad": 10.686096181566295,
  "uncertainty_measure": 44.96694816669235,
  "feature_importance": {
    "K2O_wt": 0.023826101357007117,
    "Fe2O3T_wt": 0.37549697993895814,
    "SiO2_wt": 1.5487678833132483
  }
}