{
  "y_test": [
    8.7,
    6.6,
    0.04,
    0.14,
    1.53,
    0.25,
    0.04,
    0.11,
    0.23,
    6.0,
    0.19,
    4.2,
    1.3,
    7.4,
    0.74,
    0.25,
    4.2,
    1.3,
    0.21,
    2.4,
    0.37,
    0.36,
    1.18,
    38.0,
    1.9,
    0.51,
    6.5,
    0.17,
    5.4,
    0.14,
    0.15,
    0.56,
    22.1,
    0.04,
    0.73,
    0.15,
    0.87,
    2.4,
    0.24,
    0.18,
    0.4,
    1.8,
    0.19,
    2.4,
    0.12
  ],
  "y_pred": [
    8.4,
    4.45,
    0.29500000000000004,
    2.255,
    0.19499999999999998,
    0.33,
    0.23500000000000001,
    0.79,
    1.285,
    4.65,
    0.125,
    4.65,
    0.95,
    8.4,
    0.23,
    0.23500000000000001,
    5.3,
    0.375,
    0.79,
    0.41500000000000004,
    0.38,
    1.28,
    0.485,
    2.255,
    11.05,
    0.315,
    8.4,
    0.27,
    1.2,
    0.41500000000000004,
    0.49,
    0.44499999999999995,
    25.700000000000003,
    0.235,
    0.5449999999999999,
    0.855,
    0.23,
    0.485,
    0.795,
    0.32,
    3.6350000000000002,
    0.24000000000000002,
    0.09000000000000001,
    3.71,
    3.3049999999999997
  ],
  "selected_features": [
    "K2O_wt",
    "SiO2_wt",
    "P2O5_tot_wt"
  ],
  "selected_models": [],
  "stacking_used": false,
  "stacked_model": true,
  "number_of_models": 1,
  "final_estimator": "knn",
  "final_estimator_params": {
    "knn_n": 2,
    "knn_weights": "uniform"
  },
  "model_params": {
    "knn": {
      "knn_n": 2,
      "knn_weights": "uniform"
    }
  },
  "feature_names": [
    "K2O_wt",
    "Fe2O3T_wt",
    "SiO2_wt",
    "Al2O3_wt",
    "P2O5_tot_wt"
  ],
  "use_random_split": true,
  "use_feature_selection": true,
  "model_name": "KNN-FS",
  "error_mean": 0.47122222222222226,
  "error_sdev": 5.71953839876519,
  "uncertainty_median": 6.800000000000001,
  "uncertainty_mad": 8.895910208333333,
  "uncertainty_measure": 130.82220894607843,
  "feature_importance": {
    "K2O_wt": 0.003607141065824443,
    "Fe2O3T_wt": 0.7195850192245977,
    "SiO2_wt": 0.08881280042496195
  },
  "run": 2
}