{
  "y_test": [
    0.03,
    1.3,
    0.23,
    0.04,
    1.9,
    0.36,
    2.4,
    1.18,
    0.37,
    0.41,
    38.0,
    0.02,
    11.7,
    2.4,
    0.35,
    25.8,
    0.07,
    0.1,
    0.52,
    6.9,
    24.5,
    0.14,
    0.27,
    0.4,
    0.29,
    8.0,
    2.7,
    0.68,
    0.25,
    0.12,
    0.14,
    3.4,
    1.44,
    1.8,
    1.5,
    1.4,
    0.37,
    0.34,
    0.57,
    1.3,
    8.7,
    6.7,
    29.4,
    0.14,
    0.43
  ],
  "y_pred": [
    0.15663636363636352,
    1.4636363636363647,
    0.2829545454545457,
    0.10874999999999992,
    1.7018181818181821,
    0.3591477272727273,
    2.5931818181818205,
    0.6201136363636365,
    0.24602272727272734,
    0.8523863636363636,
    5.710568181818176,
    1.616363636363638,
    7.559659090909083,
    1.8965909090909105,
    0.43090909090909085,
    21.4085227272727,
    0.276409090909091,
    0.3214204545454548,
    0.3637954545454546,
    6.544318181818181,
    25.66818181818178,
    0.5382954545454549,
    0.14284090909090896,
    0.2465909090909089,
    0.13068181818181826,
    6.06704545454545,
    2.539659090909094,
    0.3862500000000002,
    0.38272727272727275,
    0.6142045454545454,
    0.13647727272727256,
    3.172159090909092,
    0.14250000000000004,
    6.665113636363631,
    2.084318181818183,
    1.6006818181818192,
    0.41693181818181774,
    0.3645454545454548,
    0.3264090909090909,
    1.4856818181818197,
    7.003409090909087,
    7.800000000000001,
    15.653409090909086,
    0.41624999999999995,
    0.09238636363636363
  ],
  "selected_features": [
    "Fe2O3T_wt",
    "SiO2_wt",
    "Al2O3_wt",
    "P2O5_tot_wt"
  ],
  "selected_models": [],
  "stacking_used": false,
  "stacked_model": true,
  "number_of_models": 1,
  "final_estimator": "et",
  "final_estimator_params": {
    "et_n_estimators": 88,
    "et_max_depth": 20,
    "et_min_samples_split": 2,
    "et_min_samples_leaf": 1,
    "et_bootstrap": false
  },
  "model_params": {
    "et": {
      "et_n_estimators": 88,
      "et_max_depth": 20,
      "et_min_samples_split": 2,
      "et_min_samples_leaf": 1,
      "et_bootstrap": false
    }
  },
  "use_random_split": true,
  "use_feature_selection": true,
  "model_name": "ET-FS",
  "error_mean": 1.1215565656565674,
  "error_sdev": 5.332067155630169,
  "uncertainty_median": 9.651136363636365,
  "uncertainty_mad": 3.524042002367423,
  "uncertainty_measure": 36.51427012932216,
  "feature_importance": {
    "K2O_wt": -0.00042801777147088326,
    "Fe2O3T_wt": 0.2889599196212577,
    "SiO2_wt": 0.04641808874705772,
    "Al2O3_wt": 0.3196232361411699
  }
}