{
  "y_test": [
    1.8,
    1.44,
    0.14,
    0.42,
    0.09,
    0.27,
    0.09,
    0.9,
    1.5,
    25.6,
    0.14,
    0.4,
    10.1,
    0.57,
    1.0,
    38.0,
    0.1,
    3.4,
    0.24,
    0.15,
    6.6,
    24.5,
    0.13,
    0.11,
    6.1,
    0.25,
    22.1,
    0.43,
    0.27,
    0.24,
    0.1,
    0.04,
    11.7,
    0.17,
    1.53,
    0.16,
    1.9,
    6.0,
    0.21,
    0.19,
    0.15,
    7.0,
    0.34,
    0.21,
    0.62
  ],
  "y_pred": [
    9.945288741818302,
    1.9533335714705815,
    0.900021995616537,
    -0.6169290112877394,
    0.6588819065110592,
    0.2049666242983291,
    3.751557938098854,
    -1.5393838850396033,
    1.7501955465380759,
    22.85221385270781,
    -1.6449598321583776,
    1.0318471205705047,
    19.927371610335715,
    0.35969827552796996,
    -0.7184590042048206,
    3.8341844650931973,
    0.4369436478048514,
    3.499613397052334,
    -2.5985660883873822,
    -1.1094297510994504,
    11.167581057563284,
    22.85221385270781,
    0.842013732727122,
    1.2907974213535216,
    4.594479153615173,
    0.6526369015193566,
    22.85221385270781,
    1.2907974213535216,
    1.5333531819587651,
    -0.12768760016455377,
    -0.07788693572775886,
    1.3074862790737667,
    11.253398949172517,
    0.2254577693361531,
    -2.574486318992373,
    0.00313464601609391,
    3.297058545942133,
    4.142575940013967,
    1.2907974213535216,
    -1.256919226972644,
    0.5762838359390302,
    7.188950225825811,
    0.7715394639957455,
    1.7559197706055127,
    0.5334412992370051
  ],
  "selected_features": [
    "K2O_wt",
    "Fe2O3T_wt",
    "SiO2_wt",
    "Al2O3_wt",
    "P2O5_tot_wt"
  ],
  "selected_models": [],
  "stacking_used": false,
  "stacked_model": true,
  "number_of_models": 1,
  "final_estimator": "lgbm",
  "final_estimator_params": {
    "lgbm_num_leaves": 41,
    "lgbm_lr": 0.04308883137375657,
    "lgbm_n_estimators": 260
  },
  "model_params": {
    "lgbm": {
      "lgbm_num_leaves": 41,
      "lgbm_lr": 0.04308883137375657,
      "lgbm_n_estimators": 260
    }
  },
  "use_random_split": true,
  "use_feature_selection": false,
  "model_name": "LGBM",
  "error_mean": 0.4252546275238438,
  "error_sdev": 5.69843504082739,
  "uncertainty_median": 14.094033572081578,
  "uncertainty_mad": 4.035503820500459,
  "uncertainty_measure": 28.632710429285904,
  "feature_importance": {
    "K2O_wt": 0.06213244425900772,
    "Fe2O3T_wt": -0.00040096272464897666,
    "SiO2_wt": 0.027948679729005964,
    "Al2O3_wt": 0.031899054349167205,
    "P2O5_tot_wt": 0.5261852626095055
  }
}