{
  "y_test": [
    25.0,
    0.87,
    11.7,
    1.3,
    1.47,
    6.0,
    0.14,
    1.2,
    0.15,
    0.41,
    0.04,
    0.74,
    0.09,
    0.15,
    0.04,
    0.62,
    34.0,
    0.4,
    0.19,
    0.05,
    1.18,
    6.2,
    5.1,
    0.23,
    0.47,
    6.5,
    1.5,
    0.37,
    0.25,
    0.73,
    0.15,
    0.17,
    0.44,
    2.4,
    2.4,
    1.3,
    22.1,
    6.7,
    0.09,
    0.36,
    0.32,
    0.34,
    0.44,
    4.2,
    0.31
  ],
  "y_pred": [
    24.035448088677825,
    1.2696895716753245,
    15.73310498667531,
    0.2814732332179708,
    1.2110123854150188,
    1.821889877900698,
    0.19544882081454773,
    0.6333215406516781,
    -0.5146057435803746,
    0.14913041127757642,
    0.05250161281540766,
    0.7993993190224447,
    1.2002121592994768,
    1.1305374816201272,
    0.22130949209062933,
    0.5450841025483371,
    23.85753298276166,
    0.5940196017567976,
    0.3790639505182787,
    0.9258300324387321,
    0.5920477160839956,
    2.2131750942565533,
    3.800000223766145,
    0.43009121727906896,
    0.3777247148067513,
    8.699999998328085,
    2.399999663704344,
    0.3395064237269172,
    0.13167496032124681,
    0.29123261464599226,
    0.42714883014630933,
    1.6679454685631165,
    0.2371944709048468,
    2.4000000094266296,
    1.900000186308536,
    1.399999978527985,
    20.507720206450067,
    7.213612558882285,
    0.5762093970787552,
    0.11653917021423998,
    0.7317126230687538,
    -0.2634638570615495,
    0.3627612324206275,
    10.564060503972264,
    0.6799998084015391
  ],
  "selected_features": [
    "K2O_wt",
    "P2O5_tot_wt"
  ],
  "selected_models": [],
  "stacking_used": false,
  "stacked_model": true,
  "number_of_models": 1,
  "final_estimator": "gpr",
  "final_estimator_params": {
    "gpr_nu": 0.5,
    "gpr_const": 8.799498214335163,
    "gpr_length_scale": 3.6756375861990596,
    "gpr_alpha": 5.113005355904174e-08
  },
  "model_params": {
    "gpr": {
      "gpr_nu": 0.5,
      "gpr_const": 8.799498214335163,
      "gpr_length_scale": 3.6756375861990596,
      "gpr_alpha": 5.113005355904174e-08
    }
  },
  "use_random_split": true,
  "use_feature_selection": true,
  "model_name": "GPR-FS",
  "error_mean": 0.14426006395953403,
  "error_sdev": 2.1975800504101914,
  "uncertainty_median": 19.84950142736655,
  "uncertainty_mad": 6.355363432283653,
  "uncertainty_measure": 32.017748433325885,
  "feature_importance": {
    "K2O_wt": 0.5521898128204239,
    "Fe2O3T_wt": 1.5185090436901925
  }
}