{
  "y_test": [
    0.16,
    34.0,
    29.4,
    0.74,
    0.23,
    24.5,
    0.17,
    4.2,
    0.52,
    2.4,
    0.41,
    3.8,
    0.1,
    0.02,
    8.7,
    0.35,
    0.14,
    0.09,
    22.1,
    38.0,
    0.44,
    5.7,
    25.0,
    0.4,
    1.3,
    0.04,
    25.8,
    0.12,
    0.1,
    4.2,
    0.25,
    0.04,
    0.04,
    7.0,
    1.18,
    0.24,
    25.6,
    3.4,
    0.56,
    1.3,
    0.16,
    4.2,
    0.05,
    0.04,
    0.09
  ],
  "y_pred": [
    -1.1788693399278278,
    5.914733122303025,
    18.23632888770339,
    -0.30662234837861124,
    -0.7938493753881657,
    6.525431359919708,
    -1.9193702177078515,
    2.6597554382522266,
    -0.5652204677014394,
    0.5632677292834884,
    0.3630636336054476,
    2.609995275460249,
    -1.094765205218601,
    -0.3227694382466382,
    7.975469747314713,
    0.11689462431615016,
    0.9647287403446598,
    -0.7958050583914904,
    29.59842035068164,
    1.451313730137218,
    -1.7820966543287122,
    2.8335648448584068,
    9.068720087308158,
    -0.23960555475344325,
    1.320102602263277,
    -2.098757279033398,
    28.20261902322771,
    0.12497492804441546,
    -0.8747856465008761,
    2.601101218787018,
    -0.2959921085813635,
    -1.1244779005520744,
    -1.6451570748593873,
    6.243290059053451,
    0.3320192801010693,
    -0.6378751093938364,
    6.145100202172751,
    2.165821005335744,
    -0.8664517119193276,
    1.533663156856473,
    -2.7845917418124966,
    5.22563297131227,
    7.342903032209259,
    -0.6027221203110757,
    -1.2750625419652293
  ],
  "selected_features": [
    "K2O_wt",
    "Fe2O3T_wt",
    "SiO2_wt",
    "P2O5_tot_wt"
  ],
  "selected_models": [],
  "stacking_used": false,
  "stacked_model": true,
  "number_of_models": 1,
  "final_estimator": "svr",
  "final_estimator_params": {
    "svr_C": 4.120670549838626,
    "svr_epsilon": 0.01550443058382005
  },
  "model_params": {
    "svr": {
      "svr_C": 4.120670549838626,
      "svr_epsilon": 0.01550443058382005
    }
  },
  "use_random_split": true,
  "use_feature_selection": true,
  "model_name": "SVR-FS",
  "error_mean": 3.2970207076471088,
  "error_sdev": 8.110970602175934,
  "uncertainty_median": 15.203985748880879,
  "uncertainty_mad": 6.363964319180831,
  "uncertainty_measure": 41.85721049922232,
  "feature_importance": {
    "K2O_wt": 0.0026824564413396013,
    "Fe2O3T_wt": -0.010846135949014554,
    "SiO2_wt": 0.1370372354837756,
    "Al2O3_wt": 0.4140731157746732
  }
}