{
  "y_test": [
    0.04,
    2.4,
    0.29,
    0.29,
    0.42,
    1.4,
    0.1,
    6.6,
    0.36,
    0.07,
    0.04,
    0.31,
    4.5,
    38.0,
    2.6,
    0.52,
    3.8,
    0.27,
    6.2,
    11.7,
    0.16,
    0.14,
    1.44,
    0.4,
    0.04,
    2.4,
    5.1,
    0.21,
    0.05,
    0.07,
    1.47,
    0.09,
    0.56,
    25.6,
    0.44,
    0.57,
    0.37,
    6.0,
    0.19,
    10.1,
    0.17,
    6.2,
    1.5,
    5.4,
    6.7
  ],
  "y_pred": [
    -1.1846467978363933,
    -0.29785469996270386,
    -2.0056363077574346,
    -0.4875139003850588,
    2.616216751448338,
    2.826200090401491,
    -0.375854365893348,
    6.5860273967570215,
    -1.465245447160573,
    -0.5143447399199381,
    0.818178019685778,
    1.875232540518068,
    4.2434908856158255,
    3.03581246190382,
    2.4142799491031806,
    0.6712107203395945,
    3.6839194578896315,
    1.1961715931259906,
    5.995905389639454,
    6.41804498345388,
    -0.025453440863463683,
    0.5423245337250826,
    -2.2370989039774916,
    1.207280854829003,
    -1.4937585615106173,
    0.028211224521054845,
    3.730761993571001,
    -2.8604895270007002,
    6.862755908224152,
    0.29068728748839057,
    0.2687441531885799,
    -0.7992350303300988,
    0.10518874513025445,
    12.724639803044006,
    -1.1852531517783653,
    -0.8817443919330916,
    -0.23094610452329434,
    4.12361208162624,
    -1.4054705238570513,
    8.717380070457011,
    0.13697336647020997,
    0.9385790675590506,
    -0.8118927347905593,
    3.3982503042117624,
    7.103329443113216
  ],
  "selected_features": [
    "K2O_wt",
    "SiO2_wt",
    "Al2O3_wt",
    "P2O5_tot_wt"
  ],
  "selected_models": [],
  "stacking_used": false,
  "stacked_model": true,
  "number_of_models": 1,
  "final_estimator": "svr",
  "final_estimator_params": {
    "svr_C": 5.121982009337118,
    "svr_epsilon": 0.20732505930285278
  },
  "model_params": {
    "svr": {
      "svr_C": 5.121982009337118,
      "svr_epsilon": 0.20732505930285278
    }
  },
  "use_random_split": true,
  "use_feature_selection": true,
  "model_name": "SVR-FS",
  "error_mean": 1.799622878943091,
  "error_sdev": 5.7063949597277315,
  "uncertainty_median": 5.646141293026167,
  "uncertainty_mad": 3.6379987787854566,
  "uncertainty_measure": 64.43336413275615,
  "feature_importance": {
    "K2O_wt": 0.005633497947069913,
    "Fe2O3T_wt": 0.3692394195397768,
    "SiO2_wt": 0.04285043359988678,
    "Al2O3_wt": 0.07842090188401053
  }
}