{
  "y_test": [
    0.19,
    0.84,
    1.0,
    8.9,
    10.1,
    6.2,
    3.4,
    1.5,
    0.37,
    31.8,
    0.04,
    0.17,
    0.31,
    0.25,
    10.4,
    1.4,
    0.4,
    2.4,
    6.0,
    0.16,
    0.12,
    25.0,
    1.53,
    0.05,
    0.15,
    0.43,
    5.4,
    1.8,
    2.4,
    0.1,
    0.07,
    0.73,
    0.14,
    0.17,
    0.87,
    0.37,
    0.22,
    0.62,
    0.46,
    2.7,
    1.47,
    6.5,
    0.18,
    5.1,
    0.09
  ],
  "y_pred": [
    0.10310943769757497,
    0.26903780441645475,
    1.2933861141687903,
    5.222547983805429,
    7.48816113954924,
    1.6860254714926421,
    3.4580547957674947,
    0.3578567858884769,
    2.7470955127359704,
    29.701944176611534,
    0.4843962649432232,
    0.3042764887821159,
    14.253687758788441,
    0.3769640348033918,
    9.06642642195565,
    1.3460542800326896,
    3.848336630597132,
    0.572042387792906,
    4.333578444835304,
    0.05826738415220056,
    0.4301409161083085,
    25.411842861858283,
    0.721996925106529,
    14.68920161910783,
    0.16029335629958252,
    0.11756197939421842,
    2.259971478998951,
    0.6469396670995744,
    1.4622555971192388,
    0.2466415707807874,
    0.2809285122355534,
    1.2088930697523996,
    0.13235413827008724,
    0.11632242097774537,
    0.8516437328227626,
    10.941729979202488,
    0.41698898456141986,
    1.2590522589635826,
    2.7704194635535346,
    0.48102861072505654,
    0.8172702538120906,
    7.953992139862612,
    0.24494360513646418,
    3.361499716781619,
    5.636029488454799
  ],
  "selected_features": [
    "Fe2O3T_wt",
    "SiO2_wt",
    "P2O5_tot_wt"
  ],
  "selected_models": [],
  "stacking_used": false,
  "stacked_model": true,
  "number_of_models": 1,
  "final_estimator": "gpr",
  "final_estimator_params": {
    "gpr_nu": 0.5,
    "gpr_const": 3.254438400526989,
    "gpr_length_scale": 0.6297802430566369,
    "gpr_alpha": 7.377457536014566e-05
  },
  "model_params": {
    "gpr": {
      "gpr_nu": 0.5,
      "gpr_const": 3.254438400526989,
      "gpr_length_scale": 0.6297802430566369,
      "gpr_alpha": 7.377457536014566e-05
    }
  },
  "feature_names": [
    "K2O_wt",
    "Fe2O3T_wt",
    "SiO2_wt",
    "Al2O3_wt",
    "P2O5_tot_wt"
  ],
  "use_random_split": true,
  "use_feature_selection": true,
  "model_name": "GPR-FS",
  "error_mean": -0.6020264814622707,
  "error_sdev": 3.80530856883911,
  "uncertainty_median": 4.322878239768025,
  "uncertainty_mad": 7.760944534734669,
  "uncertainty_measure": 179.53187909246174,
  "feature_importance": {
    "K2O_wt": 0.09159721205015119,
    "Fe2O3T_wt": 1.6981237158561386,
    "SiO2_wt": 0.08582658079857575
  },
  "run": 0
}