{
  "y_test": [
    4.2,
    5.1,
    0.25,
    6.6,
    1.3,
    5.4,
    1.4,
    6.9,
    0.14,
    0.14,
    0.16,
    0.14,
    0.04,
    6.7,
    0.02,
    1.3,
    0.29,
    0.18,
    3.4,
    1.9,
    0.73,
    0.74,
    1.18,
    0.17,
    7.0,
    1.47,
    2.7,
    22.1,
    0.09,
    2.4,
    0.37,
    1.3,
    0.05,
    6.2,
    0.04,
    0.07,
    0.15,
    0.1,
    0.36,
    1.3,
    1.0,
    0.57,
    6.3,
    0.24,
    2.4
  ],
  "y_pred": [
    10.037680679171892,
    6.547650841163172,
    0.8111901371658529,
    10.037680679171892,
    0.8111901371658529,
    6.056089272903466,
    2.142546498867064,
    6.703052482010339,
    -0.39230742097766746,
    0.38272685750790314,
    0.3829350262813193,
    0.664438044267896,
    16.030305685229152,
    6.703052482010339,
    -0.04657122935417361,
    2.142546498867064,
    0.38272685750790314,
    0.38272685750790314,
    -0.5381327976138823,
    1.5761275040898624,
    -0.1086265419783895,
    1.0380590057397914,
    0.918918855395611,
    0.3829350262813193,
    9.068768282724744,
    0.6434573491743514,
    1.4380169212705076,
    25.496369862530752,
    2.301532284453464,
    1.5661036532012729,
    -0.36008204098905255,
    2.340743261099298,
    0.5071833518551073,
    6.703052482010339,
    1.7305585592015138,
    0.3829350262813193,
    1.109105513738318,
    -0.6909815930639287,
    0.8111901371658529,
    2.142546498867064,
    0.8111901371658529,
    -0.17818048971998246,
    10.037680679171892,
    0.2569926033127865,
    1.5761275040898624
  ],
  "selected_features": [
    "K2O_wt",
    "P2O5_tot_wt"
  ],
  "selected_models": [],
  "stacking_used": false,
  "stacked_model": true,
  "number_of_models": 1,
  "final_estimator": "lgbm",
  "final_estimator_params": {
    "lgbm_num_leaves": 33,
    "lgbm_lr": 0.21355474636059285,
    "lgbm_n_estimators": 98
  },
  "model_params": {
    "lgbm": {
      "lgbm_num_leaves": 33,
      "lgbm_lr": 0.21355474636059285,
      "lgbm_n_estimators": 98
    }
  },
  "use_random_split": true,
  "use_feature_selection": true,
  "model_name": "LGBM-FS",
  "error_mean": -0.8034055871538403,
  "error_sdev": 2.7821508712980436,
  "uncertainty_median": 6.703052482010339,
  "uncertainty_mad": 6.014024792452364,
  "uncertainty_measure": 89.7206878298031,
  "feature_importance": {
    "K2O_wt": 1.3681257613334217,
    "Fe2O3T_wt": 2.914500633745418
  }
}