{
  "y_test": [
    8.7,
    0.46,
    2.4,
    1.3,
    3.8,
    0.27,
    0.19,
    4.5,
    0.37,
    6.7,
    0.15,
    1.8,
    0.36,
    25.6,
    1.18,
    0.04,
    1.2,
    6.2,
    0.07,
    0.25,
    31.8,
    11.7,
    1.5,
    0.34,
    0.19,
    7.4,
    1.47,
    0.52,
    0.12,
    0.4,
    4.2,
    0.19,
    34.0,
    0.03,
    0.4,
    0.14,
    0.17,
    0.14,
    0.41,
    0.35,
    0.4,
    0.15,
    0.12,
    2.4,
    1.44
  ],
  "y_pred": [
    19.192621246151916,
    2.1582946869574875,
    1.5495709332092633,
    1.578031510210339,
    7.337867475385619,
    0.9975937701825633,
    0.09614892436521291,
    8.71571502658475,
    0.8946472645049047,
    8.71571502658475,
    0.33211822751157105,
    9.527535062605482,
    0.07778258602200287,
    21.129206108548484,
    0.8460727479069111,
    1.6363422896216857,
    1.401461487625361,
    9.045236188392257,
    -0.32785061626966205,
    0.6537152901376457,
    20.246493841915026,
    9.506302112401762,
    1.5495709332092633,
    1.3685251502180482,
    0.29738438305710657,
    9.474542409775388,
    1.6192566556603547,
    -0.12926172344233636,
    0.9168870631834739,
    1.1485213816831832,
    8.796141093462749,
    -0.168496181641386,
    20.246493841915026,
    -0.2856061671995108,
    0.32053733550100993,
    0.5288044666217937,
    -0.3289313092629861,
    0.2765409242256108,
    1.0023791474198427,
    0.7160731981265628,
    -0.20408187602418962,
    0.7009152747313945,
    2.3092113784756045,
    1.7259863031755,
    1.0142594521212225
  ],
  "selected_features": [
    "K2O_wt",
    "Fe2O3T_wt",
    "SiO2_wt",
    "Al2O3_wt",
    "P2O5_tot_wt"
  ],
  "selected_models": [],
  "stacking_used": false,
  "stacked_model": true,
  "number_of_models": 1,
  "final_estimator": "lgbm",
  "final_estimator_params": {
    "lgbm_num_leaves": 100,
    "lgbm_lr": 0.07991869504886784,
    "lgbm_n_estimators": 145
  },
  "model_params": {
    "lgbm": {
      "lgbm_num_leaves": 100,
      "lgbm_lr": 0.07991869504886784,
      "lgbm_n_estimators": 145
    }
  },
  "use_random_split": true,
  "use_feature_selection": false,
  "model_name": "LGBM",
  "error_mean": -0.2819172072344012,
  "error_sdev": 3.690066608821408,
  "uncertainty_median": 9.46041455460476,
  "uncertainty_mad": 4.698960056212058,
  "uncertainty_measure": 49.669705583090824,
  "feature_importance": {
    "K2O_wt": 0.41388250451451086,
    "Fe2O3T_wt": 0.00827666046224324,
    "SiO2_wt": 0.007796648552703998,
    "Al2O3_wt": 0.023373814328978466,
    "P2O5_tot_wt": 1.178677874221712
  }
}