{
  "y_test": [
    11.7,
    0.31,
    0.36,
    0.25,
    25.6,
    2.4,
    0.19,
    0.41,
    0.11,
    0.14,
    0.29,
    0.37,
    0.05,
    1.3,
    0.16,
    0.12,
    0.15,
    0.35,
    0.19,
    0.34,
    0.13,
    1.44,
    1.44,
    0.4,
    34.0,
    0.52,
    4.5,
    1.3,
    6.9,
    0.02,
    1.2,
    1.9,
    4.2,
    6.1,
    0.12,
    8.0,
    0.74,
    6.3,
    0.17,
    0.4,
    0.27,
    0.04,
    1.4,
    24.5,
    0.27
  ],
  "y_pred": [
    6.376703337478428,
    18.79450395937693,
    0.3393005559364317,
    0.3793620286291213,
    26.539319616922032,
    1.2425085429704001,
    0.1073625907832021,
    2.507848431956382,
    0.22008653838280257,
    22.35359464374285,
    4.17057824417041,
    0.4254518489273509,
    0.24602470947083788,
    1.9253253144275717,
    0.28910503386652486,
    0.6408994694710306,
    0.21360026048472447,
    7.98129198766599,
    0.34609328168186737,
    1.86221634118791,
    0.35750668018935006,
    0.5077652937286157,
    0.20031499713668577,
    6.088805577179152,
    27.13520952598128,
    0.20712145193431786,
    4.7491987838141,
    3.611318527039471,
    1.146565046848457,
    0.3696762658976209,
    0.986166098477804,
    5.526584760671691,
    19.973431323394408,
    4.272396752739797,
    6.1248969231706365,
    5.724283543677682,
    1.147905347926398,
    15.566185065749256,
    0.39752020528777043,
    0.1784964966268423,
    1.5285048203508134,
    3.8848400016055846,
    1.3664075986191215,
    25.207544946015368,
    4.826885796533606
  ],
  "selected_features": [
    "Fe2O3T_wt",
    "SiO2_wt",
    "Al2O3_wt",
    "P2O5_tot_wt"
  ],
  "selected_models": [],
  "stacking_used": false,
  "stacked_model": true,
  "number_of_models": 1,
  "final_estimator": "gpr",
  "final_estimator_params": {
    "gpr_nu": 0.5,
    "gpr_const": 6.909262468709699,
    "gpr_length_scale": 5.151516256185183,
    "gpr_alpha": 0.00022237418484149932
  },
  "model_params": {
    "gpr": {
      "gpr_nu": 0.5,
      "gpr_const": 6.909262468709699,
      "gpr_length_scale": 5.151516256185183,
      "gpr_alpha": 0.00022237418484149932
    }
  },
  "use_random_split": true,
  "use_feature_selection": true,
  "model_name": "GPR-FS",
  "error_mean": -1.9332601904028581,
  "error_sdev": 5.496493531406232,
  "uncertainty_median": 5.787934874699817,
  "uncertainty_mad": 7.119430952461424,
  "uncertainty_measure": 123.00468313114293,
  "feature_importance": {
    "K2O_wt": 0.11951974510171631,
    "Fe2O3T_wt": 1.3958230297463912,
    "SiO2_wt": -0.24272327958612647,
    "Al2O3_wt": 0.007367563031567282
  }
}