{
  "y_test": [
    0.09,
    1.18,
    0.25,
    0.34,
    10.4,
    0.37,
    1.5,
    0.09,
    22.1,
    1.3,
    0.1,
    1.2,
    0.4,
    0.19,
    5.1,
    0.44,
    25.8,
    5.7,
    0.05,
    1.3,
    6.1,
    0.18,
    1.3,
    2.7,
    0.18,
    6.5,
    0.25,
    0.29,
    0.14,
    0.15,
    1.3,
    3.8,
    2.4,
    2.4,
    0.27,
    0.1,
    2.6,
    1.4,
    0.09,
    0.11,
    0.13,
    0.27,
    0.16,
    4.2,
    0.37
  ],
  "y_pred": [
    4.475991432234316,
    0.614817388560605,
    0.7825809443733802,
    0.35190514866125033,
    9.111721134819136,
    0.7348696506884975,
    0.4428571170690607,
    0.21187954155558764,
    22.914932565321234,
    3.729359399771224,
    0.23814326164349042,
    0.8653483014148589,
    0.2489729257932205,
    0.2323315478709267,
    3.828930716466551,
    0.3166673634453052,
    16.697174524624494,
    5.816124017291265,
    0.2052988881012765,
    0.9007164779793606,
    4.609915424473191,
    0.2577875940329646,
    3.200694410070072,
    0.5596137677101742,
    0.17181296146583724,
    8.690962455887048,
    1.6582026391269542,
    0.3203641753117945,
    0.49306265576401787,
    0.5242940604550088,
    2.899933703811343,
    3.845751268528794,
    1.3489795066923107,
    0.27096373933752416,
    0.5038950217475149,
    0.22967343324825285,
    4.509030709159532,
    3.133170835490981,
    0.29335120458079,
    0.29909477818444197,
    0.6343297382220641,
    1.6424352234471047,
    0.19869507620256988,
    5.616679625139254,
    0.38451541321270843
  ],
  "selected_features": [
    "Fe2O3T_wt",
    "SiO2_wt",
    "P2O5_tot_wt"
  ],
  "selected_models": [],
  "stacking_used": false,
  "stacked_model": true,
  "number_of_models": 1,
  "final_estimator": "gpr",
  "final_estimator_params": {
    "gpr_nu": 0.5,
    "gpr_const": 8.125715276240989,
    "gpr_length_scale": 0.14827317403966975,
    "gpr_alpha": 0.009935183719933481
  },
  "model_params": {
    "gpr": {
      "gpr_nu": 0.5,
      "gpr_const": 8.125715276240989,
      "gpr_length_scale": 0.14827317403966975,
      "gpr_alpha": 0.009935183719933481
    }
  },
  "use_random_split": true,
  "use_feature_selection": true,
  "model_name": "GPR-FS",
  "error_mean": -0.08284070597749522,
  "error_sdev": 1.8493218529243718,
  "uncertainty_median": 7.77008902483289,
  "uncertainty_mad": 8.382870523200701,
  "uncertainty_measure": 107.88641541183615,
  "feature_importance": {
    "K2O_wt": -0.05103747666765121,
    "Fe2O3T_wt": 1.8609514949056787,
    "SiO2_wt": 0.07551839703855988
  }
}