{
  "y_test": [
    0.29,
    1.44,
    0.12,
    0.07,
    6.5,
    2.4,
    8.9,
    8.0,
    29.4,
    1.9,
    6.2,
    0.09,
    0.24,
    0.14,
    31.8,
    6.2,
    0.04,
    0.18,
    0.02,
    0.04,
    0.04,
    0.04,
    0.05,
    25.6,
    0.74,
    34.0,
    5.7,
    1.44,
    2.4,
    0.19,
    0.37,
    6.7,
    0.14,
    0.36,
    1.3,
    10.4,
    0.41,
    2.6,
    7.4,
    0.24,
    0.31,
    0.14,
    4.2,
    0.19,
    6.0
  ],
  "y_pred": [
    2.098591581936527,
    0.1916823153190892,
    0.18624553548163725,
    0.40451948989316966,
    9.249192807694273,
    -0.04520503358900063,
    1.5449439927334077,
    1.5517923249260712,
    20.863077597254566,
    9.646014876474172,
    0.997329367135734,
    7.744180222347099,
    0.32077406204425873,
    -1.1408944928107698,
    23.20259889172505,
    2.1466587525942655,
    0.2402069210203952,
    0.2098467862507909,
    0.12455791243022185,
    0.7400201476332793,
    0.0869588139549764,
    0.21770790049645417,
    12.924623717864346,
    24.543497181011542,
    1.473694730909523,
    21.515100160287748,
    1.2407916325323933,
    0.55239617559746,
    0.2328983237565092,
    0.2516886221167245,
    0.6522781454921076,
    3.4687801943859333,
    20.233881840947962,
    0.29223805627976995,
    1.7556749127300124,
    11.96014032736924,
    -0.29682087662153034,
    5.021516311579466,
    8.457857090527643,
    0.5143702011715701,
    14.100057248323333,
    0.5505693594897831,
    14.874098408900528,
    0.3747353923996566,
    4.843368739865042
  ],
  "selected_features": [
    "K2O_wt",
    "Fe2O3T_wt",
    "SiO2_wt",
    "Al2O3_wt",
    "P2O5_tot_wt"
  ],
  "selected_models": [],
  "stacking_used": false,
  "stacked_model": true,
  "number_of_models": 1,
  "final_estimator": "gpr",
  "final_estimator_params": {
    "gpr_nu": 0.5,
    "gpr_const": 9.018731634141723,
    "gpr_length_scale": 8.782826943001107,
    "gpr_alpha": 0.009998162227815197
  },
  "model_params": {
    "gpr": {
      "gpr_nu": 0.5,
      "gpr_const": 9.018731634141723,
      "gpr_length_scale": 8.782826943001107,
      "gpr_alpha": 0.009998162227815197
    }
  },
  "use_random_split": true,
  "use_feature_selection": false,
  "model_name": "GPR",
  "error_mean": -0.3375163704413871,
  "error_sdev": 5.836642131028266,
  "uncertainty_median": 5.8416619717432985,
  "uncertainty_mad": 6.843649188904859,
  "uncertainty_measure": 117.15243405058821,
  "feature_importance": {
    "K2O_wt": -0.03732845781870287,
    "Fe2O3T_wt": 0.012838953973345326,
    "SiO2_wt": 1.081785911786237,
    "Al2O3_wt": -0.07943226896405262,
    "P2O5_tot_wt": 0.006137974274909015
  }
}