{
  "y_test": [
    0.21,
    0.07,
    0.44,
    1.2,
    6.9,
    11.7,
    0.04,
    8.9,
    6.7,
    2.4,
    0.17,
    0.24,
    6.1,
    6.2,
    0.16,
    6.6,
    6.9,
    24.5,
    0.9,
    0.21,
    31.8,
    0.04,
    1.44,
    4.5,
    0.18,
    8.0,
    0.56,
    0.35,
    4.2,
    0.37,
    0.19,
    1.8,
    5.7,
    1.44,
    0.14,
    1.9,
    10.1,
    1.4,
    0.14,
    0.47,
    5.1,
    8.7,
    1.47,
    0.1,
    7.4
  ],
  "y_pred": [
    -2.645508677758137,
    1.90038988123041,
    -0.152694589079573,
    0.9606150753154168,
    -0.6812162411109881,
    9.168531432476655,
    0.09664500907583573,
    1.0643505838470801,
    1.847226211056551,
    -0.7983585945223624,
    1.9862264497406876,
    3.252192950365746,
    6.152678447412576,
    1.7584452734340914,
    2.4795657644037448,
    7.350100053933922,
    1.4050476284674076,
    21.92431867970086,
    2.782923127826681,
    -0.6101707847260514,
    25.678389225438202,
    4.511890987115681,
    0.23699300543693624,
    1.6709978132579266,
    0.48010502595300153,
    2.25085452839393,
    2.126889094613169,
    5.1466537703113,
    5.7823540995539595,
    0.320582106575273,
    -0.626917863669668,
    0.9669609081738813,
    2.3932628455352045,
    -1.2075660804272133,
    3.411066567208657,
    2.84770492891251,
    9.480048147790203,
    3.9686881102199365,
    -1.4890639330310336,
    0.6254957056536412,
    5.186870833845813,
    8.714199531089829,
    -0.3303041817043848,
    0.8409362682484343,
    8.59211462398861
  ],
  "selected_features": [
    "Fe2O3T_wt",
    "SiO2_wt",
    "Al2O3_wt"
  ],
  "selected_models": [],
  "stacking_used": false,
  "stacked_model": true,
  "number_of_models": 1,
  "final_estimator": "lr",
  "final_estimator_params": {},
  "model_params": {
    "lr": {}
  },
  "use_random_split": true,
  "use_feature_selection": true,
  "model_name": "LR-FS",
  "error_mean": 0.8268774722316811,
  "error_sdev": 2.9890602674865616,
  "uncertainty_median": 5.936457993427348,
  "uncertainty_mad": 7.02977757347148,
  "uncertainty_measure": 118.41703556657218,
  "feature_importance": {
    "K2O_wt": 0.0017574097578764802,
    "Fe2O3T_wt": 1.73459192660776,
    "SiO2_wt": 0.31550392584130044
  }
}