{
  "y_test": [
    7.0,
    0.51,
    0.14,
    0.18,
    24.5,
    1.3,
    0.56,
    0.29,
    0.87,
    0.36,
    0.27,
    1.3,
    8.0,
    0.13,
    0.05,
    0.34,
    0.07,
    0.17,
    29.4,
    0.25,
    0.24,
    6.3,
    25.6,
    2.4,
    1.8,
    4.2,
    0.1,
    6.6,
    0.17,
    0.04,
    5.4,
    0.14,
    0.43,
    0.14,
    2.4,
    0.37,
    0.04,
    1.9,
    1.0,
    1.3,
    25.8,
    4.2,
    0.4,
    0.35,
    1.44
  ],
  "y_pred": [
    7.079660219725678,
    2.58081100208128,
    3.8669389864262413,
    2.821167367371583,
    20.21548203151204,
    2.727302456307715,
    2.323224687339355,
    -0.30095610521846794,
    1.9383127908216835,
    0.9701006004864894,
    3.4672928241333665,
    4.760027719961769,
    3.8078823255141643,
    3.6510773082091106,
    -0.016239889154824994,
    3.183310553328326,
    0.26324184609267576,
    0.19702253042544982,
    13.975213365439846,
    1.485375321491368,
    3.5399271573542777,
    5.5009724203746195,
    22.54825474418816,
    -0.28875290252618413,
    1.6581127716132258,
    5.727113859748066,
    0.8766580609094135,
    7.3077689000500925,
    2.591093189512261,
    0.2782094885810267,
    5.358790941874812,
    5.3159917516310955,
    1.6013559865326457,
    0.21239716813030185,
    -0.22878660091527792,
    1.2218023980446162,
    4.724875676187363,
    4.329578479249001,
    3.8505434667637424,
    2.98073417430054,
    17.410492306861645,
    6.775066258636503,
    0.9753094297921194,
    5.20056858147953,
    1.0930642835007092
  ],
  "selected_features": [
    "K2O_wt",
    "Fe2O3T_wt",
    "SiO2_wt",
    "Al2O3_wt",
    "P2O5_tot_wt"
  ],
  "selected_models": [],
  "stacking_used": false,
  "stacked_model": true,
  "number_of_models": 1,
  "final_estimator": "lr",
  "final_estimator_params": {},
  "model_params": {
    "lr": {}
  },
  "use_random_split": true,
  "use_feature_selection": false,
  "model_name": "LR",
  "error_mean": -0.4690531096482034,
  "error_sdev": 3.546496822728929,
  "uncertainty_median": 6.290147131528057,
  "uncertainty_mad": 7.37803640789617,
  "uncertainty_measure": 117.29513242886313,
  "feature_importance": {
    "K2O_wt": 0.018597599721403034,
    "Fe2O3T_wt": -0.016680502526122944,
    "SiO2_wt": 1.6424765516181754,
    "Al2O3_wt": 0.11091754683951764,
    "P2O5_tot_wt": 0.04678822035538582
  }
}