{
  "y_test": [
    0.57,
    0.04,
    0.19,
    4.2,
    0.19,
    0.34,
    6.3,
    29.4,
    0.04,
    0.73,
    25.0,
    0.02,
    6.7,
    8.9,
    0.1,
    0.56,
    0.14,
    0.4,
    0.41,
    0.14,
    31.8,
    0.23,
    0.19,
    34.0,
    1.9,
    0.52,
    0.36,
    1.3,
    10.4,
    0.87,
    2.6,
    0.24,
    0.44,
    0.09,
    0.13,
    0.68,
    5.1,
    0.04,
    3.4,
    1.18,
    0.18,
    25.8,
    0.17,
    6.1,
    0.25
  ],
  "y_pred": [
    0.41995384630210664,
    1.848844389186904,
    0.23810382055425405,
    4.248022498598996,
    0.2494655937424243,
    1.4136000265146822,
    4.0830836049395405,
    10.911819703170794,
    0.4316869993737322,
    0.9945057217843256,
    16.650359005350303,
    0.5468869582577695,
    4.764454723742749,
    2.359974927058655,
    0.41927723884867324,
    0.271297125032414,
    0.21701185647597,
    0.22612610215872675,
    0.8684069621035723,
    7.148920773485434,
    14.947627931942595,
    0.41660087156850234,
    0.630888881654639,
    14.130601162618694,
    4.205617761692038,
    0.453869404704831,
    0.7266103948048379,
    1.014764284699923,
    4.953922042914524,
    0.936092704271726,
    4.212230428530209,
    0.4458019969266532,
    0.2762009961380191,
    6.1833283438322555,
    0.4936461606724044,
    1.4174088515286094,
    3.2918576341872243,
    0.2564159545312774,
    3.309397314164161,
    1.365029266587787,
    0.192924209847753,
    12.716359074481044,
    0.3504241142730084,
    3.800224771525825,
    0.5155122430906784
  ],
  "selected_features": [
    "K2O_wt",
    "Fe2O3T_wt",
    "SiO2_wt",
    "Al2O3_wt",
    "P2O5_tot_wt"
  ],
  "selected_models": [],
  "stacking_used": false,
  "stacked_model": true,
  "number_of_models": 1,
  "final_estimator": "knn",
  "final_estimator_params": {
    "knn_n": 20,
    "knn_weights": "distance"
  },
  "model_params": {
    "knn": {
      "knn_n": 20,
      "knn_weights": "distance"
    }
  },
  "feature_names": [
    "K2O_wt",
    "Fe2O3T_wt",
    "SiO2_wt",
    "Al2O3_wt",
    "P2O5_tot_wt"
  ],
  "use_random_split": true,
  "use_feature_selection": false,
  "model_name": "KNN",
  "error_mean": 1.6174409182695275,
  "error_sdev": 5.5069796730733165,
  "uncertainty_median": 4.552774985676618,
  "uncertainty_mad": 3.435784384117473,
  "uncertainty_measure": 75.46571914770038,
  "feature_importance": {
    "K2O_wt": 0.003061889991615082,
    "Fe2O3T_wt": -0.023770478305246652,
    "SiO2_wt": 0.7818089920573804,
    "Al2O3_wt": 0.07741070129756439,
    "P2O5_tot_wt": 0.0002540672972167335
  },
  "run": 5
}