{
  "y_test": [
    8.7,
    1.3,
    0.52,
    0.57,
    1.4,
    0.1,
    0.23,
    0.51,
    0.19,
    0.44,
    0.27,
    0.41,
    0.09,
    0.34,
    0.35,
    0.46,
    0.14,
    0.4,
    0.14,
    0.07,
    0.21,
    0.43,
    1.53,
    0.42,
    2.7,
    0.68,
    8.0,
    10.4,
    0.04,
    2.4,
    2.4,
    0.15,
    0.19,
    0.47,
    0.24,
    5.1,
    0.04,
    0.37,
    0.18,
    2.4,
    5.4,
    7.4,
    0.14,
    4.5,
    0.13
  ],
  "y_pred": [
    20.15646587084825,
    0.9885902382224138,
    -0.25571792012536027,
    -0.46463113045803606,
    1.6707900605625012,
    -0.2669108543028143,
    0.8058079560378311,
    0.4983881422354779,
    -0.46968834091637596,
    -0.22207342874070393,
    0.791933847082705,
    0.7638851752851716,
    -0.13965308870151688,
    1.276676726175071,
    2.8533448470377207,
    -0.1990733609185753,
    0.35123564568082744,
    0.4294368318452541,
    0.4294368318452541,
    0.12811824635163846,
    -0.7960864165560402,
    0.4294368318452541,
    -0.44708907710909723,
    -1.5124054028391676,
    2.638423724139245,
    0.11465966469509313,
    6.303844491586584,
    4.681182531257949,
    -0.19649021952454027,
    1.631892774270037,
    2.638423724139245,
    1.604969664343742,
    -0.02778085701664304,
    -0.27972497109086064,
    0.5373285990024754,
    5.67585862100304,
    0.4294368318452541,
    -0.19649021952454027,
    0.4294368318452541,
    2.638423724139245,
    5.67585862100304,
    6.770473901964052,
    1.845542704335827,
    6.770473901964052,
    0.5136978483534065
  ],
  "selected_features": [
    "K2O_wt",
    "Fe2O3T_wt",
    "P2O5_tot_wt"
  ],
  "selected_models": [],
  "stacking_used": false,
  "stacked_model": true,
  "number_of_models": 1,
  "final_estimator": "lgbm",
  "final_estimator_params": {
    "lgbm_num_leaves": 78,
    "lgbm_lr": 0.278956738616005,
    "lgbm_n_estimators": 111
  },
  "model_params": {
    "lgbm": {
      "lgbm_num_leaves": 78,
      "lgbm_lr": 0.278956738616005,
      "lgbm_n_estimators": 111
    }
  },
  "use_random_split": true,
  "use_feature_selection": true,
  "model_name": "LGBM-FS",
  "error_mean": -0.09888133606930313,
  "error_sdev": 2.1311509663087613,
  "uncertainty_median": 7.331682723280928,
  "uncertainty_mad": 7.4328751609563515,
  "uncertainty_measure": 101.38020753890643,
  "feature_importance": {
    "K2O_wt": 2.475774237187582,
    "Fe2O3T_wt": 0.3925936952828235,
    "SiO2_wt": 8.38910587403206
  }
}