{
  "y_test": [
    6.5,
    1.47,
    2.4,
    1.9,
    0.14,
    10.1,
    0.05,
    1.4,
    38.0,
    6.9,
    0.37,
    0.56,
    0.27,
    1.3,
    0.07,
    4.2,
    0.19,
    0.15,
    22.1,
    0.22,
    0.47,
    0.31,
    0.36,
    1.3,
    0.12,
    0.37,
    0.18,
    0.04,
    0.57,
    0.19,
    1.53,
    0.05,
    34.0,
    8.0,
    2.4,
    8.7,
    0.16,
    6.3,
    0.14,
    0.04,
    1.2,
    0.15,
    0.44,
    0.14,
    0.21
  ],
  "y_pred": [
    7.138620943952796,
    1.5193997050147496,
    1.831443952802361,
    1.3980353982300886,
    0.3192182890855459,
    7.209446902654863,
    14.567567846607668,
    1.5517448377581131,
    4.603359882005899,
    6.375073746312687,
    0.42391297935103267,
    0.6666112515802781,
    1.7760707964601774,
    1.5171342182890863,
    0.762446902654867,
    3.5213539823008846,
    0.367174041297935,
    0.4933938053097344,
    26.716194690265453,
    0.5257433628318584,
    0.26698913917940476,
    0.43913807578851843,
    0.4234542772861355,
    0.25876991150442485,
    0.26584014068527345,
    0.48947050147492605,
    0.22344100294985259,
    0.2837522123893805,
    0.3521656227253571,
    0.4256238938053097,
    0.3585884955752212,
    0.3274233038348083,
    26.718097345132716,
    6.258392330383483,
    2.3556356932153406,
    7.081718289085542,
    0.4281091445427729,
    6.119966076696159,
    0.3696961651917404,
    0.3643634639696586,
    0.18607522123893805,
    0.368234407922461,
    0.3842854630620118,
    0.677473451327434,
    0.5588215339233039
  ],
  "selected_features": [
    "K2O_wt",
    "SiO2_wt",
    "P2O5_tot_wt"
  ],
  "selected_models": [],
  "stacking_used": false,
  "stacked_model": true,
  "number_of_models": 1,
  "final_estimator": "et",
  "final_estimator_params": {
    "et_n_estimators": 113,
    "et_max_depth": 17,
    "et_min_samples_split": 6,
    "et_min_samples_leaf": 1,
    "et_bootstrap": false
  },
  "model_params": {
    "et": {
      "et_n_estimators": 113,
      "et_max_depth": 17,
      "et_min_samples_split": 6,
      "et_min_samples_leaf": 1,
      "et_bootstrap": false
    }
  },
  "use_random_split": true,
  "use_feature_selection": true,
  "model_name": "ET-FS",
  "error_mean": 0.5864561622743055,
  "error_sdev": 5.657534134211283,
  "uncertainty_median": 12.57221533923303,
  "uncertainty_mad": 5.905680194964483,
  "uncertainty_measure": 46.97406173544559,
  "feature_importance": {
    "K2O_wt": -0.004608949903893678,
    "Fe2O3T_wt": 0.486160323335196,
    "SiO2_wt": 0.25759707529835885
  }
}