{
  "y_test": [
    0.27,
    0.9,
    0.13,
    0.37,
    10.4,
    6.0,
    0.36,
    0.51,
    11.7,
    38.0,
    0.42,
    0.52,
    0.04,
    0.07,
    0.07,
    0.24,
    10.1,
    0.1,
    8.0,
    1.9,
    2.6,
    4.2,
    0.05,
    0.19,
    0.17,
    5.7,
    0.37,
    0.04,
    0.25,
    4.2,
    0.29,
    6.9,
    0.15,
    0.31,
    0.19,
    0.73,
    0.12,
    2.7,
    8.9,
    1.3,
    1.47,
    0.44,
    0.68,
    25.6,
    25.0
  ],
  "y_pred": [
    5.787841988903994,
    5.405083237536722,
    4.944017500990785,
    3.905730363976655,
    9.870863939557063,
    7.366769850674618,
    3.052770801234038,
    4.456538958738957,
    10.539538359746352,
    7.297737576961087,
    6.906923995610963,
    3.2667688281505214,
    5.7560379575667024,
    2.7822566861971207,
    2.0351063601581263,
    2.8696666631864165,
    12.043028391441045,
    3.766309807094199,
    7.521476699620715,
    8.380609995124454,
    4.8767623609449,
    7.420770575023102,
    1.4584043499379291,
    5.424871311754718,
    2.147052399983414,
    5.9217261461193615,
    3.7308049840775226,
    3.755055882073057,
    3.571367515860425,
    9.088316549178295,
    3.5621623398238924,
    3.5223512823429584,
    4.458621918438743,
    5.912619036267063,
    3.8924348257473955,
    3.554569862686076,
    7.352045116339179,
    5.286756265672469,
    5.403052548678408,
    5.854480935624975,
    4.305256078816049,
    3.3433923035441975,
    5.331422205859237,
    14.481357748527962,
    15.550725257138618
  ],
  "selected_features": [
    "K2O_wt",
    "SiO2_wt",
    "P2O5_tot_wt"
  ],
  "selected_models": [],
  "stacking_used": false,
  "stacked_model": true,
  "number_of_models": 1,
  "final_estimator": "svr",
  "final_estimator_params": {
    "svr_C": 9.969119114393452,
    "svr_epsilon": 0.06296905554427823
  },
  "model_params": {
    "svr": {
      "svr_C": 9.969119114393452,
      "svr_epsilon": 0.06296905554427823
    }
  },
  "use_random_split": true,
  "use_feature_selection": true,
  "model_name": "SVR-FS",
  "error_mean": -1.6558101725095662,
  "error_sdev": 6.100542869784805,
  "uncertainty_median": 8.161717266056858,
  "uncertainty_mad": 2.830942201817824,
  "uncertainty_measure": 34.68561957654688,
  "feature_importance": {
    "K2O_wt": 0.07314024121772596,
    "Fe2O3T_wt": 0.2923714725166904,
    "SiO2_wt": 0.08508832619703666
  }
}