{
  "y_test": [
    4.2,
    5.1,
    0.25,
    6.6,
    1.3,
    5.4,
    1.4,
    6.9,
    0.14,
    0.14,
    0.16,
    0.14,
    0.04,
    6.7,
    0.02,
    1.3,
    0.29,
    0.18,
    3.4,
    1.9,
    0.73,
    0.74,
    1.18,
    0.17,
    7.0,
    1.47,
    2.7,
    22.1,
    0.09,
    2.4,
    0.37,
    1.3,
    0.05,
    6.2,
    0.04,
    0.07,
    0.15,
    0.1,
    0.36,
    1.3,
    1.0,
    0.57,
    6.3,
    0.24,
    2.4
  ],
  "y_pred": [
    9.643861932866946,
    5.516197469297434,
    0.6579716360244677,
    9.484887261187133,
    1.8802222167652425,
    5.482045042475192,
    2.484678534268571,
    6.4491529234715,
    0.49516331687035664,
    1.143504729508876,
    0.5621866031456355,
    1.3451949897553075,
    3.8666943996402288,
    7.623201604799231,
    3.6374834539731635,
    2.4741687565937776,
    0.47220644502800385,
    0.4736146336213798,
    4.269916248818097,
    5.467509737244732,
    0.7907993332465769,
    0.9700864213440299,
    1.1457159487965534,
    0.6365275624209559,
    9.044544298746336,
    1.3677470667227698,
    3.6382636200798912,
    27.134576928753088,
    4.6946738923295745,
    4.064928663690581,
    0.6638828713073355,
    1.178845808190374,
    0.44139154656771457,
    7.657711782014983,
    0.6028286461839109,
    1.1353955164590923,
    0.6595320134885854,
    0.5712728285751245,
    0.575938523095124,
    2.5424794257511967,
    1.7950948623389777,
    0.5223508447072617,
    9.235105058093374,
    0.5719999738165011,
    3.440952221373046
  ],
  "selected_features": [
    "K2O_wt",
    "Fe2O3T_wt",
    "SiO2_wt",
    "Al2O3_wt",
    "P2O5_tot_wt"
  ],
  "selected_models": [],
  "stacking_used": false,
  "stacked_model": true,
  "number_of_models": 1,
  "final_estimator": "et",
  "final_estimator_params": {
    "et_n_estimators": 264,
    "et_max_depth": 4,
    "et_min_samples_split": 3,
    "et_min_samples_leaf": 1,
    "et_bootstrap": true
  },
  "model_params": {
    "et": {
      "et_n_estimators": 264,
      "et_max_depth": 4,
      "et_min_samples_split": 3,
      "et_min_samples_leaf": 1,
      "et_bootstrap": true
    }
  },
  "use_random_split": true,
  "use_feature_selection": false,
  "model_name": "ET",
  "error_mean": -1.1982779465210718,
  "error_sdev": 1.4517460929962038,
  "uncertainty_median": 12.286036801583613,
  "uncertainty_mad": 4.384523356355941,
  "uncertainty_measure": 35.68704397654739,
  "feature_importance": {
    "K2O_wt": 0.005506870798426067,
    "Fe2O3T_wt": 0.028787399519599334,
    "SiO2_wt": 0.4514533992508969,
    "Al2O3_wt": 0.01251666542473965,
    "P2O5_tot_wt": 0.8442745000197731
  }
}