{
  "y_test": [
    0.15,
    4.5,
    0.36,
    0.16,
    0.44,
    0.27,
    0.18,
    5.4,
    0.51,
    0.1,
    38.0,
    7.4,
    6.7,
    0.17,
    0.4,
    4.2,
    2.7,
    25.0,
    3.8,
    1.3,
    2.4,
    0.73,
    0.37,
    3.4,
    0.14,
    5.7,
    1.0,
    0.32,
    0.31,
    0.34,
    2.4,
    0.04,
    25.8,
    0.23,
    0.19,
    0.19,
    0.24,
    0.16,
    0.25,
    0.11,
    1.47,
    0.17,
    0.05,
    6.7,
    0.35
  ],
  "y_pred": [
    2.4512967066511324,
    4.264388115060146,
    -0.2004154469770758,
    2.549549975174208,
    -0.25569785192396677,
    2.6964575779146687,
    0.8488155370883941,
    5.030732178961993,
    0.5967252707674635,
    0.13113193429689107,
    4.382690867327599,
    7.197235934598687,
    5.071305007156879,
    0.015328286781953748,
    0.0707269744722161,
    6.399769183976042,
    0.9193857100542295,
    16.211138386972287,
    5.46163541344353,
    4.067550412924539,
    -0.4886222367821731,
    -0.3429268475364122,
    -0.5059291515245115,
    5.516431395005752,
    2.6800298320467677,
    3.609840845189173,
    4.102860923575574,
    -0.938731152461908,
    3.6239948682852754,
    1.6578574980179173,
    1.871873693924864,
    -1.2109737520246864,
    20.78264747283508,
    0.22180905453687916,
    -1.2589623213749077,
    -0.7256837058001324,
    -1.2017264397924514,
    0.6546398066089878,
    1.9913521481784737,
    1.1253224928006762,
    0.5674893427665271,
    0.7411721210550695,
    1.2173588874059325,
    3.6838347863154253,
    3.47923615018336
  ],
  "selected_features": [
    "SiO2_wt",
    "Al2O3_wt"
  ],
  "selected_models": [],
  "stacking_used": false,
  "stacked_model": true,
  "number_of_models": 1,
  "final_estimator": "ann",
  "final_estimator_params": {
    "ann_hidden": 50,
    "ann_alpha": 0.0008783453792337082
  },
  "model_params": {
    "ann": {
      "ann_hidden": 50,
      "ann_alpha": 0.0008783453792337082
    }
  },
  "feature_names": [
    "K2O_wt",
    "Fe2O3T_wt",
    "SiO2_wt",
    "Al2O3_wt",
    "P2O5_tot_wt"
  ],
  "use_random_split": true,
  "use_feature_selection": true,
  "model_name": "ANN-FS",
  "error_mean": 0.8008012025298582,
  "error_sdev": 5.488281043483002,
  "uncertainty_median": 6.393715177060939,
  "uncertainty_mad": 6.073600289546857,
  "uncertainty_measure": 94.99328827373206,
  "feature_importance": {
    "K2O_wt": 0.7254489376583336,
    "Fe2O3T_wt": 0.15258675817312334
  },
  "run": 1
}