{
  "y_test": [
    0.04,
    2.4,
    0.29,
    0.29,
    0.42,
    1.4,
    0.1,
    6.6,
    0.36,
    0.07,
    0.04,
    0.31,
    4.5,
    38.0,
    2.6,
    0.52,
    3.8,
    0.27,
    6.2,
    11.7,
    0.16,
    0.14,
    1.44,
    0.4,
    0.04,
    2.4,
    5.1,
    0.21,
    0.05,
    0.07,
    1.47,
    0.09,
    0.56,
    25.6,
    0.44,
    0.57,
    0.37,
    6.0,
    0.19,
    10.1,
    0.17,
    6.2,
    1.5,
    5.4,
    6.7
  ],
  "y_pred": [
    0.3517054448603273,
    0.44549773200357984,
    0.11141686897528524,
    1.093544687691154,
    2.6523451138689182,
    1.517853549996974,
    0.3000850382578357,
    4.184951762504425,
    0.24440238144598547,
    0.32644514766182464,
    0.24432407582563723,
    0.26149101795169666,
    5.788729636677385,
    1.4296770576621622,
    5.797187888293225,
    0.22897759884878252,
    3.0820685389259426,
    0.1299064282715224,
    5.916925691324381,
    4.5064764679107245,
    0.25255640861227097,
    0.2322647581999645,
    0.12933463791980776,
    0.1724100423144077,
    0.21010194027901405,
    2.219268265535478,
    3.107958678012147,
    0.120557780733675,
    21.989669196294347,
    3.684545442690095,
    0.6097456585491887,
    0.17020950751492714,
    0.1466539851303858,
    29.40931671242106,
    0.44245394238160124,
    0.4349645130508064,
    0.5240153585141993,
    4.584239458267283,
    0.18035387699350977,
    7.455699856428671,
    0.27411655087121856,
    3.8541570083716663,
    0.3379148095100633,
    1.2027532940997367,
    4.190619776925884
  ],
  "selected_features": [
    "K2O_wt",
    "Fe2O3T_wt",
    "SiO2_wt",
    "Al2O3_wt",
    "P2O5_tot_wt"
  ],
  "selected_models": [],
  "stacking_used": false,
  "stacked_model": true,
  "number_of_models": 1,
  "final_estimator": "knn",
  "final_estimator_params": {
    "knn_n": 3,
    "knn_weights": "distance"
  },
  "model_params": {
    "knn": {
      "knn_n": 3,
      "knn_weights": "distance"
    }
  },
  "use_random_split": true,
  "use_feature_selection": false,
  "model_name": "KNN",
  "error_mean": 0.6828912535871295,
  "error_sdev": 6.660269169498099,
  "uncertainty_median": 4.0796160192674815,
  "uncertainty_mad": 8.369406285194986,
  "uncertainty_measure": 205.1518144273235,
  "feature_importance": {
    "K2O_wt": -0.002344971440908734,
    "Fe2O3T_wt": -0.13967557730090063,
    "SiO2_wt": 0.5921036420976842,
    "Al2O3_wt": -0.03175936034556555,
    "P2O5_tot_wt": 0.0006194694060528571
  }
}