{
  "y_test": [
    8.7,
    6.6,
    0.04,
    0.14,
    1.53,
    0.25,
    0.04,
    0.11,
    0.23,
    6.0,
    0.19,
    4.2,
    1.3,
    7.4,
    0.74,
    0.25,
    4.2,
    1.3,
    0.21,
    2.4,
    0.37,
    0.36,
    1.18,
    38.0,
    1.9,
    0.51,
    6.5,
    0.17,
    5.4,
    0.14,
    0.15,
    0.56,
    22.1,
    0.04,
    0.73,
    0.15,
    0.87,
    2.4,
    0.24,
    0.18,
    0.4,
    1.8,
    0.19,
    2.4,
    0.12
  ],
  "y_pred": [
    10.841055604650471,
    8.62975902819008,
    0.34038315676167874,
    2.0557561787592,
    1.2465503651963608,
    0.4305911224293485,
    1.5692172926257055,
    -0.38389004507518154,
    -0.07209282666856665,
    4.086076067181749,
    -0.4484098547776624,
    3.577326349273345,
    2.8384698579564764,
    9.553443730773212,
    1.1785663904326715,
    0.630940306865614,
    4.805543698531558,
    0.6991417301886033,
    -0.9296781717883299,
    0.2744247461995507,
    0.12075006873159333,
    0.26207753673363443,
    0.45896208225850443,
    3.5478360471722987,
    5.970638660453214,
    0.436153535034553,
    10.865366306546425,
    -0.21394033224546105,
    4.452601529223741,
    1.8960948930251535,
    -0.42287773659293537,
    0.9488194540426415,
    37.65066958543413,
    -0.08885402244212204,
    0.17518839256367913,
    1.860057708446785,
    1.0158720048797751,
    0.5850733501631099,
    -2.072519767938114,
    0.8831115093950247,
    0.3741654975380738,
    3.113493004864219,
    -1.6741804523967772,
    0.18955220267081418,
    2.1108978006333308
  ],
  "selected_features": [
    "K2O_wt",
    "Fe2O3T_wt",
    "SiO2_wt",
    "Al2O3_wt",
    "P2O5_tot_wt"
  ],
  "selected_models": [],
  "stacking_used": false,
  "stacked_model": true,
  "number_of_models": 1,
  "final_estimator": "ann",
  "final_estimator_params": {
    "ann_hidden": 82,
    "ann_alpha": 8.38863216939193e-05
  },
  "model_params": {
    "ann": {
      "ann_hidden": 82,
      "ann_alpha": 8.38863216939193e-05
    }
  },
  "feature_names": [
    "K2O_wt",
    "Fe2O3T_wt",
    "SiO2_wt",
    "Al2O3_wt",
    "P2O5_tot_wt"
  ],
  "use_random_split": true,
  "use_feature_selection": false,
  "model_name": "ANN",
  "error_mean": 0.2071514758688629,
  "error_sdev": 5.892461226424748,
  "uncertainty_median": 19.056421443082503,
  "uncertainty_mad": 10.638971195293898,
  "uncertainty_measure": 55.8287988490927,
  "feature_importance": {
    "K2O_wt": 0.04907400587667701,
    "Fe2O3T_wt": 0.026640175146643144,
    "SiO2_wt": 0.6269923094429868,
    "Al2O3_wt": 0.2897474726416052,
    "P2O5_tot_wt": 0.44218420038324074
  },
  "run": 2
}