{
  "y_test": [
    0.04,
    2.4,
    0.29,
    0.29,
    0.42,
    1.4,
    0.1,
    6.6,
    0.36,
    0.07,
    0.04,
    0.31,
    4.5,
    38.0,
    2.6,
    0.52,
    3.8,
    0.27,
    6.2,
    11.7,
    0.16,
    0.14,
    1.44,
    0.4,
    0.04,
    2.4,
    5.1,
    0.21,
    0.05,
    0.07,
    1.47,
    0.09,
    0.56,
    25.6,
    0.44,
    0.57,
    0.37,
    6.0,
    0.19,
    10.1,
    0.17,
    6.2,
    1.5,
    5.4,
    6.7
  ],
  "y_pred": [
    -0.025880590905514367,
    0.7487901649485076,
    -0.5819283536994952,
    0.9138610130013416,
    1.6190771367472518,
    2.6496005054479066,
    0.5830230177300189,
    7.52256347219254,
    -0.15445168890099498,
    0.3350686788869817,
    1.1329302223081996,
    1.6101088716710632,
    8.42787602867463,
    2.8397403276840616,
    6.443086920692966,
    0.8679151919818096,
    3.5994072119520912,
    1.0810395422702634,
    9.61906039765567,
    6.295196181053496,
    0.6337847129371179,
    0.7195230168257474,
    -0.7423550824447809,
    1.0062458224085493,
    -0.24797638666405336,
    1.2586673419814296,
    3.6045556959024534,
    -0.9686830969447688,
    30.1086319784183,
    0.8159140544694419,
    1.0780065297572297,
    0.30321522158468356,
    0.725893343625339,
    16.78805804914963,
    0.11939652013441099,
    0.29023739689837874,
    0.7193278825789668,
    5.147252263331715,
    -0.27829186143182943,
    10.22030560000896,
    0.6374076274782783,
    2.1467661336994546,
    0.5506814000578504,
    3.012651260646388,
    14.061834712074303
  ],
  "selected_features": [
    "K2O_wt",
    "Fe2O3T_wt",
    "SiO2_wt",
    "P2O5_tot_wt"
  ],
  "selected_models": [],
  "stacking_used": false,
  "stacked_model": true,
  "number_of_models": 1,
  "final_estimator": "ann",
  "final_estimator_params": {
    "ann_hidden": 40,
    "ann_alpha": 0.00013969959890284934
  },
  "model_params": {
    "ann": {
      "ann_hidden": 40,
      "ann_alpha": 0.00013969959890284934
    }
  },
  "use_random_split": true,
  "use_feature_selection": true,
  "model_name": "ANN-FS",
  "error_mean": 0.17873034693608914,
  "error_sdev": 7.368966648281962,
  "uncertainty_median": 19.96734650883263,
  "uncertainty_mad": 9.284015605146415,
  "uncertainty_measure": 46.495990847054195,
  "feature_importance": {
    "K2O_wt": -0.011107905013161072,
    "Fe2O3T_wt": -0.008399751912903604,
    "SiO2_wt": 0.377970376719152,
    "Al2O3_wt": 0.16596762201181683
  }
}