{
  "y_test": [
    1.8,
    1.44,
    0.14,
    0.42,
    0.09,
    0.27,
    0.09,
    0.9,
    1.5,
    25.6,
    0.14,
    0.4,
    10.1,
    0.57,
    1.0,
    38.0,
    0.1,
    3.4,
    0.24,
    0.15,
    6.6,
    24.5,
    0.13,
    0.11,
    6.1,
    0.25,
    22.1,
    0.43,
    0.27,
    0.24,
    0.1,
    0.04,
    11.7,
    0.17,
    1.53,
    0.16,
    1.9,
    6.0,
    0.21,
    0.19,
    0.15,
    7.0,
    0.34,
    0.21,
    0.62
  ],
  "y_pred": [
    7.518181818181819,
    1.1218181818181818,
    0.24363636363636362,
    0.5290909090909092,
    0.10090909090909092,
    0.08454545454545455,
    0.31909090909090915,
    1.0600000000000003,
    0.9018181818181819,
    30.327272727272728,
    0.3063636363636364,
    0.640909090909091,
    6.745454545454546,
    0.3281818181818182,
    1.0381818181818183,
    5.754545454545456,
    0.3209090909090909,
    3.1927272727272724,
    0.1533766233766234,
    0.1742857142857143,
    6.263636363636365,
    26.863636363636363,
    0.22272727272727277,
    0.6145454545454544,
    4.327272727272729,
    0.17636363636363636,
    28.527272727272727,
    0.11727272727272728,
    1.539090909090909,
    0.1909090909090909,
    0.24454545454545454,
    0.34090909090909094,
    7.890909090909091,
    0.33909090909090905,
    0.13636363636363635,
    0.18727272727272729,
    2.906363636363636,
    4.127272727272727,
    0.6536363636363637,
    0.15818181818181817,
    0.5754545454545456,
    6.5636363636363635,
    0.32181818181818184,
    0.980909090909091,
    0.6809090909090909
  ],
  "selected_features": [
    "K2O_wt",
    "Fe2O3T_wt",
    "SiO2_wt",
    "Al2O3_wt",
    "P2O5_tot_wt"
  ],
  "selected_models": [],
  "stacking_used": false,
  "stacked_model": true,
  "number_of_models": 1,
  "final_estimator": "rf",
  "final_estimator_params": {
    "rf_n_estimators": 11,
    "rf_max_depth": 14
  },
  "model_params": {
    "rf": {
      "rf_n_estimators": 11,
      "rf_max_depth": 14
    }
  },
  "use_random_split": true,
  "use_feature_selection": false,
  "model_name": "RF",
  "error_mean": 0.4797489177489176,
  "error_sdev": 5.158754715006472,
  "uncertainty_median": 8.0,
  "uncertainty_mad": 6.307620163419915,
  "uncertainty_measure": 78.84525204274894,
  "feature_importance": {
    "K2O_wt": -0.00581571633523072,
    "Fe2O3T_wt": 0.017159480805014962,
    "SiO2_wt": 0.7646514753344081,
    "Al2O3_wt": -0.014624930386865657,
    "P2O5_tot_wt": 0.26262045822612745
  }
}