{
  "y_test": [
    1.44,
    0.73,
    3.4,
    25.0,
    8.0,
    4.2,
    0.24,
    38.0,
    0.12,
    0.17,
    0.37,
    0.74,
    0.9,
    0.19,
    0.16,
    29.4,
    0.11,
    0.07,
    6.1,
    1.4,
    0.57,
    0.1,
    10.4,
    0.05,
    0.25,
    0.09,
    1.8,
    0.47,
    6.2,
    0.14,
    0.15,
    0.44,
    0.43,
    0.09,
    0.36,
    6.0,
    1.3,
    7.4,
    0.17,
    6.7,
    0.14,
    0.37,
    0.87,
    0.03,
    1.2
  ],
  "y_pred": [
    1.4473378191856452,
    0.4311593971638033,
    2.473140096618357,
    16.117391304347827,
    6.229855072463769,
    4.923260869565217,
    0.23497502326945055,
    7.813043478260867,
    0.38666838977435797,
    0.6273926550885784,
    0.2698258202774334,
    0.7565066193860257,
    1.4112991718426502,
    0.7227742785596046,
    0.18274393892085544,
    16.178260869565214,
    0.8400250290168768,
    1.0943679616774245,
    5.158043478260869,
    1.4344223602484474,
    0.32431787799916983,
    0.5736235341839075,
    6.519565217391305,
    0.23662849559860433,
    0.5794696880300615,
    0.29946025189532055,
    7.830434782608693,
    0.32207977136435495,
    6.97550724637681,
    5.6940271307798485,
    0.2603567927287247,
    0.22610753291996835,
    0.16916423761193417,
    0.6568212067366169,
    0.3582889598601692,
    4.783840579710144,
    1.308335403726708,
    6.7436231884057944,
    0.24550642423563415,
    6.2834782608695665,
    0.2522422442337415,
    0.3356242803473775,
    1.1844782884833729,
    0.24361822995240454,
    0.5427183923033613
  ],
  "selected_features": [
    "K2O_wt",
    "Fe2O3T_wt",
    "SiO2_wt",
    "Al2O3_wt",
    "P2O5_tot_wt"
  ],
  "selected_models": [],
  "stacking_used": false,
  "stacked_model": true,
  "number_of_models": 1,
  "final_estimator": "rf",
  "final_estimator_params": {
    "rf_n_estimators": 23,
    "rf_max_depth": 7
  },
  "model_params": {
    "rf": {
      "rf_n_estimators": 23,
      "rf_max_depth": 7
    }
  },
  "use_random_split": true,
  "use_feature_selection": false,
  "model_name": "RF",
  "error_mean": 0.9950708521811809,
  "error_sdev": 5.254468229444742,
  "uncertainty_median": 8.27486542443064,
  "uncertainty_mad": 1.8129351378824152,
  "uncertainty_measure": 21.90893802973425,
  "feature_importance": {
    "K2O_wt": 0.007296045942349276,
    "Fe2O3T_wt": -0.003791164383659078,
    "SiO2_wt": 0.24350890249245916,
    "Al2O3_wt": 0.0013711921531326698,
    "P2O5_tot_wt": 0.4183404018889169
  }
}