{
  "y_test": [
    11.7,
    6.6,
    3.8,
    0.04,
    0.15,
    0.04,
    2.4,
    8.7,
    6.7,
    24.5,
    1.9,
    1.4,
    2.7,
    0.24,
    0.14,
    3.4,
    34.0,
    0.04,
    0.04,
    4.2,
    0.15,
    1.47,
    0.18,
    0.37,
    7.4,
    0.19,
    0.04,
    25.6,
    0.34,
    1.5,
    0.15,
    1.53,
    0.09,
    0.35,
    0.05,
    0.14,
    0.37,
    4.2,
    1.44,
    25.6,
    0.23,
    0.57,
    0.43,
    0.17,
    0.17
  ],
  "y_pred": [
    9.122357368469238,
    5.2033915519714355,
    5.314141750335693,
    0.31522905826568604,
    1.065330982208252,
    0.19077086448669434,
    2.828709602355957,
    7.798447608947754,
    5.0587921142578125,
    24.666189193725586,
    2.143742322921753,
    1.2647716999053955,
    2.03824782371521,
    0.30376049876213074,
    1.4193943738937378,
    2.776170492172241,
    27.54187774658203,
    0.1481020450592041,
    1.8336702585220337,
    2.9261388778686523,
    0.7539353966712952,
    0.9171435832977295,
    0.2917569875717163,
    0.46660107374191284,
    5.930502891540527,
    0.7339856624603271,
    0.07267466187477112,
    25.093412399291992,
    0.9691141247749329,
    1.7003765106201172,
    1.7448071241378784,
    0.15869270265102386,
    0.5348789691925049,
    0.736146092414856,
    12.217607498168945,
    0.2806224226951599,
    0.2019072324037552,
    5.796424388885498,
    0.20585188269615173,
    24.22435760498047,
    0.11579965054988861,
    0.32106053829193115,
    0.13337194919586182,
    0.9857503175735474,
    0.23064221441745758
  ],
  "selected_features": [
    "K2O_wt",
    "Fe2O3T_wt",
    "SiO2_wt",
    "Al2O3_wt",
    "P2O5_tot_wt"
  ],
  "selected_models": [],
  "stacking_used": false,
  "stacked_model": true,
  "number_of_models": 1,
  "final_estimator": "xgb",
  "final_estimator_params": {
    "xgb_n_estimators": 205,
    "xgb_lr": 0.02359875866800412,
    "xgb_max_depth": 10,
    "xgb_subsample": 0.7109550272959422,
    "xgb_colsample": 0.7423778946164228
  },
  "model_params": {
    "xgb": {
      "xgb_n_estimators": 205,
      "xgb_lr": 0.02359875866800412,
      "xgb_max_depth": 10,
      "xgb_subsample": 0.7109550272959422,
      "xgb_colsample": 0.7423778946164228
    }
  },
  "feature_names": [
    "K2O_wt",
    "Fe2O3T_wt",
    "SiO2_wt",
    "Al2O3_wt",
    "P2O5_tot_wt"
  ],
  "use_random_split": true,
  "use_feature_selection": false,
  "model_name": "XGB",
  "error_mean": -0.0745924469894833,
  "error_sdev": 2.275875452605751,
  "uncertainty_median": 10.816287994384766,
  "uncertainty_mad": 5.081425666809082,
  "uncertainty_measure": 46.9793858063606,
  "feature_importance": {
    "K2O_wt": 0.05217017360734823,
    "Fe2O3T_wt": 0.029002467012779906,
    "SiO2_wt": 0.42034676423711553,
    "Al2O3_wt": 0.0340319441566671,
    "P2O5_tot_wt": 0.6252582722470961
  },
  "run": 3
}