{
  "y_test": [
    8.9,
    0.19,
    0.34,
    0.37,
    6.9,
    0.12,
    0.19,
    34.0,
    0.51,
    0.52,
    1.3,
    0.32,
    0.1,
    1.44,
    0.21,
    0.15,
    6.7,
    3.8,
    6.9,
    0.1,
    1.47,
    0.14,
    0.04,
    0.17,
    0.04,
    6.3,
    0.11,
    0.07,
    0.68,
    0.19,
    0.4,
    0.17,
    0.37,
    2.7,
    0.02,
    0.04,
    0.07,
    0.73,
    0.24,
    0.35,
    1.2,
    0.43,
    0.15,
    0.4,
    25.8
  ],
  "y_pred": [
    8.056538461538459,
    0.2084493889730958,
    0.853693265068265,
    1.2159203165453167,
    6.50336538461538,
    2.2785512820512825,
    0.45099414784958547,
    30.117115384615357,
    0.31711534080632714,
    0.4497165226969602,
    1.3578559218559219,
    0.6423739539914108,
    0.3548684279969143,
    0.7443116605616603,
    0.19634371184371183,
    0.44829394985644977,
    7.9990384615384595,
    4.900737179487177,
    1.6277618284493285,
    0.3266194755604619,
    1.2157815934065932,
    1.3406578144078145,
    0.23840367591918146,
    0.4772285596348095,
    0.1753177671687287,
    5.551346153846153,
    1.1937347374847374,
    1.0206859390609389,
    0.7824407864600172,
    1.3534644497625268,
    0.4485260422372492,
    0.3138452956805127,
    0.3598042395144566,
    2.3917307692307714,
    3.3062820512820537,
    4.534358974358977,
    0.18836822356019975,
    0.6209896569271568,
    0.8382833441068732,
    0.3371034779352087,
    0.741782156094656,
    0.09564178876678879,
    0.5177166035916035,
    0.2798161107021401,
    23.765384615384612
  ],
  "selected_features": [
    "K2O_wt",
    "Fe2O3T_wt",
    "SiO2_wt",
    "Al2O3_wt",
    "P2O5_tot_wt"
  ],
  "selected_models": [],
  "stacking_used": false,
  "stacked_model": true,
  "number_of_models": 1,
  "final_estimator": "et",
  "final_estimator_params": {
    "et_n_estimators": 52,
    "et_max_depth": 10,
    "et_min_samples_split": 2,
    "et_min_samples_leaf": 1,
    "et_bootstrap": false
  },
  "model_params": {
    "et": {
      "et_n_estimators": 52,
      "et_max_depth": 10,
      "et_min_samples_split": 2,
      "et_min_samples_leaf": 1,
      "et_bootstrap": false
    }
  },
  "use_random_split": true,
  "use_feature_selection": false,
  "model_name": "ET",
  "error_mean": -0.1288524198316951,
  "error_sdev": 1.4632896005491083,
  "uncertainty_median": 12.700961538461542,
  "uncertainty_mad": 4.942476892273069,
  "uncertainty_measure": 38.91419462460436,
  "feature_importance": {
    "K2O_wt": 0.03800733690029164,
    "Fe2O3T_wt": 0.021933636707529455,
    "SiO2_wt": 0.6102676536518692,
    "Al2O3_wt": 0.06860271357626199,
    "P2O5_tot_wt": 0.40018620650562026
  }
}