{
  "y_test": [
    2.7,
    5.4,
    10.1,
    0.41,
    1.2,
    0.36,
    0.4,
    0.12,
    0.1,
    0.32,
    0.52,
    1.9,
    0.19,
    0.04,
    0.56,
    0.37,
    0.09,
    0.31,
    0.15,
    0.18,
    0.14,
    0.84,
    0.62,
    0.36,
    4.2,
    0.42,
    3.4,
    6.0,
    1.9,
    0.14,
    4.2,
    0.44,
    29.4,
    6.1,
    0.15,
    0.25,
    0.74,
    0.19,
    1.4,
    6.2,
    1.44,
    0.04,
    0.04,
    1.8,
    0.18
  ],
  "y_pred": [
    -0.975116835480403,
    3.7704249902643205,
    8.287390601618675,
    0.561599562577431,
    -0.8276528438789477,
    -2.660288972086768,
    1.3781378218467673,
    -4.641433813449698,
    -1.3462804857657957,
    -2.579480562976215,
    0.4464575140636775,
    1.7319911571954165,
    -4.721546677797061,
    -3.197222575353017,
    -0.8770960230790088,
    -1.836600021271682,
    -1.8977831814319224,
    2.66901687980128,
    1.139531805656656,
    -2.736544245333665,
    -4.257043524474945,
    -3.1905136963866845,
    -1.5425485671687547,
    -1.494818468486276,
    4.960441440966505,
    3.571097575587846,
    4.234529495028024,
    4.970675750696866,
    7.104848298107541,
    -2.2252537315479124,
    4.730285167753809,
    -1.5052254775551503,
    15.964093569506627,
    5.031083812846955,
    -2.3303784964749745,
    0.5927985228736183,
    -0.42026058313486914,
    -3.7668100457130045,
    2.8229857276684207,
    3.291556279084439,
    -0.381750397604101,
    -3.306046694794503,
    -3.3635326397748138,
    0.07773230972454925,
    -0.3256956888319529
  ],
  "selected_features": [
    "K2O_wt",
    "Fe2O3T_wt",
    "SiO2_wt",
    "Al2O3_wt",
    "P2O5_tot_wt"
  ],
  "selected_models": [],
  "stacking_used": false,
  "stacked_model": true,
  "number_of_models": 1,
  "final_estimator": "svr",
  "final_estimator_params": {
    "svr_C": 8.594574458344221,
    "svr_epsilon": 0.06234797123214978
  },
  "model_params": {
    "svr": {
      "svr_C": 8.594574458344221,
      "svr_epsilon": 0.06234797123214978
    }
  },
  "use_random_split": true,
  "use_feature_selection": false,
  "model_name": "SVR",
  "error_mean": 1.6684499103773933,
  "error_sdev": 2.778114446696869,
  "uncertainty_median": 4.314916655701447,
  "uncertainty_mad": 5.026978539475641,
  "uncertainty_measure": 116.50233227177915,
  "feature_importance": {
    "K2O_wt": -0.009869489315591853,
    "Fe2O3T_wt": -0.00043248719419640815,
    "SiO2_wt": 1.600270395178689,
    "Al2O3_wt": 0.27560790007033587,
    "P2O5_tot_wt": 0.13728626090968132
  }
}