{
  "y_test": [
    25.0,
    0.87,
    11.7,
    1.3,
    1.47,
    6.0,
    0.14,
    1.2,
    0.15,
    0.41,
    0.04,
    0.74,
    0.09,
    0.15,
    0.04,
    0.62,
    34.0,
    0.4,
    0.19,
    0.05,
    1.18,
    6.2,
    5.1,
    0.23,
    0.47,
    6.5,
    1.5,
    0.37,
    0.25,
    0.73,
    0.15,
    0.17,
    0.44,
    2.4,
    2.4,
    1.3,
    22.1,
    6.7,
    0.09,
    0.36,
    0.32,
    0.34,
    0.44,
    4.2,
    0.31
  ],
  "y_pred": [
    19.826818546045445,
    1.8196356566960628,
    9.656254812470632,
    2.2828402832101062,
    0.2530125958134378,
    6.757794034429996,
    -0.3040777966483267,
    1.4259885100325786,
    0.9234930324442557,
    2.6164292664828297,
    4.173437361358038,
    0.8546648590854925,
    -0.23449763941013935,
    1.2686371739763813,
    0.4302332131909036,
    -0.3292229534350605,
    25.310727311215928,
    0.051125582467007935,
    -1.400733674098538,
    13.617323318532653,
    0.3888709148852997,
    0.0345819672607085,
    5.90645036685071,
    0.77909614955615,
    0.02065283084507763,
    9.04736867215882,
    -1.3319561914592053,
    6.915597690768885,
    2.9292068400550106,
    -0.4727812007775888,
    2.766814381225934,
    1.648049195599358,
    -0.7358310424460567,
    2.278864133914046,
    -0.8953204597242564,
    4.995168573987355,
    24.14647224646159,
    5.3217957853669535,
    1.427252486794841,
    -0.2626085815791078,
    -0.8416477759530848,
    2.2743131390541556,
    0.29249346025581857,
    5.809928548846912,
    4.605637429093784
  ],
  "selected_features": [
    "K2O_wt",
    "SiO2_wt",
    "Al2O3_wt"
  ],
  "selected_models": [],
  "stacking_used": false,
  "stacked_model": true,
  "number_of_models": 1,
  "final_estimator": "ann",
  "final_estimator_params": {
    "ann_hidden": 86,
    "ann_alpha": 0.0067148504557220275
  },
  "model_params": {
    "ann": {
      "ann_hidden": 86,
      "ann_alpha": 0.0067148504557220275
    }
  },
  "use_random_split": true,
  "use_feature_selection": true,
  "model_name": "ANN-FS",
  "error_mean": -0.38307451233115103,
  "error_sdev": 3.339990792218476,
  "uncertainty_median": 9.630685886327154,
  "uncertainty_mad": 6.9580504257749,
  "uncertainty_measure": 72.24875266312404,
  "feature_importance": {
    "K2O_wt": -0.001722679598073905,
    "Fe2O3T_wt": 1.133411167218218,
    "SiO2_wt": 0.18441042116187759
  }
}