{
  "y_test": [
    6.5,
    1.47,
    2.4,
    1.9,
    0.14,
    10.1,
    0.05,
    1.4,
    38.0,
    6.9,
    0.37,
    0.56,
    0.27,
    1.3,
    0.07,
    4.2,
    0.19,
    0.15,
    22.1,
    0.22,
    0.47,
    0.31,
    0.36,
    1.3,
    0.12,
    0.37,
    0.18,
    0.04,
    0.57,
    0.19,
    1.53,
    0.05,
    34.0,
    8.0,
    2.4,
    8.7,
    0.16,
    6.3,
    0.14,
    0.04,
    1.2,
    0.15,
    0.44,
    0.14,
    0.21
  ],
  "y_pred": [
    6.76893203883495,
    0.5436893203883497,
    2.654174757281555,
    1.2651456310679612,
    0.2898543689320386,
    6.955339805825239,
    20.021359223300966,
    1.2778640776699024,
    5.453398058252421,
    5.868932038834956,
    0.4364077669902915,
    0.47621359223300996,
    1.3935922330097101,
    1.2557281553398052,
    0.336601941747573,
    2.454368932038838,
    0.20242718446601918,
    0.4312621359223305,
    27.015533980582543,
    0.43419417475728134,
    0.17864077669902903,
    0.38456310679611666,
    0.1879611650485434,
    0.3966019417475726,
    0.26669902912621357,
    0.4701941747572809,
    0.17067961165048515,
    0.3727184466019418,
    0.31223300970873813,
    0.29262135922330057,
    0.4759223300970876,
    0.2926213592233006,
    25.963106796116474,
    5.599999999999999,
    4.984271844660187,
    6.966990291262133,
    0.2730097087378637,
    7.245631067961166,
    0.37922330097087387,
    0.3684466019417479,
    0.15873786407766974,
    0.38359223300970907,
    0.45300970873786445,
    0.707961165048543,
    0.707961165048543
  ],
  "selected_features": [
    "SiO2_wt",
    "P2O5_tot_wt"
  ],
  "selected_models": [],
  "stacking_used": false,
  "stacked_model": true,
  "number_of_models": 1,
  "final_estimator": "rf",
  "final_estimator_params": {
    "rf_n_estimators": 103,
    "rf_max_depth": 18
  },
  "model_params": {
    "rf": {
      "rf_n_estimators": 103,
      "rf_max_depth": 18
    }
  },
  "use_random_split": true,
  "use_feature_selection": true,
  "model_name": "RF-FS",
  "error_mean": 0.49181294498381967,
  "error_sdev": 5.980007452551674,
  "uncertainty_median": 6.755339805825247,
  "uncertainty_mad": 7.815006998220069,
  "uncertainty_measure": 115.68636401504261,
  "feature_importance": {
    "K2O_wt": 0.6860195992327708,
    "Fe2O3T_wt": 0.22505452138239768
  }
}