{
  "y_test": [
    11.7,
    6.6,
    3.8,
    0.04,
    0.15,
    0.04,
    2.4,
    8.7,
    6.7,
    24.5,
    1.9,
    1.4,
    2.7,
    0.24,
    0.14,
    3.4,
    34.0,
    0.04,
    0.04,
    4.2,
    0.15,
    1.47,
    0.18,
    0.37,
    7.4,
    0.19,
    0.04,
    25.6,
    0.34,
    1.5,
    0.15,
    1.53,
    0.09,
    0.35,
    0.05,
    0.14,
    0.37,
    4.2,
    1.44,
    25.6,
    0.23,
    0.57,
    0.43,
    0.17,
    0.17
  ],
  "y_pred": [
    3.644799329386003,
    6.690224862887576,
    2.1848306710887,
    0.36137274126978414,
    0.5226209210062988,
    -0.006587054097268008,
    1.6099629541414675,
    8.072265248707941,
    9.846534692470062,
    3.242682606224549,
    1.2849318368985294,
    1.409964120161641,
    1.6945784872949403,
    0.9873598267398199,
    -0.24563704577128176,
    1.7169511619644444,
    2.2487014452092065,
    0.3026010308770687,
    0.9560443127040829,
    1.8340550018290482,
    0.3522586299173286,
    1.1277497053301482,
    0.3013206699847636,
    0.6386102072555165,
    6.8301115330086715,
    0.2521533135317239,
    0.36147542587717163,
    2.2276284380299525,
    0.7909579262018801,
    0.9913066097373876,
    0.7196761597561668,
    0.6779813766389103,
    0.4684410217104401,
    0.5115185445235527,
    2.889599289621193,
    0.06085023019074143,
    0.514193157372885,
    2.115479680380197,
    -0.14163335639072028,
    2.828889545363826,
    0.47223300481338415,
    0.3448358296015396,
    -0.154649332565163,
    0.317996611667165,
    0.144700094417204
  ],
  "selected_features": [
    "Fe2O3T_wt",
    "Al2O3_wt",
    "P2O5_tot_wt"
  ],
  "selected_models": [],
  "stacking_used": false,
  "stacked_model": true,
  "number_of_models": 1,
  "final_estimator": "svr",
  "final_estimator_params": {
    "svr_C": 0.6728748387983612,
    "svr_epsilon": 0.03909018770847235
  },
  "model_params": {
    "svr": {
      "svr_C": 0.6728748387983612,
      "svr_epsilon": 0.03909018770847235
    }
  },
  "feature_names": [
    "K2O_wt",
    "Fe2O3T_wt",
    "SiO2_wt",
    "Al2O3_wt",
    "P2O5_tot_wt"
  ],
  "use_random_split": true,
  "use_feature_selection": true,
  "model_name": "SVR-FS",
  "error_mean": 2.47595685628959,
  "error_sdev": 7.318740687178267,
  "uncertainty_median": 5.541083660789052,
  "uncertainty_mad": 2.3041816253921716,
  "uncertainty_measure": 41.58359206336284,
  "feature_importance": {
    "K2O_wt": 0.0020289751043983204,
    "Fe2O3T_wt": -0.026995774592162798,
    "SiO2_wt": 0.22549806843978767
  },
  "run": 3
}