{
  "y_test": [
    0.09,
    0.14,
    25.6,
    6.6,
    0.04,
    0.24,
    0.22,
    0.07,
    0.4,
    22.1,
    0.31,
    1.3,
    6.7,
    0.32,
    0.09,
    0.02,
    0.17,
    10.4,
    0.04,
    0.16,
    1.18,
    6.0,
    6.1,
    6.5,
    0.14,
    0.17,
    5.4,
    0.15,
    0.36,
    25.8,
    0.07,
    0.37,
    0.16,
    0.12,
    10.1,
    7.4,
    0.25,
    2.4,
    1.2,
    6.2,
    0.1,
    1.53,
    0.52,
    11.7,
    1.9
  ],
  "y_pred": [
    0.22178880870342255,
    -0.21213272213935852,
    24.939346313476562,
    6.196475028991699,
    2.3000166416168213,
    0.2378731220960617,
    0.2179189920425415,
    0.5617867708206177,
    0.31573811173439026,
    27.646907806396484,
    2.465329170227051,
    1.8441803455352783,
    6.509117603302002,
    0.2502920925617218,
    3.848588228225708,
    2.9280192852020264,
    0.44213756918907166,
    4.033151626586914,
    0.5443883538246155,
    0.2792311906814575,
    0.683781623840332,
    5.225641250610352,
    5.081784248352051,
    11.573225021362305,
    1.115285038948059,
    0.4952113926410675,
    4.186128616333008,
    0.9559251070022583,
    0.24363398551940918,
    27.924457550048828,
    0.2792311906814575,
    3.36221981048584,
    0.6493533253669739,
    0.282046914100647,
    20.464994430541992,
    5.9297871589660645,
    0.20102724432945251,
    3.0588157176971436,
    0.36250269412994385,
    3.7853052616119385,
    0.4413275122642517,
    0.18705213069915771,
    0.2399568408727646,
    8.277567863464355,
    3.108158588409424
  ],
  "selected_features": [
    "K2O_wt",
    "Fe2O3T_wt",
    "SiO2_wt",
    "Al2O3_wt",
    "P2O5_tot_wt"
  ],
  "selected_models": [],
  "stacking_used": false,
  "stacked_model": true,
  "number_of_models": 1,
  "final_estimator": "xgb",
  "final_estimator_params": {
    "xgb_n_estimators": 233,
    "xgb_lr": 0.02462113145441245,
    "xgb_max_depth": 3,
    "xgb_subsample": 0.7011729394782492,
    "xgb_colsample": 0.8325943342388984
  },
  "model_params": {
    "xgb": {
      "xgb_n_estimators": 233,
      "xgb_lr": 0.02462113145441245,
      "xgb_max_depth": 3,
      "xgb_subsample": 0.7011729394782492,
      "xgb_colsample": 0.8325943342388984
    }
  },
  "use_random_split": true,
  "use_feature_selection": false,
  "model_name": "XGB",
  "error_mean": -0.5078794412745369,
  "error_sdev": 2.47729814184795,
  "uncertainty_median": 14.396722793579102,
  "uncertainty_mad": 6.816711902618408,
  "uncertainty_measure": 47.34905297793636,
  "feature_importance": {
    "K2O_wt": 0.1574237175946941,
    "Fe2O3T_wt": 0.20152869102846332,
    "SiO2_wt": 0.47812980508975866,
    "Al2O3_wt": 0.0074899490452270175,
    "P2O5_tot_wt": 1.2169226287476582
  }
}