{
  "y_test": [
    0.4,
    7.4,
    6.6,
    6.2,
    0.57,
    0.47,
    0.14,
    0.29,
    0.36,
    8.9,
    1.4,
    6.7,
    2.4,
    5.7,
    0.05,
    1.8,
    0.9,
    6.3,
    1.53,
    34.0,
    0.02,
    4.2,
    4.2,
    1.3,
    6.9,
    0.87,
    29.4,
    0.04,
    6.5,
    1.9,
    0.09,
    0.52,
    1.47,
    0.17,
    0.04,
    0.18,
    4.5,
    0.07,
    31.8,
    0.25,
    0.19,
    0.23,
    0.15,
    25.6,
    1.44
  ],
  "y_pred": [
    0.6912517106841423,
    7.750023458419179,
    7.295246996580519,
    8.075341559086464,
    0.3618017147711743,
    0.41622803890632315,
    0.40801629887643626,
    0.26644668174695957,
    0.42206751551169736,
    11.408766583703065,
    2.1769831970822033,
    8.72684207006973,
    2.7858843190044267,
    6.843294930087016,
    12.534978036423565,
    10.750576137535896,
    1.5134658528232199,
    7.082631163329413,
    1.031301302451449,
    23.794224724372505,
    2.8981132533446217,
    4.345437600474318,
    8.40951303602715,
    2.1337721945516193,
    7.011651355778534,
    2.057719139492151,
    22.800862068965525,
    0.2900380118541402,
    8.695762753792136,
    5.807383552522637,
    0.4690562179896731,
    0.5328001541475937,
    1.219447798716145,
    0.31259237673205476,
    0.3026242402914109,
    0.40021451499929106,
    7.086233193173781,
    0.9256247244668112,
    23.127694894049572,
    0.572193147741249,
    0.40137282246324524,
    0.4897477524815773,
    1.139939669049012,
    23.084441581207948,
    0.26189843717213945
  ],
  "selected_features": [
    "Fe2O3T_wt",
    "SiO2_wt",
    "P2O5_tot_wt"
  ],
  "selected_models": [],
  "stacking_used": false,
  "stacked_model": true,
  "number_of_models": 1,
  "final_estimator": "et",
  "final_estimator_params": {
    "et_n_estimators": 203,
    "et_max_depth": 5,
    "et_min_samples_split": 2,
    "et_min_samples_leaf": 1,
    "et_bootstrap": false
  },
  "model_params": {
    "et": {
      "et_n_estimators": 203,
      "et_max_depth": 5,
      "et_min_samples_split": 2,
      "et_min_samples_leaf": 1,
      "et_bootstrap": false
    }
  },
  "use_random_split": true,
  "use_feature_selection": true,
  "model_name": "ET-FS",
  "error_mean": -0.5549223729544381,
  "error_sdev": 3.4642542363316107,
  "uncertainty_median": 10.244824966147341,
  "uncertainty_mad": 5.247715207279099,
  "uncertainty_measure": 51.22308311385967,
  "feature_importance": {
    "K2O_wt": 0.02209411003997111,
    "Fe2O3T_wt": 0.7721889003014484,
    "SiO2_wt": 0.29131473052076484
  }
}