{
  "y_test": [
    1.47,
    0.29,
    0.02,
    0.27,
    1.44,
    0.07,
    24.5,
    0.15,
    1.3,
    10.4,
    0.05,
    0.84,
    0.73,
    0.04,
    0.09,
    4.2,
    6.7,
    25.0,
    0.21,
    0.18,
    25.8,
    6.5,
    0.43,
    0.17,
    0.14,
    0.12,
    1.44,
    0.36,
    0.16,
    0.74,
    4.2,
    0.1,
    0.12,
    0.68,
    0.51,
    0.04,
    6.9,
    0.37,
    1.3,
    0.62,
    0.42,
    0.44,
    8.7,
    0.24,
    6.9
  ],
  "y_pred": [
    0.5687247141024474,
    0.48542385671752,
    3.2419378249225304,
    2.3550369823269115,
    0.6211714623457958,
    0.1712627340501771,
    28.043385850868823,
    -0.2778312526481388,
    1.350000736044605,
    20.43831235018274,
    -0.008888627192550125,
    -0.4063908316116662,
    0.19372698848540182,
    9.116402261370242,
    2.00247378935559,
    5.399998214991583,
    7.948585319013022,
    23.656973928000507,
    0.8746399368338502,
    -0.03149025976271114,
    23.623853902107985,
    8.659085211567774,
    0.4936533045680993,
    1.5329672017123661,
    0.6317978533416233,
    1.0141403092943406,
    1.196657653603193,
    0.3187189620242292,
    0.06568535287905242,
    0.16743141419745644,
    9.656780087615607,
    0.3048716578539574,
    0.3507991518642877,
    0.3100036622704576,
    -0.07787236428834365,
    1.1032325687801485,
    7.354930989012889,
    0.539202527673436,
    1.4000021916188556,
    0.3229693447972113,
    0.010131265885807927,
    0.4121107216572444,
    8.659085211567774,
    0.20543808172905065,
    1.7175299771714496
  ],
  "selected_features": [
    "K2O_wt",
    "P2O5_tot_wt"
  ],
  "selected_models": [],
  "stacking_used": false,
  "stacked_model": true,
  "number_of_models": 1,
  "final_estimator": "gpr",
  "final_estimator_params": {
    "gpr_nu": 0.5,
    "gpr_const": 6.69302774096986,
    "gpr_length_scale": 4.8079642839054975,
    "gpr_alpha": 3.664243148769478e-07
  },
  "model_params": {
    "gpr": {
      "gpr_nu": 0.5,
      "gpr_const": 6.69302774096986,
      "gpr_length_scale": 4.8079642839054975,
      "gpr_alpha": 3.664243148769478e-07
    }
  },
  "use_random_split": true,
  "use_feature_selection": true,
  "model_name": "GPR-FS",
  "error_mean": -0.6748147159756142,
  "error_sdev": 2.495427084021257,
  "uncertainty_median": 19.940861714523766,
  "uncertainty_mad": 6.791311584604697,
  "uncertainty_measure": 34.05726232812847,
  "feature_importance": {
    "K2O_wt": 0.5777587534702548,
    "Fe2O3T_wt": 1.7648074494491781
  }
}