{
  "y_test": [
    1.8,
    1.44,
    0.14,
    0.42,
    0.09,
    0.27,
    0.09,
    0.9,
    1.5,
    25.6,
    0.14,
    0.4,
    10.1,
    0.57,
    1.0,
    38.0,
    0.1,
    3.4,
    0.24,
    0.15,
    6.6,
    24.5,
    0.13,
    0.11,
    6.1,
    0.25,
    22.1,
    0.43,
    0.27,
    0.24,
    0.1,
    0.04,
    11.7,
    0.17,
    1.53,
    0.16,
    1.9,
    6.0,
    0.21,
    0.19,
    0.15,
    7.0,
    0.34,
    0.21,
    0.62
  ],
  "y_pred": [
    11.362370491027832,
    0.9799950122833252,
    0.4288597106933594,
    1.4277132749557495,
    0.6227344870567322,
    0.6011597514152527,
    1.4895142316818237,
    2.177126884460449,
    0.3964643180370331,
    26.98031234741211,
    1.1311118602752686,
    0.4195769727230072,
    6.301357269287109,
    0.23183245956897736,
    1.466888427734375,
    4.882403373718262,
    0.2971455156803131,
    2.897836685180664,
    0.27065110206604004,
    0.12419778853654861,
    6.04038143157959,
    20.50965118408203,
    0.5332933664321899,
    0.22705882787704468,
    4.615206241607666,
    0.3321341276168823,
    21.58455467224121,
    0.09095948189496994,
    1.2241299152374268,
    0.7801209092140198,
    0.5800362229347229,
    0.46545493602752686,
    8.417435646057129,
    0.28613558411598206,
    0.8166273236274719,
    0.3485960364341736,
    3.8759708404541016,
    4.723185062408447,
    1.0339791774749756,
    0.1687096655368805,
    1.7528321743011475,
    6.068731784820557,
    0.3398466110229492,
    1.3206560611724854,
    0.3871891498565674
  ],
  "selected_features": [
    "Fe2O3T_wt",
    "SiO2_wt",
    "P2O5_tot_wt"
  ],
  "selected_models": [],
  "stacking_used": false,
  "stacked_model": true,
  "number_of_models": 1,
  "final_estimator": "xgb",
  "final_estimator_params": {
    "xgb_n_estimators": 208,
    "xgb_lr": 0.125353237835009,
    "xgb_max_depth": 6,
    "xgb_subsample": 0.926435722367942,
    "xgb_colsample": 0.6969238538235134
  },
  "model_params": {
    "xgb": {
      "xgb_n_estimators": 208,
      "xgb_lr": 0.125353237835009,
      "xgb_max_depth": 6,
      "xgb_subsample": 0.926435722367942,
      "xgb_colsample": 0.6969238538235134
    }
  },
  "use_random_split": true,
  "use_feature_selection": true,
  "model_name": "XGB-FS",
  "error_mean": 0.5863971467150584,
  "error_sdev": 5.308834383866857,
  "uncertainty_median": 10.169525146484375,
  "uncertainty_mad": 6.718847751617432,
  "uncertainty_measure": 66.06845113058353,
  "feature_importance": {
    "K2O_wt": 0.008159756773648538,
    "Fe2O3T_wt": 0.6463133441881608,
    "SiO2_wt": 0.27487536485681024
  }
}