{
  "y_test": [
    0.04,
    2.4,
    0.29,
    0.29,
    0.42,
    1.4,
    0.1,
    6.6,
    0.36,
    0.07,
    0.04,
    0.31,
    4.5,
    38.0,
    2.6,
    0.52,
    3.8,
    0.27,
    6.2,
    11.7,
    0.16,
    0.14,
    1.44,
    0.4,
    0.04,
    2.4,
    5.1,
    0.21,
    0.05,
    0.07,
    1.47,
    0.09,
    0.56,
    25.6,
    0.44,
    0.57,
    0.37,
    6.0,
    0.19,
    10.1,
    0.17,
    6.2,
    1.5,
    5.4,
    6.7
  ],
  "y_pred": [
    0.4051000000000002,
    1.6425,
    0.1357500000000001,
    0.27705000000000024,
    0.7146500000000003,
    1.3499500000000046,
    0.3733999999999997,
    6.430500000000003,
    0.22189999999999963,
    0.3625499999999999,
    0.4421500000000004,
    0.3161000000000001,
    8.283500000000025,
    4.424900000000002,
    0.9782000000000022,
    0.37500000000000017,
    4.835350000000007,
    0.22255000000000005,
    6.594500000000002,
    7.139500000000011,
    0.3733999999999997,
    0.39795000000000047,
    0.11614999999999992,
    0.25274999999999975,
    0.18025,
    3.055599999999992,
    4.970500000000007,
    0.13075000000000006,
    22.730550000000008,
    0.5327999999999998,
    0.7933000000000008,
    0.46790000000000037,
    0.5919500000000003,
    26.23350000000003,
    0.4676000000000012,
    0.39689999999999964,
    0.468200000000001,
    5.519850000000008,
    0.32995,
    6.586,
    0.2161666666666668,
    4.530600000000003,
    1.7286499999999985,
    4.902850000000008,
    7.073000000000007
  ],
  "selected_features": [
    "Fe2O3T_wt",
    "SiO2_wt",
    "P2O5_tot_wt"
  ],
  "selected_models": [],
  "stacking_used": false,
  "stacked_model": true,
  "number_of_models": 1,
  "final_estimator": "rf",
  "final_estimator_params": {
    "rf_n_estimators": 200,
    "rf_max_depth": 19
  },
  "model_params": {
    "rf": {
      "rf_n_estimators": 200,
      "rf_max_depth": 19
    }
  },
  "use_random_split": true,
  "use_feature_selection": true,
  "model_name": "RF-FS",
  "error_mean": 0.3712840740740714,
  "error_sdev": 6.206884344756131,
  "uncertainty_median": 7.982500000000023,
  "uncertainty_mad": 6.633499385833341,
  "uncertainty_measure": 83.10052472074314,
  "feature_importance": {
    "K2O_wt": 0.0444407765619005,
    "Fe2O3T_wt": 0.4441328863647833,
    "SiO2_wt": 0.30703750559664356
  }
}