{
  "y_test": [
    1.8,
    1.44,
    0.14,
    0.42,
    0.09,
    0.27,
    0.09,
    0.9,
    1.5,
    25.6,
    0.14,
    0.4,
    10.1,
    0.57,
    1.0,
    38.0,
    0.1,
    3.4,
    0.24,
    0.15,
    6.6,
    24.5,
    0.13,
    0.11,
    6.1,
    0.25,
    22.1,
    0.43,
    0.27,
    0.24,
    0.1,
    0.04,
    11.7,
    0.17,
    1.53,
    0.16,
    1.9,
    6.0,
    0.21,
    0.19,
    0.15,
    7.0,
    0.34,
    0.21,
    0.62
  ],
  "y_pred": [
    8.432521312003264,
    2.117299120720701,
    0.5708839410023955,
    -0.5378209296039915,
    1.6138285944970587,
    -0.5378209296039915,
    1.1457142062309804,
    0.4777728590004366,
    2.746413412138697,
    24.15830514512603,
    0.22306135453919834,
    0.8177729604643599,
    22.216646004854738,
    0.5708839410023955,
    0.4777728590004366,
    15.877291462092733,
    0.6531634555915397,
    1.4174495228967599,
    -0.5378209296039915,
    -0.48705850361955283,
    9.024017026232546,
    24.15830514512603,
    0.2548230217861517,
    0.844021531320226,
    3.018927220143662,
    0.2548230217861517,
    22.216646004854738,
    0.844021531320226,
    2.412148675465564,
    1.1277195726943232,
    1.113159632728135,
    0.6470828390357078,
    9.024017026232546,
    0.18238618673666057,
    1.1200296189542505,
    0.8177729604643599,
    1.3403933913372243,
    2.093166769241245,
    0.844021531320226,
    0.844021531320226,
    0.34388159696408716,
    9.024017026232546,
    0.5708839410023955,
    1.4235345023475094,
    0.8177729604643599
  ],
  "selected_features": [
    "K2O_wt",
    "P2O5_tot_wt"
  ],
  "selected_models": [],
  "stacking_used": false,
  "stacked_model": true,
  "number_of_models": 1,
  "final_estimator": "lgbm",
  "final_estimator_params": {
    "lgbm_num_leaves": 62,
    "lgbm_lr": 0.06788493976088664,
    "lgbm_n_estimators": 265
  },
  "model_params": {
    "lgbm": {
      "lgbm_num_leaves": 62,
      "lgbm_lr": 0.06788493976088664,
      "lgbm_n_estimators": 265
    }
  },
  "use_random_split": true,
  "use_feature_selection": true,
  "model_name": "LGBM-FS",
  "error_mean": 0.03604770835908231,
  "error_sdev": 4.123618915068842,
  "uncertainty_median": 9.358281762905683,
  "uncertainty_mad": 6.694827862625659,
  "uncertainty_measure": 71.5390712979234,
  "feature_importance": {
    "K2O_wt": 0.4432876965364765,
    "Fe2O3T_wt": 1.1807658593363834
  }
}