{
  "y_test": [
    0.52,
    0.29,
    0.24,
    0.14,
    0.07,
    0.56,
    0.18,
    6.9,
    0.09,
    0.12,
    6.5,
    0.84,
    6.1,
    1.5,
    0.31,
    8.0,
    1.9,
    0.87,
    0.14,
    0.17,
    0.32,
    0.74,
    0.19,
    0.21,
    0.51,
    0.17,
    1.2,
    0.62,
    5.4,
    0.04,
    0.22,
    6.3,
    25.6,
    0.9,
    25.8,
    0.18,
    1.3,
    0.11,
    6.9,
    0.05,
    0.41,
    0.43,
    0.04,
    2.4,
    0.17
  ],
  "y_pred": [
    0.6191048706280599,
    0.6867804166621845,
    0.6369975712642325,
    0.6369975712642325,
    0.7046731172983571,
    0.6315044801811834,
    0.6191048706280599,
    0.7360154825147872,
    0.6369975712642325,
    0.6369975712642325,
    9.44910066334939,
    0.6191048706280599,
    7.289062682710791,
    0.6760731406150297,
    0.6191048706280599,
    7.484982859194248,
    1.3822647311171876,
    0.675452849577358,
    0.6191048706280599,
    0.6191048706280599,
    0.6191048706280599,
    0.6617137291612016,
    0.6268380747624268,
    0.6191048706280599,
    0.6191048706280599,
    0.6268380747624268,
    0.6796064297973744,
    0.6617137291612016,
    7.289062682710791,
    0.6683399364806627,
    0.6617137291612016,
    7.593122394077968,
    25.220482551040703,
    0.7046731172983571,
    23.757608603928382,
    0.6191048706280599,
    0.7539081831509598,
    1.2896674381248627,
    7.484982859194248,
    0.8650966018942103,
    0.6796064297973744,
    0.8650966018942103,
    0.6191048706280599,
    1.3021319426928508,
    0.6191048706280599
  ],
  "selected_features": [
    "K2O_wt",
    "Fe2O3T_wt",
    "SiO2_wt",
    "Al2O3_wt",
    "P2O5_tot_wt"
  ],
  "selected_models": [],
  "stacking_used": false,
  "stacked_model": true,
  "number_of_models": 1,
  "final_estimator": "rf",
  "final_estimator_params": {
    "rf_n_estimators": 129,
    "rf_max_depth": 2
  },
  "model_params": {
    "rf": {
      "rf_n_estimators": 129,
      "rf_max_depth": 2
    }
  },
  "use_random_split": true,
  "use_feature_selection": false,
  "model_name": "RF",
  "error_mean": -0.14300805033123498,
  "error_sdev": 1.2319134213150273,
  "uncertainty_median": 10.548794379715076,
  "uncertainty_mad": 4.582719862147621,
  "uncertainty_measure": 43.443067493665566,
  "feature_importance": {
    "K2O_wt": 0.023372513442067023,
    "Fe2O3T_wt": 0.010708732878854068,
    "SiO2_wt": 0.7807124658257216,
    "Al2O3_wt": 0.017314243324057035,
    "P2O5_tot_wt": 0.5201002393153172
  }
}