{
  "y_test": [
    1.44,
    0.73,
    3.4,
    25.0,
    8.0,
    4.2,
    0.24,
    38.0,
    0.12,
    0.17,
    0.37,
    0.74,
    0.9,
    0.19,
    0.16,
    29.4,
    0.11,
    0.07,
    6.1,
    1.4,
    0.57,
    0.1,
    10.4,
    0.05,
    0.25,
    0.09,
    1.8,
    0.47,
    6.2,
    0.14,
    0.15,
    0.44,
    0.43,
    0.09,
    0.36,
    6.0,
    1.3,
    7.4,
    0.17,
    6.7,
    0.14,
    0.37,
    0.87,
    0.03,
    1.2
  ],
  "y_pred": [
    2.7784228705991403,
    1.849630597594608,
    6.1892181702661055,
    17.199607154582665,
    5.227482039524055,
    6.5729976376502,
    3.9113083630656327,
    6.173647380491669,
    6.168606034037786,
    2.495153123640602,
    2.0328520545372797,
    2.7735065857797174,
    4.779888146475944,
    0.5745326775111685,
    3.2842499498050124,
    17.73262150792128,
    -0.15836931465504023,
    2.9655260820116958,
    6.830369480043213,
    5.436513895342674,
    1.6559096889606728,
    2.564037340729147,
    10.14279337248647,
    1.12257447404696,
    3.1799798066900635,
    2.1065677851744944,
    3.098090721842688,
    2.181906298939026,
    5.763939286312439,
    -0.4882426586666391,
    2.1398326771016727,
    1.3963720011169016,
    1.7078585056281064,
    2.3260065826673646,
    2.073034684409592,
    6.655431359592663,
    5.568817912416332,
    9.801701417961429,
    3.0357485612773125,
    5.309553075849131,
    2.2385934778729,
    2.179728606818909,
    3.5810691984911642,
    1.9886955758542122,
    2.725056892813427
  ],
  "selected_features": [
    "K2O_wt",
    "SiO2_wt",
    "Al2O3_wt",
    "P2O5_tot_wt"
  ],
  "selected_models": [],
  "stacking_used": false,
  "stacked_model": true,
  "number_of_models": 1,
  "final_estimator": "svr",
  "final_estimator_params": {
    "svr_C": 8.711397142399546,
    "svr_epsilon": 0.0015050720748836586
  },
  "model_params": {
    "svr": {
      "svr_C": 8.711397142399546,
      "svr_epsilon": 0.0015050720748836586
    }
  },
  "feature_names": [
    "K2O_wt",
    "Fe2O3T_wt",
    "SiO2_wt",
    "Al2O3_wt",
    "P2O5_tot_wt"
  ],
  "use_random_split": true,
  "use_feature_selection": true,
  "model_name": "SVR-FS",
  "error_mean": -0.4980626907247076,
  "error_sdev": 5.7048710672776455,
  "uncertainty_median": 6.598631176851525,
  "uncertainty_mad": 4.387813928896346,
  "uncertainty_measure": 66.49582028904896,
  "feature_importance": {
    "K2O_wt": -0.005141134476969948,
    "Fe2O3T_wt": 0.5623173506189352,
    "SiO2_wt": 0.12263930209092137,
    "Al2O3_wt": 0.0719571491724134
  },
  "run": 7
}