{
  "y_test": [
    1.5,
    2.4,
    3.8,
    0.41,
    0.07,
    0.42,
    0.4,
    0.44,
    0.04,
    6.7,
    5.1,
    0.36,
    0.47,
    1.3,
    25.6,
    6.5,
    0.04,
    2.4,
    0.14,
    6.3,
    0.22,
    0.14,
    0.03,
    0.11,
    6.9,
    8.0,
    1.8,
    0.15,
    0.1,
    0.52,
    1.9,
    2.7,
    34.0,
    0.09,
    0.51,
    0.05,
    7.4,
    25.0,
    0.15,
    0.14,
    0.73,
    38.0,
    1.2,
    0.12,
    0.23
  ],
  "y_pred": [
    0.591115981761019,
    1.1892487003757246,
    2.8362027323590864,
    0.3328515024497487,
    2.499366981842546,
    0.6587469559512571,
    -0.4319199026181666,
    -0.10571847173686111,
    0.0287866227778375,
    6.5863935599072745,
    3.424643410239427,
    0.2604985501771675,
    0.4743694122226785,
    1.2179064443532017,
    27.904452877000516,
    9.574347487669007,
    0.7165827014547888,
    0.40517020205504295,
    1.6641895991176574,
    5.518264121701997,
    -0.22362419444206738,
    0.46664287765523405,
    0.04542447461763599,
    0.6766192499597117,
    0.12889094325571593,
    5.210351227200579,
    1.599531763935248,
    1.3790969703315927,
    0.1730955132585903,
    0.8072043976471783,
    9.976324002385464,
    1.445587372402167,
    29.929467159023062,
    0.23913818831355815,
    0.1345495467213409,
    11.842855181676319,
    8.500668962475808,
    26.16377947085116,
    0.17453120994813442,
    0.1523431415511376,
    0.7716864541260766,
    1.1291637924404574,
    0.7749236218431359,
    0.21681389317835364,
    0.3135870129953666
  ],
  "selected_features": [
    "K2O_wt",
    "Fe2O3T_wt",
    "SiO2_wt",
    "Al2O3_wt",
    "P2O5_tot_wt"
  ],
  "selected_models": [],
  "stacking_used": false,
  "stacked_model": true,
  "number_of_models": 1,
  "final_estimator": "gpr",
  "final_estimator_params": {
    "gpr_nu": 1.5,
    "gpr_const": 6.533653057036319,
    "gpr_length_scale": 6.982946064613579,
    "gpr_alpha": 0.0015622414529087455
  },
  "model_params": {
    "gpr": {
      "gpr_nu": 1.5,
      "gpr_const": 6.533653057036319,
      "gpr_length_scale": 6.982946064613579,
      "gpr_alpha": 0.0015622414529087455
    }
  },
  "use_random_split": true,
  "use_feature_selection": false,
  "model_name": "GPR",
  "error_mean": 0.6045744066130687,
  "error_sdev": 6.1411791034980965,
  "uncertainty_median": 3.7866422816109124,
  "uncertainty_mad": 7.342401801015408,
  "uncertainty_measure": 193.9027046909698,
  "feature_importance": {
    "K2O_wt": 0.013555335571043691,
    "Fe2O3T_wt": 0.0837021597657332,
    "SiO2_wt": 1.1377730629405087,
    "Al2O3_wt": 0.0045462156270154475,
    "P2O5_tot_wt": 0.06758749028316684
  }
}