{
  "y_test": [
    0.13,
    0.29,
    1.5,
    0.04,
    0.12,
    0.34,
    0.27,
    0.17,
    25.8,
    25.0,
    0.37,
    7.0,
    0.21,
    38.0,
    0.51,
    1.3,
    0.16,
    0.37,
    0.15,
    0.34,
    0.19,
    0.14,
    6.7,
    0.14,
    0.44,
    1.18,
    4.2,
    0.29,
    1.3,
    0.23,
    0.09,
    6.6,
    0.15,
    0.03,
    0.36,
    6.5,
    31.8,
    0.17,
    1.47,
    6.1,
    1.44,
    2.6,
    0.15,
    0.19,
    0.24
  ],
  "y_pred": [
    0.18655310571193695,
    0.13850344717502594,
    1.9466136693954468,
    0.2410465031862259,
    0.3314972519874573,
    1.0669389963150024,
    0.8904969096183777,
    0.4973594546318054,
    25.006912231445312,
    22.666038513183594,
    1.864754319190979,
    4.774002552032471,
    1.6124035120010376,
    2.405388593673706,
    0.23601983487606049,
    1.0726021528244019,
    0.11633379012346268,
    0.12821125984191895,
    2.8296241760253906,
    0.28430187702178955,
    0.49318283796310425,
    0.3067772686481476,
    6.993471622467041,
    0.07658515870571136,
    -0.010860283859074116,
    1.1193902492523193,
    3.8333933353424072,
    0.07302234321832657,
    0.42937490344047546,
    0.2958352565765381,
    2.9262044429779053,
    5.020427227020264,
    0.062075939029455185,
    0.16730469465255737,
    0.09195750206708908,
    8.51710319519043,
    26.08851432800293,
    -0.023911252617836,
    1.607227087020874,
    5.972055435180664,
    0.19082966446876526,
    2.0388402938842773,
    2.0052998065948486,
    0.08060931414365768,
    0.3065139651298523
  ],
  "selected_features": [
    "SiO2_wt",
    "Al2O3_wt",
    "P2O5_tot_wt"
  ],
  "selected_models": [],
  "stacking_used": false,
  "stacked_model": true,
  "number_of_models": 1,
  "final_estimator": "xgb",
  "final_estimator_params": {
    "xgb_n_estimators": 163,
    "xgb_lr": 0.19069854654319188,
    "xgb_max_depth": 4,
    "xgb_subsample": 0.8122173528739272,
    "xgb_colsample": 0.7991154118100228
  },
  "model_params": {
    "xgb": {
      "xgb_n_estimators": 163,
      "xgb_lr": 0.19069854654319188,
      "xgb_max_depth": 4,
      "xgb_subsample": 0.8122173528739272,
      "xgb_colsample": 0.7991154118100228
    }
  },
  "use_random_split": true,
  "use_feature_selection": true,
  "model_name": "XGB-FS",
  "error_mean": 0.8402927447830636,
  "error_sdev": 5.463164451747583,
  "uncertainty_median": 8.384587287902832,
  "uncertainty_mad": 5.954300880432129,
  "uncertainty_measure": 71.0148356261126,
  "feature_importance": {
    "K2O_wt": 0.6604541504576141,
    "Fe2O3T_wt": -0.01035272357619287,
    "SiO2_wt": 0.12152594075960843
  }
}