{
  "y_test": [
    0.16,
    0.4,
    0.29,
    5.7,
    0.15,
    0.17,
    0.73,
    0.04,
    0.47,
    0.04,
    0.21,
    0.07,
    0.27,
    0.12,
    0.21,
    0.32,
    1.4,
    0.03,
    6.2,
    0.87,
    0.02,
    0.16,
    1.44,
    25.8,
    25.0,
    0.74,
    0.24,
    0.31,
    4.2,
    2.7,
    0.51,
    4.5,
    1.4,
    7.4,
    0.52,
    1.8,
    1.3,
    0.14,
    31.8,
    1.3,
    1.2,
    0.36,
    0.19,
    25.6,
    1.47
  ],
  "y_pred": [
    0.11946229153766219,
    1.4707522457481537,
    0.18234501314452625,
    3.821769244537733,
    0.28546305576639114,
    0.18559312865123911,
    0.2928675721740254,
    0.09665752007402478,
    0.17103667797240535,
    0.2730422868182745,
    0.33567141993914806,
    0.3878080410072271,
    0.7357633638575214,
    12.646188656844998,
    0.2958144062136315,
    0.5128270928674209,
    2.1017429927790334,
    0.13585964987591975,
    2.1319650912871344,
    0.12864153054817637,
    0.38758036738288426,
    0.7914345038050974,
    0.23197052710420105,
    26.40179793903956,
    24.03836936833408,
    0.13054754051553283,
    0.48957472361465565,
    2.5681412219257798,
    16.583418609561896,
    0.3198890478732074,
    0.8136650607986157,
    5.162941702500631,
    1.3088598209190816,
    8.248577792976201,
    0.40966886086562754,
    0.18654679879707442,
    0.5207284226369376,
    0.4957871165224579,
    28.77463972243652,
    2.152550276187484,
    0.11630388425884082,
    0.18692119512520014,
    0.20572380415684566,
    32.4037090266799,
    0.3893326685119658
  ],
  "selected_features": [
    "SiO2_wt",
    "P2O5_tot_wt"
  ],
  "selected_models": [],
  "stacking_used": false,
  "stacked_model": true,
  "number_of_models": 1,
  "final_estimator": "knn",
  "final_estimator_params": {
    "knn_n": 4,
    "knn_weights": "distance"
  },
  "model_params": {
    "knn": {
      "knn_n": 4,
      "knn_weights": "distance"
    }
  },
  "use_random_split": true,
  "use_feature_selection": true,
  "model_name": "KNN-FS",
  "error_mean": -0.48177669520388716,
  "error_sdev": 3.016861246703539,
  "uncertainty_median": 6.596587611777504,
  "uncertainty_mad": 8.024298599146576,
  "uncertainty_measure": 121.6431747957087,
  "feature_importance": {
    "K2O_wt": 2.085773985555763,
    "Fe2O3T_wt": 0.05758274069723577
  }
}