{
  "y_test": [
    0.09,
    1.18,
    0.25,
    0.34,
    10.4,
    0.37,
    1.5,
    0.09,
    22.1,
    1.3,
    0.1,
    1.2,
    0.4,
    0.19,
    5.1,
    0.44,
    25.8,
    5.7,
    0.05,
    1.3,
    6.1,
    0.18,
    1.3,
    2.7,
    0.18,
    6.5,
    0.25,
    0.29,
    0.14,
    0.15,
    1.3,
    3.8,
    2.4,
    2.4,
    0.27,
    0.1,
    2.6,
    1.4,
    0.09,
    0.11,
    0.13,
    0.27,
    0.16,
    4.2,
    0.37
  ],
  "y_pred": [
    11.522887342978645,
    -0.8138947752880554,
    2.623228115280959,
    2.4683036712899167,
    10.056675052478266,
    0.5515321118934295,
    -1.0929053736921261,
    0.48339863185389476,
    48.037197204677476,
    3.1679934571833144,
    0.6886234260075952,
    0.6830099888691166,
    0.31568727521603535,
    -2.6057323976277473,
    5.597371619050968,
    0.6718225253036181,
    34.964403991460216,
    3.7782090241276194,
    0.25509897649607893,
    1.1537349214594173,
    6.752407369961247,
    2.340302073967738,
    4.133819560821621,
    0.09225594717764096,
    0.3860338102729912,
    13.609321745689357,
    1.277255019518151,
    -2.049144146986933,
    0.0416801070066839,
    -0.07940810453585812,
    3.947313532116631,
    5.485095203888328,
    -0.8512583232948998,
    -0.7509398369668929,
    3.8314465651633114,
    1.0909307996560287,
    1.9506027096654464,
    3.8848160577697897,
    -0.8840728584918693,
    -1.455676058613932,
    3.232544433195507,
    3.013291190450751,
    0.9720079356606277,
    5.895144095432599,
    0.4588846498062793
  ],
  "selected_features": [
    "Fe2O3T_wt",
    "SiO2_wt",
    "Al2O3_wt",
    "P2O5_tot_wt"
  ],
  "selected_models": [],
  "stacking_used": false,
  "stacked_model": true,
  "number_of_models": 1,
  "final_estimator": "lr",
  "final_estimator_params": {},
  "model_params": {
    "lr": {}
  },
  "use_random_split": true,
  "use_feature_selection": true,
  "model_name": "LR-FS",
  "error_mean": -1.412028850385533,
  "error_sdev": 4.735413877376583,
  "uncertainty_median": 14.947376115111105,
  "uncertainty_mad": 9.48453914336836,
  "uncertainty_measure": 63.452870057775094,
  "feature_importance": {
    "K2O_wt": 0.4097287446197502,
    "Fe2O3T_wt": 1.2805140124646825,
    "SiO2_wt": 0.056654184481397814,
    "Al2O3_wt": 0.12965157762177656
  }
}