{
  "y_test": [
    2.7,
    5.4,
    10.1,
    0.41,
    1.2,
    0.36,
    0.4,
    0.12,
    0.1,
    0.32,
    0.52,
    1.9,
    0.19,
    0.04,
    0.56,
    0.37,
    0.09,
    0.31,
    0.15,
    0.18,
    0.14,
    0.84,
    0.62,
    0.36,
    4.2,
    0.42,
    3.4,
    6.0,
    1.9,
    0.14,
    4.2,
    0.44,
    29.4,
    6.1,
    0.15,
    0.25,
    0.74,
    0.19,
    1.4,
    6.2,
    1.44,
    0.04,
    0.04,
    1.8,
    0.18
  ],
  "y_pred": [
    2.326127290725708,
    5.084638595581055,
    13.304261207580566,
    0.39744290709495544,
    0.5303466320037842,
    0.24115215241909027,
    0.29350680112838745,
    0.26341235637664795,
    0.37733346223831177,
    0.29063841700553894,
    0.17830246686935425,
    1.921151876449585,
    0.19065417349338531,
    0.4608234763145447,
    0.4740731120109558,
    0.2360052466392517,
    0.32625946402549744,
    0.2355237752199173,
    1.2289677858352661,
    0.4629095196723938,
    0.05691240727901459,
    0.1737605184316635,
    0.5797057747840881,
    0.3841956853866577,
    2.3315670490264893,
    0.8314809203147888,
    2.2566025257110596,
    4.347138404846191,
    2.0523343086242676,
    0.24130597710609436,
    4.35119104385376,
    0.03586934506893158,
    23.831445693969727,
    4.559694766998291,
    0.1779925525188446,
    0.15718361735343933,
    0.5612586140632629,
    0.019803935661911964,
    1.3026539087295532,
    7.625734329223633,
    1.4512253999710083,
    0.4629095196723938,
    4.407324314117432,
    25.651939392089844,
    0.155839741230011
  ],
  "selected_features": [
    "K2O_wt",
    "Fe2O3T_wt",
    "SiO2_wt",
    "Al2O3_wt",
    "P2O5_tot_wt"
  ],
  "selected_models": [],
  "stacking_used": false,
  "stacked_model": true,
  "number_of_models": 1,
  "final_estimator": "xgb",
  "final_estimator_params": {
    "xgb_n_estimators": 275,
    "xgb_lr": 0.23869875375993926,
    "xgb_max_depth": 6,
    "xgb_subsample": 0.9972911884235284,
    "xgb_colsample": 0.856905071992528
  },
  "model_params": {
    "xgb": {
      "xgb_n_estimators": 275,
      "xgb_lr": 0.23869875375993926,
      "xgb_max_depth": 6,
      "xgb_subsample": 0.9972911884235284,
      "xgb_colsample": 0.856905071992528
    }
  },
  "use_random_split": true,
  "use_feature_selection": true,
  "model_name": "XGB-FS",
  "error_mean": -0.4626800103270346,
  "error_sdev": 3.799237680978311,
  "uncertainty_median": 11.327482223510742,
  "uncertainty_mad": 7.701170921325684,
  "uncertainty_measure": 67.98660787426819,
  "feature_importance": {
    "K2O_wt": 0.1481167562642994,
    "Fe2O3T_wt": 0.9653298510760137,
    "SiO2_wt": 0.8572815370686568,
    "Al2O3_wt": 0.014181278727565711,
    "P2O5_tot_wt": 2.941691469617634
  }
}