{
  "y_test": [
    4.2,
    5.1,
    0.25,
    6.6,
    1.3,
    5.4,
    1.4,
    6.9,
    0.14,
    0.14,
    0.16,
    0.14,
    0.04,
    6.7,
    0.02,
    1.3,
    0.29,
    0.18,
    3.4,
    1.9,
    0.73,
    0.74,
    1.18,
    0.17,
    7.0,
    1.47,
    2.7,
    22.1,
    0.09,
    2.4,
    0.37,
    1.3,
    0.05,
    6.2,
    0.04,
    0.07,
    0.15,
    0.1,
    0.36,
    1.3,
    1.0,
    0.57,
    6.3,
    0.24,
    2.4
  ],
  "y_pred": [
    11.154727981931536,
    3.4341227301753543,
    0.49122668517049517,
    6.707556007285671,
    4.052358477248726,
    1.6325149391885212,
    1.992635842240687,
    6.229401265841602,
    0.10721662614136118,
    0.5132239189750951,
    0.167670882513562,
    -1.3240568617556132,
    0.4361773667501825,
    5.857329010564635,
    0.3308850404859953,
    3.2480934757029485,
    0.5184546002580861,
    0.24786227757254764,
    3.7462558184450794,
    9.321231165008545,
    1.1306173014365295,
    1.378600652878494,
    0.48210630041567804,
    0.09094488205820506,
    3.613712750441164,
    0.5619306481401489,
    0.5986236695138221,
    25.842690868069617,
    8.344742529310423,
    -0.13195061711396683,
    0.6190983113928508,
    0.9271103760145278,
    0.22890745491658437,
    7.967657990947299,
    0.4781701401257097,
    3.1933236489535806,
    0.25059611305669005,
    0.26317348536772656,
    0.34233500865898403,
    1.5990531888273876,
    3.095891532692347,
    0.4846653360751598,
    8.555158351893374,
    0.5162693987864015,
    2.30452318009769
  ],
  "selected_features": [
    "K2O_wt",
    "Fe2O3T_wt",
    "SiO2_wt",
    "Al2O3_wt",
    "P2O5_tot_wt"
  ],
  "selected_models": [],
  "stacking_used": false,
  "stacked_model": true,
  "number_of_models": 1,
  "final_estimator": "gpr",
  "final_estimator_params": {
    "gpr_nu": 0.5,
    "gpr_const": 2.200446168684331,
    "gpr_length_scale": 6.578976592797297,
    "gpr_alpha": 0.009984082909590117
  },
  "model_params": {
    "gpr": {
      "gpr_nu": 0.5,
      "gpr_const": 2.200446168684331,
      "gpr_length_scale": 6.578976592797297,
      "gpr_alpha": 0.009984082909590117
    }
  },
  "use_random_split": true,
  "use_feature_selection": false,
  "model_name": "GPR",
  "error_mean": -0.6002853278378099,
  "error_sdev": 2.3798055802293385,
  "uncertainty_median": 9.076140246885304,
  "uncertainty_mad": 7.966860127450085,
  "uncertainty_measure": 87.77806325970012,
  "feature_importance": {
    "K2O_wt": -0.03202335349901268,
    "Fe2O3T_wt": 0.18768433567555903,
    "SiO2_wt": 1.5435704222448723,
    "Al2O3_wt": -0.023376826301677492,
    "P2O5_tot_wt": 0.08946482791592651
  }
}