{
  "y_test": [
    0.23,
    0.22,
    0.4,
    6.9,
    8.9,
    0.4,
    0.62,
    0.15,
    7.4,
    0.02,
    0.04,
    0.12,
    0.14,
    10.4,
    0.04,
    1.3,
    0.42,
    6.5,
    1.53,
    0.14,
    1.3,
    0.14,
    25.6,
    0.1,
    0.51,
    0.32,
    4.2,
    0.16,
    0.4,
    6.2,
    0.73,
    11.7,
    0.11,
    6.3,
    2.4,
    0.21,
    0.14,
    2.7,
    1.5,
    6.1,
    0.04,
    10.1,
    24.5,
    0.09,
    0.87
  ],
  "y_pred": [
    0.6703464527973619,
    0.6703464527973619,
    0.6703464527973619,
    7.191482264887255,
    7.191482264887255,
    0.6703464527973619,
    0.6703464527973619,
    0.6703464527973619,
    7.523005993426291,
    1.5503534545519946,
    0.6703464527973619,
    0.8160757829909776,
    0.6703464527973619,
    7.59945319135308,
    1.0221289251128003,
    0.6703464527973619,
    0.6703464527973619,
    8.60992530144254,
    0.6703464527973619,
    0.6703464527973619,
    1.0221289251128003,
    0.6703464527973619,
    27.00160143736148,
    0.6703464527973619,
    0.6703464527973619,
    0.6703464527973619,
    7.162633058538049,
    1.5577344024012976,
    0.6703464527973619,
    7.191482264887255,
    0.6703464527973619,
    7.305877308619035,
    1.5577344024012976,
    7.523005993426291,
    1.5503534545519946,
    0.6703464527973619,
    0.9628870074807736,
    1.5503534545519946,
    1.0221289251128003,
    7.162633058538049,
    0.6703464527973619,
    9.009784699747314,
    27.10663545096692,
    0.6703464527973619,
    1.0221289251128003
  ],
  "selected_features": [
    "K2O_wt",
    "Fe2O3T_wt",
    "SiO2_wt",
    "Al2O3_wt",
    "P2O5_tot_wt"
  ],
  "selected_models": [],
  "stacking_used": false,
  "stacked_model": true,
  "number_of_models": 1,
  "final_estimator": "rf",
  "final_estimator_params": {
    "rf_n_estimators": 196,
    "rf_max_depth": 2
  },
  "model_params": {
    "rf": {
      "rf_n_estimators": 196,
      "rf_max_depth": 2
    }
  },
  "feature_names": [
    "K2O_wt",
    "Fe2O3T_wt",
    "SiO2_wt",
    "Al2O3_wt",
    "P2O5_tot_wt"
  ],
  "use_random_split": true,
  "use_feature_selection": false,
  "model_name": "RF",
  "error_mean": -0.2888952323601543,
  "error_sdev": 1.2508304138634214,
  "uncertainty_median": 8.076037551914348,
  "uncertainty_mad": 3.686322836980501,
  "uncertainty_measure": 45.645191881341525,
  "feature_importance": {
    "K2O_wt": 0.0025685675140991195,
    "Fe2O3T_wt": 0.018350885211052343,
    "SiO2_wt": 1.0194675915504623,
    "Al2O3_wt": -0.0010118626125999652,
    "P2O5_tot_wt": 0.601581693054249
  },
  "run": 4
}