{
  "y_test": [
    7.0,
    0.51,
    0.14,
    0.18,
    24.5,
    1.3,
    0.56,
    0.29,
    0.87,
    0.36,
    0.27,
    1.3,
    8.0,
    0.13,
    0.05,
    0.34,
    0.07,
    0.17,
    29.4,
    0.25,
    0.24,
    6.3,
    25.6,
    2.4,
    1.8,
    4.2,
    0.1,
    6.6,
    0.17,
    0.04,
    5.4,
    0.14,
    0.43,
    0.14,
    2.4,
    0.37,
    0.04,
    1.9,
    1.0,
    1.3,
    25.8,
    4.2,
    0.4,
    0.35,
    1.44
  ],
  "y_pred": [
    2.056829554302847,
    0.5139351669130424,
    0.3472303167760765,
    0.4267739739370705,
    24.8520060010501,
    2.122916760661563,
    0.644779107560868,
    0.3516071682218281,
    0.775341717960182,
    0.16764089908275784,
    0.47021621845715217,
    2.1232644390180306,
    3.8263475872480024,
    0.16079306693307674,
    0.15031605274476567,
    0.2745188488957632,
    4.530440913398825,
    0.1962996243062068,
    20.648426474032846,
    2.5374374430176125,
    1.2638648306751294,
    2.215943549723482,
    32.33913615192691,
    1.6417282205426589,
    0.832701065634072,
    17.614668299953717,
    0.4120098545992428,
    8.235971310488189,
    0.44260748099484326,
    0.06433278034090475,
    2.040956739429536,
    23.893724818922426,
    0.10009129099091169,
    0.3515297303126149,
    0.2400443085535522,
    2.1159923803709266,
    0.8467608479044489,
    0.7873503946676611,
    2.020118225333512,
    0.8459616983855118,
    27.642223817695815,
    4.871398565678712,
    2.6660551778512764,
    0.48173723412545433,
    2.927702968744561
  ],
  "selected_features": [
    "K2O_wt",
    "SiO2_wt",
    "P2O5_tot_wt"
  ],
  "selected_models": [],
  "stacking_used": false,
  "stacked_model": true,
  "number_of_models": 1,
  "final_estimator": "knn",
  "final_estimator_params": {
    "knn_n": 4,
    "knn_weights": "distance"
  },
  "model_params": {
    "knn": {
      "knn_n": 4,
      "knn_weights": "distance"
    }
  },
  "use_random_split": true,
  "use_feature_selection": true,
  "model_name": "KNN-FS",
  "error_mean": -0.7915940684081041,
  "error_sdev": 4.676494340480205,
  "uncertainty_median": 6.430503520393797,
  "uncertainty_mad": 7.962598089782107,
  "uncertainty_measure": 123.82542151682837,
  "feature_importance": {
    "K2O_wt": -0.08070437964447288,
    "Fe2O3T_wt": 1.7382756820383383,
    "SiO2_wt": 0.07846235453514032
  }
}