{
  "y_test": [
    0.04,
    2.4,
    0.29,
    0.29,
    0.42,
    1.4,
    0.1,
    6.6,
    0.36,
    0.07,
    0.04,
    0.31,
    4.5,
    38.0,
    2.6,
    0.52,
    3.8,
    0.27,
    6.2,
    11.7,
    0.16,
    0.14,
    1.44,
    0.4,
    0.04,
    2.4,
    5.1,
    0.21,
    0.05,
    0.07,
    1.47,
    0.09,
    0.56,
    25.6,
    0.44,
    0.57,
    0.37,
    6.0,
    0.19,
    10.1,
    0.17,
    6.2,
    1.5,
    5.4,
    6.7
  ],
  "y_pred": [
    0.28926015957187085,
    2.5049472143289266,
    0.14971822172749233,
    0.2702364710879717,
    0.5098612254623507,
    1.3865124445815598,
    0.3454440432629811,
    6.5965006127451,
    0.20644360422266647,
    0.31723462199630736,
    0.4652727757582865,
    0.4131812121327834,
    7.667095588235302,
    4.076380077030811,
    1.5999641427917437,
    0.42218345647476213,
    4.9625520833333425,
    0.24752775632918642,
    7.549944852941178,
    11.17289828431374,
    0.3200986707940881,
    0.31046866232981335,
    0.14610754464415898,
    0.29286828760430766,
    0.19991243323833932,
    2.1628643903074014,
    4.926776348039224,
    0.1401022406923143,
    12.905084584721063,
    0.4397491136360584,
    1.1891335436520336,
    0.3635191104910096,
    0.9740699981861006,
    27.415140931372576,
    0.3103220245859417,
    0.28909938153430864,
    0.46145996294398006,
    5.41280024509805,
    0.21359580200445966,
    8.212132352941174,
    0.25406788499788663,
    3.9023298611111104,
    1.9863432778242553,
    4.662178571428578,
    8.585772058823522
  ],
  "selected_features": [
    "SiO2_wt",
    "P2O5_tot_wt"
  ],
  "selected_models": [],
  "stacking_used": false,
  "stacked_model": true,
  "number_of_models": 1,
  "final_estimator": "et",
  "final_estimator_params": {
    "et_n_estimators": 272,
    "et_max_depth": 10,
    "et_min_samples_split": 6,
    "et_min_samples_leaf": 1,
    "et_bootstrap": false
  },
  "model_params": {
    "et": {
      "et_n_estimators": 272,
      "et_max_depth": 10,
      "et_min_samples_split": 6,
      "et_min_samples_leaf": 1,
      "et_bootstrap": false
    }
  },
  "use_random_split": true,
  "use_feature_selection": true,
  "model_name": "ET-FS",
  "error_mean": 0.4011298637482198,
  "error_sdev": 5.5247485828537535,
  "uncertainty_median": 7.111995710784321,
  "uncertainty_mad": 6.548617057900151,
  "uncertainty_measure": 92.07847310664309,
  "feature_importance": {
    "K2O_wt": 0.47019061174859517,
    "Fe2O3T_wt": 0.28119582323068615
  }
}