{
  "y_test": [
    1.3,
    24.5,
    0.51,
    0.25,
    0.04,
    6.2,
    1.53,
    0.17,
    0.07,
    0.1,
    0.19,
    1.4,
    0.04,
    10.4,
    0.18,
    0.36,
    0.09,
    0.14,
    0.27,
    0.14,
    0.07,
    0.22,
    6.9,
    0.14,
    0.05,
    0.15,
    2.4,
    31.8,
    0.29,
    1.44,
    38.0,
    1.5,
    0.12,
    1.18,
    0.14,
    0.29,
    6.2,
    1.2,
    2.4,
    1.3,
    1.9,
    2.7,
    1.8,
    6.5,
    8.7
  ],
  "y_pred": [
    -0.10490128102802343,
    24.87347844719831,
    0.10433567789993958,
    0.2532530800042476,
    0.43185803924748223,
    7.693410132260153,
    0.45983739775327326,
    0.11444824673803522,
    3.844653344917025,
    0.11821840416667806,
    0.045769064082330946,
    1.197761457854361,
    0.005899600999565546,
    7.652258927119735,
    0.10996834715376913,
    0.05979953599240284,
    0.17982198760119328,
    -0.028047625858527603,
    0.7186412474096238,
    0.1681364062785926,
    0.4836187960671485,
    -0.13694620149001846,
    1.0057284254534369,
    -0.6471056851574142,
    0.2784099447178008,
    0.14599409820443743,
    0.7834864502274481,
    32.23319568864254,
    2.895981382649588,
    4.153788469044537,
    0.6745340636030002,
    0.47548104350725184,
    0.49017122979265837,
    0.6172365731156164,
    -0.20136351581782375,
    0.6262238889301885,
    12.355466594431388,
    -0.2580226958769498,
    2.121248769710717,
    2.0375183812924664,
    8.941625293811466,
    0.8256719035192868,
    1.6799602406069898,
    9.02830444607639,
    8.27770058931094
  ],
  "selected_features": [
    "K2O_wt",
    "Fe2O3T_wt",
    "SiO2_wt",
    "Al2O3_wt",
    "P2O5_tot_wt"
  ],
  "selected_models": [],
  "stacking_used": false,
  "stacked_model": true,
  "number_of_models": 1,
  "final_estimator": "gpr",
  "final_estimator_params": {
    "gpr_nu": 1.5,
    "gpr_const": 8.204982043572963,
    "gpr_length_scale": 2.209622300991004,
    "gpr_alpha": 0.0006945132571069845
  },
  "model_params": {
    "gpr": {
      "gpr_nu": 1.5,
      "gpr_const": 8.204982043572963,
      "gpr_length_scale": 2.209622300991004,
      "gpr_alpha": 0.0006945132571069845
    }
  },
  "use_random_split": true,
  "use_feature_selection": false,
  "model_name": "GPR",
  "error_mean": 0.632966475285261,
  "error_sdev": 5.950339990603011,
  "uncertainty_median": 5.20235918684353,
  "uncertainty_mad": 7.286016510508455,
  "uncertainty_measure": 140.05216189098158,
  "feature_importance": {
    "K2O_wt": -0.009600002389180984,
    "Fe2O3T_wt": 0.010369422512708212,
    "SiO2_wt": 0.9245604666744797,
    "Al2O3_wt": -0.035342291183141375,
    "P2O5_tot_wt": 0.06783857287851068
  }
}