{
  "y_test": [
    8.7,
    1.3,
    0.52,
    0.57,
    1.4,
    0.1,
    0.23,
    0.51,
    0.19,
    0.44,
    0.27,
    0.41,
    0.09,
    0.34,
    0.35,
    0.46,
    0.14,
    0.4,
    0.14,
    0.07,
    0.21,
    0.43,
    1.53,
    0.42,
    2.7,
    0.68,
    8.0,
    10.4,
    0.04,
    2.4,
    2.4,
    0.15,
    0.19,
    0.47,
    0.24,
    5.1,
    0.04,
    0.37,
    0.18,
    2.4,
    5.4,
    7.4,
    0.14,
    4.5,
    0.13
  ],
  "y_pred": [
    9.64940169448382,
    2.7263844340787493,
    -1.242530446807102,
    -0.11519530245659126,
    4.496966947543413,
    0.7745049547933718,
    1.2411585531363016,
    1.6693770201671505,
    -1.3344621662720257,
    0.8677223517368091,
    4.267922328364001,
    3.080077009677133,
    1.3530779686352723,
    0.6780296204002347,
    5.368566722147605,
    -0.11367701001606179,
    4.229226982577732,
    0.28844736050976394,
    -2.5547828419527505,
    1.4073730360270957,
    0.2764151657782179,
    0.48041875096910047,
    5.305984595713472,
    6.74994790841172,
    1.1554272950722506,
    0.3790755666797736,
    2.988444366591949,
    11.694317022275872,
    4.73237912389434,
    -0.06664353866221973,
    2.751821988527201,
    3.160700480111146,
    -1.0107920628798013,
    0.5272689823110355,
    -0.44128919242673703,
    6.020364555051003,
    -0.150010148794248,
    7.537179076892663,
    0.381440214611807,
    -0.8033506833776016,
    5.82040687350424,
    9.426608603230541,
    0.8802830475373611,
    2.8486758146863167,
    3.587262850018142
  ],
  "selected_features": [
    "SiO2_wt",
    "Al2O3_wt"
  ],
  "selected_models": [],
  "stacking_used": false,
  "stacked_model": true,
  "number_of_models": 1,
  "final_estimator": "lr",
  "final_estimator_params": {},
  "model_params": {
    "lr": {}
  },
  "use_random_split": true,
  "use_feature_selection": true,
  "model_name": "LR-FS",
  "error_mean": -0.8537761305000328,
  "error_sdev": 2.4754129597731884,
  "uncertainty_median": 1.3966066805601205,
  "uncertainty_mad": 4.985069949494256,
  "uncertainty_measure": 356.9415798222412,
  "feature_importance": {
    "K2O_wt": 3.6531967457184447,
    "Fe2O3T_wt": 1.031242941531906
  }
}