{
  "y_test": [
    1.3,
    0.31,
    0.04,
    4.2,
    29.4,
    0.03,
    0.32,
    0.09,
    1.0,
    2.4,
    0.07,
    1.3,
    0.4,
    0.15,
    1.9,
    0.27,
    0.12,
    0.84,
    34.0,
    0.1,
    0.05,
    0.29,
    0.37,
    1.5,
    0.25,
    7.0,
    3.8,
    0.04,
    0.87,
    1.9,
    0.21,
    25.8,
    0.52,
    2.6,
    0.24,
    6.7,
    0.17,
    0.4,
    1.4,
    5.7,
    0.44,
    31.8,
    1.44,
    1.44,
    0.73
  ],
  "y_pred": [
    1.6643121673232044,
    14.092010132438222,
    0.519387821792983,
    5.2383922570904815,
    17.838659393649632,
    0.13346526986353258,
    0.4601304623247291,
    0.18062526862059158,
    1.5150929218691913,
    2.285445982226087,
    4.153271877111404,
    1.7422113654794025,
    2.8923568520464213,
    0.1389290667750953,
    9.142867298116768,
    1.4175741561475592,
    -0.0029226117396121687,
    0.2504598533748692,
    19.886501996296005,
    0.1618626918786199,
    8.419997294960416,
    4.773847381060443,
    0.3597928472483871,
    0.6054908906999317,
    0.29979620666340256,
    3.3661345240256306,
    3.7808238045955864,
    0.07494909781326031,
    0.2597832537881626,
    4.957957899458197,
    1.7011625052682795,
    15.91120923827162,
    0.5154877320286748,
    4.9186702767274095,
    0.550595485513897,
    4.425972358351657,
    0.1302225261328469,
    0.5903002748938437,
    1.3697148529759682,
    5.0442019259146065,
    0.22531081246815976,
    22.372458564973872,
    0.21403853224027536,
    4.377769359615682,
    1.1126680077974553
  ],
  "selected_features": [
    "K2O_wt",
    "Fe2O3T_wt",
    "SiO2_wt",
    "Al2O3_wt",
    "P2O5_tot_wt"
  ],
  "selected_models": [],
  "stacking_used": false,
  "stacked_model": true,
  "number_of_models": 1,
  "final_estimator": "gpr",
  "final_estimator_params": {
    "gpr_nu": 0.5,
    "gpr_const": 0.1464731715167389,
    "gpr_length_scale": 1.9520649541704804,
    "gpr_alpha": 0.009972908316997642
  },
  "model_params": {
    "gpr": {
      "gpr_nu": 0.5,
      "gpr_const": 0.1464731715167389,
      "gpr_length_scale": 1.9520649541704804,
      "gpr_alpha": 0.009972908316997642
    }
  },
  "use_random_split": true,
  "use_feature_selection": false,
  "model_name": "GPR",
  "error_mean": -0.003755330581618852,
  "error_sdev": 4.5875400870654115,
  "uncertainty_median": 5.780022904440811,
  "uncertainty_mad": 5.039271618590945,
  "uncertainty_measure": 87.18428459373847,
  "feature_importance": {
    "K2O_wt": -0.001011557998143503,
    "Fe2O3T_wt": 0.026780533138713588,
    "SiO2_wt": 1.0235834808123767,
    "Al2O3_wt": 0.08833253823502973,
    "P2O5_tot_wt": 0.02242635723246364
  }
}