{
  "y_test": [
    1.44,
    0.73,
    3.4,
    25.0,
    8.0,
    4.2,
    0.24,
    38.0,
    0.12,
    0.17,
    0.37,
    0.74,
    0.9,
    0.19,
    0.16,
    29.4,
    0.11,
    0.07,
    6.1,
    1.4,
    0.57,
    0.1,
    10.4,
    0.05,
    0.25,
    0.09,
    1.8,
    0.47,
    6.2,
    0.14,
    0.15,
    0.44,
    0.43,
    0.09,
    0.36,
    6.0,
    1.3,
    7.4,
    0.17,
    6.7,
    0.14,
    0.37,
    0.87,
    0.03,
    1.2
  ],
  "y_pred": [
    1.817897376543211,
    0.8182716049382717,
    3.3867013888888873,
    21.613136574074083,
    6.55686728395062,
    4.755339506172839,
    0.2781569664902999,
    4.429205246913576,
    0.9530285493827167,
    0.4444328703703705,
    0.2887626763668431,
    1.1580671296296297,
    1.280945216049383,
    0.844490740740741,
    0.16022376543209874,
    14.795570987654324,
    1.1583912037037032,
    0.8400000000000005,
    4.772893518518517,
    1.5484413580246923,
    0.2904899691358024,
    0.27042438271604946,
    5.785520833333338,
    0.2770216049382715,
    0.30363503086419746,
    0.5642283950617285,
    5.898452932098768,
    0.3072376543209877,
    7.305979938271609,
    1.8682175925925928,
    0.31778163580246904,
    0.23073765432098767,
    0.19845216049382708,
    0.5841165123456793,
    0.32684799382716045,
    4.795196759259259,
    1.566882716049384,
    7.038194444444447,
    0.2825705467372133,
    6.4711612654321025,
    0.3639236111111113,
    0.4445293209876546,
    1.6030401234567901,
    0.20783950617283942,
    0.72960262345679
  ],
  "selected_features": [
    "K2O_wt",
    "Fe2O3T_wt",
    "SiO2_wt",
    "Al2O3_wt",
    "P2O5_tot_wt"
  ],
  "selected_models": [],
  "stacking_used": false,
  "stacked_model": true,
  "number_of_models": 1,
  "final_estimator": "et",
  "final_estimator_params": {
    "et_n_estimators": 216,
    "et_max_depth": 19,
    "et_min_samples_split": 5,
    "et_min_samples_leaf": 1,
    "et_bootstrap": false
  },
  "model_params": {
    "et": {
      "et_n_estimators": 216,
      "et_max_depth": 19,
      "et_min_samples_split": 5,
      "et_min_samples_leaf": 1,
      "et_bootstrap": false
    }
  },
  "feature_names": [
    "K2O_wt",
    "Fe2O3T_wt",
    "SiO2_wt",
    "Al2O3_wt",
    "P2O5_tot_wt"
  ],
  "use_random_split": true,
  "use_feature_selection": true,
  "model_name": "ET-FS",
  "error_mean": 1.0339353517538699,
  "error_sdev": 5.553140373540832,
  "uncertainty_median": 7.66875,
  "uncertainty_mad": 2.0381683789462084,
  "uncertainty_measure": 26.57758277354469,
  "feature_importance": {
    "K2O_wt": 0.0002062911714817861,
    "Fe2O3T_wt": -0.007369187748397773,
    "SiO2_wt": 0.2504480822048374,
    "Al2O3_wt": 0.018833903924723713,
    "P2O5_tot_wt": 0.2728244866459273
  },
  "run": 7
}