{
  "y_test": [
    0.05,
    0.23,
    0.04,
    2.4,
    1.47,
    31.8,
    0.14,
    0.74,
    0.29,
    0.19,
    0.17,
    2.6,
    1.4,
    2.4,
    0.56,
    0.02,
    1.3,
    0.62,
    1.4,
    4.2,
    0.52,
    0.1,
    5.1,
    6.5,
    22.1,
    0.84,
    0.27,
    25.6,
    0.68,
    10.4,
    0.44,
    0.25,
    8.0,
    2.4,
    0.29,
    0.15,
    0.18,
    0.17,
    0.09,
    29.4,
    1.8,
    0.27,
    0.9,
    6.9,
    0.04
  ],
  "y_pred": [
    0.305926380363677,
    0.29431031466712454,
    0.19416598731555332,
    0.8458024094485869,
    0.8842397673899044,
    24.61156681102456,
    0.16550547316804234,
    0.8007131769116298,
    2.4342690203405017,
    0.15905740394888218,
    0.19297307835315067,
    5.17117485606915,
    2.3906353775370888,
    1.1228117272702678,
    0.1756836417768013,
    0.29418426369641515,
    2.410505630206469,
    0.5973497863270267,
    2.2251408359206533,
    4.268881569255459,
    0.22560793216483965,
    0.3316809423857999,
    3.4684271830730595,
    7.799562638863424,
    23.133703702911472,
    0.24332339862551564,
    0.6260127990769875,
    23.29571443635529,
    1.051281495864656,
    6.784337451016702,
    0.20780755371195414,
    0.24006816522708366,
    3.817053700738459,
    0.6350934698145206,
    0.38268547921006796,
    1.5107430125751145,
    0.24292300352701146,
    0.4028163045762297,
    0.15700947232869109,
    20.020490781580655,
    0.5371710633808131,
    0.3257222168541422,
    2.7524916703715543,
    0.7520930587386685,
    0.1474599425937379
  ],
  "selected_features": [
    "K2O_wt",
    "Fe2O3T_wt",
    "SiO2_wt",
    "Al2O3_wt",
    "P2O5_tot_wt"
  ],
  "selected_models": [],
  "stacking_used": false,
  "stacked_model": true,
  "number_of_models": 1,
  "final_estimator": "knn",
  "final_estimator_params": {
    "knn_n": 8,
    "knn_weights": "distance"
  },
  "model_params": {
    "knn": {
      "knn_n": 8,
      "knn_weights": "distance"
    }
  },
  "use_random_split": true,
  "use_feature_selection": false,
  "model_name": "KNN",
  "error_mean": 0.594973813632058,
  "error_sdev": 2.29886510411468,
  "uncertainty_median": 6.117477117752248,
  "uncertainty_mad": 6.752204437280857,
  "uncertainty_measure": 110.37563863846258,
  "feature_importance": {
    "K2O_wt": 0.002352475764548653,
    "Fe2O3T_wt": 0.01106526855038758,
    "SiO2_wt": 1.4719963614278615,
    "Al2O3_wt": 0.08342989792677175,
    "P2O5_tot_wt": 0.01323671615024138
  }
}