{
  "y_test": [
    0.15,
    4.5,
    0.36,
    0.16,
    0.44,
    0.27,
    0.18,
    5.4,
    0.51,
    0.1,
    38.0,
    7.4,
    6.7,
    0.17,
    0.4,
    4.2,
    2.7,
    25.0,
    3.8,
    1.3,
    2.4,
    0.73,
    0.37,
    3.4,
    0.14,
    5.7,
    1.0,
    0.32,
    0.31,
    0.34,
    2.4,
    0.04,
    25.8,
    0.23,
    0.19,
    0.19,
    0.24,
    0.16,
    0.25,
    0.11,
    1.47,
    0.17,
    0.05,
    6.7,
    0.35
  ],
  "y_pred": [
    0.9785239720909558,
    4.220677062810093,
    0.019624941994412448,
    -0.1822860783530692,
    0.4662263436208145,
    1.2928660447117881,
    0.511930581393018,
    2.141963793454911,
    0.4007604929309878,
    0.576188886757836,
    1.786448005464453,
    5.6267276337769125,
    5.151088783305399,
    0.5315246914317971,
    0.7671905720089289,
    2.121189748273764,
    1.704257756085813,
    5.643385313459141,
    2.3109059322312366,
    1.6675318508589632,
    1.1139633208105564,
    0.8434592434843462,
    0.6351755897199308,
    1.9751338235419373,
    0.989161182652393,
    2.8592745274154883,
    1.3674056416805151,
    0.8143154778652466,
    0.8304175559234224,
    0.4094002015243856,
    1.6567866960516937,
    0.2625759315657138,
    19.943220729629928,
    0.6690436145691533,
    -0.34534876322814456,
    0.7035959237362566,
    0.8677848829931747,
    0.3763820867235479,
    0.6783792719553307,
    -0.1463652725370338,
    1.263981329401382,
    0.5717365991591759,
    -0.3866721447973308,
    7.977598669567801,
    0.8010654199234428
  ],
  "selected_features": [
    "K2O_wt",
    "Fe2O3T_wt",
    "SiO2_wt",
    "Al2O3_wt",
    "P2O5_tot_wt"
  ],
  "selected_models": [],
  "stacking_used": false,
  "stacked_model": true,
  "number_of_models": 1,
  "final_estimator": "svr",
  "final_estimator_params": {
    "svr_C": 0.2683351560280772,
    "svr_epsilon": 0.08191662998278208
  },
  "model_params": {
    "svr": {
      "svr_C": 0.2683351560280772,
      "svr_epsilon": 0.08191662998278208
    }
  },
  "feature_names": [
    "K2O_wt",
    "Fe2O3T_wt",
    "SiO2_wt",
    "Al2O3_wt",
    "P2O5_tot_wt"
  ],
  "use_random_split": true,
  "use_feature_selection": false,
  "model_name": "SVR",
  "error_mean": 1.5629289362746566,
  "error_sdev": 6.1319568526207915,
  "uncertainty_median": 10.338900319535623,
  "uncertainty_mad": 4.527111275984792,
  "uncertainty_measure": 43.78716436051421,
  "feature_importance": {
    "K2O_wt": 0.006214390347605091,
    "Fe2O3T_wt": 0.006875910263996331,
    "SiO2_wt": 0.020050770286361184,
    "Al2O3_wt": -0.00923792571846496,
    "P2O5_tot_wt": 0.42527382667472424
  },
  "run": 1
}