{
  "y_test": [
    0.52,
    0.29,
    0.24,
    0.14,
    0.07,
    0.56,
    0.18,
    6.9,
    0.09,
    0.12,
    6.5,
    0.84,
    6.1,
    1.5,
    0.31,
    8.0,
    1.9,
    0.87,
    0.14,
    0.17,
    0.32,
    0.74,
    0.19,
    0.21,
    0.51,
    0.17,
    1.2,
    0.62,
    5.4,
    0.04,
    0.22,
    6.3,
    25.6,
    0.9,
    25.8,
    0.18,
    1.3,
    0.11,
    6.9,
    0.05,
    0.41,
    0.43,
    0.04,
    2.4,
    0.17
  ],
  "y_pred": [
    2.8797770996115197,
    -0.1723073217960973,
    -2.9249580603446645,
    -0.23447838077709804,
    -0.19355689254181385,
    1.8732222026978391,
    0.3821846126225523,
    -0.2901914426815324,
    -0.42752993071302114,
    1.1502297621308486,
    9.971214851732633,
    -0.6901579999059422,
    6.7502542219253066,
    -1.2048180374781268,
    5.366030293749667,
    3.839363125151671,
    9.454379960627879,
    1.5652709345699733,
    -2.0310383226139734,
    2.0163748093205207,
    -0.9640107667542566,
    1.294195748483908,
    -0.42910626424954756,
    -2.8529276920660678,
    1.8884378117968126,
    -0.011187506711785034,
    1.7148134116831315,
    0.10660467960968134,
    5.222943946730929,
    -0.18165614179930856,
    -0.6427227976940415,
    6.217941110615701,
    21.109085715599782,
    2.735452349899912,
    22.57353827289892,
    2.255578154365949,
    3.6534027041086468,
    -1.3138033111977379,
    3.8934195313656197,
    -0.7722772916112888,
    1.5342589772882178,
    0.8696390299128538,
    -0.3704317806810309,
    -1.4990949165117158,
    -0.4792173964806281
  ],
  "selected_features": [
    "K2O_wt",
    "Fe2O3T_wt",
    "SiO2_wt",
    "Al2O3_wt",
    "P2O5_tot_wt"
  ],
  "selected_models": [],
  "stacking_used": false,
  "stacked_model": true,
  "number_of_models": 1,
  "final_estimator": "lr",
  "final_estimator_params": {},
  "model_params": {
    "lr": {}
  },
  "use_random_split": true,
  "use_feature_selection": false,
  "model_name": "LR",
  "error_mean": 0.28928575413576013,
  "error_sdev": 2.5473492856375666,
  "uncertainty_median": 6.621092539918431,
  "uncertainty_mad": 7.870556248511823,
  "uncertainty_measure": 118.87095975566572,
  "feature_importance": {
    "K2O_wt": 0.02147190574259415,
    "Fe2O3T_wt": 0.14752373425207604,
    "SiO2_wt": 2.063669331179114,
    "Al2O3_wt": 0.17635944529654946,
    "P2O5_tot_wt": 0.07874327540515783
  }
}