{
  "y_test": [
    0.27,
    0.43,
    0.1,
    0.27,
    0.04,
    0.44,
    0.56,
    1.3,
    0.74,
    0.41,
    0.37,
    1.18,
    0.42,
    25.6,
    0.29,
    0.04,
    25.0,
    0.14,
    25.8,
    0.09,
    5.4,
    8.9,
    0.09,
    0.14,
    0.15,
    1.2,
    0.16,
    0.14,
    0.14,
    2.6,
    0.44,
    1.4,
    4.2,
    0.21,
    4.5,
    6.1,
    1.3,
    0.34,
    0.07,
    1.3,
    0.15,
    6.7,
    1.0,
    0.19,
    7.4
  ],
  "y_pred": [
    0.20099999999999998,
    0.267,
    0.33099999999999996,
    1.94,
    0.092,
    0.23500000000000001,
    0.603,
    0.39,
    0.6629999999999999,
    0.23400000000000004,
    0.251,
    0.251,
    0.3949999999999999,
    25.240000000000002,
    0.17500000000000002,
    1.0459999999999998,
    19.305,
    0.21000000000000002,
    21.2,
    0.603,
    4.2,
    8.190000000000001,
    0.5339999999999999,
    0.39175000000000004,
    0.48466666666666675,
    0.37399999999999994,
    0.369,
    0.7150000000000001,
    0.3439999999999999,
    0.453,
    0.32766666666666666,
    1.129,
    4.2,
    0.369,
    8.690000000000001,
    4.2,
    1.2870000000000001,
    0.23399999999999999,
    0.344,
    0.24900000000000003,
    0.14300000000000002,
    6.62,
    0.536,
    0.09300000000000001,
    6.540000000000001
  ],
  "selected_features": [
    "K2O_wt",
    "P2O5_tot_wt"
  ],
  "selected_models": [],
  "stacking_used": false,
  "stacked_model": true,
  "number_of_models": 1,
  "final_estimator": "rf",
  "final_estimator_params": {
    "rf_n_estimators": 10,
    "rf_max_depth": 17
  },
  "model_params": {
    "rf": {
      "rf_n_estimators": 10,
      "rf_max_depth": 17
    }
  },
  "use_random_split": true,
  "use_feature_selection": true,
  "model_name": "RF-FS",
  "error_mean": 0.29024259259259255,
  "error_sdev": 1.4089956231228105,
  "uncertainty_median": 10.840000000000002,
  "uncertainty_mad": 5.885971167361111,
  "uncertainty_measure": 54.2986270051763,
  "feature_importance": {
    "K2O_wt": 0.7995001664500346,
    "Fe2O3T_wt": 1.9972721851265345
  }
}