{
  "y_test": [
    0.27,
    22.1,
    0.41,
    6.2,
    1.47,
    1.0,
    0.04,
    0.14,
    6.1,
    2.4,
    0.09,
    0.02,
    1.9,
    5.4,
    0.19,
    1.3,
    0.17,
    6.9,
    2.4,
    0.05,
    0.4,
    0.15,
    0.17,
    0.4,
    0.73,
    0.21,
    0.15,
    0.04,
    10.4,
    0.87,
    0.07,
    0.9,
    3.8,
    0.18,
    0.34,
    1.8,
    0.56,
    25.0,
    25.6,
    0.14,
    0.14,
    0.04,
    1.3,
    0.14,
    0.21
  ],
  "y_pred": [
    0.36480927670485297,
    26.0134438979287,
    0.7908860577133194,
    7.163804142461809,
    0.7646292452293459,
    1.5363963719723706,
    0.23013209722663897,
    0.14153173944986275,
    4.9237875399708635,
    0.6388878868406036,
    0.2771810467148019,
    0.2825861724511749,
    8.392455506535102,
    2.469734701121425,
    0.11826189515468322,
    4.2828814778882895,
    0.11449077615692582,
    0.5579024611795496,
    0.7960797308853222,
    15.716582257953247,
    0.48271126293056277,
    1.1257459142652406,
    0.3356658944231703,
    0.2706935777792827,
    0.49245530415762584,
    0.5630586177827737,
    3.503301124816365,
    0.19011483929588735,
    11.32390852018834,
    0.5528542828872034,
    4.548005128378222,
    4.759735675043155,
    4.463252408439102,
    0.3673242949774038,
    0.25027192656509856,
    0.26674162544590585,
    0.6003870949174201,
    25.412863564137965,
    25.04839994294875,
    15.844306910712586,
    0.13037924631550046,
    0.312370528300534,
    1.3292200632067765,
    0.5211493995368492,
    1.3208659022029963
  ],
  "selected_features": [
    "K2O_wt",
    "Fe2O3T_wt",
    "SiO2_wt"
  ],
  "selected_models": [],
  "stacking_used": false,
  "stacked_model": true,
  "number_of_models": 1,
  "final_estimator": "gpr",
  "final_estimator_params": {
    "gpr_nu": 0.5,
    "gpr_const": 9.23470481034042,
    "gpr_length_scale": 1.9394318964065518,
    "gpr_alpha": 0.009799872755689784
  },
  "model_params": {
    "gpr": {
      "gpr_nu": 0.5,
      "gpr_const": 9.23470481034042,
      "gpr_length_scale": 1.9394318964065518,
      "gpr_alpha": 0.009799872755689784
    }
  },
  "use_random_split": true,
  "use_feature_selection": true,
  "model_name": "GPR-FS",
  "error_mean": -1.0511610518043022,
  "error_sdev": 3.7529155846794913,
  "uncertainty_median": 6.6647457084994635,
  "uncertainty_mad": 8.940223220323665,
  "uncertainty_measure": 134.14200048056318,
  "feature_importance": {
    "K2O_wt": -0.009706852043262756,
    "Fe2O3T_wt": 0.14331828176443773,
    "SiO2_wt": 1.9853119886187869
  }
}