{
  "y_test": [
    1.3,
    24.5,
    0.51,
    0.25,
    0.04,
    6.2,
    1.53,
    0.17,
    0.07,
    0.1,
    0.19,
    1.4,
    0.04,
    10.4,
    0.18,
    0.36,
    0.09,
    0.14,
    0.27,
    0.14,
    0.07,
    0.22,
    6.9,
    0.14,
    0.05,
    0.15,
    2.4,
    31.8,
    0.29,
    1.44,
    38.0,
    1.5,
    0.12,
    1.18,
    0.14,
    0.29,
    6.2,
    1.2,
    2.4,
    1.3,
    1.9,
    2.7,
    1.8,
    6.5,
    8.7
  ],
  "y_pred": [
    0.614873454905231,
    25.07793388315607,
    -0.0007021469006529557,
    0.39077524696504273,
    0.4764856204429413,
    2.5456976625426466,
    0.8734025573440811,
    0.3046440376631887,
    0.8445392354767542,
    0.44211783085449374,
    0.12254678804829222,
    1.7319860470655093,
    0.08818458280813335,
    7.551868231167564,
    0.22834030603278732,
    0.10575084904042686,
    0.4202139880554099,
    -0.06723512356303418,
    1.379933863580094,
    0.41721846739765933,
    0.30418777057005775,
    0.0949952265767946,
    0.8391325906129543,
    -0.798987462853483,
    0.25534843198866763,
    0.23195505293650154,
    1.1968889062075188,
    31.775355877346108,
    0.03120573922699288,
    1.149449046592228,
    0.9646717134620628,
    0.45746976008269025,
    0.8157969136072509,
    0.7231337130631452,
    -0.5327042016441945,
    0.7370543913220438,
    9.945688830576064,
    0.48552813812179796,
    1.8860415161120516,
    1.1324696537365724,
    8.065109118035737,
    1.2431824165800487,
    1.9673200122176546,
    8.123001392035057,
    7.231285729480378
  ],
  "selected_features": [
    "Fe2O3T_wt",
    "SiO2_wt",
    "P2O5_tot_wt"
  ],
  "selected_models": [],
  "stacking_used": false,
  "stacked_model": true,
  "number_of_models": 1,
  "final_estimator": "gpr",
  "final_estimator_params": {
    "gpr_nu": 1.5,
    "gpr_const": 3.839905551915054,
    "gpr_length_scale": 2.635024766893445,
    "gpr_alpha": 0.009180421058667225
  },
  "model_params": {
    "gpr": {
      "gpr_nu": 1.5,
      "gpr_const": 3.839905551915054,
      "gpr_length_scale": 2.635024766893445,
      "gpr_alpha": 0.009180421058667225
    }
  },
  "use_random_split": true,
  "use_feature_selection": true,
  "model_name": "GPR-FS",
  "error_mean": 0.9643743187094369,
  "error_sdev": 5.754180133542177,
  "uncertainty_median": 4.703499048244841,
  "uncertainty_mad": 7.146622371196045,
  "uncertainty_measure": 151.94267709829515,
  "feature_importance": {
    "K2O_wt": 0.00894926058774418,
    "Fe2O3T_wt": 0.8810211591249975,
    "SiO2_wt": 0.08808293528409193
  }
}