{
  "y_test": [
    0.27,
    0.43,
    0.1,
    0.27,
    0.04,
    0.44,
    0.56,
    1.3,
    0.74,
    0.41,
    0.37,
    1.18,
    0.42,
    25.6,
    0.29,
    0.04,
    25.0,
    0.14,
    25.8,
    0.09,
    5.4,
    8.9,
    0.09,
    0.14,
    0.15,
    1.2,
    0.16,
    0.14,
    0.14,
    2.6,
    0.44,
    1.4,
    4.2,
    0.21,
    4.5,
    6.1,
    1.3,
    0.34,
    0.07,
    1.3,
    0.15,
    6.7,
    1.0,
    0.19,
    7.4
  ],
  "y_pred": [
    0.17015023529529572,
    0.11182232946157455,
    0.3998233675956726,
    1.652113437652588,
    0.2746346890926361,
    0.14580291509628296,
    0.7830544710159302,
    1.3131706714630127,
    0.3605840802192688,
    0.4791431725025177,
    0.26925769448280334,
    0.41369733214378357,
    1.2527772188186646,
    24.828893661499023,
    1.8308331966400146,
    2.940631151199341,
    24.1414794921875,
    0.08861247450113297,
    24.81972885131836,
    1.1793947219848633,
    4.358311653137207,
    10.209441184997559,
    0.3348555564880371,
    5.905975818634033,
    0.3926559090614319,
    0.7315486669540405,
    0.3274252414703369,
    1.0290579795837402,
    0.26259323954582214,
    1.3173717260360718,
    0.29308101534843445,
    1.5268839597702026,
    5.1143293380737305,
    0.5857143998146057,
    6.398050785064697,
    5.1143293380737305,
    1.3318920135498047,
    0.3497006893157959,
    0.8230398893356323,
    0.6405287384986877,
    0.5987023115158081,
    6.958395957946777,
    1.3773976564407349,
    0.1921503096818924,
    6.283824443817139
  ],
  "selected_features": [
    "K2O_wt",
    "Fe2O3T_wt",
    "SiO2_wt",
    "Al2O3_wt",
    "P2O5_tot_wt"
  ],
  "selected_models": [],
  "stacking_used": false,
  "stacked_model": true,
  "number_of_models": 1,
  "final_estimator": "xgb",
  "final_estimator_params": {
    "xgb_n_estimators": 107,
    "xgb_lr": 0.04526499074101507,
    "xgb_max_depth": 10,
    "xgb_subsample": 0.8153172319249051,
    "xgb_colsample": 0.8476614601521544
  },
  "model_params": {
    "xgb": {
      "xgb_n_estimators": 107,
      "xgb_lr": 0.04526499074101507,
      "xgb_max_depth": 10,
      "xgb_subsample": 0.8153172319249051,
      "xgb_colsample": 0.8476614601521544
    }
  },
  "use_random_split": true,
  "use_feature_selection": false,
  "model_name": "XGB",
  "error_mean": -0.2711747330294714,
  "error_sdev": 1.1852772447474427,
  "uncertainty_median": 10.736343383789062,
  "uncertainty_mad": 6.063478946685791,
  "uncertainty_measure": 56.47620171911708,
  "feature_importance": {
    "K2O_wt": 0.13500245420360998,
    "Fe2O3T_wt": 0.03138493949082843,
    "SiO2_wt": 0.6244761897313985,
    "Al2O3_wt": 0.01257816081560626,
    "P2O5_tot_wt": 0.9176749805900712
  }
}