{
  "y_test": [
    0.19,
    0.04,
    1.44,
    5.4,
    0.12,
    0.35,
    0.47,
    0.19,
    10.4,
    6.7,
    0.16,
    0.04,
    0.25,
    0.27,
    34.0,
    0.04,
    2.4,
    0.04,
    6.9,
    0.21,
    4.2,
    0.34,
    0.43,
    6.3,
    6.2,
    3.4,
    4.5,
    0.12,
    1.4,
    31.8,
    0.62,
    1.0,
    0.07,
    0.57,
    0.68,
    2.6,
    0.07,
    0.18,
    1.5,
    0.15,
    0.04,
    0.04,
    0.17,
    0.15,
    0.05
  ],
  "y_pred": [
    0.4510689300183181,
    1.34123122662505,
    0.3147189382011523,
    7.529318938286832,
    0.33635190918267555,
    0.9591203707400434,
    0.5633484954342124,
    0.35693521291946867,
    8.537560741952012,
    8.77129505142771,
    0.32292142393054496,
    0.42489794784458745,
    0.586222295477348,
    2.0995515774329476,
    24.62791173570018,
    0.3518929071654604,
    1.69037236525803,
    0.6648490805486632,
    7.225235070994415,
    0.3033119689994227,
    6.0039877576955885,
    0.7986784534780245,
    0.35669946095531535,
    7.100162291489772,
    9.212464741637163,
    3.9116489202744047,
    7.5448778188950785,
    1.8503418254729032,
    2.3208099887458347,
    24.64118068611347,
    0.6497617550540511,
    1.3679648771809196,
    0.4258591146870779,
    0.4359532676531371,
    0.8249704917341486,
    1.8534075809539008,
    0.9594598058702286,
    0.3645240619846777,
    1.4962890397245303,
    0.6343010917749332,
    0.3639753623114843,
    0.654207985802038,
    0.4748852490708213,
    0.4267717151029701,
    12.851295606574894
  ],
  "selected_features": [
    "SiO2_wt",
    "P2O5_tot_wt"
  ],
  "selected_models": [],
  "stacking_used": false,
  "stacked_model": true,
  "number_of_models": 1,
  "final_estimator": "et",
  "final_estimator_params": {
    "et_n_estimators": 169,
    "et_max_depth": 5,
    "et_min_samples_split": 5,
    "et_min_samples_leaf": 1,
    "et_bootstrap": false
  },
  "model_params": {
    "et": {
      "et_n_estimators": 169,
      "et_max_depth": 5,
      "et_min_samples_split": 5,
      "et_min_samples_leaf": 1,
      "et_bootstrap": false
    }
  },
  "use_random_split": true,
  "use_feature_selection": true,
  "model_name": "ET-FS",
  "error_mean": -0.4176132252972542,
  "error_sdev": 2.799175214592816,
  "uncertainty_median": 7.292473348615054,
  "uncertainty_mad": 5.698215475432473,
  "uncertainty_measure": 78.1383105982094,
  "feature_importance": {
    "K2O_wt": 0.9053578675330505,
    "Fe2O3T_wt": 0.26039096417062724
  }
}