{
  "y_test": [
    0.52,
    2.7,
    0.47,
    7.0,
    1.3,
    1.53,
    0.25,
    4.2,
    6.7,
    1.9,
    0.21,
    0.25,
    0.22,
    0.19,
    1.0,
    0.27,
    0.17,
    6.9,
    8.7,
    1.4,
    0.36,
    1.44,
    0.14,
    24.5,
    0.19,
    0.19,
    6.0,
    4.2,
    1.47,
    0.03,
    6.2,
    1.18,
    0.57,
    0.29,
    6.2,
    3.4,
    1.9,
    0.04,
    1.3,
    0.23,
    5.1,
    0.84,
    1.2,
    6.5,
    0.09
  ],
  "y_pred": [
    1.9904043778151883,
    1.1563613950168725,
    0.24334845836191432,
    6.09412821237785,
    4.788501783841156,
    3.736234248914698,
    1.2555012442922382,
    5.8208275506361815,
    4.764908012732999,
    8.11180922633012,
    -1.190768937990447,
    2.2146068520838678,
    0.15550481339429068,
    -0.845742081016303,
    4.092313632486311,
    2.837199227308257,
    1.1717545574315156,
    4.664268321998819,
    7.99921446870858,
    4.791202565919397,
    0.0582489392824761,
    1.4694000415105886,
    -0.31842631272974886,
    21.121186645167466,
    -1.0749499036656478,
    -0.29916047147562574,
    6.040566912576116,
    4.888977457951583,
    0.8136362278282472,
    0.0025387712263014173,
    1.1207867169533787,
    0.8829523090882172,
    -0.364370319362886,
    0.06454861335088635,
    3.183323397467919,
    5.4436540217740195,
    3.4393159122175914,
    0.03198562045094944,
    2.1059860942208295,
    0.6334389424904461,
    5.517668958448965,
    -0.8513065879910262,
    1.3743612191719285,
    8.081197060925245,
    1.0108695823464706
  ],
  "selected_features": [
    "SiO2_wt",
    "Al2O3_wt"
  ],
  "selected_models": [],
  "stacking_used": false,
  "stacked_model": true,
  "number_of_models": 1,
  "final_estimator": "ann",
  "final_estimator_params": {
    "ann_hidden": 68,
    "ann_alpha": 0.09515387187769768
  },
  "model_params": {
    "ann": {
      "ann_hidden": 68,
      "ann_alpha": 0.09515387187769768
    }
  },
  "use_random_split": true,
  "use_feature_selection": true,
  "model_name": "ANN-FS",
  "error_mean": -0.19528906177484878,
  "error_sdev": 1.9765712886271318,
  "uncertainty_median": 4.620942388149101,
  "uncertainty_mad": 5.064341817833153,
  "uncertainty_measure": 109.5954329753428,
  "feature_importance": {
    "K2O_wt": 1.6813888789891345,
    "Fe2O3T_wt": 0.38614743129658635
  }
}