{
  "y_test": [
    1.3,
    24.5,
    0.51,
    0.25,
    0.04,
    6.2,
    1.53,
    0.17,
    0.07,
    0.1,
    0.19,
    1.4,
    0.04,
    10.4,
    0.18,
    0.36,
    0.09,
    0.14,
    0.27,
    0.14,
    0.07,
    0.22,
    6.9,
    0.14,
    0.05,
    0.15,
    2.4,
    31.8,
    0.29,
    1.44,
    38.0,
    1.5,
    0.12,
    1.18,
    0.14,
    0.29,
    6.2,
    1.2,
    2.4,
    1.3,
    1.9,
    2.7,
    1.8,
    6.5,
    8.7
  ],
  "y_pred": [
    0.31208908557891846,
    25.601125717163086,
    0.2567467987537384,
    0.14999587833881378,
    0.19950932264328003,
    5.2614970207214355,
    0.2631939649581909,
    0.2776445150375366,
    0.9422279596328735,
    0.20238791406154633,
    0.16584762930870056,
    1.4334743022918701,
    0.16402168571949005,
    6.7142534255981445,
    0.25156983733177185,
    0.3705683648586273,
    0.04214838147163391,
    0.2047065645456314,
    1.0138812065124512,
    0.2157835066318512,
    0.19693796336650848,
    0.6098329424858093,
    1.1551554203033447,
    0.8234450221061707,
    0.27754461765289307,
    0.22303146123886108,
    1.5937522649765015,
    30.81473159790039,
    1.1066769361495972,
    1.1467535495758057,
    6.650356769561768,
    0.933765172958374,
    0.2046312838792801,
    0.40123051404953003,
    5.170032978057861,
    0.11820145696401596,
    7.434760570526123,
    0.45435139536857605,
    1.7400949001312256,
    1.3610670566558838,
    3.943258285522461,
    1.6407228708267212,
    7.239227294921875,
    10.092965126037598,
    10.346868515014648
  ],
  "selected_features": [
    "K2O_wt",
    "Fe2O3T_wt",
    "SiO2_wt",
    "Al2O3_wt",
    "P2O5_tot_wt"
  ],
  "selected_models": [],
  "stacking_used": false,
  "stacked_model": true,
  "number_of_models": 1,
  "final_estimator": "xgb",
  "final_estimator_params": {
    "xgb_n_estimators": 124,
    "xgb_lr": 0.184972323492943,
    "xgb_max_depth": 6,
    "xgb_subsample": 0.9831340233309501,
    "xgb_colsample": 0.9150242894154801
  },
  "model_params": {
    "xgb": {
      "xgb_n_estimators": 124,
      "xgb_lr": 0.184972323492943,
      "xgb_max_depth": 6,
      "xgb_subsample": 0.9831340233309501,
      "xgb_colsample": 0.9150242894154801
    }
  },
  "use_random_split": true,
  "use_feature_selection": false,
  "model_name": "XGB",
  "error_mean": 0.5677317989468575,
  "error_sdev": 5.007682063440321,
  "uncertainty_median": 8.005281448364258,
  "uncertainty_mad": 4.895640850067139,
  "uncertainty_measure": 61.155137163447,
  "feature_importance": {
    "K2O_wt": 0.009070197416515643,
    "Fe2O3T_wt": 0.022330304054519776,
    "SiO2_wt": 0.4274859313539849,
    "Al2O3_wt": 0.008337087607470085,
    "P2O5_tot_wt": 0.2930995257917155
  }
}