{
  "y_test": [
    1.3,
    4.2,
    0.09,
    25.6,
    6.9,
    2.6,
    0.04,
    31.8,
    0.52,
    0.34,
    1.4,
    0.37,
    0.12,
    0.12,
    0.4,
    1.8,
    0.15,
    0.14,
    0.19,
    6.2,
    1.4,
    6.0,
    6.3,
    0.04,
    0.15,
    0.04,
    0.17,
    1.9,
    6.5,
    0.09,
    1.3,
    0.32,
    2.4,
    4.5,
    0.11,
    6.7,
    0.13,
    0.1,
    0.84,
    25.0,
    25.8,
    0.18,
    0.47,
    0.37,
    0.43
  ],
  "y_pred": [
    2.441824056221688,
    12.651878109407486,
    0.15494567845023713,
    27.075372986420852,
    5.213119948995082,
    4.228618022625675,
    0.308734052353654,
    27.973789069274012,
    0.22010604369460685,
    2.3801976516552035,
    1.690933337487109,
    0.5128042696531716,
    0.8764124316123678,
    8.962067316688413,
    0.5002807907457882,
    1.9207275865004538,
    1.4989760429115424,
    14.84258000025509,
    0.14033515168964358,
    2.5049263892965983,
    2.19760420083041,
    4.347765866604418,
    8.545260915141856,
    0.5792922443054093,
    0.13808836647330536,
    0.1256582517374056,
    0.2400433697380069,
    3.3374435301749337,
    8.381295793599195,
    7.213687347520886,
    0.49367772664601267,
    0.5358941097080518,
    2.5917901660757874,
    4.163521135342283,
    0.4418620793731295,
    5.169077692675238,
    0.21184339111093137,
    0.24693621679794336,
    0.3077557869540939,
    25.457573238836808,
    26.68252955908437,
    0.19171069562507248,
    0.4483057520917054,
    0.2972121790197967,
    0.11585556491066673
  ],
  "selected_features": [
    "K2O_wt",
    "Fe2O3T_wt",
    "SiO2_wt",
    "Al2O3_wt",
    "P2O5_tot_wt"
  ],
  "selected_models": [],
  "stacking_used": false,
  "stacked_model": true,
  "number_of_models": 1,
  "final_estimator": "knn",
  "final_estimator_params": {
    "knn_n": 5,
    "knn_weights": "distance"
  },
  "model_params": {
    "knn": {
      "knn_n": 5,
      "knn_weights": "distance"
    }
  },
  "use_random_split": true,
  "use_feature_selection": false,
  "model_name": "KNN",
  "error_mean": -0.9564514248070308,
  "error_sdev": 3.1569149558782583,
  "uncertainty_median": 5.978091268414355,
  "uncertainty_mad": 7.562266246880841,
  "uncertainty_measure": 126.49967869906204,
  "feature_importance": {
    "K2O_wt": -0.014706841384424556,
    "Fe2O3T_wt": 0.010437001024162633,
    "SiO2_wt": 1.7495053440288615,
    "Al2O3_wt": -0.004459212467475649,
    "P2O5_tot_wt": 0.0071091391426079354
  }
}