{
  "y_test": [
    1.5,
    2.4,
    3.8,
    0.41,
    0.07,
    0.42,
    0.4,
    0.44,
    0.04,
    6.7,
    5.1,
    0.36,
    0.47,
    1.3,
    25.6,
    6.5,
    0.04,
    2.4,
    0.14,
    6.3,
    0.22,
    0.14,
    0.03,
    0.11,
    6.9,
    8.0,
    1.8,
    0.15,
    0.1,
    0.52,
    1.9,
    2.7,
    34.0,
    0.09,
    0.51,
    0.05,
    7.4,
    25.0,
    0.15,
    0.14,
    0.73,
    38.0,
    1.2,
    0.12,
    0.23
  ],
  "y_pred": [
    0.35708270211256676,
    0.4631356575705838,
    2.8001787460679566,
    0.9724472502922846,
    4.181884412555344,
    3.480626267163915,
    0.24427816975371275,
    0.2892657247023824,
    0.42459873009205773,
    4.38835406732654,
    3.6376538618182988,
    0.19971607225878985,
    0.3119881281959656,
    1.5934130256082502,
    26.259871835262185,
    8.52381137519565,
    0.29945144940412294,
    0.7905828762158068,
    1.126363138148227,
    1.9718137558594777,
    0.3690457422470711,
    0.5169405390644458,
    0.2695671209072462,
    0.5350290312992388,
    0.46237911539308346,
    4.2541874649603,
    0.4916686363780213,
    2.105262097089055,
    0.23116842214790417,
    0.5291872029764013,
    7.560691413471011,
    0.5950439434229212,
    27.381001476234992,
    0.2737696537623852,
    0.15408842936323772,
    19.59972213547521,
    8.371955669754719,
    26.444097140382116,
    0.21280277970377834,
    0.21142025808624737,
    0.5048409617238592,
    1.1922375461260237,
    0.5099055352439338,
    0.14807069029396905,
    0.14718703904417088
  ],
  "selected_features": [
    "K2O_wt",
    "Fe2O3T_wt",
    "SiO2_wt",
    "Al2O3_wt",
    "P2O5_tot_wt"
  ],
  "selected_models": [],
  "stacking_used": false,
  "stacked_model": true,
  "number_of_models": 1,
  "final_estimator": "knn",
  "final_estimator_params": {
    "knn_n": 4,
    "knn_weights": "distance"
  },
  "model_params": {
    "knn": {
      "knn_n": 4,
      "knn_weights": "distance"
    }
  },
  "use_random_split": true,
  "use_feature_selection": false,
  "model_name": "KNN",
  "error_mean": 0.6487158379965453,
  "error_sdev": 6.624457167495045,
  "uncertainty_median": 4.200819137033456,
  "uncertainty_mad": 8.120612111848274,
  "uncertainty_measure": 193.31020562772687,
  "feature_importance": {
    "K2O_wt": -0.0006893569970194913,
    "Fe2O3T_wt": -0.019633171064423638,
    "SiO2_wt": 1.0910312723386097,
    "Al2O3_wt": 0.0004511382540049869,
    "P2O5_tot_wt": 0.0026010705655780974
  }
}