{
  "y_test": [
    0.13,
    0.29,
    1.5,
    0.04,
    0.12,
    0.34,
    0.27,
    0.17,
    25.8,
    25.0,
    0.37,
    7.0,
    0.21,
    38.0,
    0.51,
    1.3,
    0.16,
    0.37,
    0.15,
    0.34,
    0.19,
    0.14,
    6.7,
    0.14,
    0.44,
    1.18,
    4.2,
    0.29,
    1.3,
    0.23,
    0.09,
    6.6,
    0.15,
    0.03,
    0.36,
    6.5,
    31.8,
    0.17,
    1.47,
    6.1,
    1.44,
    2.6,
    0.15,
    0.19,
    0.24
  ],
  "y_pred": [
    3.162827996378166,
    -1.0225746006687295,
    -0.891558387691294,
    -0.17820576786466447,
    1.5356079428017928,
    1.0612534126496769,
    3.050484148190609,
    0.8506388521149688,
    23.354220971852865,
    18.78584107586977,
    6.788955201074717,
    7.789605278421508,
    -0.06781572125237645,
    5.8153417235876645,
    1.7384147318404182,
    3.609851277552057,
    2.4495983079140053,
    0.5088839781330456,
    2.991052371956055,
    2.6297635702875297,
    -0.32306661700961214,
    0.8135074334037533,
    3.963986536542503,
    3.196587198131109,
    0.7491027885839863,
    -0.0765077560021048,
    6.022097739056008,
    -1.0463711963858024,
    1.686566634110612,
    0.8533538102755962,
    10.506345544983564,
    7.987690556148792,
    1.5271100062244791,
    0.2516692683698061,
    0.34144358868609714,
    9.76014497324589,
    23.883217295330923,
    1.8481936154570242,
    0.2688452971002171,
    6.431317595909995,
    -1.525017983177893,
    3.060557285278474,
    0.36415377962874373,
    -0.936596502154547,
    -2.0027174869739817
  ],
  "selected_features": [
    "Fe2O3T_wt",
    "SiO2_wt",
    "Al2O3_wt",
    "P2O5_tot_wt"
  ],
  "selected_models": [],
  "stacking_used": false,
  "stacked_model": true,
  "number_of_models": 1,
  "final_estimator": "lr",
  "final_estimator_params": {},
  "model_params": {
    "lr": {}
  },
  "use_random_split": true,
  "use_feature_selection": true,
  "model_name": "LR-FS",
  "error_mean": 0.29338222737974623,
  "error_sdev": 5.643910616669679,
  "uncertainty_median": 7.812462549236056,
  "uncertainty_mad": 7.05458432556599,
  "uncertainty_measure": 90.29911223389897,
  "feature_importance": {
    "K2O_wt": 0.036843667084004085,
    "Fe2O3T_wt": 0.8831772065271722,
    "SiO2_wt": 0.13343431524359314,
    "Al2O3_wt": 0.04643170994178983
  }
}