{
  "y_test": [
    0.09,
    4.2,
    1.3,
    7.4,
    0.15,
    6.9,
    1.9,
    0.1,
    38.0,
    11.7,
    0.03,
    6.6,
    5.7,
    0.44,
    0.17,
    6.7,
    0.84,
    6.3,
    0.22,
    1.3,
    0.14,
    0.25,
    0.12,
    0.05,
    0.14,
    0.04,
    0.4,
    0.04,
    0.12,
    5.4,
    0.11,
    2.4,
    8.9,
    6.1,
    0.09,
    1.4,
    1.53,
    0.68,
    0.18,
    3.4,
    1.8,
    0.15,
    6.2,
    2.6,
    0.12
  ],
  "y_pred": [
    3.401952931673951,
    5.652079977466887,
    1.1720750229482544,
    7.200692286611091,
    0.9819851256924039,
    4.493687939869564,
    1.7909350314383197,
    0.4888951206711756,
    2.6438290981867514,
    4.717323303058426,
    -0.014032610485845254,
    6.4889757587765935,
    3.050170765322422,
    0.23706938541299927,
    -0.5394766657472259,
    4.670210096219187,
    -0.46451001044489715,
    6.285493722081853,
    0.17246691318044416,
    2.6438675037377006,
    -1.6387653863174378,
    1.2801969092346424,
    -0.7282109775266434,
    -1.2062759328355703,
    0.4477913880181399,
    -0.549303870356681,
    0.3608580852961012,
    -0.6600328323495299,
    3.3283545853451066,
    3.2614175654532627,
    -1.7187470434731846,
    2.476038046942638,
    2.848263598575797,
    3.3838974734364515,
    0.17199671513118187,
    2.615404114778519,
    1.999587101698487,
    0.8956779209235046,
    0.49690318563970237,
    2.9424613825345363,
    1.2890096154506345,
    1.2758579866520154,
    1.4758867808925356,
    2.4643763449958875,
    1.7148979633689851
  ],
  "selected_features": [
    "K2O_wt",
    "Fe2O3T_wt",
    "SiO2_wt",
    "Al2O3_wt",
    "P2O5_tot_wt"
  ],
  "selected_models": [],
  "stacking_used": false,
  "stacked_model": true,
  "number_of_models": 1,
  "final_estimator": "svr",
  "final_estimator_params": {
    "svr_C": 2.234295389074809,
    "svr_epsilon": 0.5739407628635755
  },
  "model_params": {
    "svr": {
      "svr_C": 2.234295389074809,
      "svr_epsilon": 0.5739407628635755
    }
  },
  "use_random_split": true,
  "use_feature_selection": false,
  "model_name": "SVR",
  "error_mean": 1.3133059685071304,
  "error_sdev": 5.548003383170274,
  "uncertainty_median": 2.537558896169595,
  "uncertainty_mad": 1.7921240297437742,
  "uncertainty_measure": 70.62393832312452,
  "feature_importance": {
    "K2O_wt": -0.0008089642371827643,
    "Fe2O3T_wt": -0.0036610245347982583,
    "SiO2_wt": 0.12679192775761736,
    "Al2O3_wt": 0.02239461609839996,
    "P2O5_tot_wt": 0.11443255680605768
  }
}