{
  "y_test": [
    8.7,
    1.3,
    0.52,
    0.57,
    1.4,
    0.1,
    0.23,
    0.51,
    0.19,
    0.44,
    0.27,
    0.41,
    0.09,
    0.34,
    0.35,
    0.46,
    0.14,
    0.4,
    0.14,
    0.07,
    0.21,
    0.43,
    1.53,
    0.42,
    2.7,
    0.68,
    8.0,
    10.4,
    0.04,
    2.4,
    2.4,
    0.15,
    0.19,
    0.47,
    0.24,
    5.1,
    0.04,
    0.37,
    0.18,
    2.4,
    5.4,
    7.4,
    0.14,
    4.5,
    0.13
  ],
  "y_pred": [
    6.7064583833058835,
    3.150233090242682,
    -0.27093194246740104,
    0.4002210848101204,
    1.9261441488539481,
    0.7238494008475049,
    0.43384720367133633,
    -0.6210914487275909,
    -0.6554061372960396,
    0.6117616635574263,
    -0.13480339105552464,
    0.3588526857270491,
    -0.1449858598394771,
    1.1643853507801838,
    0.6127459637309318,
    1.0323853966978396,
    0.13526654808857508,
    -0.06340173762915224,
    5.150886203877416,
    -0.281378422256199,
    2.280973949787127,
    0.2629583216575462,
    -0.10780970393856748,
    -0.21669052793245935,
    2.283829327543414,
    1.3944435758246119,
    6.735558628663603,
    6.721320521070263,
    -0.09562006561784031,
    0.9867465025629247,
    1.7035339105970864,
    0.4205923447412201,
    0.3511222500280189,
    0.6088447623111968,
    0.48620811157522903,
    4.82894020775568,
    0.0772876955655013,
    0.08134279507740327,
    0.08507430908118874,
    3.134585172986446,
    2.5877282946023987,
    7.447197631492006,
    0.4215858707997935,
    4.620052025903778,
    0.7063884042848811
  ],
  "selected_features": [
    "K2O_wt",
    "Al2O3_wt",
    "P2O5_tot_wt"
  ],
  "selected_models": [],
  "stacking_used": false,
  "stacked_model": true,
  "number_of_models": 1,
  "final_estimator": "gpr",
  "final_estimator_params": {
    "gpr_nu": 0.5,
    "gpr_const": 4.366841311341315,
    "gpr_length_scale": 0.9511487343873402,
    "gpr_alpha": 0.0007806207474001365
  },
  "model_params": {
    "gpr": {
      "gpr_nu": 0.5,
      "gpr_const": 4.366841311341315,
      "gpr_length_scale": 0.9511487343873402,
      "gpr_alpha": 0.0007806207474001365
    }
  },
  "use_random_split": true,
  "use_feature_selection": true,
  "model_name": "GPR-FS",
  "error_mean": 0.1001948333035119,
  "error_sdev": 1.2793816050895663,
  "uncertainty_median": 5.843689894057732,
  "uncertainty_mad": 3.0824617537526673,
  "uncertainty_measure": 52.74855116605567,
  "feature_importance": {
    "K2O_wt": 0.3852945172911494,
    "Fe2O3T_wt": 0.6437392450306391,
    "SiO2_wt": 2.0927899227507214
  }
}