{
  "y_test": [
    0.27,
    22.1,
    0.41,
    6.2,
    1.47,
    1.0,
    0.04,
    0.14,
    6.1,
    2.4,
    0.09,
    0.02,
    1.9,
    5.4,
    0.19,
    1.3,
    0.17,
    6.9,
    2.4,
    0.05,
    0.4,
    0.15,
    0.17,
    0.4,
    0.73,
    0.21,
    0.15,
    0.04,
    10.4,
    0.87,
    0.07,
    0.9,
    3.8,
    0.18,
    0.34,
    1.8,
    0.56,
    25.0,
    25.6,
    0.14,
    0.14,
    0.04,
    1.3,
    0.14,
    0.21
  ],
  "y_pred": [
    0.2444138583273944,
    26.64249999999999,
    0.6232969502702984,
    7.00939460192585,
    1.232999006982602,
    1.144353608630952,
    0.23185433724822224,
    0.18796437492461104,
    5.322624999999997,
    1.0967959337741509,
    0.26369547324432147,
    2.480700556734933,
    2.7342447916666663,
    5.809096861471863,
    0.1558233419540986,
    1.3561799107142858,
    0.180945776657016,
    1.148280920060332,
    2.102571178300866,
    18.068921521521535,
    0.37238380814281796,
    0.8612258384844325,
    0.2992818859643529,
    0.17070987126854484,
    0.5478751582006636,
    0.6050208060318806,
    0.49131288464842005,
    0.18797330387942807,
    7.321250000000002,
    0.6882540164322333,
    1.1549536086309533,
    1.1711713169642857,
    5.418875000000002,
    0.2592006437432385,
    0.3504523360223784,
    21.48583333333334,
    0.3018988555326113,
    24.550625000000004,
    25.380000000000003,
    0.48027767902497426,
    0.3000589631729268,
    0.31620853323581916,
    0.9239727363782058,
    0.3905047784319528,
    1.1057728165064107
  ],
  "selected_features": [
    "K2O_wt",
    "Fe2O3T_wt",
    "SiO2_wt",
    "Al2O3_wt",
    "P2O5_tot_wt"
  ],
  "selected_models": [],
  "stacking_used": false,
  "stacked_model": true,
  "number_of_models": 1,
  "final_estimator": "rf",
  "final_estimator_params": {
    "rf_n_estimators": 80,
    "rf_max_depth": 8
  },
  "model_params": {
    "rf": {
      "rf_n_estimators": 80,
      "rf_max_depth": 8
    }
  },
  "use_random_split": true,
  "use_feature_selection": false,
  "model_name": "RF",
  "error_mean": -0.9084833595208859,
  "error_sdev": 4.141764770519313,
  "uncertainty_median": 13.82114983974359,
  "uncertainty_mad": 6.973655053282639,
  "uncertainty_measure": 50.45640293421502,
  "feature_importance": {
    "K2O_wt": 0.072495835212455,
    "Fe2O3T_wt": 0.20695119181336635,
    "SiO2_wt": 0.8284374370833735,
    "Al2O3_wt": 0.021019889417266676,
    "P2O5_tot_wt": 1.258232853065413
  }
}