{
  "y_test": [
    7.0,
    0.03,
    6.5,
    0.56,
    0.14,
    1.3,
    0.04,
    2.6,
    0.07,
    0.24,
    0.17,
    0.52,
    1.18,
    0.04,
    0.36,
    0.05,
    6.9,
    0.17,
    2.7,
    0.9,
    1.4,
    0.1,
    5.4,
    4.2,
    0.27,
    34.0,
    1.9,
    6.7,
    1.3,
    2.4,
    6.0,
    0.37,
    0.16,
    0.15,
    0.02,
    0.23,
    22.1,
    0.34,
    1.2,
    0.68,
    0.17,
    6.7,
    31.8,
    0.46,
    6.1
  ],
  "y_pred": [
    6.780487804878056,
    0.3599024390243903,
    10.424390243902453,
    0.4317073170731706,
    0.17341463414634123,
    0.24914634146341455,
    0.25337398373983727,
    1.0304878048780484,
    0.5432926829268294,
    0.3386585365853658,
    0.2337804878048779,
    0.22453455284552842,
    0.4541463414634149,
    0.34963414634146345,
    0.2753211382113822,
    0.32714837398373997,
    6.102439024390242,
    0.39743902439024387,
    2.479878048780491,
    0.9281707317073166,
    1.697560975609756,
    0.3033333333333333,
    5.2078048780487824,
    7.132926829268298,
    0.20947154471544704,
    25.60365853658534,
    3.2691463414634154,
    6.1463414634146325,
    1.7170731707317075,
    2.8398780487804913,
    4.220731707317072,
    0.27991869918699197,
    0.2595426829268292,
    0.30103658536585376,
    3.4608536585365877,
    0.2324143437862949,
    25.36829268292681,
    0.25900000000000006,
    0.23853658536585348,
    0.2565650406504065,
    0.4403963414634145,
    7.048780487804875,
    25.340243902439,
    0.2584451219512194,
    4.189024390243902
  ],
  "selected_features": [
    "K2O_wt",
    "SiO2_wt",
    "P2O5_tot_wt"
  ],
  "selected_models": [],
  "stacking_used": false,
  "stacked_model": true,
  "number_of_models": 1,
  "final_estimator": "rf",
  "final_estimator_params": {
    "rf_n_estimators": 82,
    "rf_max_depth": 15
  },
  "model_params": {
    "rf": {
      "rf_n_estimators": 82,
      "rf_max_depth": 15
    }
  },
  "feature_names": [
    "K2O_wt",
    "Fe2O3T_wt",
    "SiO2_wt",
    "Al2O3_wt",
    "P2O5_tot_wt"
  ],
  "use_random_split": true,
  "use_feature_selection": true,
  "model_name": "RF-FS",
  "error_mean": 0.155148199767713,
  "error_sdev": 1.9894480746417382,
  "uncertainty_median": 9.52439024390244,
  "uncertainty_mad": 6.770662641731995,
  "uncertainty_measure": 71.08762312701967,
  "feature_importance": {
    "K2O_wt": 0.19312036322036735,
    "Fe2O3T_wt": 0.43227274697433254,
    "SiO2_wt": 0.7115972408449898
  },
  "run": 6
}