{
  "y_test": [
    2.7,
    5.4,
    10.1,
    0.41,
    1.2,
    0.36,
    0.4,
    0.12,
    0.1,
    0.32,
    0.52,
    1.9,
    0.19,
    0.04,
    0.56,
    0.37,
    0.09,
    0.31,
    0.15,
    0.18,
    0.14,
    0.84,
    0.62,
    0.36,
    4.2,
    0.42,
    3.4,
    6.0,
    1.9,
    0.14,
    4.2,
    0.44,
    29.4,
    6.1,
    0.15,
    0.25,
    0.74,
    0.19,
    1.4,
    6.2,
    1.44,
    0.04,
    0.04,
    1.8,
    0.18
  ],
  "y_pred": [
    1.4525043689900397,
    3.84826041226734,
    9.08746793175802,
    1.4042118873116927,
    1.5068636828966326,
    -0.9464235435385451,
    1.8357498100477319,
    -1.7288077587365311,
    0.10640846100874946,
    -0.20151742675502327,
    1.2047853194498668,
    2.841773108309381,
    -1.0629381822749675,
    -0.8265047342914986,
    0.7338946601593559,
    0.025217768441695654,
    -0.5358584593195861,
    2.3985763103524675,
    1.6643875816199518,
    -0.4736640324638124,
    -1.1871207990409989,
    -0.5602107998278036,
    0.02133603202900325,
    -0.16116951005937885,
    4.490926958028657,
    3.2376785424850603,
    3.982431137190863,
    4.5732274498355405,
    5.401755934967392,
    -0.1447997077120835,
    4.467133744353706,
    -0.1250582620284053,
    17.491780577248296,
    4.524091241112625,
    -0.21357477283779325,
    1.3171920521715155,
    0.752363654365583,
    -2.587023692139189,
    3.0352437017156593,
    6.331415739299937,
    1.1109923805588604,
    -0.8026398490141471,
    0.03147809239320409,
    0.9313934125750496,
    0.7275742994272445
  ],
  "selected_features": [
    "K2O_wt",
    "SiO2_wt",
    "Al2O3_wt",
    "P2O5_tot_wt"
  ],
  "selected_models": [],
  "stacking_used": false,
  "stacked_model": true,
  "number_of_models": 1,
  "final_estimator": "svr",
  "final_estimator_params": {
    "svr_C": 4.631786902830254,
    "svr_epsilon": 0.04829882166908781
  },
  "model_params": {
    "svr": {
      "svr_C": 4.631786902830254,
      "svr_epsilon": 0.04829882166908781
    }
  },
  "use_random_split": true,
  "use_feature_selection": true,
  "model_name": "SVR-FS",
  "error_mean": 0.3784265617259697,
  "error_sdev": 2.151675317713455,
  "uncertainty_median": 7.1230896672442565,
  "uncertainty_mad": 3.2930703168671793,
  "uncertainty_measure": 46.2309260546089,
  "feature_importance": {
    "K2O_wt": 0.015479140016250932,
    "Fe2O3T_wt": 0.5706323458396146,
    "SiO2_wt": 0.02571992476480686,
    "Al2O3_wt": 0.43913057179838993
  }
}