{
  "y_test": [
    0.27,
    22.1,
    0.41,
    6.2,
    1.47,
    1.0,
    0.04,
    0.14,
    6.1,
    2.4,
    0.09,
    0.02,
    1.9,
    5.4,
    0.19,
    1.3,
    0.17,
    6.9,
    2.4,
    0.05,
    0.4,
    0.15,
    0.17,
    0.4,
    0.73,
    0.21,
    0.15,
    0.04,
    10.4,
    0.87,
    0.07,
    0.9,
    3.8,
    0.18,
    0.34,
    1.8,
    0.56,
    25.0,
    25.6,
    0.14,
    0.14,
    0.04,
    1.3,
    0.14,
    0.21
  ],
  "y_pred": [
    11.67263425606615,
    28.183955375477556,
    10.922102406711346,
    10.396430161533608,
    9.003085318399076,
    11.474316737764909,
    8.7940892204319,
    8.063605531209966,
    13.353288468646909,
    8.680776632676412,
    9.07766818865419,
    9.20629214122144,
    15.07447608744882,
    12.777184826406483,
    7.614742673159711,
    12.133605141812343,
    8.397075943713926,
    8.521551075523409,
    10.64638769852995,
    18.174658192376754,
    9.14133092612174,
    9.600701766993318,
    10.162572515771608,
    8.896625334137614,
    8.698708751076705,
    6.867038326066492,
    10.944047903242762,
    8.66646427831554,
    16.813620373927577,
    10.43344711592853,
    9.626648716618057,
    11.550241687937437,
    12.716440734560134,
    10.374280475241065,
    10.73796876669369,
    9.461489961512981,
    10.295622360052764,
    23.094025699129205,
    24.04394449004902,
    12.786324964679071,
    11.011574665855026,
    12.000898190874182,
    10.199869260965954,
    11.766289501850874,
    8.838526247860191
  ],
  "selected_features": [
    "K2O_wt",
    "SiO2_wt",
    "Al2O3_wt"
  ],
  "selected_models": [],
  "stacking_used": false,
  "stacked_model": true,
  "number_of_models": 1,
  "final_estimator": "svr",
  "final_estimator_params": {
    "svr_C": 9.744015296323647,
    "svr_epsilon": 0.2900717091558374
  },
  "model_params": {
    "svr": {
      "svr_C": 9.744015296323647,
      "svr_epsilon": 0.2900717091558374
    }
  },
  "use_random_split": true,
  "use_feature_selection": true,
  "model_name": "SVR-FS",
  "error_mean": -8.635702868738363,
  "error_sdev": 3.3865385916633355,
  "uncertainty_median": 14.98448362552497,
  "uncertainty_mad": 5.125907621362968,
  "uncertainty_measure": 34.20810319169998,
  "feature_importance": {
    "K2O_wt": -0.002098012985589248,
    "Fe2O3T_wt": 0.9889253835310474,
    "SiO2_wt": 0.22264511738020346
  }
}