{
  "y_test": [
    1.53,
    4.2,
    8.7,
    0.24,
    0.04,
    0.35,
    3.4,
    1.3,
    0.56,
    1.8,
    8.0,
    0.22,
    6.7,
    0.18,
    0.4,
    2.4,
    0.51,
    1.47,
    0.52,
    1.2,
    7.4,
    0.43,
    10.1,
    0.25,
    5.4,
    0.11,
    6.5,
    2.7,
    25.0,
    11.7,
    2.6,
    2.4,
    0.31,
    0.15,
    25.8,
    1.3,
    1.44,
    0.47,
    0.05,
    0.17,
    0.14,
    6.1,
    0.15,
    0.57,
    1.44
  ],
  "y_pred": [
    -0.20041940175922873,
    -1.1921448538257464,
    25.480396533890968,
    0.29155321217491104,
    18.255877017602995,
    1.0011999694117089,
    -1.272497032427568,
    0.0031018746563450973,
    2.2497885516647944,
    11.104028070649766,
    5.897660430046152,
    0.6235965265900789,
    6.226123891882729,
    -0.48118668959476146,
    1.1266293638872438,
    0.9118457168157256,
    0.044301228472101425,
    2.110074578987197,
    -0.5345291790698183,
    0.24686215248521615,
    7.695860625222375,
    0.26891290473579926,
    25.921358448081566,
    0.5349074251369353,
    6.509996790685624,
    0.26891290473579926,
    25.480396533890968,
    0.5549676129359199,
    25.61668465084113,
    9.434097981253208,
    1.123830659692445,
    -0.5938648445932045,
    0.852313390096881,
    1.1132201913825628,
    25.480396533890968,
    1.0886426789134316,
    0.9933388533078952,
    0.004271384622033882,
    -0.2963830358847612,
    0.04151548481556033,
    0.39669434215886223,
    6.838460252522205,
    0.9008077341390903,
    -0.1818292325129069,
    0.26891290473579926
  ],
  "selected_features": [
    "K2O_wt",
    "Fe2O3T_wt",
    "SiO2_wt",
    "Al2O3_wt",
    "P2O5_tot_wt"
  ],
  "selected_models": [],
  "stacking_used": false,
  "stacked_model": true,
  "number_of_models": 1,
  "final_estimator": "lgbm",
  "final_estimator_params": {
    "lgbm_num_leaves": 51,
    "lgbm_lr": 0.12153505514944336,
    "lgbm_n_estimators": 207
  },
  "model_params": {
    "lgbm": {
      "lgbm_num_leaves": 51,
      "lgbm_lr": 0.12153505514944336,
      "lgbm_n_estimators": 207
    }
  },
  "use_random_split": true,
  "use_feature_selection": false,
  "model_name": "LGBM",
  "error_mean": -1.2401930030521553,
  "error_sdev": 5.515608845599955,
  "uncertainty_median": 8.673548165922178,
  "uncertainty_mad": 7.977038136052658,
  "uncertainty_measure": 91.96972200366555,
  "feature_importance": {
    "K2O_wt": 0.5110421714968157,
    "Fe2O3T_wt": 0.12110241992399352,
    "SiO2_wt": -0.014804511551504147,
    "Al2O3_wt": -0.004437194577175849,
    "P2O5_tot_wt": 1.7292377118367892
  }
}