{
  "y_test": [
    0.27,
    0.43,
    0.1,
    0.27,
    0.04,
    0.44,
    0.56,
    1.3,
    0.74,
    0.41,
    0.37,
    1.18,
    0.42,
    25.6,
    0.29,
    0.04,
    25.0,
    0.14,
    25.8,
    0.09,
    5.4,
    8.9,
    0.09,
    0.14,
    0.15,
    1.2,
    0.16,
    0.14,
    0.14,
    2.6,
    0.44,
    1.4,
    4.2,
    0.21,
    4.5,
    6.1,
    1.3,
    0.34,
    0.07,
    1.3,
    0.15,
    6.7,
    1.0,
    0.19,
    7.4
  ],
  "y_pred": [
    2.775408196458975,
    -0.15073225734044715,
    0.33672736123866776,
    3.291009586673546,
    3.003435552744663,
    -0.2119710383355814,
    1.5731261662244207,
    2.816576189749316,
    1.0838102659312918,
    1.738225750614391,
    0.47434870422329356,
    2.475212196424038,
    4.700700145585484,
    17.787154425406246,
    2.5536436640556346,
    1.4997901926295394,
    17.82273735265772,
    -0.9447206768346484,
    23.13600975872712,
    7.084544536588474,
    5.318276326878388,
    3.791340730600085,
    -1.081056629574113,
    3.9632595334103975,
    1.1240962805889807,
    3.3587261876803414,
    -0.7661224018847638,
    -2.0137132924646997,
    1.4527935131460965,
    3.0815805476604305,
    -0.3410685790748821,
    4.103498959365047,
    6.325910929351263,
    -1.965474228247278,
    7.60068498268798,
    6.251862220621691,
    4.379931851495603,
    1.249552684227118,
    -0.9349576023067073,
    4.361122507236056,
    0.8390226345617683,
    8.70998331382573,
    3.331822025205191,
    -0.32752055758176846,
    11.348112483555678
  ],
  "selected_features": [
    "K2O_wt",
    "SiO2_wt",
    "P2O5_tot_wt"
  ],
  "selected_models": [],
  "stacking_used": false,
  "stacked_model": true,
  "number_of_models": 1,
  "final_estimator": "ann",
  "final_estimator_params": {
    "ann_hidden": 78,
    "ann_alpha": 0.08869778724086287
  },
  "model_params": {
    "ann": {
      "ann_hidden": 78,
      "ann_alpha": 0.08869778724086287
    }
  },
  "use_random_split": true,
  "use_feature_selection": true,
  "model_name": "ANN-FS",
  "error_mean": -0.6288155665419061,
  "error_sdev": 2.7712074357143903,
  "uncertainty_median": 15.373309433347936,
  "uncertainty_mad": 6.897006264078906,
  "uncertainty_measure": 44.863510319501216,
  "feature_importance": {
    "K2O_wt": 0.13552416554193447,
    "Fe2O3T_wt": 0.6854889311640306,
    "SiO2_wt": 0.48166870122494837
  }
}