{
  "y_test": [
    7.0,
    0.03,
    6.5,
    0.56,
    0.14,
    1.3,
    0.04,
    2.6,
    0.07,
    0.24,
    0.17,
    0.52,
    1.18,
    0.04,
    0.36,
    0.05,
    6.9,
    0.17,
    2.7,
    0.9,
    1.4,
    0.1,
    5.4,
    4.2,
    0.27,
    34.0,
    1.9,
    6.7,
    1.3,
    2.4,
    6.0,
    0.37,
    0.16,
    0.15,
    0.02,
    0.23,
    22.1,
    0.34,
    1.2,
    0.68,
    0.17,
    6.7,
    31.8,
    0.46,
    6.1
  ],
  "y_pred": [
    3.42517877931903,
    0.4209345128562974,
    6.47208785213713,
    0.45298014387981805,
    0.16138805491645433,
    1.5360311603596732,
    0.6542804334055673,
    4.5606298260168625,
    2.8237121354551213,
    0.37613067829578867,
    0.19781131212655048,
    0.6639612572159447,
    0.7048449003472199,
    0.4740516072785917,
    0.34349656225647235,
    0.2852798044097156,
    4.622486477898791,
    0.4248953113986448,
    0.5095455218771485,
    3.2684803247786536,
    3.1583151935003113,
    0.6617229199804618,
    3.088047160662986,
    6.763325805286049,
    0.4781638406233426,
    22.723433095178123,
    6.901080606787414,
    4.630157218554478,
    4.239271234778064,
    1.391019569309982,
    4.537738597314742,
    6.576513553438356,
    0.29624223768900937,
    0.44263762628979547,
    0.5838128168892069,
    0.9177748090567392,
    22.725844256557803,
    0.41603757848468725,
    0.46871275805443074,
    0.7767456816248911,
    0.5319699722441156,
    4.30865621963607,
    23.1012507637711,
    1.7186497655388677,
    4.5505679664312915
  ],
  "selected_features": [
    "K2O_wt",
    "Fe2O3T_wt",
    "SiO2_wt"
  ],
  "selected_models": [],
  "stacking_used": false,
  "stacked_model": true,
  "number_of_models": 1,
  "final_estimator": "knn",
  "final_estimator_params": {
    "knn_n": 9,
    "knn_weights": "distance"
  },
  "model_params": {
    "knn": {
      "knn_n": 9,
      "knn_weights": "distance"
    }
  },
  "feature_names": [
    "K2O_wt",
    "Fe2O3T_wt",
    "SiO2_wt",
    "Al2O3_wt",
    "P2O5_tot_wt"
  ],
  "use_random_split": true,
  "use_feature_selection": true,
  "model_name": "KNN-FS",
  "error_mean": 0.16120226880196012,
  "error_sdev": 2.8174913983950542,
  "uncertainty_median": 6.451542894202207,
  "uncertainty_mad": 7.829786943810329,
  "uncertainty_measure": 121.36301458751372,
  "feature_importance": {
    "K2O_wt": 0.007582865479919095,
    "Fe2O3T_wt": 0.019376267298677193,
    "SiO2_wt": 1.4894167353609442
  },
  "run": 6
}