{
  "y_test": [
    1.53,
    4.2,
    8.7,
    0.24,
    0.04,
    0.35,
    3.4,
    1.3,
    0.56,
    1.8,
    8.0,
    0.22,
    6.7,
    0.18,
    0.4,
    2.4,
    0.51,
    1.47,
    0.52,
    1.2,
    7.4,
    0.43,
    10.1,
    0.25,
    5.4,
    0.11,
    6.5,
    2.7,
    25.0,
    11.7,
    2.6,
    2.4,
    0.31,
    0.15,
    25.8,
    1.3,
    1.44,
    0.47,
    0.05,
    0.17,
    0.14,
    6.1,
    0.15,
    0.57,
    1.44
  ],
  "y_pred": [
    4.894773936138645,
    6.776833572672068,
    8.658188642367644,
    -3.0502334119681507,
    0.04146609829768977,
    5.341359384341686,
    6.324487811839976,
    3.0951178941516773,
    2.158196183948803,
    0.8956060381465676,
    3.333741094397574,
    -0.7613859523681086,
    3.1120410343502414,
    2.6197797182275337,
    4.454524160601089,
    -0.7151725988873139,
    2.339141025338627,
    0.27033528757776537,
    -0.9263169091280687,
    2.2689676297470385,
    8.607584639413911,
    1.2032723811420638,
    9.631862123111016,
    2.967965396586166,
    5.485093381494615,
    -0.9610292801324789,
    9.014306870593067,
    0.44143153361425647,
    19.92985467264061,
    11.220341020225248,
    3.0469729121574574,
    -1.4951129748042504,
    5.913314757257762,
    3.3672276642454264,
    18.099996117532896,
    4.981817416324695,
    0.7585550967550532,
    1.1048545333982815,
    -0.7466176554740258,
    -0.04321564082044915,
    -0.16811808449844534,
    7.141044283246217,
    0.2802249460195583,
    0.2943297435448642,
    -1.2722060737724448
  ],
  "selected_features": [
    "K2O_wt",
    "Fe2O3T_wt",
    "SiO2_wt",
    "Al2O3_wt"
  ],
  "selected_models": [],
  "stacking_used": false,
  "stacked_model": true,
  "number_of_models": 1,
  "final_estimator": "lr",
  "final_estimator_params": {},
  "model_params": {
    "lr": {}
  },
  "use_random_split": true,
  "use_feature_selection": true,
  "model_name": "LR-FS",
  "error_mean": -0.07856000932431237,
  "error_sdev": 2.749442597822564,
  "uncertainty_median": 4.567500699887493,
  "uncertainty_mad": 8.25945711318858,
  "uncertainty_measure": 180.83099830487225,
  "feature_importance": {
    "K2O_wt": 0.02413837804131352,
    "Fe2O3T_wt": 0.06491986809223008,
    "SiO2_wt": 2.4433871174885984,
    "Al2O3_wt": 0.16573698081154117
  }
}