{
  "y_test": [
    8.9,
    0.19,
    0.34,
    0.37,
    6.9,
    0.12,
    0.19,
    34.0,
    0.51,
    0.52,
    1.3,
    0.32,
    0.1,
    1.44,
    0.21,
    0.15,
    6.7,
    3.8,
    6.9,
    0.1,
    1.47,
    0.14,
    0.04,
    0.17,
    0.04,
    6.3,
    0.11,
    0.07,
    0.68,
    0.19,
    0.4,
    0.17,
    0.37,
    2.7,
    0.02,
    0.04,
    0.07,
    0.73,
    0.24,
    0.35,
    1.2,
    0.43,
    0.15,
    0.4,
    25.8
  ],
  "y_pred": [
    2.9404112981319352,
    0.32593834071621464,
    1.6512424796056289,
    11.995276101781602,
    6.014392534851636,
    -0.023897521794688625,
    1.3522149479183332,
    25.588293547499838,
    0.11682339567168931,
    1.0141889085163132,
    1.5486947744574362,
    1.4159664543934456,
    0.3452085742408917,
    0.5930735593143082,
    0.9438410726376274,
    0.7521546021381713,
    4.490888982164404,
    3.625580382297677,
    1.3120242798922939,
    0.3605144989528446,
    0.6592183560049887,
    1.5425654191214058,
    0.2691993058615463,
    0.33576797689481364,
    0.07750369636017984,
    4.872857765008009,
    1.129390163564136,
    2.3923073891113873,
    1.2233438118841535,
    0.5482207142810962,
    0.4354794667558157,
    0.1529606594704731,
    0.5935313646914113,
    1.228728148344039,
    0.8212621826000763,
    0.4759642727204092,
    0.2541524700528073,
    0.8213633860957601,
    1.2236868085199037,
    1.713691951857494,
    0.8559745373405652,
    0.1308931098916366,
    0.9450023637037543,
    -0.3094282742608514,
    16.245877122463508
  ],
  "selected_features": [
    "K2O_wt",
    "Fe2O3T_wt",
    "SiO2_wt",
    "Al2O3_wt",
    "P2O5_tot_wt"
  ],
  "selected_models": [],
  "stacking_used": false,
  "stacked_model": true,
  "number_of_models": 1,
  "final_estimator": "gpr",
  "final_estimator_params": {
    "gpr_nu": 0.5,
    "gpr_const": 7.221399316127625,
    "gpr_length_scale": 5.367300421958511,
    "gpr_alpha": 0.0003125857289958808
  },
  "model_params": {
    "gpr": {
      "gpr_nu": 0.5,
      "gpr_const": 7.221399316127625,
      "gpr_length_scale": 5.367300421958511,
      "gpr_alpha": 0.0003125857289958808
    }
  },
  "use_random_split": true,
  "use_feature_selection": false,
  "model_name": "GPR",
  "error_mean": 0.229725658183864,
  "error_sdev": 2.9871858489352547,
  "uncertainty_median": 4.962329936119934,
  "uncertainty_mad": 6.302916325206137,
  "uncertainty_measure": 127.01526110402915,
  "feature_importance": {
    "K2O_wt": -0.0066715329711510805,
    "Fe2O3T_wt": 0.005825451655200743,
    "SiO2_wt": 1.2321585795604553,
    "Al2O3_wt": 0.06906939545760397,
    "P2O5_tot_wt": 0.02066745168999219
  }
}