{
  "y_test": [
    1.8,
    1.44,
    0.14,
    0.42,
    0.09,
    0.27,
    0.09,
    0.9,
    1.5,
    25.6,
    0.14,
    0.4,
    10.1,
    0.57,
    1.0,
    38.0,
    0.1,
    3.4,
    0.24,
    0.15,
    6.6,
    24.5,
    0.13,
    0.11,
    6.1,
    0.25,
    22.1,
    0.43,
    0.27,
    0.24,
    0.1,
    0.04,
    11.7,
    0.17,
    1.53,
    0.16,
    1.9,
    6.0,
    0.21,
    0.19,
    0.15,
    7.0,
    0.34,
    0.21,
    0.62
  ],
  "y_pred": [
    2.9970033839514576,
    1.322710771777792,
    1.104937230826318,
    2.3480056468546513,
    0.5241237632538807,
    1.3882933731156613,
    4.908431402184888,
    2.2249312580554967,
    -0.05655386645091087,
    13.853991114984721,
    2.275260593546787,
    0.6830641637987267,
    11.640067432448756,
    -0.0548593764553742,
    2.452653831456777,
    3.4616189398041843,
    0.462391285250223,
    3.7906725598497886,
    0.9782300424909558,
    0.21677102305264273,
    8.789566124960821,
    22.8696580498014,
    1.33248340719988,
    0.13682703072567404,
    4.5158956705777085,
    1.183433910151181,
    39.710481318178296,
    1.0406322071000578,
    1.8412106529969978,
    -0.3593136486388089,
    0.6990492300591686,
    1.2099509778831832,
    6.88156572839164,
    1.128483211264254,
    1.6041527569379699,
    1.297002659591385,
    5.094718459197119,
    4.573091484569529,
    -0.403346291396274,
    -0.8542207643366317,
    1.7109228521357307,
    8.712512317911887,
    0.9370369996077577,
    0.21068397663388172,
    0.5318537506462568
  ],
  "selected_features": [
    "K2O_wt",
    "Fe2O3T_wt",
    "SiO2_wt",
    "Al2O3_wt",
    "P2O5_tot_wt"
  ],
  "selected_models": [],
  "stacking_used": false,
  "stacked_model": true,
  "number_of_models": 1,
  "final_estimator": "ann",
  "final_estimator_params": {
    "ann_hidden": 67,
    "ann_alpha": 0.02616448177525295
  },
  "model_params": {
    "ann": {
      "ann_hidden": 67,
      "ann_alpha": 0.02616448177525295
    }
  },
  "use_random_split": true,
  "use_feature_selection": true,
  "model_name": "ANN-FS",
  "error_mean": 0.14408718564561132,
  "error_sdev": 6.301916489974271,
  "uncertainty_median": 20.48427758520709,
  "uncertainty_mad": 9.90578850280908,
  "uncertainty_measure": 48.35800755777025,
  "feature_importance": {
    "K2O_wt": 0.010690375096354447,
    "Fe2O3T_wt": -0.0008019565400645834,
    "SiO2_wt": 0.33691246556312515,
    "Al2O3_wt": 0.2186679639028025,
    "P2O5_tot_wt": 0.2946085548225088
  }
}