{
  "y_test": [
    1.5,
    2.4,
    3.8,
    0.41,
    0.07,
    0.42,
    0.4,
    0.44,
    0.04,
    6.7,
    5.1,
    0.36,
    0.47,
    1.3,
    25.6,
    6.5,
    0.04,
    2.4,
    0.14,
    6.3,
    0.22,
    0.14,
    0.03,
    0.11,
    6.9,
    8.0,
    1.8,
    0.15,
    0.1,
    0.52,
    1.9,
    2.7,
    34.0,
    0.09,
    0.51,
    0.05,
    7.4,
    25.0,
    0.15,
    0.14,
    0.73,
    38.0,
    1.2,
    0.12,
    0.23
  ],
  "y_pred": [
    -0.20165925001588025,
    0.68398411475064,
    2.1518502528947074,
    0.6215850350762253,
    0.2985073267930358,
    0.5855804174530053,
    -0.2266648610371531,
    -0.7078941099032965,
    -1.056221415107523,
    8.10535904295583,
    2.2001769498173456,
    -1.7673810911606946,
    -0.7529913126847172,
    1.461479918539012,
    5.121959940530251,
    7.152863309796755,
    -0.5322290378400965,
    1.0481050108402854,
    1.7028881520803825,
    5.8237678220193985,
    -0.8647289832764946,
    -2.1421224730156663,
    -0.9567682915340587,
    -2.2390762004544937,
    -0.01968144877026945,
    4.144655379593164,
    0.6916214136130365,
    0.14857855338578752,
    -0.7444122972985969,
    -0.9443155828335279,
    1.7427373223920029,
    1.1776418921816483,
    3.1329547711602785,
    0.017289133722328875,
    -0.9103975192373173,
    8.215403109253787,
    6.178307917944208,
    7.349776609598582,
    -0.4936554806525002,
    -0.4730786343625668,
    -0.3503216425471236,
    1.193388155487556,
    0.1672489213130366,
    -1.3238446982689063,
    -0.3855656151054534
  ],
  "selected_features": [
    "K2O_wt",
    "Fe2O3T_wt",
    "SiO2_wt",
    "P2O5_tot_wt"
  ],
  "selected_models": [],
  "stacking_used": false,
  "stacked_model": true,
  "number_of_models": 1,
  "final_estimator": "svr",
  "final_estimator_params": {
    "svr_C": 0.569224659358628,
    "svr_epsilon": 0.211167071153709
  },
  "model_params": {
    "svr": {
      "svr_C": 0.569224659358628,
      "svr_epsilon": 0.211167071153709
    }
  },
  "use_random_split": true,
  "use_feature_selection": true,
  "model_name": "SVR-FS",
  "error_mean": 3.1234510993758686,
  "error_sdev": 7.96350548076813,
  "uncertainty_median": 6.5923688649119825,
  "uncertainty_mad": 2.5812809974292534,
  "uncertainty_measure": 39.15559111335796,
  "feature_importance": {
    "K2O_wt": 0.0010741619815083237,
    "Fe2O3T_wt": -0.013100294890017601,
    "SiO2_wt": 0.08862374306249084,
    "Al2O3_wt": 0.14496788005648636
  }
}