{
  "y_test": [
    11.7,
    6.6,
    3.8,
    0.04,
    0.15,
    0.04,
    2.4,
    8.7,
    6.7,
    24.5,
    1.9,
    1.4,
    2.7,
    0.24,
    0.14,
    3.4,
    34.0,
    0.04,
    0.04,
    4.2,
    0.15,
    1.47,
    0.18,
    0.37,
    7.4,
    0.19,
    0.04,
    25.6,
    0.34,
    1.5,
    0.15,
    1.53,
    0.09,
    0.35,
    0.05,
    0.14,
    0.37,
    4.2,
    1.44,
    25.6,
    0.23,
    0.57,
    0.43,
    0.17,
    0.17
  ],
  "y_pred": [
    8.412470130701418,
    7.984583603095133,
    7.9973873791039365,
    1.1415319890885822,
    0.5787665003276004,
    0.9758008880285763,
    0.6466984414172952,
    18.251375911903892,
    7.9973873791039365,
    18.679387656383852,
    2.253115695967336,
    2.2695713022670048,
    0.5333077494994605,
    0.7592505709735796,
    0.9758008880285763,
    0.7110726963341172,
    18.679387656383852,
    0.34561624784402184,
    9.181078666255273,
    0.7110726963341172,
    0.9758008880285763,
    0.897523656921665,
    -0.07636914701656689,
    0.9536129186918065,
    8.412470130701418,
    1.2503758031334467,
    0.7699447384532935,
    18.679387656383852,
    0.5757194775283763,
    2.2577288087538214,
    0.390656896509251,
    1.1271843702903925,
    0.9758008880285763,
    -0.2994750988107029,
    2.3932455436739297,
    0.2503862643892683,
    0.34219521914495066,
    7.9973873791039365,
    0.9758008880285763,
    18.679387656383852,
    0.21606338336840772,
    0.3452422419441747,
    0.9758008880285763,
    1.2503758031334467,
    0.9758008880285763
  ],
  "selected_features": [
    "K2O_wt",
    "SiO2_wt",
    "Al2O3_wt",
    "P2O5_tot_wt"
  ],
  "selected_models": [],
  "stacking_used": false,
  "stacked_model": true,
  "number_of_models": 1,
  "final_estimator": "lgbm",
  "final_estimator_params": {
    "lgbm_num_leaves": 26,
    "lgbm_lr": 0.10598184041116479,
    "lgbm_n_estimators": 76
  },
  "model_params": {
    "lgbm": {
      "lgbm_num_leaves": 26,
      "lgbm_lr": 0.10598184041116479,
      "lgbm_n_estimators": 76
    }
  },
  "feature_names": [
    "K2O_wt",
    "Fe2O3T_wt",
    "SiO2_wt",
    "Al2O3_wt",
    "P2O5_tot_wt"
  ],
  "use_random_split": true,
  "use_feature_selection": true,
  "model_name": "LGBM-FS",
  "error_mean": 0.11207306240296754,
  "error_sdev": 3.7853955419886725,
  "uncertainty_median": 7.9973873791039365,
  "uncertainty_mad": 4.236624331553766,
  "uncertainty_measure": 52.97510462758722,
  "feature_importance": {
    "K2O_wt": 0.37162087153687695,
    "Fe2O3T_wt": 0.013641579669856338,
    "SiO2_wt": 0.006944705223202861,
    "Al2O3_wt": 1.0789920648747353
  },
  "run": 3
}