{
  "y_test": [
    1.3,
    0.31,
    0.04,
    4.2,
    29.4,
    0.03,
    0.32,
    0.09,
    1.0,
    2.4,
    0.07,
    1.3,
    0.4,
    0.15,
    1.9,
    0.27,
    0.12,
    0.84,
    34.0,
    0.1,
    0.05,
    0.29,
    0.37,
    1.5,
    0.25,
    7.0,
    3.8,
    0.04,
    0.87,
    1.9,
    0.21,
    25.8,
    0.52,
    2.6,
    0.24,
    6.7,
    0.17,
    0.4,
    1.4,
    5.7,
    0.44,
    31.8,
    1.44,
    1.44,
    0.73
  ],
  "y_pred": [
    1.2024768518518518,
    1.9175694444444455,
    0.48416666666666663,
    5.923611111111113,
    17.214074074074063,
    0.1476157407407407,
    0.8418518518518519,
    0.5930324074074074,
    1.1404629629629621,
    3.524074074074076,
    0.7944444444444447,
    1.4652777777777766,
    0.6244675925925925,
    0.235787037037037,
    6.681805555555559,
    2.9440509259259287,
    2.952291666666667,
    0.27405092592592584,
    21.33655092592591,
    0.3041666666666667,
    13.978541666666665,
    0.9221990740740742,
    0.22754629629629639,
    2.2405092592592606,
    0.3036342592592593,
    6.496527777777776,
    5.406250000000002,
    0.17480324074074066,
    2.5459259259259266,
    2.988217592592595,
    1.1635416666666671,
    21.77194444444443,
    0.362349537037037,
    2.111296296296296,
    0.9141203703703705,
    7.561111111111114,
    0.2744444444444443,
    0.5058564814814817,
    1.437546296296295,
    6.208032407407408,
    0.21067129629629627,
    21.246273148148134,
    0.20076388888888885,
    2.054166666666668,
    0.8524999999999999
  ],
  "selected_features": [
    "K2O_wt",
    "Fe2O3T_wt",
    "SiO2_wt",
    "Al2O3_wt",
    "P2O5_tot_wt"
  ],
  "selected_models": [],
  "stacking_used": false,
  "stacked_model": true,
  "number_of_models": 1,
  "final_estimator": "et",
  "final_estimator_params": {
    "et_n_estimators": 72,
    "et_max_depth": 19,
    "et_min_samples_split": 4,
    "et_min_samples_leaf": 1,
    "et_bootstrap": false
  },
  "model_params": {
    "et": {
      "et_n_estimators": 72,
      "et_max_depth": 19,
      "et_min_samples_split": 4,
      "et_min_samples_leaf": 1,
      "et_bootstrap": false
    }
  },
  "use_random_split": true,
  "use_feature_selection": false,
  "model_name": "ET",
  "error_mean": 0.025319958847737557,
  "error_sdev": 3.9585428922479298,
  "uncertainty_median": 10.37195601851852,
  "uncertainty_mad": 4.074972133294749,
  "uncertainty_measure": 39.28836688103117,
  "feature_importance": {
    "K2O_wt": 0.03440374466857146,
    "Fe2O3T_wt": -0.015350913628451085,
    "SiO2_wt": 0.5228975712060415,
    "Al2O3_wt": 0.07026480352568848,
    "P2O5_tot_wt": 0.16313635664172854
  }
}