{
  "y_test": [
    0.19,
    0.84,
    1.0,
    8.9,
    10.1,
    6.2,
    3.4,
    1.5,
    0.37,
    31.8,
    0.04,
    0.17,
    0.31,
    0.25,
    10.4,
    1.4,
    0.4,
    2.4,
    6.0,
    0.16,
    0.12,
    25.0,
    1.53,
    0.05,
    0.15,
    0.43,
    5.4,
    1.8,
    2.4,
    0.1,
    0.07,
    0.73,
    0.14,
    0.17,
    0.87,
    0.37,
    0.22,
    0.62,
    0.46,
    2.7,
    1.47,
    6.5,
    0.18,
    5.1,
    0.09
  ],
  "y_pred": [
    0.14199275019405289,
    0.230016448471868,
    1.1034305555555557,
    12.72952380952381,
    13.553857142857145,
    5.6466666666666665,
    2.6613999999999995,
    1.1695334343039543,
    0.3460228044964756,
    27.115,
    0.2636108929163124,
    0.27901447116314226,
    0.31392880181900396,
    0.29829784943805154,
    8.7175,
    1.2941777777777779,
    0.28401447116314227,
    0.5065334343039541,
    4.9975,
    0.2993551731078905,
    0.23768311513853463,
    24.755000000000003,
    0.22845578494289048,
    16.970766327583664,
    0.23768311513853463,
    0.1988737015719077,
    5.494166666666667,
    13.496666666666666,
    3.1724999999999994,
    0.31392880181900396,
    1.0790662698412699,
    0.7214296296296296,
    0.31392880181900396,
    0.23768311513853463,
    0.3185502520836977,
    0.2636108929163124,
    0.5178512058570198,
    0.5787900947459086,
    0.7057986772486772,
    2.3124999999999996,
    0.8119551587301587,
    13.553857142857145,
    0.30000851196393147,
    4.589166666666666,
    0.4415126632497688
  ],
  "selected_features": [
    "K2O_wt",
    "Fe2O3T_wt",
    "SiO2_wt",
    "Al2O3_wt",
    "P2O5_tot_wt"
  ],
  "selected_models": [],
  "stacking_used": false,
  "stacked_model": true,
  "number_of_models": 1,
  "final_estimator": "rf",
  "final_estimator_params": {
    "rf_n_estimators": 10,
    "rf_max_depth": 6
  },
  "model_params": {
    "rf": {
      "rf_n_estimators": 10,
      "rf_max_depth": 6
    }
  },
  "feature_names": [
    "K2O_wt",
    "Fe2O3T_wt",
    "SiO2_wt",
    "Al2O3_wt",
    "P2O5_tot_wt"
  ],
  "use_random_split": true,
  "use_feature_selection": true,
  "model_name": "RF-FS",
  "error_mean": -0.6956179943563198,
  "error_sdev": 3.416230672600764,
  "uncertainty_median": 9.24,
  "uncertainty_mad": 6.497573271985624,
  "uncertainty_measure": 70.32005705612147,
  "feature_importance": {
    "K2O_wt": 0.08913903533432442,
    "Fe2O3T_wt": 0.12856701716181773,
    "SiO2_wt": 0.6967456831167249,
    "Al2O3_wt": 0.0035150399236688933,
    "P2O5_tot_wt": 0.9605918694636212
  },
  "run": 0
}