{
  "y_test": [
    1.3,
    24.5,
    0.51,
    0.25,
    0.04,
    6.2,
    1.53,
    0.17,
    0.07,
    0.1,
    0.19,
    1.4,
    0.04,
    10.4,
    0.18,
    0.36,
    0.09,
    0.14,
    0.27,
    0.14,
    0.07,
    0.22,
    6.9,
    0.14,
    0.05,
    0.15,
    2.4,
    31.8,
    0.29,
    1.44,
    38.0,
    1.5,
    0.12,
    1.18,
    0.14,
    0.29,
    6.2,
    1.2,
    2.4,
    1.3,
    1.9,
    2.7,
    1.8,
    6.5,
    8.7
  ],
  "y_pred": [
    1.0485963821411133,
    25.394638061523438,
    0.4205056428909302,
    0.2491028755903244,
    0.26699575781822205,
    4.044106483459473,
    0.30877119302749634,
    0.4877815842628479,
    0.2897273004055023,
    0.13065913319587708,
    0.354701966047287,
    1.322444200515747,
    -0.7044223546981812,
    10.003543853759766,
    0.38577163219451904,
    0.5971329212188721,
    0.3053567707538605,
    0.24788829684257507,
    1.0781735181808472,
    0.6314310431480408,
    0.20238041877746582,
    0.3824087977409363,
    0.6825670599937439,
    0.6913026571273804,
    0.10883290320634842,
    0.33904996514320374,
    2.6028759479522705,
    33.05522155761719,
    0.28873324394226074,
    0.6329982876777649,
    3.055396795272827,
    1.6421700716018677,
    0.04239273443818092,
    0.6567227244377136,
    0.8193679451942444,
    -0.04965928569436073,
    6.900278568267822,
    -0.14285439252853394,
    2.1011345386505127,
    1.1092355251312256,
    6.597057819366455,
    1.7830358743667603,
    4.32497501373291,
    11.101557731628418,
    11.322551727294922
  ],
  "selected_features": [
    "K2O_wt",
    "SiO2_wt",
    "P2O5_tot_wt"
  ],
  "selected_models": [],
  "stacking_used": false,
  "stacked_model": true,
  "number_of_models": 1,
  "final_estimator": "xgb",
  "final_estimator_params": {
    "xgb_n_estimators": 269,
    "xgb_lr": 0.09118906516850801,
    "xgb_max_depth": 7,
    "xgb_subsample": 0.6009576887498794,
    "xgb_colsample": 0.9588813288920601
  },
  "model_params": {
    "xgb": {
      "xgb_n_estimators": 269,
      "xgb_lr": 0.09118906516850801,
      "xgb_max_depth": 7,
      "xgb_subsample": 0.6009576887498794,
      "xgb_colsample": 0.9588813288920601
    }
  },
  "use_random_split": true,
  "use_feature_selection": true,
  "model_name": "XGB-FS",
  "error_mean": 0.6257191001640425,
  "error_sdev": 5.465706374611531,
  "uncertainty_median": 7.130345344543457,
  "uncertainty_mad": 4.662163257598877,
  "uncertainty_measure": 65.38481703647955,
  "feature_importance": {
    "K2O_wt": 0.005495422084560159,
    "Fe2O3T_wt": 0.3577397580748242,
    "SiO2_wt": 0.22905146284143868
  }
}