{
  "y_test": [
    0.16,
    34.0,
    29.4,
    0.74,
    0.23,
    24.5,
    0.17,
    4.2,
    0.52,
    2.4,
    0.41,
    3.8,
    0.1,
    0.02,
    8.7,
    0.35,
    0.14,
    0.09,
    22.1,
    38.0,
    0.44,
    5.7,
    25.0,
    0.4,
    1.3,
    0.04,
    25.8,
    0.12,
    0.1,
    4.2,
    0.25,
    0.04,
    0.04,
    7.0,
    1.18,
    0.24,
    25.6,
    3.4,
    0.56,
    1.3,
    0.16,
    4.2,
    0.05,
    0.04,
    0.09
  ],
  "y_pred": [
    1.2291310628859353,
    3.5217289454743916,
    16.69343156286798,
    1.9003628471687954,
    1.587036051588377,
    5.223830464395281,
    0.8679149208738896,
    3.6206471573437433,
    1.5407683367082396,
    3.0212365188677155,
    2.508675546416836,
    3.733902136791094,
    1.355595779963573,
    2.3196884534178306,
    8.359286246066889,
    1.835393511921627,
    3.478830383965405,
    1.833850375695426,
    24.990113968550215,
    2.7815903461736933,
    0.9135559710569658,
    4.31655210627787,
    7.736425012488134,
    1.5516253986372175,
    2.9861345493462492,
    0.7464810048061178,
    25.28584602049614,
    2.407527656064717,
    1.678824760796329,
    3.5625107435630468,
    1.8196860833279036,
    1.4428598870291462,
    1.2649759129269105,
    7.0861118707241335,
    2.4871378417013483,
    1.4383597723921056,
    4.824381846694655,
    3.2702901008940084,
    1.4854755374223823,
    3.0266487207717048,
    0.05169702667653309,
    6.374778671835159,
    8.584089353622502,
    1.3011710249258965,
    1.5098564411992246
  ],
  "selected_features": [
    "K2O_wt",
    "Fe2O3T_wt",
    "SiO2_wt",
    "Al2O3_wt",
    "P2O5_tot_wt"
  ],
  "selected_models": [],
  "stacking_used": false,
  "stacked_model": true,
  "number_of_models": 1,
  "final_estimator": "svr",
  "final_estimator_params": {
    "svr_C": 0.6910041628757568,
    "svr_epsilon": 0.8352233395543012
  },
  "model_params": {
    "svr": {
      "svr_C": 0.6910041628757568,
      "svr_epsilon": 0.8352233395543012
    }
  },
  "use_random_split": true,
  "use_feature_selection": false,
  "model_name": "SVR",
  "error_mean": 1.949421823715259,
  "error_sdev": 8.80724846822345,
  "uncertainty_median": 15.4231225585824,
  "uncertainty_mad": 5.664436267049444,
  "uncertainty_measure": 36.726909518704396,
  "feature_importance": {
    "K2O_wt": -0.00646974194510304,
    "Fe2O3T_wt": 0.00502233203837948,
    "SiO2_wt": 0.03138822326729192,
    "Al2O3_wt": -0.0032855566038942417,
    "P2O5_tot_wt": 0.44024344574339885
  }
}