{
  "y_test": [
    0.52,
    2.7,
    0.47,
    7.0,
    1.3,
    1.53,
    0.25,
    4.2,
    6.7,
    1.9,
    0.21,
    0.25,
    0.22,
    0.19,
    1.0,
    0.27,
    0.17,
    6.9,
    8.7,
    1.4,
    0.36,
    1.44,
    0.14,
    24.5,
    0.19,
    0.19,
    6.0,
    4.2,
    1.47,
    0.03,
    6.2,
    1.18,
    0.57,
    0.29,
    6.2,
    3.4,
    1.9,
    0.04,
    1.3,
    0.23,
    5.1,
    0.84,
    1.2,
    6.5,
    0.09
  ],
  "y_pred": [
    0.4275598987440663,
    1.3507030898559558,
    0.1098220793221456,
    6.692716834436368,
    2.836852856676985,
    1.13158090026697,
    0.4550895293076991,
    3.7416429607464536,
    6.420207666100226,
    4.00043003160555,
    -2.314661475562758,
    0.580763147186774,
    -0.03199627466159427,
    -1.1658032550686883,
    2.304163048831657,
    1.4815224069556736,
    0.06751992240155502,
    6.328442230888119,
    8.233432860964783,
    2.8827355742830383,
    -0.002590578812685429,
    1.3687452501482795,
    -1.4884080599812322,
    7.765064293377474,
    -1.7812748833923866,
    -0.15450740245023376,
    4.051351304587314,
    5.604395859942685,
    0.9702088193781941,
    -0.5897500073051614,
    2.1357478445345777,
    0.9703481762432027,
    -0.4034211454630743,
    -1.8305988048188926,
    7.797547043707274,
    3.3007185881132326,
    2.2059654895937486,
    -1.3058849006321598,
    1.0653296734682112,
    0.031317603854283504,
    3.6039948079282915,
    -0.797229947607546,
    0.7097386120212965,
    8.279315578570838,
    -0.59663241494607
  ],
  "selected_features": [
    "SiO2_wt",
    "P2O5_tot_wt"
  ],
  "selected_models": [],
  "stacking_used": false,
  "stacked_model": true,
  "number_of_models": 1,
  "final_estimator": "svr",
  "final_estimator_params": {
    "svr_C": 2.828227343235607,
    "svr_epsilon": 0.008136697266396653
  },
  "model_params": {
    "svr": {
      "svr_C": 2.828227343235607,
      "svr_epsilon": 0.008136697266396653
    }
  },
  "use_random_split": true,
  "use_feature_selection": true,
  "model_name": "SVR-FS",
  "error_mean": 0.7332841148146567,
  "error_sdev": 2.7304901190721624,
  "uncertainty_median": 4.444027066229023,
  "uncertainty_mad": 2.292731432883611,
  "uncertainty_measure": 51.59130218414954,
  "feature_importance": {
    "K2O_wt": 0.39263552769649435,
    "Fe2O3T_wt": 0.3514703922640247
  }
}