{
  "y_test": [
    0.15,
    4.5,
    0.36,
    0.16,
    0.44,
    0.27,
    0.18,
    5.4,
    0.51,
    0.1,
    38.0,
    7.4,
    6.7,
    0.17,
    0.4,
    4.2,
    2.7,
    25.0,
    3.8,
    1.3,
    2.4,
    0.73,
    0.37,
    3.4,
    0.14,
    5.7,
    1.0,
    0.32,
    0.31,
    0.34,
    2.4,
    0.04,
    25.8,
    0.23,
    0.19,
    0.19,
    0.24,
    0.16,
    0.25,
    0.11,
    1.47,
    0.17,
    0.05,
    6.7,
    0.35
  ],
  "y_pred": [
    1.1316680908203125,
    6.107069492340088,
    0.3001592457294464,
    2.2796106338500977,
    0.38086527585983276,
    0.14721664786338806,
    0.1373647004365921,
    4.119519233703613,
    0.16264232993125916,
    0.42520323395729065,
    5.083986759185791,
    7.828282356262207,
    7.021855354309082,
    0.17938777804374695,
    0.5832911133766174,
    3.4317407608032227,
    1.2155425548553467,
    25.500276565551758,
    4.9686994552612305,
    1.5623966455459595,
    1.1224370002746582,
    1.0500832796096802,
    0.22621095180511475,
    2.6961824893951416,
    -1.0484458208084106,
    6.9049296379089355,
    1.8311206102371216,
    0.05166894569993019,
    0.17667999863624573,
    0.23423506319522858,
    0.8527567386627197,
    0.10661795735359192,
    28.277637481689453,
    0.011366220191121101,
    2.144566535949707,
    0.414872944355011,
    0.6721644401550293,
    -0.15383382141590118,
    -0.07089412212371826,
    1.5221434831619263,
    0.5053455829620361,
    0.17468351125717163,
    2.1588027477264404,
    7.620889186859131,
    0.5836305022239685
  ],
  "selected_features": [
    "Fe2O3T_wt",
    "SiO2_wt",
    "Al2O3_wt",
    "P2O5_tot_wt"
  ],
  "selected_models": [],
  "stacking_used": false,
  "stacked_model": true,
  "number_of_models": 1,
  "final_estimator": "xgb",
  "final_estimator_params": {
    "xgb_n_estimators": 176,
    "xgb_lr": 0.2862630548111566,
    "xgb_max_depth": 7,
    "xgb_subsample": 0.6508317228494132,
    "xgb_colsample": 0.7768722045731404
  },
  "model_params": {
    "xgb": {
      "xgb_n_estimators": 176,
      "xgb_lr": 0.2862630548111566,
      "xgb_max_depth": 7,
      "xgb_subsample": 0.6508317228494132,
      "xgb_colsample": 0.7768722045731404
    }
  },
  "feature_names": [
    "K2O_wt",
    "Fe2O3T_wt",
    "SiO2_wt",
    "Al2O3_wt",
    "P2O5_tot_wt"
  ],
  "use_random_split": true,
  "use_feature_selection": true,
  "model_name": "XGB-FS",
  "error_mean": 0.5370526717189287,
  "error_sdev": 5.027737752171989,
  "uncertainty_median": 7.395608425140381,
  "uncertainty_mad": 6.525002479553223,
  "uncertainty_measure": 88.22806866534943,
  "feature_importance": {
    "K2O_wt": 0.06294485647342743,
    "Fe2O3T_wt": 0.7382247403588758,
    "SiO2_wt": 0.019109488800418437,
    "Al2O3_wt": 0.12849208719649785
  },
  "run": 1
}