{
  "y_test": [
    8.7,
    1.3,
    0.52,
    0.57,
    1.4,
    0.1,
    0.23,
    0.51,
    0.19,
    0.44,
    0.27,
    0.41,
    0.09,
    0.34,
    0.35,
    0.46,
    0.14,
    0.4,
    0.14,
    0.07,
    0.21,
    0.43,
    1.53,
    0.42,
    2.7,
    0.68,
    8.0,
    10.4,
    0.04,
    2.4,
    2.4,
    0.15,
    0.19,
    0.47,
    0.24,
    5.1,
    0.04,
    0.37,
    0.18,
    2.4,
    5.4,
    7.4,
    0.14,
    4.5,
    0.13
  ],
  "y_pred": [
    10.482846280293296,
    1.9502500850211797,
    -0.7524017132300895,
    -0.1841642197045433,
    2.105220782296339,
    0.2765565383547621,
    0.21735592694743014,
    -0.2549473407602876,
    -0.30758489495167174,
    0.8106464944452422,
    1.1335391613162842,
    1.7109882169926598,
    0.8549133791652612,
    2.286100775785267,
    1.8921481366725654,
    0.6605997708214644,
    6.923259825238688,
    0.059800052205430304,
    -0.016251317089842815,
    1.1432814610471576,
    1.4267452516121912,
    0.443937326822585,
    1.8188010519550235,
    1.919402460977483,
    2.1358009273636487,
    1.1788537557913847,
    6.062338320532113,
    3.887042033672228,
    1.3631026915261704,
    0.6068717325923876,
    2.1050836221501794,
    2.370133260330492,
    -1.6723044288287743,
    0.0635746234693936,
    1.658922922665,
    3.2556895955518823,
    0.3015918348112381,
    2.069550228939636,
    0.10365985629466182,
    1.8104761097373896,
    3.345248251398123,
    8.659350582808672,
    1.2401680874071876,
    5.779508519221042,
    1.263478145675837
  ],
  "selected_features": [
    "K2O_wt",
    "Fe2O3T_wt",
    "SiO2_wt",
    "Al2O3_wt",
    "P2O5_tot_wt"
  ],
  "selected_models": [],
  "stacking_used": false,
  "stacked_model": true,
  "number_of_models": 1,
  "final_estimator": "ann",
  "final_estimator_params": {
    "ann_hidden": 59,
    "ann_alpha": 0.019370937672226942
  },
  "model_params": {
    "ann": {
      "ann_hidden": 59,
      "ann_alpha": 0.019370937672226942
    }
  },
  "use_random_split": true,
  "use_feature_selection": false,
  "model_name": "ANN",
  "error_mean": -0.25864853700763935,
  "error_sdev": 1.8068334748345252,
  "uncertainty_median": 5.448887440504107,
  "uncertainty_mad": 4.239194650965244,
  "uncertainty_measure": 77.79926998405848,
  "feature_importance": {
    "K2O_wt": 0.2721641972655238,
    "Fe2O3T_wt": -0.002076375336827999,
    "SiO2_wt": 0.1753428787656548,
    "Al2O3_wt": 1.6574145141866399,
    "P2O5_tot_wt": 0.7799289027831477
  }
}