{
  "y_test": [
    7.0,
    0.51,
    0.14,
    0.18,
    24.5,
    1.3,
    0.56,
    0.29,
    0.87,
    0.36,
    0.27,
    1.3,
    8.0,
    0.13,
    0.05,
    0.34,
    0.07,
    0.17,
    29.4,
    0.25,
    0.24,
    6.3,
    25.6,
    2.4,
    1.8,
    4.2,
    0.1,
    6.6,
    0.17,
    0.04,
    5.4,
    0.14,
    0.43,
    0.14,
    2.4,
    0.37,
    0.04,
    1.9,
    1.0,
    1.3,
    25.8,
    4.2,
    0.4,
    0.35,
    1.44
  ],
  "y_pred": [
    6.898930151368937,
    2.5303960333705824,
    4.093466278282818,
    2.8748277464971714,
    20.53136121977885,
    3.103591838919712,
    2.1990741758328483,
    -0.6613625255565623,
    2.28074757679844,
    1.305924130897914,
    3.4725293658604457,
    5.00393880533451,
    3.5613964372050333,
    3.8507642560132282,
    0.6072428424997796,
    3.4457894045485737,
    1.4700536630437,
    -0.05104355764851931,
    13.056337646794503,
    2.0152459711177784,
    3.5788635085288725,
    5.168163116971851,
    23.004241128034856,
    -0.5213341446236299,
    2.353757460455512,
    5.469105059994007,
    1.3698097710878514,
    7.09475239994477,
    2.4549325078741155,
    0.1242332089570155,
    5.529751138527612,
    5.468058599122379,
    1.3571477428109446,
    0.29691706708457843,
    -0.26960290196790027,
    1.364703866491631,
    4.800672358226439,
    3.93823399596576,
    4.189907121877702,
    2.123794382482977,
    16.66993615235334,
    6.780369042761631,
    1.2648085912588343,
    5.349797725231731,
    1.292774885981828
  ],
  "selected_features": [
    "Fe2O3T_wt",
    "SiO2_wt",
    "Al2O3_wt"
  ],
  "selected_models": [],
  "stacking_used": false,
  "stacked_model": true,
  "number_of_models": 1,
  "final_estimator": "lr",
  "final_estimator_params": {},
  "model_params": {
    "lr": {}
  },
  "use_random_split": true,
  "use_feature_selection": true,
  "model_name": "LR-FS",
  "error_mean": -0.5198445610309879,
  "error_sdev": 3.716016625000539,
  "uncertainty_median": 5.879321406241473,
  "uncertainty_mad": 7.535879097266762,
  "uncertainty_measure": 128.1760015580487,
  "feature_importance": {
    "K2O_wt": -0.02978782748427726,
    "Fe2O3T_wt": 1.7331353728452052,
    "SiO2_wt": 0.18354495080018915
  }
}