{
  "y_test": [
    0.09,
    4.2,
    1.3,
    7.4,
    0.15,
    6.9,
    1.9,
    0.1,
    38.0,
    11.7,
    0.03,
    6.6,
    5.7,
    0.44,
    0.17,
    6.7,
    0.84,
    6.3,
    0.22,
    1.3,
    0.14,
    0.25,
    0.12,
    0.05,
    0.14,
    0.04,
    0.4,
    0.04,
    0.12,
    5.4,
    0.11,
    2.4,
    8.9,
    6.1,
    0.09,
    1.4,
    1.53,
    0.68,
    0.18,
    3.4,
    1.8,
    0.15,
    6.2,
    2.6,
    0.12
  ],
  "y_pred": [
    9.443202393913719,
    0.21446819080141485,
    0.3455460906890069,
    7.681594025823025,
    1.9312050676046573,
    5.1575064730544335,
    1.079713691672725,
    0.29221830809921834,
    0.18529497741837894,
    5.157509681627059,
    0.07476738196039041,
    3.748615959912392,
    5.492651823150266,
    0.25800233181279014,
    0.3088450660563071,
    5.172343709339015,
    0.26113294889443506,
    0.3292304779447242,
    0.35712274974127933,
    2.031195098687629,
    0.716740627457139,
    0.10603575191163102,
    0.236881688625352,
    0.22999489590685002,
    0.13979854657223487,
    0.29376225354984936,
    0.42811985077009784,
    0.26205625800579124,
    0.3303957857945768,
    1.15101745871292,
    0.6934008580395588,
    1.0164815567684014,
    0.8579944647565705,
    4.095076754755179,
    0.11792880976904996,
    1.9825237698415519,
    0.19595261917317372,
    1.250221640887804,
    0.16639397496475294,
    4.45,
    1.5082685016696813,
    0.3532391473383595,
    0.7579734542587329,
    5.208409543074884,
    0.22819988589111984
  ],
  "selected_features": [
    "K2O_wt",
    "SiO2_wt",
    "Al2O3_wt",
    "P2O5_tot_wt"
  ],
  "selected_models": [],
  "stacking_used": false,
  "stacked_model": true,
  "number_of_models": 1,
  "final_estimator": "knn",
  "final_estimator_params": {
    "knn_n": 2,
    "knn_weights": "distance"
  },
  "model_params": {
    "knn": {
      "knn_n": 2,
      "knn_weights": "distance"
    }
  },
  "use_random_split": true,
  "use_feature_selection": true,
  "model_name": "KNN-FS",
  "error_mean": 1.4689103434067081,
  "error_sdev": 6.149096511016566,
  "uncertainty_median": 0.8505884224136124,
  "uncertainty_mad": 1.873974380235583,
  "uncertainty_measure": 220.31505847658158,
  "feature_importance": {
    "K2O_wt": -0.0009596749411449324,
    "Fe2O3T_wt": 0.16918362688810937,
    "SiO2_wt": 0.023430078226933153,
    "Al2O3_wt": 0.006721289637963355
  }
}