{
  "y_test": [
    0.36,
    0.14,
    6.9,
    0.18,
    8.7,
    38.0,
    6.5,
    0.04,
    0.1,
    0.09,
    7.4,
    1.44,
    0.14,
    0.19,
    0.15,
    0.03,
    25.8,
    0.07,
    1.47,
    0.09,
    25.0,
    0.09,
    0.14,
    34.0,
    1.4,
    1.3,
    0.14,
    0.37,
    0.56,
    1.2,
    6.6,
    0.34,
    0.44,
    3.4,
    0.04,
    6.7,
    1.9,
    0.36,
    0.87,
    0.31,
    0.51,
    0.19,
    4.2,
    0.07,
    0.14
  ],
  "y_pred": [
    0.1605083261283374,
    0.01307830247571742,
    1.5431262422806014,
    0.5572458738747231,
    23.73725928085085,
    16.295619743605847,
    23.73725928085085,
    13.714290727271925,
    1.1099712271683557,
    -1.5250936098886176,
    10.094746904151759,
    1.4298513168374332,
    0.5572458738747231,
    0.4918087610168226,
    1.03938452185248,
    -0.5280243165914947,
    23.73725928085085,
    0.9685543762336424,
    1.2423318091283586,
    0.9998058197097055,
    23.979377373271625,
    2.4507002443296346,
    1.19435370506049,
    23.86120928206579,
    2.192779048107987,
    -0.8289016661626344,
    1.5496075118509407,
    -0.005964909434117982,
    2.6949882138796526,
    -0.04144389981884377,
    7.688685123285344,
    0.708359207526203,
    0.2921415078667316,
    2.271058451472776,
    0.5572458738747231,
    7.543263293621579,
    2.7504403984047037,
    -0.07134647932598759,
    2.7327330158038774,
    0.931907476517043,
    -0.20218434218469972,
    -0.42129185342535325,
    4.64473999976789,
    -0.6044525530967408,
    -0.4932470866388109
  ],
  "selected_features": [
    "K2O_wt",
    "Fe2O3T_wt",
    "P2O5_tot_wt"
  ],
  "selected_models": [],
  "stacking_used": false,
  "stacked_model": true,
  "number_of_models": 1,
  "final_estimator": "lgbm",
  "final_estimator_params": {
    "lgbm_num_leaves": 71,
    "lgbm_lr": 0.24438671079894464,
    "lgbm_n_estimators": 220
  },
  "model_params": {
    "lgbm": {
      "lgbm_num_leaves": 71,
      "lgbm_lr": 0.24438671079894464,
      "lgbm_n_estimators": 220
    }
  },
  "use_random_split": true,
  "use_feature_selection": true,
  "model_name": "LGBM-FS",
  "error_mean": -0.37091081507339263,
  "error_sdev": 5.552268064583261,
  "uncertainty_median": 8.317757417716596,
  "uncertainty_mad": 5.505752120784885,
  "uncertainty_measure": 66.1927469663612,
  "feature_importance": {
    "K2O_wt": 0.3171570351550301,
    "Fe2O3T_wt": -0.018120321112363957,
    "SiO2_wt": 1.000279622382233
  }
}