{
  "y_test": [
    1.53,
    4.2,
    8.7,
    0.24,
    0.04,
    0.35,
    3.4,
    1.3,
    0.56,
    1.8,
    8.0,
    0.22,
    6.7,
    0.18,
    0.4,
    2.4,
    0.51,
    1.47,
    0.52,
    1.2,
    7.4,
    0.43,
    10.1,
    0.25,
    5.4,
    0.11,
    6.5,
    2.7,
    25.0,
    11.7,
    2.6,
    2.4,
    0.31,
    0.15,
    25.8,
    1.3,
    1.44,
    0.47,
    0.05,
    0.17,
    0.14,
    6.1,
    0.15,
    0.57,
    1.44
  ],
  "y_pred": [
    1.4641739237666918,
    3.4791765517578557,
    12.000714880465292,
    -0.9334170585122006,
    1.1709372440169579,
    1.794481075855827,
    3.2147284967672776,
    1.6311970114759433,
    0.9527822032171502,
    3.248931084594396,
    5.956187290064983,
    0.31420185337622036,
    10.895205227050981,
    1.0442786217059632,
    1.3704797760727507,
    1.416911589769548,
    1.0161859500382875,
    1.3870148163526113,
    0.5285699463667533,
    1.4179462591593632,
    10.162777398102573,
    1.030448432915955,
    12.116083029901542,
    0.9320740284334643,
    3.4743385429228977,
    0.37257090305128276,
    11.727640959479778,
    1.3954453821780801,
    27.94736750375584,
    6.80456526675716,
    2.5615245250022585,
    1.161571007425657,
    2.3293477034538306,
    1.797150506645398,
    14.257625972340078,
    2.5579978464384623,
    1.6532722664133683,
    1.324384732765462,
    2.5707227000380732,
    0.6956894404351741,
    2.67458103115614,
    3.8014644140912415,
    0.1282853243724998,
    0.8040402739331622,
    0.3828918014169936
  ],
  "selected_features": [
    "K2O_wt",
    "Fe2O3T_wt",
    "SiO2_wt",
    "Al2O3_wt",
    "P2O5_tot_wt"
  ],
  "selected_models": [],
  "stacking_used": false,
  "stacked_model": true,
  "number_of_models": 1,
  "final_estimator": "ann",
  "final_estimator_params": {
    "ann_hidden": 94,
    "ann_alpha": 0.00031403568254918736
  },
  "model_params": {
    "ann": {
      "ann_hidden": 94,
      "ann_alpha": 0.00031403568254918736
    }
  },
  "use_random_split": true,
  "use_feature_selection": false,
  "model_name": "ANN",
  "error_mean": -0.2585455052619782,
  "error_sdev": 2.530299060585325,
  "uncertainty_median": 17.73222806084317,
  "uncertainty_mad": 14.357693693576504,
  "uncertainty_measure": 80.96948473881626,
  "feature_importance": {
    "K2O_wt": 0.2683057503106262,
    "Fe2O3T_wt": 0.08077779158145879,
    "SiO2_wt": 2.5782759176192434,
    "Al2O3_wt": 2.954684176260203,
    "P2O5_tot_wt": 1.2130782833471745
  }
}