{
  "y_test": [
    11.7,
    0.31,
    0.36,
    0.25,
    25.6,
    2.4,
    0.19,
    0.41,
    0.11,
    0.14,
    0.29,
    0.37,
    0.05,
    1.3,
    0.16,
    0.12,
    0.15,
    0.35,
    0.19,
    0.34,
    0.13,
    1.44,
    1.44,
    0.4,
    34.0,
    0.52,
    4.5,
    1.3,
    6.9,
    0.02,
    1.2,
    1.9,
    4.2,
    6.1,
    0.12,
    8.0,
    0.74,
    6.3,
    0.17,
    0.4,
    0.27,
    0.04,
    1.4,
    24.5,
    0.27
  ],
  "y_pred": [
    3.5214561672290956,
    16.707299746132882,
    0.2562195529556973,
    0.5456070889545178,
    26.744842130170127,
    0.9505280899180932,
    0.09221343859051358,
    1.2282607570320414,
    0.20139765114169778,
    19.71045528600859,
    2.8769056979557477,
    0.5240153585141993,
    0.17330342928098663,
    2.0351818369642016,
    0.15529957366294045,
    1.1584086322972822,
    0.2649450684592807,
    9.220536877599065,
    0.1868323860795415,
    3.1217927847602325,
    0.21731590403960996,
    4.731796214495425,
    0.21991624834581508,
    0.8873328487302053,
    28.002986439419576,
    0.2262217099856325,
    5.477579790984395,
    4.529332605483054,
    0.5303321528924587,
    0.13100208041197453,
    1.316544738574364,
    2.4586699348115886,
    18.83270693773785,
    3.950571972867481,
    12.39059579728378,
    4.886403708419371,
    1.4210168721275724,
    16.45665223549072,
    0.2666472866145706,
    0.13334793225291067,
    0.21035512330914724,
    0.8520696751457166,
    1.6015448265946557,
    26.010998636668944,
    1.0149614988087006
  ],
  "selected_features": [
    "K2O_wt",
    "Fe2O3T_wt",
    "SiO2_wt",
    "Al2O3_wt",
    "P2O5_tot_wt"
  ],
  "selected_models": [],
  "stacking_used": false,
  "stacked_model": true,
  "number_of_models": 1,
  "final_estimator": "knn",
  "final_estimator_params": {
    "knn_n": 3,
    "knn_weights": "distance"
  },
  "model_params": {
    "knn": {
      "knn_n": 3,
      "knn_weights": "distance"
    }
  },
  "use_random_split": true,
  "use_feature_selection": false,
  "model_name": "KNN",
  "error_mean": -1.6751645494489389,
  "error_sdev": 5.390704615751247,
  "uncertainty_median": 4.67908102819217,
  "uncertainty_mad": 7.954195651097343,
  "uncertainty_measure": 169.99482597484658,
  "feature_importance": {
    "K2O_wt": -0.026717203328244867,
    "Fe2O3T_wt": 0.06296022956335472,
    "SiO2_wt": 1.6642472821583683,
    "Al2O3_wt": -0.15884989378232645,
    "P2O5_tot_wt": 0.014802141551200933
  }
}