{
  "y_test": [
    2.7,
    5.4,
    10.1,
    0.41,
    1.2,
    0.36,
    0.4,
    0.12,
    0.1,
    0.32,
    0.52,
    1.9,
    0.19,
    0.04,
    0.56,
    0.37,
    0.09,
    0.31,
    0.15,
    0.18,
    0.14,
    0.84,
    0.62,
    0.36,
    4.2,
    0.42,
    3.4,
    6.0,
    1.9,
    0.14,
    4.2,
    0.44,
    29.4,
    6.1,
    0.15,
    0.25,
    0.74,
    0.19,
    1.4,
    6.2,
    1.44,
    0.04,
    0.04,
    1.8,
    0.18
  ],
  "y_pred": [
    1.5380495798494074,
    7.535361981893741,
    31.54994225004426,
    0.8053579995233978,
    0.6862921835350289,
    0.2329947703009628,
    0.2329947703009628,
    -0.05423790380666546,
    0.8445669617465675,
    1.0905985171323627,
    0.8500965306514567,
    1.7405995039126072,
    0.3632123365262522,
    0.3632123365262522,
    0.9235660540449697,
    0.28404230680311676,
    0.42110774881111995,
    0.6949345097963026,
    0.3552485472706108,
    0.3632123365262522,
    -0.5308334647432613,
    -0.5308334647432613,
    0.3686354438597495,
    0.8053579995233978,
    -0.9697118481752433,
    -0.05423790380666546,
    0.38976276285513406,
    6.670356962769127,
    1.7640715209897053,
    0.627595609459552,
    7.535361981893741,
    0.2721739375276189,
    13.655792492734566,
    6.628217191495,
    0.9986137520906216,
    -0.015403594669356483,
    0.7968627524771986,
    0.48209712155089735,
    2.195814184268861,
    6.661516749504155,
    1.1246575762874131,
    0.3632123365262522,
    9.662540024192204,
    6.683635654528217,
    0.3932541406689124
  ],
  "selected_features": [
    "K2O_wt",
    "P2O5_tot_wt"
  ],
  "selected_models": [],
  "stacking_used": false,
  "stacked_model": true,
  "number_of_models": 1,
  "final_estimator": "lgbm",
  "final_estimator_params": {
    "lgbm_num_leaves": 53,
    "lgbm_lr": 0.27746074474641647,
    "lgbm_n_estimators": 300
  },
  "model_params": {
    "lgbm": {
      "lgbm_num_leaves": 53,
      "lgbm_lr": 0.27746074474641647,
      "lgbm_n_estimators": 300
    }
  },
  "use_random_split": true,
  "use_feature_selection": true,
  "model_name": "LGBM-FS",
  "error_mean": -0.46199251645452216,
  "error_sdev": 4.4615237340218945,
  "uncertainty_median": 6.6762552742652845,
  "uncertainty_mad": 6.697065782890408,
  "uncertainty_measure": 100.31170930065153,
  "feature_importance": {
    "K2O_wt": 0.6742146194572581,
    "Fe2O3T_wt": 2.0880106711079125
  }
}