{
  "y_test": [
    0.15,
    4.5,
    0.36,
    0.16,
    0.44,
    0.27,
    0.18,
    5.4,
    0.51,
    0.1,
    38.0,
    7.4,
    6.7,
    0.17,
    0.4,
    4.2,
    2.7,
    25.0,
    3.8,
    1.3,
    2.4,
    0.73,
    0.37,
    3.4,
    0.14,
    5.7,
    1.0,
    0.32,
    0.31,
    0.34,
    2.4,
    0.04,
    25.8,
    0.23,
    0.19,
    0.19,
    0.24,
    0.16,
    0.25,
    0.11,
    1.47,
    0.17,
    0.05,
    6.7,
    0.35
  ],
  "y_pred": [
    -0.23284376869357754,
    11.484430367393434,
    -0.7364977205070528,
    0.9637781276598532,
    0.7261131085322995,
    0.812333290814274,
    -0.18479711032746418,
    -1.8732483332933927,
    0.42550284432242297,
    1.3829507420616394,
    2.9379431340986897,
    11.666208294585626,
    11.484430367393434,
    0.22719856780174358,
    0.40161009749977894,
    2.9473387815950276,
    -1.2865003287910437,
    25.375545705982013,
    4.033898666406282,
    -0.43752830700547823,
    2.2297330470883607,
    1.2640078321475552,
    0.46357681014887303,
    3.388252334772186,
    -0.1343651370239407,
    7.333769076939558,
    -0.5688028265522309,
    1.1655228549320276,
    0.154780311252242,
    -0.3840931876799544,
    -1.944136209178209,
    0.2711237560669381,
    20.087350708383717,
    1.4020248445027856,
    -0.6572786337090275,
    1.101699472636637,
    0.46020062814767976,
    -0.184809787860988,
    0.1938616205536403,
    0.9637781276598532,
    1.9743248294797193,
    0.951513549496225,
    2.2471409160631644,
    6.892855523762398,
    -0.39979728274603327
  ],
  "selected_features": [
    "K2O_wt",
    "Fe2O3T_wt",
    "SiO2_wt",
    "Al2O3_wt",
    "P2O5_tot_wt"
  ],
  "selected_models": [],
  "stacking_used": false,
  "stacked_model": true,
  "number_of_models": 1,
  "final_estimator": "lgbm",
  "final_estimator_params": {
    "lgbm_num_leaves": 17,
    "lgbm_lr": 0.09101928348830711,
    "lgbm_n_estimators": 237
  },
  "model_params": {
    "lgbm": {
      "lgbm_num_leaves": 17,
      "lgbm_lr": 0.09101928348830711,
      "lgbm_n_estimators": 237
    }
  },
  "feature_names": [
    "K2O_wt",
    "Fe2O3T_wt",
    "SiO2_wt",
    "Al2O3_wt",
    "P2O5_tot_wt"
  ],
  "use_random_split": true,
  "use_feature_selection": false,
  "model_name": "LGBM",
  "error_mean": 0.8091088954041847,
  "error_sdev": 5.712752557498892,
  "uncertainty_median": 12.111114804592862,
  "uncertainty_mad": 4.1466990310471985,
  "uncertainty_measure": 34.23878889724221,
  "feature_importance": {
    "K2O_wt": 0.11437765262810422,
    "Fe2O3T_wt": 0.026298768678518672,
    "SiO2_wt": 0.05596734780208606,
    "Al2O3_wt": 0.061118955195198714,
    "P2O5_tot_wt": 0.3169648018759932
  },
  "run": 1
}