{
  "y_test": [
    7.0,
    0.51,
    0.14,
    0.18,
    24.5,
    1.3,
    0.56,
    0.29,
    0.87,
    0.36,
    0.27,
    1.3,
    8.0,
    0.13,
    0.05,
    0.34,
    0.07,
    0.17,
    29.4,
    0.25,
    0.24,
    6.3,
    25.6,
    2.4,
    1.8,
    4.2,
    0.1,
    6.6,
    0.17,
    0.04,
    5.4,
    0.14,
    0.43,
    0.14,
    2.4,
    0.37,
    0.04,
    1.9,
    1.0,
    1.3,
    25.8,
    4.2,
    0.4,
    0.35,
    1.44
  ],
  "y_pred": [
    8.434694290161133,
    0.4444619119167328,
    0.48084408044815063,
    0.2650711238384247,
    26.9420108795166,
    0.6821306347846985,
    0.39945682883262634,
    0.11449144780635834,
    2.333791971206665,
    0.17842033505439758,
    2.5429391860961914,
    1.6309139728546143,
    6.330486297607422,
    0.5222402811050415,
    0.17912739515304565,
    0.48084408044815063,
    1.321155309677124,
    0.3529035151004791,
    14.51659107208252,
    1.5222710371017456,
    0.4493672847747803,
    9.893567085266113,
    29.553388595581055,
    2.5789852142333984,
    7.737456798553467,
    19.85167121887207,
    0.3923463523387909,
    14.535953521728516,
    0.8087307810783386,
    0.3529035151004791,
    5.775973796844482,
    6.0811567306518555,
    0.15086279809474945,
    0.16471655666828156,
    2.042206048965454,
    0.3460725247859955,
    0.507726788520813,
    2.1072371006011963,
    0.7276009917259216,
    0.544281005859375,
    17.0080509185791,
    5.297687530517578,
    0.39396166801452637,
    0.32308387756347656,
    1.114812970161438
  ],
  "selected_features": [
    "K2O_wt",
    "SiO2_wt",
    "P2O5_tot_wt"
  ],
  "selected_models": [],
  "stacking_used": false,
  "stacked_model": true,
  "number_of_models": 1,
  "final_estimator": "xgb",
  "final_estimator_params": {
    "xgb_n_estimators": 98,
    "xgb_lr": 0.08072749990538551,
    "xgb_max_depth": 3,
    "xgb_subsample": 0.6542508409169612,
    "xgb_colsample": 0.8949321944502046
  },
  "model_params": {
    "xgb": {
      "xgb_n_estimators": 98,
      "xgb_lr": 0.08072749990538551,
      "xgb_max_depth": 3,
      "xgb_subsample": 0.6542508409169612,
      "xgb_colsample": 0.8949321944502046
    }
  },
  "use_random_split": true,
  "use_feature_selection": true,
  "model_name": "XGB-FS",
  "error_mean": -0.665881051686075,
  "error_sdev": 4.020904986478998,
  "uncertainty_median": 10.422905921936035,
  "uncertainty_mad": 4.5951457023620605,
  "uncertainty_measure": 44.086992022935966,
  "feature_importance": {
    "K2O_wt": 0.14051852442626198,
    "Fe2O3T_wt": 0.19408847596291945,
    "SiO2_wt": 0.6766630170177608
  }
}