{
  "y_test": [
    11.7,
    0.31,
    0.36,
    0.25,
    25.6,
    2.4,
    0.19,
    0.41,
    0.11,
    0.14,
    0.29,
    0.37,
    0.05,
    1.3,
    0.16,
    0.12,
    0.15,
    0.35,
    0.19,
    0.34,
    0.13,
    1.44,
    1.44,
    0.4,
    34.0,
    0.52,
    4.5,
    1.3,
    6.9,
    0.02,
    1.2,
    1.9,
    4.2,
    6.1,
    0.12,
    8.0,
    0.74,
    6.3,
    0.17,
    0.4,
    0.27,
    0.04,
    1.4,
    24.5,
    0.27
  ],
  "y_pred": [
    6.456976598850089,
    18.324649520435095,
    0.3273158863986634,
    0.32762028164270074,
    26.482678252282323,
    1.2493093840693317,
    0.09899294949769288,
    1.8584969938943938,
    0.24515636291678478,
    21.621807703821005,
    4.270891558111539,
    0.47828918376303076,
    0.22298747782923112,
    1.9766872952624688,
    0.2054100942585726,
    0.6562374285904764,
    0.2201699831300381,
    8.011499993531693,
    0.30229601671254924,
    1.5321684928811345,
    0.3672877282934608,
    3.0304136157517787,
    0.20720848321483087,
    6.260734329429052,
    27.064669608985184,
    0.1785497581835993,
    5.095800019939815,
    3.656348094803027,
    1.1377745668950405,
    0.33502100763976905,
    1.2531534486830478,
    5.606041415932275,
    19.405494490555917,
    4.246555361557542,
    6.151832601709354,
    5.5100898978297455,
    1.101961124660349,
    15.148178678203706,
    0.2792475193358368,
    0.19191492445205371,
    1.6119703519963688,
    4.010292191685872,
    1.437491418976916,
    25.21449659857701,
    4.745846401868991
  ],
  "selected_features": [
    "K2O_wt",
    "Fe2O3T_wt",
    "SiO2_wt",
    "Al2O3_wt",
    "P2O5_tot_wt"
  ],
  "selected_models": [],
  "stacking_used": false,
  "stacked_model": true,
  "number_of_models": 1,
  "final_estimator": "gpr",
  "final_estimator_params": {
    "gpr_nu": 0.5,
    "gpr_const": 3.891812664262925,
    "gpr_length_scale": 9.219355198767099,
    "gpr_alpha": 0.009954881680619521
  },
  "model_params": {
    "gpr": {
      "gpr_nu": 0.5,
      "gpr_const": 3.891812664262925,
      "gpr_length_scale": 9.219355198767099,
      "gpr_alpha": 0.009954881680619521
    }
  },
  "use_random_split": true,
  "use_feature_selection": false,
  "model_name": "GPR",
  "error_mean": -1.9348447799342077,
  "error_sdev": 5.350144677532113,
  "uncertainty_median": 5.73117716247479,
  "uncertainty_mad": 7.027948416495538,
  "uncertainty_measure": 122.62661260083586,
  "feature_importance": {
    "K2O_wt": -0.051536312463627505,
    "Fe2O3T_wt": 0.11125587126964484,
    "SiO2_wt": 1.3829063440977711,
    "Al2O3_wt": -0.21962950992159655,
    "P2O5_tot_wt": 0.007212221994823319
  }
}