{
  "y_test": [
    0.19,
    0.84,
    1.0,
    8.9,
    10.1,
    6.2,
    3.4,
    1.5,
    0.37,
    31.8,
    0.04,
    0.17,
    0.31,
    0.25,
    10.4,
    1.4,
    0.4,
    2.4,
    6.0,
    0.16,
    0.12,
    25.0,
    1.53,
    0.05,
    0.15,
    0.43,
    5.4,
    1.8,
    2.4,
    0.1,
    0.07,
    0.73,
    0.14,
    0.17,
    0.87,
    0.37,
    0.22,
    0.62,
    0.46,
    2.7,
    1.47,
    6.5,
    0.18,
    5.1,
    0.09
  ],
  "y_pred": [
    0.35916846051970924,
    0.30144023242277107,
    1.3350041463691105,
    6.941146521759485,
    9.754328796905904,
    9.874415088164405,
    3.1839658028765605,
    1.399169711134183,
    0.5487873869774578,
    28.46381819394427,
    0.5726863552399347,
    0.5657255061215161,
    0.9044557550401419,
    0.46403881931552055,
    10.83736141390747,
    1.8940088146213019,
    0.6169726505980501,
    1.6415386289050544,
    4.900345648034307,
    0.3221210049224331,
    0.3355971048715094,
    26.135811082008587,
    0.8663899463233959,
    14.975949148207757,
    0.34971451392743186,
    0.27426011775497966,
    6.082448478233987,
    7.871311399372854,
    2.4474599417252065,
    0.4138310955586432,
    0.8012147023443885,
    0.5681445653310032,
    0.4130992390705736,
    0.291039112592966,
    2.004558884522307,
    2.1758208954636937,
    0.48381295435663796,
    0.5296115166184302,
    0.42058892740192033,
    2.8115534061830596,
    1.3219479580133022,
    8.556568630403804,
    0.38933767505807365,
    5.002577863321357,
    3.933018599797985
  ],
  "selected_features": [
    "K2O_wt",
    "SiO2_wt",
    "P2O5_tot_wt"
  ],
  "selected_models": [],
  "stacking_used": false,
  "stacked_model": true,
  "number_of_models": 1,
  "final_estimator": "et",
  "final_estimator_params": {
    "et_n_estimators": 238,
    "et_max_depth": 6,
    "et_min_samples_split": 4,
    "et_min_samples_leaf": 1,
    "et_bootstrap": false
  },
  "model_params": {
    "et": {
      "et_n_estimators": 238,
      "et_max_depth": 6,
      "et_min_samples_split": 4,
      "et_min_samples_leaf": 1,
      "et_bootstrap": false
    }
  },
  "feature_names": [
    "K2O_wt",
    "Fe2O3T_wt",
    "SiO2_wt",
    "Al2O3_wt",
    "P2O5_tot_wt"
  ],
  "use_random_split": true,
  "use_feature_selection": true,
  "model_name": "ET-FS",
  "error_mean": -0.7074703710276319,
  "error_sdev": 2.5942822936467866,
  "uncertainty_median": 7.267052571669854,
  "uncertainty_mad": 5.24757398832221,
  "uncertainty_measure": 72.21048611619443,
  "feature_importance": {
    "K2O_wt": 0.09305833141129873,
    "Fe2O3T_wt": 0.8777045145658379,
    "SiO2_wt": 0.4297296954620816
  },
  "run": 0
}