{
  "y_test": [
    1.4,
    25.0,
    1.18,
    0.04,
    2.4,
    0.04,
    25.6,
    38.0,
    0.73,
    0.16,
    2.4,
    0.12,
    3.4,
    0.15,
    0.44,
    0.21,
    0.14,
    0.14,
    0.37,
    0.37,
    0.87,
    6.9,
    0.24,
    0.17,
    22.1,
    0.22,
    0.15,
    0.03,
    0.07,
    0.52,
    0.84,
    0.56,
    0.1,
    0.19,
    6.5,
    0.23,
    8.7,
    4.2,
    0.04,
    0.15,
    6.6,
    1.5,
    0.17,
    6.7,
    0.14
  ],
  "y_pred": [
    1.2185782363483433,
    27.209477335561328,
    0.7564379198318006,
    0.415560949429893,
    0.833356689058292,
    0.415560949429893,
    27.209477335561328,
    9.041032487488593,
    0.05616304566256684,
    0.19708034198334412,
    2.0701652242333806,
    0.30559626128839407,
    2.9146527646166756,
    -3.005605695073267,
    0.28015324450814694,
    0.415560949429893,
    0.415560949429893,
    0.10270075010484603,
    0.17359383336842082,
    -2.820776038138781,
    1.462351701790106,
    8.565153501786561,
    0.039442266712095206,
    -2.835323468647528,
    27.209477335561328,
    0.47852041737185524,
    0.23896533290734587,
    -0.020259398219351778,
    0.30775272764818123,
    3.7531694368987902,
    -2.951081308572936,
    -0.018686610222312917,
    0.4875903698271398,
    0.22310200511859124,
    24.397134787176366,
    0.19477757089643624,
    24.397134787176366,
    1.7263816665025211,
    1.5708862482007924,
    2.047040134863429,
    7.184663662473793,
    2.01837545216457,
    0.415560949429893,
    8.565153501786561,
    1.7395454218374506
  ],
  "selected_features": [
    "K2O_wt",
    "SiO2_wt",
    "P2O5_tot_wt"
  ],
  "selected_models": [],
  "stacking_used": false,
  "stacked_model": true,
  "number_of_models": 1,
  "final_estimator": "lgbm",
  "final_estimator_params": {
    "lgbm_num_leaves": 57,
    "lgbm_lr": 0.27784859304845283,
    "lgbm_n_estimators": 258
  },
  "model_params": {
    "lgbm": {
      "lgbm_num_leaves": 57,
      "lgbm_lr": 0.27784859304845283,
      "lgbm_n_estimators": 258
    }
  },
  "use_random_split": true,
  "use_feature_selection": true,
  "model_name": "LGBM-FS",
  "error_mean": -0.20491457836868932,
  "error_sdev": 5.872773059558713,
  "uncertainty_median": 8.565153501786561,
  "uncertainty_mad": 5.808113788147361,
  "uncertainty_measure": 67.81097136129408,
  "feature_importance": {
    "K2O_wt": 0.16411915884230135,
    "Fe2O3T_wt": -0.09222216858967824,
    "SiO2_wt": 0.8687761571174869
  }
}