{
  "y_test": [
    4.2,
    5.1,
    0.25,
    6.6,
    1.3,
    5.4,
    1.4,
    6.9,
    0.14,
    0.14,
    0.16,
    0.14,
    0.04,
    6.7,
    0.02,
    1.3,
    0.29,
    0.18,
    3.4,
    1.9,
    0.73,
    0.74,
    1.18,
    0.17,
    7.0,
    1.47,
    2.7,
    22.1,
    0.09,
    2.4,
    0.37,
    1.3,
    0.05,
    6.2,
    0.04,
    0.07,
    0.15,
    0.1,
    0.36,
    1.3,
    1.0,
    0.57,
    6.3,
    0.24,
    2.4
  ],
  "y_pred": [
    12.755707740783691,
    3.945688009262085,
    0.5726621747016907,
    6.789819240570068,
    2.0945944786071777,
    3.3272788524627686,
    2.176931381225586,
    5.9591498374938965,
    -0.0911405012011528,
    3.1600682735443115,
    0.19164243340492249,
    1.9352107048034668,
    1.5256075859069824,
    5.7646660804748535,
    2.230642795562744,
    2.0617380142211914,
    0.19149890542030334,
    0.20730748772621155,
    3.373424768447876,
    3.3515408039093018,
    0.47593557834625244,
    0.5200170278549194,
    0.4131421148777008,
    0.432451069355011,
    6.655134677886963,
    1.4107351303100586,
    1.775328516960144,
    24.475406646728516,
    2.8906452655792236,
    1.4653171300888062,
    0.4149559438228607,
    0.44514182209968567,
    0.13030041754245758,
    5.788900852203369,
    0.284510999917984,
    1.3198583126068115,
    0.11199513077735901,
    0.3386305272579193,
    0.3551446795463562,
    1.7686313390731812,
    1.5513290166854858,
    0.35910525918006897,
    7.534973621368408,
    0.10199184715747833,
    2.7183797359466553
  ],
  "selected_features": [
    "K2O_wt",
    "Fe2O3T_wt",
    "SiO2_wt",
    "Al2O3_wt",
    "P2O5_tot_wt"
  ],
  "selected_models": [],
  "stacking_used": false,
  "stacked_model": true,
  "number_of_models": 1,
  "final_estimator": "xgb",
  "final_estimator_params": {
    "xgb_n_estimators": 70,
    "xgb_lr": 0.04404621420802941,
    "xgb_max_depth": 9,
    "xgb_subsample": 0.6257016323902177,
    "xgb_colsample": 0.733567401953975
  },
  "model_params": {
    "xgb": {
      "xgb_n_estimators": 70,
      "xgb_lr": 0.04404621420802941,
      "xgb_max_depth": 9,
      "xgb_subsample": 0.6257016323902177,
      "xgb_colsample": 0.733567401953975
    }
  },
  "use_random_split": true,
  "use_feature_selection": false,
  "model_name": "XGB",
  "error_mean": -0.45937781623337,
  "error_sdev": 1.620658001783782,
  "uncertainty_median": 9.716863632202148,
  "uncertainty_mad": 4.300041198730469,
  "uncertainty_measure": 44.25338629308255,
  "feature_importance": {
    "K2O_wt": -0.0010077889772996573,
    "Fe2O3T_wt": 0.1235668186966975,
    "SiO2_wt": 0.29431618536736903,
    "Al2O3_wt": 0.013630689663750015,
    "P2O5_tot_wt": 0.7778232554508641
  }
}