{
  "y_test": [
    0.05,
    0.23,
    0.04,
    2.4,
    1.47,
    31.8,
    0.14,
    0.74,
    0.29,
    0.19,
    0.17,
    2.6,
    1.4,
    2.4,
    0.56,
    0.02,
    1.3,
    0.62,
    1.4,
    4.2,
    0.52,
    0.1,
    5.1,
    6.5,
    22.1,
    0.84,
    0.27,
    25.6,
    0.68,
    10.4,
    0.44,
    0.25,
    8.0,
    2.4,
    0.29,
    0.15,
    0.18,
    0.17,
    0.09,
    29.4,
    1.8,
    0.27,
    0.9,
    6.9,
    0.04
  ],
  "y_pred": [
    0.1960988339464369,
    0.49504763918667116,
    0.42384299524748315,
    1.0249928008587594,
    0.8982126270078887,
    29.923034522058867,
    0.05255218084606916,
    0.2601105362608518,
    0.21519238473376756,
    0.07404517309892578,
    0.11595606277289594,
    4.04190448959848,
    1.9266981343098557,
    1.3498886856028194,
    0.6815521479178606,
    0.3664798537768803,
    1.5151754764060967,
    0.4720991215225512,
    1.4688603475096822,
    5.421281790174939,
    0.2586431980424311,
    0.4068675581045573,
    3.436022510922951,
    8.785587485532924,
    26.160781048901153,
    0.3514729030033319,
    1.6316691262085303,
    27.723493060171627,
    1.0595158707521448,
    7.7460997775749,
    0.420641260685386,
    0.47811757440761626,
    5.87049471867814,
    0.8131521585399688,
    0.3444741367015389,
    2.9932762528830383,
    0.3047878406446394,
    0.26167503287466953,
    0.2697655034460542,
    19.342201798277262,
    0.6097756937441714,
    0.3587674301271071,
    2.2171789259270334,
    0.5099841980065389,
    0.07375745435999193
  ],
  "selected_features": [
    "Fe2O3T_wt",
    "SiO2_wt",
    "P2O5_tot_wt"
  ],
  "selected_models": [],
  "stacking_used": false,
  "stacked_model": true,
  "number_of_models": 1,
  "final_estimator": "gpr",
  "final_estimator_params": {
    "gpr_nu": 0.5,
    "gpr_const": 7.4097123468609345,
    "gpr_length_scale": 5.197258138469697,
    "gpr_alpha": 0.009656522152145033
  },
  "model_params": {
    "gpr": {
      "gpr_nu": 0.5,
      "gpr_const": 7.4097123468609345,
      "gpr_length_scale": 5.197258138469697,
      "gpr_alpha": 0.009656522152145033
    }
  },
  "use_random_split": true,
  "use_feature_selection": true,
  "model_name": "GPR-FS",
  "error_mean": 0.26797270396987805,
  "error_sdev": 2.169006279077524,
  "uncertainty_median": 10.067794631513106,
  "uncertainty_mad": 8.562857443534673,
  "uncertainty_measure": 85.05196775401195,
  "feature_importance": {
    "K2O_wt": -0.008150924515904491,
    "Fe2O3T_wt": 1.7720019619359968,
    "SiO2_wt": 0.04676533225222016
  }
}