{
  "y_test": [
    0.05,
    0.23,
    0.04,
    2.4,
    1.47,
    31.8,
    0.14,
    0.74,
    0.29,
    0.19,
    0.17,
    2.6,
    1.4,
    2.4,
    0.56,
    0.02,
    1.3,
    0.62,
    1.4,
    4.2,
    0.52,
    0.1,
    5.1,
    6.5,
    22.1,
    0.84,
    0.27,
    25.6,
    0.68,
    10.4,
    0.44,
    0.25,
    8.0,
    2.4,
    0.29,
    0.15,
    0.18,
    0.17,
    0.09,
    29.4,
    1.8,
    0.27,
    0.9,
    6.9,
    0.04
  ],
  "y_pred": [
    -1.01689926417421,
    0.7079640138329717,
    -0.0464269521801306,
    1.9901663869728408,
    1.416033504027932,
    9.116132385235522,
    -0.522206753455766,
    1.2310282532070085,
    1.1871132974967784,
    -0.47663464508384834,
    -0.19563562493709163,
    2.819546913598285,
    2.8326098029574833,
    1.5698735815635017,
    0.7588704154136527,
    1.0199576437704883,
    2.9800499665813263,
    0.7560377951753905,
    3.002077652043515,
    3.933458672664953,
    1.0529544446289574,
    0.5995180905712711,
    3.7809271587575406,
    8.777099283848889,
    29.57620283687874,
    0.024858359391344287,
    1.981435724374533,
    8.090473550668008,
    1.4550664127425925,
    5.086372137722984,
    0.018725418432198992,
    1.147668158297603,
    5.58543550003908,
    0.9582807624439962,
    -0.7522398598952424,
    1.6482451310786912,
    0.7581290050976319,
    0.5504264749872316,
    0.3425046518498194,
    17.747184638821004,
    2.1408934339019465,
    1.3401517431812024,
    2.353536452936659,
    1.1101055637003077,
    -0.35075881725637714
  ],
  "selected_features": [
    "K2O_wt",
    "SiO2_wt",
    "P2O5_tot_wt"
  ],
  "selected_models": [],
  "stacking_used": false,
  "stacked_model": true,
  "number_of_models": 1,
  "final_estimator": "svr",
  "final_estimator_params": {
    "svr_C": 4.207313580105294,
    "svr_epsilon": 0.03778190688251897
  },
  "model_params": {
    "svr": {
      "svr_C": 4.207313580105294,
      "svr_epsilon": 0.03778190688251897
    }
  },
  "use_random_split": true,
  "use_feature_selection": true,
  "model_name": "SVR-FS",
  "error_mean": 1.051637482179751,
  "error_sdev": 4.921368554197092,
  "uncertainty_median": 14.104387690031917,
  "uncertainty_mad": 5.87832340746289,
  "uncertainty_measure": 41.67726764641697,
  "feature_importance": {
    "K2O_wt": 0.007217128793946366,
    "Fe2O3T_wt": 0.24683437751960033,
    "SiO2_wt": 0.4950967891967695
  }
}