{
  "y_test": [
    0.19,
    0.04,
    1.44,
    5.4,
    0.12,
    0.35,
    0.47,
    0.19,
    10.4,
    6.7,
    0.16,
    0.04,
    0.25,
    0.27,
    34.0,
    0.04,
    2.4,
    0.04,
    6.9,
    0.21,
    4.2,
    0.34,
    0.43,
    6.3,
    6.2,
    3.4,
    4.5,
    0.12,
    1.4,
    31.8,
    0.62,
    1.0,
    0.07,
    0.57,
    0.68,
    2.6,
    0.07,
    0.18,
    1.5,
    0.15,
    0.04,
    0.04,
    0.17,
    0.15,
    0.05
  ],
  "y_pred": [
    0.6612175084094366,
    0.7831766430248212,
    0.6612175084094366,
    7.006515542430502,
    0.6612175084094366,
    0.6612175084094366,
    0.6612175084094366,
    0.6612175084094366,
    7.374036909951869,
    7.5299058558208145,
    0.6612175084094366,
    0.6612175084094366,
    0.6612175084094366,
    0.7831766430248212,
    23.498589743589744,
    0.6612175084094366,
    0.7831766430248212,
    0.6612175084094366,
    7.5299058558208145,
    0.6612175084094366,
    7.006515542430502,
    0.6612175084094366,
    0.6612175084094366,
    7.5299058558208145,
    7.006515542430502,
    0.9520678419160201,
    7.5299058558208145,
    0.6612175084094366,
    0.7831766430248212,
    23.498589743589744,
    0.6612175084094366,
    0.6612175084094366,
    0.6612175084094366,
    0.6612175084094366,
    0.6612175084094366,
    0.6612175084094366,
    0.6612175084094366,
    0.6612175084094366,
    0.7831766430248212,
    0.6612175084094366,
    0.6612175084094366,
    0.6612175084094366,
    0.6612175084094366,
    0.6612175084094366,
    20.56379172793807
  ],
  "selected_features": [
    "K2O_wt",
    "Fe2O3T_wt",
    "SiO2_wt",
    "Al2O3_wt",
    "P2O5_tot_wt"
  ],
  "selected_models": [],
  "stacking_used": false,
  "stacked_model": true,
  "number_of_models": 1,
  "final_estimator": "rf",
  "final_estimator_params": {
    "rf_n_estimators": 13,
    "rf_max_depth": 2
  },
  "model_params": {
    "rf": {
      "rf_n_estimators": 13,
      "rf_max_depth": 2
    }
  },
  "use_random_split": true,
  "use_feature_selection": false,
  "model_name": "RF",
  "error_mean": -0.2948048770699675,
  "error_sdev": 3.839139552612759,
  "uncertainty_median": 9.716079644994604,
  "uncertainty_mad": 5.555515034850941,
  "uncertainty_measure": 57.17856623080436,
  "feature_importance": {
    "K2O_wt": 0.0503390100928445,
    "Fe2O3T_wt": 0.0,
    "SiO2_wt": 0.7010448158821301,
    "Al2O3_wt": -0.03134944475203624,
    "P2O5_tot_wt": 0.4057513057417584
  }
}