{
  "y_test": [
    8.9,
    0.19,
    0.34,
    0.37,
    6.9,
    0.12,
    0.19,
    34.0,
    0.51,
    0.52,
    1.3,
    0.32,
    0.1,
    1.44,
    0.21,
    0.15,
    6.7,
    3.8,
    6.9,
    0.1,
    1.47,
    0.14,
    0.04,
    0.17,
    0.04,
    6.3,
    0.11,
    0.07,
    0.68,
    0.19,
    0.4,
    0.17,
    0.37,
    2.7,
    0.02,
    0.04,
    0.07,
    0.73,
    0.24,
    0.35,
    1.2,
    0.43,
    0.15,
    0.4,
    25.8
  ],
  "y_pred": [
    4.044133276644678,
    -1.0814310716436017,
    1.4652594445174796,
    1.7684894077601103,
    6.378008020220432,
    3.6760738093401404,
    1.0806158943852324,
    3.9209215654534937,
    0.5293678502855432,
    0.5122478624670521,
    3.197174861894645,
    1.35047382376338,
    0.6629593482878178,
    -0.2773020819204215,
    -0.4691097378301443,
    1.7031519109745163,
    9.287629399609573,
    3.808206213093177,
    1.4977920601951267,
    1.0787424997169783,
    2.080442338429727,
    -0.7929435026669689,
    0.3821553383312619,
    0.9435888146845688,
    -0.03494780271823417,
    7.070526012615631,
    -0.9818123070243578,
    1.995754374442053,
    2.2997377034060213,
    1.0609142667711655,
    1.1262264420161343,
    0.9000754114454048,
    0.8016152702468402,
    2.930610952079869,
    1.6796074366966791,
    0.8537549591551973,
    -0.005713725458172281,
    1.1672945268152264,
    2.371481449634782,
    1.6394250559107846,
    1.8100137410738493,
    -0.5259486658781711,
    1.9817000785159284,
    1.3332889112862336,
    27.518449100837444
  ],
  "selected_features": [
    "Fe2O3T_wt",
    "SiO2_wt",
    "P2O5_tot_wt"
  ],
  "selected_models": [],
  "stacking_used": false,
  "stacked_model": true,
  "number_of_models": 1,
  "final_estimator": "svr",
  "final_estimator_params": {
    "svr_C": 0.5689394689770945,
    "svr_epsilon": 0.9804839610609596
  },
  "model_params": {
    "svr": {
      "svr_C": 0.5689394689770945,
      "svr_epsilon": 0.9804839610609596
    }
  },
  "use_random_split": true,
  "use_feature_selection": true,
  "model_name": "SVR-FS",
  "error_mean": 0.25780665471413106,
  "error_sdev": 4.819357226122932,
  "uncertainty_median": 13.07703990601527,
  "uncertainty_mad": 4.796154424728453,
  "uncertainty_measure": 36.67614734831759,
  "feature_importance": {
    "K2O_wt": -0.011961249797595448,
    "Fe2O3T_wt": 0.07815847496289906,
    "SiO2_wt": 0.4114924498547577
  }
}