{
  "y_test": [
    2.7,
    5.4,
    10.1,
    0.41,
    1.2,
    0.36,
    0.4,
    0.12,
    0.1,
    0.32,
    0.52,
    1.9,
    0.19,
    0.04,
    0.56,
    0.37,
    0.09,
    0.31,
    0.15,
    0.18,
    0.14,
    0.84,
    0.62,
    0.36,
    4.2,
    0.42,
    3.4,
    6.0,
    1.9,
    0.14,
    4.2,
    0.44,
    29.4,
    6.1,
    0.15,
    0.25,
    0.74,
    0.19,
    1.4,
    6.2,
    1.44,
    0.04,
    0.04,
    1.8,
    0.18
  ],
  "y_pred": [
    2.372608695652173,
    6.478260869565216,
    25.143478260869564,
    0.47565217391304354,
    0.38521739130434796,
    0.2930434782608696,
    0.23782608695652172,
    0.2121739130434782,
    0.2865217391304347,
    0.42,
    0.20608695652173914,
    1.4860869565217387,
    0.2017391304347826,
    0.32304347826086954,
    0.5521739130434783,
    0.20434782608695654,
    0.484782608695652,
    0.14608695652173914,
    0.4273913043478262,
    0.32217391304347825,
    0.1769565217391304,
    0.22000000000000003,
    0.7156521739130434,
    0.3821739130434782,
    1.7460869565217387,
    0.40608695652173904,
    1.7699999999999994,
    6.334782608695652,
    2.417391304347825,
    0.2521739130434783,
    6.54782608695652,
    0.12782608695652173,
    21.178260869565214,
    6.726086956521738,
    0.25000000000000006,
    0.1930434782608696,
    1.2773913043478264,
    0.10391304347826086,
    1.3782608695652177,
    7.295652173913043,
    1.1078260869565217,
    0.32782608695652177,
    4.690869565217392,
    14.091304347826085,
    0.1930434782608696
  ],
  "selected_features": [
    "K2O_wt",
    "Fe2O3T_wt",
    "SiO2_wt",
    "Al2O3_wt",
    "P2O5_tot_wt"
  ],
  "selected_models": [],
  "stacking_used": false,
  "stacked_model": true,
  "number_of_models": 1,
  "final_estimator": "rf",
  "final_estimator_params": {
    "rf_n_estimators": 23,
    "rf_max_depth": 18
  },
  "model_params": {
    "rf": {
      "rf_n_estimators": 23,
      "rf_max_depth": 18
    }
  },
  "use_random_split": true,
  "use_feature_selection": false,
  "model_name": "RF",
  "error_mean": -0.5457584541062799,
  "error_sdev": 3.2789209898223333,
  "uncertainty_median": 13.630434782608695,
  "uncertainty_mad": 7.576411235507247,
  "uncertainty_measure": 55.58451624136099,
  "feature_importance": {
    "K2O_wt": 0.5880131332649209,
    "Fe2O3T_wt": 0.2524856752146526,
    "SiO2_wt": 0.7354726020662667,
    "Al2O3_wt": 0.010794864256737488,
    "P2O5_tot_wt": 2.4451036919445506
  }
}