{
  "y_test": [
    0.13,
    0.29,
    1.5,
    0.04,
    0.12,
    0.34,
    0.27,
    0.17,
    25.8,
    25.0,
    0.37,
    7.0,
    0.21,
    38.0,
    0.51,
    1.3,
    0.16,
    0.37,
    0.15,
    0.34,
    0.19,
    0.14,
    6.7,
    0.14,
    0.44,
    1.18,
    4.2,
    0.29,
    1.3,
    0.23,
    0.09,
    6.6,
    0.15,
    0.03,
    0.36,
    6.5,
    31.8,
    0.17,
    1.47,
    6.1,
    1.44,
    2.6,
    0.15,
    0.19,
    0.24
  ],
  "y_pred": [
    -0.09715219943006448,
    1.2454364165387666,
    2.3048330412562303,
    1.2454364165387666,
    0.3734348572759522,
    1.2279087545697553,
    1.0578798164626642,
    0.5439714005500699,
    20.830269643891846,
    20.953683998223877,
    -0.03662934075246478,
    7.784932769176496,
    1.7782555167886476,
    2.8339544277116993,
    -0.312300652464347,
    1.9537849549060449,
    -0.2797016758799574,
    0.15306129896045137,
    0.8062180134838206,
    -0.6509758061434158,
    1.6265920418401671,
    0.5044815714183287,
    10.473961336587198,
    -0.9613672866829478,
    0.116305765053935,
    1.4493873118962346,
    2.9881943569836342,
    1.0887633641055159,
    1.03752621253057,
    0.5461595921905414,
    7.310968855264967,
    6.932115123255073,
    -0.19621515187334015,
    -0.21412204949307895,
    0.9204794481323629,
    15.757526148095518,
    20.953683998223877,
    0.30518846257539756,
    1.772384714349028,
    4.612417551094662,
    1.2454364165387666,
    2.8390815531506957,
    1.5828911950785576,
    0.9326586233979336,
    0.8960750040639998
  ],
  "selected_features": [
    "K2O_wt",
    "Fe2O3T_wt",
    "SiO2_wt",
    "Al2O3_wt",
    "P2O5_tot_wt"
  ],
  "selected_models": [],
  "stacking_used": false,
  "stacked_model": true,
  "number_of_models": 1,
  "final_estimator": "lgbm",
  "final_estimator_params": {
    "lgbm_num_leaves": 70,
    "lgbm_lr": 0.0926393814416413,
    "lgbm_n_estimators": 118
  },
  "model_params": {
    "lgbm": {
      "lgbm_num_leaves": 70,
      "lgbm_lr": 0.0926393814416413,
      "lgbm_n_estimators": 118
    }
  },
  "use_random_split": true,
  "use_feature_selection": false,
  "model_name": "LGBM",
  "error_mean": 0.58962498201239,
  "error_sdev": 5.943678260134358,
  "uncertainty_median": 10.473961336587198,
  "uncertainty_mad": 2.813033220378082,
  "uncertainty_measure": 26.85739549707629,
  "feature_importance": {
    "K2O_wt": 0.035231287976142965,
    "Fe2O3T_wt": 0.005995694068403926,
    "SiO2_wt": 0.1844671109335597,
    "Al2O3_wt": 0.11975800050283698,
    "P2O5_tot_wt": 0.31097660624594065
  }
}