{
  "y_test": [
    2.7,
    5.4,
    10.1,
    0.41,
    1.2,
    0.36,
    0.4,
    0.12,
    0.1,
    0.32,
    0.52,
    1.9,
    0.19,
    0.04,
    0.56,
    0.37,
    0.09,
    0.31,
    0.15,
    0.18,
    0.14,
    0.84,
    0.62,
    0.36,
    4.2,
    0.42,
    3.4,
    6.0,
    1.9,
    0.14,
    4.2,
    0.44,
    29.4,
    6.1,
    0.15,
    0.25,
    0.74,
    0.19,
    1.4,
    6.2,
    1.44,
    0.04,
    0.04,
    1.8,
    0.18
  ],
  "y_pred": [
    0.7926714522933231,
    3.081508752918767,
    6.459671642905638,
    -0.2648169460733465,
    1.2503314288272191,
    0.34746116292617657,
    3.0833636470992696,
    0.27429829582355136,
    0.1499247825777279,
    0.7750119830470297,
    0.15826871367169382,
    5.166035876291608,
    0.18722723125101304,
    0.15549732091016955,
    0.1794513238538582,
    0.2819138460620194,
    0.08296564434088172,
    14.525008888629081,
    3.943354482899323,
    0.28722735194742555,
    0.14735422462555992,
    0.3421300243211931,
    0.6812122947523949,
    0.29625542530669513,
    6.041113695288033,
    2.2522644839528905,
    4.3317150183370385,
    6.071854897266936,
    9.389755420263409,
    0.06702587037367547,
    5.310339143509393,
    0.07109716484715634,
    17.88242094836566,
    5.733544166334741,
    0.08310530620056156,
    -0.07671040197927592,
    2.1110366762311696,
    0.21048353760911187,
    1.00121417981397,
    8.231288367331793,
    3.0704816592308224,
    0.17065245148762287,
    0.35887146336660614,
    3.037582135112994,
    0.18137055642176492
  ],
  "selected_features": [
    "K2O_wt",
    "Fe2O3T_wt",
    "SiO2_wt",
    "Al2O3_wt",
    "P2O5_tot_wt"
  ],
  "selected_models": [],
  "stacking_used": false,
  "stacked_model": true,
  "number_of_models": 1,
  "final_estimator": "gpr",
  "final_estimator_params": {
    "gpr_nu": 0.5,
    "gpr_const": 9.082306091098017,
    "gpr_length_scale": 7.021028342804209,
    "gpr_alpha": 0.009695321405813377
  },
  "model_params": {
    "gpr": {
      "gpr_nu": 0.5,
      "gpr_const": 9.082306091098017,
      "gpr_length_scale": 7.021028342804209,
      "gpr_alpha": 0.009695321405813377
    }
  },
  "use_random_split": true,
  "use_feature_selection": false,
  "model_name": "GPR",
  "error_mean": -0.48675190201276325,
  "error_sdev": 3.2180160832974,
  "uncertainty_median": 5.221464883520898,
  "uncertainty_mad": 4.597902356979588,
  "uncertainty_measure": 88.05770908257388,
  "feature_importance": {
    "K2O_wt": -0.006559456751202719,
    "Fe2O3T_wt": -0.03582347478839612,
    "SiO2_wt": 1.1049088660571698,
    "Al2O3_wt": -0.023509849223422256,
    "P2O5_tot_wt": 0.04879084055553408
  }
}