{
  "y_test": [
    0.4,
    7.4,
    6.6,
    6.2,
    0.57,
    0.47,
    0.14,
    0.29,
    0.36,
    8.9,
    1.4,
    6.7,
    2.4,
    5.7,
    0.05,
    1.8,
    0.9,
    6.3,
    1.53,
    34.0,
    0.02,
    4.2,
    4.2,
    1.3,
    6.9,
    0.87,
    29.4,
    0.04,
    6.5,
    1.9,
    0.09,
    0.52,
    1.47,
    0.17,
    0.04,
    0.18,
    4.5,
    0.07,
    31.8,
    0.25,
    0.19,
    0.23,
    0.15,
    25.6,
    1.44
  ],
  "y_pred": [
    3.0537837162499963,
    7.379309020500631,
    5.798154107554132,
    3.0101720053721737,
    -0.43892517444481416,
    0.200962142983806,
    -0.10815669901836844,
    0.31810451355089353,
    -0.03947445039063413,
    1.7217547018741766,
    4.407356986289021,
    3.407564784026996,
    -0.19871500157793665,
    3.5014629559834534,
    11.537924809664009,
    0.8567655489377455,
    4.008335769149434,
    4.352531777960345,
    3.590554668250534,
    20.54834950378565,
    0.05618151902646429,
    6.264363832243565,
    4.697027181539544,
    4.0147955956270645,
    4.620202005892247,
    1.7455909524537898,
    13.933103667210451,
    0.23917740873048854,
    7.578796362789418,
    7.931287466169537,
    1.2068260092242948,
    2.0723796654733855,
    0.7901129737973396,
    -0.06375856474313824,
    0.7897631607614184,
    1.44346423502443,
    4.040036225255151,
    1.4123190760181903,
    19.051933849534436,
    1.2679020025831218,
    -0.6008088870234676,
    0.5840911967509979,
    2.725363962455689,
    17.088381621258,
    0.26596000402273146
  ],
  "selected_features": [
    "SiO2_wt",
    "Al2O3_wt"
  ],
  "selected_models": [],
  "stacking_used": false,
  "stacked_model": true,
  "number_of_models": 1,
  "final_estimator": "ann",
  "final_estimator_params": {
    "ann_hidden": 52,
    "ann_alpha": 0.0008642729588136699
  },
  "model_params": {
    "ann": {
      "ann_hidden": 52,
      "ann_alpha": 0.0008642729588136699
    }
  },
  "use_random_split": true,
  "use_feature_selection": true,
  "model_name": "ANN-FS",
  "error_mean": 0.7572820398049689,
  "error_sdev": 4.660345301703556,
  "uncertainty_median": 6.54724103027678,
  "uncertainty_mad": 5.639774066204345,
  "uncertainty_measure": 86.13970434453255,
  "feature_importance": {
    "K2O_wt": 0.8845373396519044,
    "Fe2O3T_wt": 0.1469942734742875
  }
}