{
  "y_test": [
    8.7,
    0.46,
    2.4,
    1.3,
    3.8,
    0.27,
    0.19,
    4.5,
    0.37,
    6.7,
    0.15,
    1.8,
    0.36,
    25.6,
    1.18,
    0.04,
    1.2,
    6.2,
    0.07,
    0.25,
    31.8,
    11.7,
    1.5,
    0.34,
    0.19,
    7.4,
    1.47,
    0.52,
    0.12,
    0.4,
    4.2,
    0.19,
    34.0,
    0.03,
    0.4,
    0.14,
    0.17,
    0.14,
    0.41,
    0.35,
    0.4,
    0.15,
    0.12,
    2.4,
    1.44
  ],
  "y_pred": [
    12.579104966429156,
    1.0484094545934368,
    1.7899706750997635,
    1.5730635698385407,
    2.853945821766741,
    1.2262419861197187,
    0.9032470299308372,
    5.680347280843962,
    1.3026447593647323,
    13.821963096469487,
    1.3546015776017248,
    3.5977961490763093,
    1.2070351537863124,
    11.26352383873483,
    1.3111052641999108,
    1.3023733930755488,
    1.136918670922801,
    2.7278370396381235,
    1.1770787098144846,
    1.229734734569463,
    12.792615365663533,
    5.400577271767712,
    1.8202367828106305,
    1.0619909056134738,
    1.1301279454127826,
    10.690569871890295,
    1.4512999324770832,
    1.1578718774810803,
    1.270593979979135,
    1.2811488202280845,
    9.455086781528394,
    1.1029650433727152,
    11.614883532225791,
    1.2237198104771476,
    0.7547100333082541,
    0.8961849381316355,
    1.2224778713807893,
    1.3525455396378119,
    1.1702113894047566,
    1.4980559254893087,
    1.244673017035426,
    1.5426792856379112,
    1.8031625833408529,
    2.3270025997183996,
    1.4691882308144093
  ],
  "selected_features": [
    "Al2O3_wt",
    "P2O5_tot_wt"
  ],
  "selected_models": [],
  "stacking_used": false,
  "stacked_model": true,
  "number_of_models": 1,
  "final_estimator": "ann",
  "final_estimator_params": {
    "ann_hidden": 34,
    "ann_alpha": 0.09895317981090344
  },
  "model_params": {
    "ann": {
      "ann_hidden": 34,
      "ann_alpha": 0.09895317981090344
    }
  },
  "use_random_split": true,
  "use_feature_selection": true,
  "model_name": "ANN-FS",
  "error_mean": 0.43774394429548263,
  "error_sdev": 5.32308533595051,
  "uncertainty_median": 8.56284077539107,
  "uncertainty_mad": 3.6816870325671567,
  "uncertainty_measure": 42.99609357618835,
  "feature_importance": {
    "K2O_wt": 0.37371648036047866,
    "Fe2O3T_wt": 0.3285508470553152
  }
}