{
  "y_test": [
    1.53,
    4.2,
    8.7,
    0.24,
    0.04,
    0.35,
    3.4,
    1.3,
    0.56,
    1.8,
    8.0,
    0.22,
    6.7,
    0.18,
    0.4,
    2.4,
    0.51,
    1.47,
    0.52,
    1.2,
    7.4,
    0.43,
    10.1,
    0.25,
    5.4,
    0.11,
    6.5,
    2.7,
    25.0,
    11.7,
    2.6,
    2.4,
    0.31,
    0.15,
    25.8,
    1.3,
    1.44,
    0.47,
    0.05,
    0.17,
    0.14,
    6.1,
    0.15,
    0.57,
    1.44
  ],
  "y_pred": [
    4.562041128688325,
    6.356702798541416,
    9.69380318378007,
    -2.7674782100756516,
    0.1334320591184479,
    5.01561698290358,
    5.960762022472526,
    2.679379214893487,
    2.1237848556969894,
    1.3104983225200328,
    3.894493436592853,
    -0.5695119315071651,
    4.626672271679926,
    2.477266235059325,
    4.0414046433058815,
    -0.5606502710778187,
    2.1141093325869775,
    0.23926918383319418,
    -0.8586577913544744,
    1.9553439977606928,
    9.373160355285137,
    1.1875801922077684,
    10.710495144185924,
    2.7835039196394433,
    5.310992071680335,
    -0.9115892392070748,
    10.027400482124797,
    0.49136818369179736,
    19.81641486696433,
    10.922648059508528,
    2.700821640159816,
    -1.3308856221499568,
    5.542281753560779,
    3.136428990863699,
    22.208014185298047,
    4.625703055636912,
    0.7107414658525926,
    1.061152548351231,
    -0.5243852590840703,
    0.10522335558755458,
    -0.15658087745865856,
    6.825658571729573,
    0.13869792779889423,
    0.31353017002044936,
    -1.166828186508127
  ],
  "selected_features": [
    "K2O_wt",
    "Fe2O3T_wt",
    "SiO2_wt",
    "Al2O3_wt",
    "P2O5_tot_wt"
  ],
  "selected_models": [],
  "stacking_used": false,
  "stacked_model": true,
  "number_of_models": 1,
  "final_estimator": "lr",
  "final_estimator_params": {},
  "model_params": {
    "lr": {}
  },
  "use_random_split": true,
  "use_feature_selection": false,
  "model_name": "LR",
  "error_mean": -0.22066287158129638,
  "error_sdev": 2.3847570853028506,
  "uncertainty_median": 6.822214458712651,
  "uncertainty_mad": 7.8066940201823165,
  "uncertainty_measure": 114.43049859290757,
  "feature_importance": {
    "K2O_wt": 0.015136691791445063,
    "Fe2O3T_wt": 0.10670093649927254,
    "SiO2_wt": 1.9965265527626408,
    "Al2O3_wt": 0.14804739384704446,
    "P2O5_tot_wt": 0.09833263563511462
  }
}