{
  "y_test": [
    2.7,
    5.4,
    10.1,
    0.41,
    1.2,
    0.36,
    0.4,
    0.12,
    0.1,
    0.32,
    0.52,
    1.9,
    0.19,
    0.04,
    0.56,
    0.37,
    0.09,
    0.31,
    0.15,
    0.18,
    0.14,
    0.84,
    0.62,
    0.36,
    4.2,
    0.42,
    3.4,
    6.0,
    1.9,
    0.14,
    4.2,
    0.44,
    29.4,
    6.1,
    0.15,
    0.25,
    0.74,
    0.19,
    1.4,
    6.2,
    1.44,
    0.04,
    0.04,
    1.8,
    0.18
  ],
  "y_pred": [
    0.61,
    1.0666666666666667,
    7.533333333333334,
    1.3233333333333333,
    0.41,
    0.33666666666666667,
    0.21999999999999997,
    0.12666666666666665,
    0.13333333333333333,
    0.57,
    0.17,
    3.4,
    0.13333333333333333,
    0.21333333333333335,
    0.08333333333333333,
    0.26,
    0.2133333333333333,
    12.873333333333335,
    3.49,
    0.3333333333333333,
    0.25333333333333335,
    0.3333333333333333,
    0.5,
    0.24666666666666667,
    3.4,
    2.5033333333333334,
    3.4,
    3.8333333333333326,
    8.633333333333335,
    0.05333333333333334,
    3.4,
    0.24666666666666667,
    25.03333333333333,
    3.4,
    0.17333333333333334,
    0.24666666666666667,
    0.83,
    0.16666666666666666,
    1.2,
    5.0,
    5.0566666666666675,
    0.21333333333333335,
    0.33666666666666667,
    2.556666666666667,
    0.16
  ],
  "selected_features": [
    "K2O_wt",
    "Fe2O3T_wt",
    "SiO2_wt",
    "Al2O3_wt",
    "P2O5_tot_wt"
  ],
  "selected_models": [],
  "stacking_used": false,
  "stacked_model": true,
  "number_of_models": 1,
  "final_estimator": "knn",
  "final_estimator_params": {
    "knn_n": 3,
    "knn_weights": "uniform"
  },
  "model_params": {
    "knn": {
      "knn_n": 3,
      "knn_weights": "uniform"
    }
  },
  "use_random_split": true,
  "use_feature_selection": false,
  "model_name": "KNN",
  "error_mean": -0.19259259259259265,
  "error_sdev": 2.6064106951054447,
  "uncertainty_median": 3.49,
  "uncertainty_mad": 4.502355277777777,
  "uncertainty_measure": 129.0073145495065,
  "feature_importance": {
    "K2O_wt": -0.00624132291076803,
    "Fe2O3T_wt": 0.03471430960845032,
    "SiO2_wt": 1.4918703966515354,
    "Al2O3_wt": 0.07026147091210413,
    "P2O5_tot_wt": 0.006732750186075153
  }
}