{
  "y_test": [
    0.16,
    0.4,
    0.29,
    5.7,
    0.15,
    0.17,
    0.73,
    0.04,
    0.47,
    0.04,
    0.21,
    0.07,
    0.27,
    0.12,
    0.21,
    0.32,
    1.4,
    0.03,
    6.2,
    0.87,
    0.02,
    0.16,
    1.44,
    25.8,
    25.0,
    0.74,
    0.24,
    0.31,
    4.2,
    2.7,
    0.51,
    4.5,
    1.4,
    7.4,
    0.52,
    1.8,
    1.3,
    0.14,
    31.8,
    1.3,
    1.2,
    0.36,
    0.19,
    25.6,
    1.47
  ],
  "y_pred": [
    0.8883785551389832,
    0.7269513958904954,
    1.099193022454497,
    4.920192200086603,
    0.8188098230192078,
    0.9182312665349871,
    0.8574702424181813,
    0.7735173750360953,
    0.1790150223117244,
    5.766205430161822,
    0.8181070660338128,
    -0.3022874307528989,
    0.5857211073126922,
    3.3341790750410762,
    1.2113268069476493,
    1.0202039283911308,
    2.4850733104200384,
    -0.18301170643431597,
    3.7555078783849516,
    2.277042667521637,
    4.061288097582455,
    0.50086601058543,
    2.125367643249195,
    22.497044875201787,
    15.58441269667076,
    1.1116634332460047,
    1.2478038408782428,
    0.9348021303684182,
    11.96905350989859,
    4.487770674292136,
    -1.0249107650247014,
    6.840937979813762,
    2.5590538816612556,
    12.506028873991124,
    0.7337491715782662,
    4.1134088344142175,
    2.1289519181663867,
    0.07118148439350669,
    14.24197428643943,
    0.9279045808093591,
    1.776572097228259,
    -0.5057084390870965,
    0.16431477996294475,
    11.430608089491507,
    1.7055961725929243
  ],
  "selected_features": [
    "K2O_wt",
    "P2O5_tot_wt"
  ],
  "selected_models": [],
  "stacking_used": false,
  "stacked_model": true,
  "number_of_models": 1,
  "final_estimator": "ann",
  "final_estimator_params": {
    "ann_hidden": 96,
    "ann_alpha": 0.034846017947909806
  },
  "model_params": {
    "ann": {
      "ann_hidden": 96,
      "ann_alpha": 0.034846017947909806
    }
  },
  "use_random_split": true,
  "use_feature_selection": true,
  "model_name": "ANN-FS",
  "error_mean": 0.08467638012616598,
  "error_sdev": 4.239627025045517,
  "uncertainty_median": 15.54577375623326,
  "uncertainty_mad": 4.695951766528797,
  "uncertainty_measure": 30.2072565840983,
  "feature_importance": {
    "K2O_wt": 0.20009162868647493,
    "Fe2O3T_wt": 0.9801770729339981
  }
}