{
  "y_test": [
    1.8,
    1.44,
    0.14,
    0.42,
    0.09,
    0.27,
    0.09,
    0.9,
    1.5,
    25.6,
    0.14,
    0.4,
    10.1,
    0.57,
    1.0,
    38.0,
    0.1,
    3.4,
    0.24,
    0.15,
    6.6,
    24.5,
    0.13,
    0.11,
    6.1,
    0.25,
    22.1,
    0.43,
    0.27,
    0.24,
    0.1,
    0.04,
    11.7,
    0.17,
    1.53,
    0.16,
    1.9,
    6.0,
    0.21,
    0.19,
    0.15,
    7.0,
    0.34,
    0.21,
    0.62
  ],
  "y_pred": [
    3.0680699357407364,
    1.3759763174834565,
    0.8570720484229414,
    1.660921228921738,
    0.617340716622636,
    1.0656051614755824,
    4.082541523897361,
    1.790774306010626,
    0.3444202665123225,
    13.91552196065642,
    1.6989455476844966,
    0.7901859685102496,
    11.231134080111566,
    0.20309165901843385,
    2.043610654871364,
    3.007787370471743,
    0.5937291311645861,
    3.2472857919463753,
    0.774303739467706,
    0.018609903966100405,
    8.658396030127548,
    24.959238303810874,
    1.0576066198896208,
    -0.36130101745725207,
    3.892595210959643,
    0.9077339536771417,
    40.49750819400221,
    0.5739683368800407,
    1.6092931680940414,
    -0.15148556380061373,
    0.6875687956375606,
    1.0733688058003197,
    6.206489813154312,
    1.0566018160463906,
    1.2000280672182781,
    1.1253837583691007,
    4.109867673313598,
    3.980821201212692,
    -0.5896929272882993,
    -1.1340529954461247,
    1.477764603965063,
    8.409083903754485,
    0.7178679912999059,
    0.5024886249838124,
    0.7077141841292877
  ],
  "selected_features": [
    "K2O_wt",
    "Fe2O3T_wt",
    "SiO2_wt",
    "Al2O3_wt",
    "P2O5_tot_wt"
  ],
  "selected_models": [],
  "stacking_used": false,
  "stacked_model": true,
  "number_of_models": 1,
  "final_estimator": "ann",
  "final_estimator_params": {
    "ann_hidden": 51,
    "ann_alpha": 3.273216795136795e-05
  },
  "model_params": {
    "ann": {
      "ann_hidden": 51,
      "ann_alpha": 3.273216795136795e-05
    }
  },
  "use_random_split": true,
  "use_feature_selection": false,
  "model_name": "ANN",
  "error_mean": 0.3075159141046649,
  "error_sdev": 6.36941678628529,
  "uncertainty_median": 21.63108643785577,
  "uncertainty_mad": 11.400819432592773,
  "uncertainty_measure": 52.705718066202245,
  "feature_importance": {
    "K2O_wt": 0.03224467916120746,
    "Fe2O3T_wt": 0.023232294133231326,
    "SiO2_wt": 0.4821197777820208,
    "Al2O3_wt": 0.48868356272432145,
    "P2O5_tot_wt": 0.3877137879482545
  }
}