{
  "y_test": [
    0.23,
    0.22,
    0.4,
    6.9,
    8.9,
    0.4,
    0.62,
    0.15,
    7.4,
    0.02,
    0.04,
    0.12,
    0.14,
    10.4,
    0.04,
    1.3,
    0.42,
    6.5,
    1.53,
    0.14,
    1.3,
    0.14,
    25.6,
    0.1,
    0.51,
    0.32,
    4.2,
    0.16,
    0.4,
    6.2,
    0.73,
    11.7,
    0.11,
    6.3,
    2.4,
    0.21,
    0.14,
    2.7,
    1.5,
    6.1,
    0.04,
    10.1,
    24.5,
    0.09,
    0.87
  ],
  "y_pred": [
    0.5625474588751636,
    0.5219396481627967,
    0.4961742967502873,
    6.576957511400776,
    6.966667570595424,
    0.6618602303225765,
    0.4359758086083789,
    0.1826322394277197,
    7.771488486316032,
    -1.0248901899571201,
    0.9998608644088958,
    0.14298905247596527,
    -0.7686968567112771,
    7.98445837551976,
    18.09774034392783,
    0.2884828671697074,
    -0.2803435663330523,
    20.715544110724846,
    1.1547369876481848,
    0.7539099066260003,
    0.6810769523525076,
    0.33047045596131475,
    25.915792826621903,
    0.08800701215471035,
    0.6459632584229946,
    0.9983240856933453,
    8.892087511866995,
    0.4961742967502873,
    1.0262452060455947,
    6.370536189299855,
    1.253552665087768,
    9.736135554230994,
    0.4961742967502873,
    6.66917076358187,
    0.8632036030187873,
    0.4961742967502873,
    0.6662773311519571,
    -0.46893360767269293,
    3.4442785479974822,
    8.892087511866995,
    0.26439526812319986,
    25.448015097250387,
    25.915792826621903,
    5.2679840679456875,
    1.960267404931659
  ],
  "selected_features": [
    "K2O_wt",
    "Fe2O3T_wt",
    "SiO2_wt",
    "Al2O3_wt",
    "P2O5_tot_wt"
  ],
  "selected_models": [],
  "stacking_used": false,
  "stacked_model": true,
  "number_of_models": 1,
  "final_estimator": "lgbm",
  "final_estimator_params": {
    "lgbm_num_leaves": 81,
    "lgbm_lr": 0.21958894828652506,
    "lgbm_n_estimators": 117
  },
  "model_params": {
    "lgbm": {
      "lgbm_num_leaves": 81,
      "lgbm_lr": 0.21958894828652506,
      "lgbm_n_estimators": 117
    }
  },
  "feature_names": [
    "K2O_wt",
    "Fe2O3T_wt",
    "SiO2_wt",
    "Al2O3_wt",
    "P2O5_tot_wt"
  ],
  "use_random_split": true,
  "use_feature_selection": false,
  "model_name": "LGBM",
  "error_mean": -1.2510953015281105,
  "error_sdev": 4.239016598012455,
  "uncertainty_median": 8.183390695128267,
  "uncertainty_mad": 7.979141592922181,
  "uncertainty_measure": 97.50410178597876,
  "feature_importance": {
    "K2O_wt": 0.8710402291760241,
    "Fe2O3T_wt": 0.1075055475867907,
    "SiO2_wt": 0.025408400569175805,
    "Al2O3_wt": 0.054153664705020504,
    "P2O5_tot_wt": 2.29782827508227
  },
  "run": 4
}