{
  "y_test": [
    0.27,
    22.1,
    0.41,
    6.2,
    1.47,
    1.0,
    0.04,
    0.14,
    6.1,
    2.4,
    0.09,
    0.02,
    1.9,
    5.4,
    0.19,
    1.3,
    0.17,
    6.9,
    2.4,
    0.05,
    0.4,
    0.15,
    0.17,
    0.4,
    0.73,
    0.21,
    0.15,
    0.04,
    10.4,
    0.87,
    0.07,
    0.9,
    3.8,
    0.18,
    0.34,
    1.8,
    0.56,
    25.0,
    25.6,
    0.14,
    0.14,
    0.04,
    1.3,
    0.14,
    0.21
  ],
  "y_pred": [
    0.17669286766339487,
    26.60503566575779,
    0.8584057536632912,
    7.323598928751083,
    0.8252723460425662,
    1.202457592375891,
    -0.4432320787621864,
    -0.4429971768991259,
    2.274617133175253,
    0.6533535866366336,
    -0.13673901245898135,
    0.6739171006971016,
    1.929891959304715,
    2.2244969410881974,
    -1.43870144284617,
    1.649177779291467,
    -0.6064297962329288,
    0.518013538093834,
    1.8014178678278847,
    6.555328337601887,
    0.14089356848712498,
    0.4672330143506739,
    -0.08453720794523933,
    -0.5926908630479109,
    0.1837664546439347,
    -1.130329441593477,
    0.5402030176046134,
    -0.8144184081839008,
    3.435923835526091,
    0.7731001632413821,
    0.6648351161722097,
    1.4129102280582995,
    2.364413161794543,
    -0.1495639437306988,
    -0.19127639136475771,
    1.3389956092878883,
    0.08797725327593353,
    7.227946546264051,
    4.17544935885431,
    0.8038908125189379,
    -0.2956414454362908,
    0.2739785039389794,
    0.7869294632303805,
    1.6002013742372647,
    0.8192350517609116
  ],
  "selected_features": [
    "K2O_wt",
    "Fe2O3T_wt",
    "SiO2_wt",
    "Al2O3_wt",
    "P2O5_tot_wt"
  ],
  "selected_models": [],
  "stacking_used": false,
  "stacked_model": true,
  "number_of_models": 1,
  "final_estimator": "svr",
  "final_estimator_params": {
    "svr_C": 0.29378091817262747,
    "svr_epsilon": 0.09290007872025485
  },
  "model_params": {
    "svr": {
      "svr_C": 0.29378091817262747,
      "svr_epsilon": 0.09290007872025485
    }
  },
  "use_random_split": true,
  "use_feature_selection": false,
  "model_name": "SVR",
  "error_mean": 1.2499332728285144,
  "error_sdev": 4.527796822172904,
  "uncertainty_median": 14.764519164510999,
  "uncertainty_mad": 6.229570229986863,
  "uncertainty_measure": 42.19284191090138,
  "feature_importance": {
    "K2O_wt": 0.0016548928043790545,
    "Fe2O3T_wt": 0.012452579279645059,
    "SiO2_wt": 0.056621398586492705,
    "Al2O3_wt": -0.00471038572902934,
    "P2O5_tot_wt": 0.71394900418279
  }
}