{
  "y_test": [
    1.2,
    0.46,
    0.23,
    34.0,
    3.4,
    6.9,
    0.34,
    22.1,
    0.4,
    0.68,
    0.73,
    0.21,
    0.17,
    0.1,
    0.04,
    0.04,
    0.47,
    1.4,
    0.15,
    8.7,
    0.35,
    2.4,
    0.19,
    1.5,
    5.1,
    3.8,
    0.09,
    0.14,
    1.3,
    0.04,
    10.1,
    29.4,
    8.0,
    0.43,
    0.36,
    0.04,
    0.14,
    0.4,
    1.18,
    0.05,
    4.5,
    6.1,
    1.3,
    1.9,
    0.19
  ],
  "y_pred": [
    0.3454476911976912,
    0.4393048340548339,
    0.22160721500721509,
    29.431428571428643,
    2.2980571428571386,
    1.1093714285714311,
    0.3781722943722943,
    25.4137142857143,
    0.47458800865800893,
    0.38024467532467515,
    0.4429508658008659,
    0.7162285714285711,
    0.29779515151515146,
    0.26920562770562795,
    0.2717885714285713,
    0.6171428571428577,
    0.2308457142857141,
    1.3157142857142887,
    0.42659896103896106,
    7.162285714285723,
    0.33063419913419867,
    3.080628571428567,
    0.33982857142857154,
    0.8811428571428578,
    5.61828571428571,
    5.324571428571424,
    0.884076190476191,
    0.26327619047619044,
    1.347028571428575,
    0.16028571428571411,
    6.421714285714288,
    24.94514285714286,
    6.00342857142858,
    0.11714285714285702,
    0.1682095238095238,
    0.5068732467532467,
    0.4785580086580087,
    0.22798095238095248,
    0.49784467532467497,
    0.21799999999999983,
    6.570857142857152,
    5.037142857142866,
    1.0252000000000006,
    1.0680571428571444,
    0.47571428571428626
  ],
  "selected_features": [
    "Fe2O3T_wt",
    "SiO2_wt",
    "P2O5_tot_wt"
  ],
  "selected_models": [],
  "stacking_used": false,
  "stacked_model": true,
  "number_of_models": 1,
  "final_estimator": "rf",
  "final_estimator_params": {
    "rf_n_estimators": 175,
    "rf_max_depth": 15
  },
  "model_params": {
    "rf": {
      "rf_n_estimators": 175,
      "rf_max_depth": 15
    }
  },
  "use_random_split": true,
  "use_feature_selection": true,
  "model_name": "RF-FS",
  "error_mean": 0.36635295815295543,
  "error_sdev": 1.605431620023642,
  "uncertainty_median": 9.936000000000021,
  "uncertainty_mad": 6.981090312586536,
  "uncertainty_measure": 70.26057077884985,
  "feature_importance": {
    "K2O_wt": 0.3265622176360701,
    "Fe2O3T_wt": 1.0136852015784483,
    "SiO2_wt": 0.6457765955760618
  }
}