{
  "y_test": [
    0.16,
    34.0,
    29.4,
    0.74,
    0.23,
    24.5,
    0.17,
    4.2,
    0.52,
    2.4,
    0.41,
    3.8,
    0.1,
    0.02,
    8.7,
    0.35,
    0.14,
    0.09,
    22.1,
    38.0,
    0.44,
    5.7,
    25.0,
    0.4,
    1.3,
    0.04,
    25.8,
    0.12,
    0.1,
    4.2,
    0.25,
    0.04,
    0.04,
    7.0,
    1.18,
    0.24,
    25.6,
    3.4,
    0.56,
    1.3,
    0.16,
    4.2,
    0.05,
    0.04,
    0.09
  ],
  "y_pred": [
    0.39604294952485264,
    24.76280512512128,
    23.391642309617637,
    0.41628436175475164,
    0.3890276606840227,
    27.234426746742955,
    0.38487320891163646,
    1.8788596439236593,
    0.3979292107861139,
    2.613366443027377,
    0.4094328866255987,
    6.404958356621944,
    0.39604294952485264,
    2.613366443027377,
    6.721192367991823,
    0.4094328866255987,
    0.40241759778476877,
    0.38487320891163646,
    25.956358005733,
    6.408527060815648,
    0.3890276606840227,
    6.417842756381342,
    27.193356926923133,
    0.3982631460123825,
    0.42722418106378174,
    0.38487320891163646,
    25.956358005733,
    0.4024645959540572,
    0.39604294952485264,
    6.404958356621944,
    0.39091392194528396,
    2.511600137207397,
    0.3890276606840227,
    6.6912046530041085,
    0.42231988917020563,
    0.3867594701728977,
    26.06145377376996,
    1.8548596970070461,
    1.008820116386889,
    1.7506271749708489,
    0.38487320891163646,
    6.6912046530041085,
    1.5625143689505685,
    0.3979292107861139,
    0.4290053640070038
  ],
  "selected_features": [
    "SiO2_wt",
    "P2O5_tot_wt"
  ],
  "selected_models": [],
  "stacking_used": false,
  "stacked_model": true,
  "number_of_models": 1,
  "final_estimator": "rf",
  "final_estimator_params": {
    "rf_n_estimators": 148,
    "rf_max_depth": 3
  },
  "model_params": {
    "rf": {
      "rf_n_estimators": 148,
      "rf_max_depth": 3
    }
  },
  "use_random_split": true,
  "use_feature_selection": true,
  "model_name": "RF-FS",
  "error_mean": 0.577880344187894,
  "error_sdev": 5.178889200189838,
  "uncertainty_median": 6.851872548855828,
  "uncertainty_mad": 6.46696623609599,
  "uncertainty_measure": 94.3824653769412,
  "feature_importance": {
    "K2O_wt": 0.7785802782880683,
    "Fe2O3T_wt": 0.21716294445127848
  }
}