{
  "y_test": [
    1.47,
    0.29,
    0.02,
    0.27,
    1.44,
    0.07,
    24.5,
    0.15,
    1.3,
    10.4,
    0.05,
    0.84,
    0.73,
    0.04,
    0.09,
    4.2,
    6.7,
    25.0,
    0.21,
    0.18,
    25.8,
    6.5,
    0.43,
    0.17,
    0.14,
    0.12,
    1.44,
    0.36,
    0.16,
    0.74,
    4.2,
    0.1,
    0.12,
    0.68,
    0.51,
    0.04,
    6.9,
    0.37,
    1.3,
    0.62,
    0.42,
    0.44,
    8.7,
    0.24,
    6.9
  ],
  "y_pred": [
    -1.509743504789748,
    0.3362498746749217,
    0.06557944604490304,
    2.334353919222052,
    0.3362498746749217,
    -0.047389569838772544,
    23.872659507302366,
    -0.9459614311212815,
    2.069636726452946,
    7.656736950094495,
    0.040362841251161255,
    0.470811854264704,
    -0.6431138888976291,
    7.576747312477143,
    -0.46919761905074453,
    6.005895757844303,
    6.453552225456045,
    23.872659507302366,
    0.4693323694632079,
    0.3362498746749217,
    24.279807962144204,
    24.279807962144204,
    0.3362498746749217,
    0.04170730212719362,
    0.6406605962908946,
    0.18192236385548927,
    -1.427642087280838,
    -0.19504381275833313,
    0.3362498746749217,
    -0.5219140036006187,
    4.102026083644219,
    0.5355697297102147,
    1.4807233467093368,
    -1.3436050722589774,
    -0.3354899444695063,
    0.3362498746749217,
    6.453552225456045,
    0.14436651716169302,
    0.5954016949922447,
    -0.07540167213885772,
    -1.53559257874713,
    0.40755517475467223,
    24.279807962144204,
    -0.16197514136002014,
    0.9083807211698809
  ],
  "selected_features": [
    "K2O_wt",
    "Fe2O3T_wt",
    "P2O5_tot_wt"
  ],
  "selected_models": [],
  "stacking_used": false,
  "stacked_model": true,
  "number_of_models": 1,
  "final_estimator": "lgbm",
  "final_estimator_params": {
    "lgbm_num_leaves": 41,
    "lgbm_lr": 0.17088125896155215,
    "lgbm_n_estimators": 294
  },
  "model_params": {
    "lgbm": {
      "lgbm_num_leaves": 41,
      "lgbm_lr": 0.17088125896155215,
      "lgbm_n_estimators": 294
    }
  },
  "use_random_split": true,
  "use_feature_selection": true,
  "model_name": "LGBM-FS",
  "error_mean": -0.37055659958260573,
  "error_sdev": 3.992591718453162,
  "uncertainty_median": 7.656736950094495,
  "uncertainty_mad": 7.199127260376211,
  "uncertainty_measure": 94.02343723310703,
  "feature_importance": {
    "K2O_wt": 0.5395911547967218,
    "Fe2O3T_wt": 0.05987018245822215,
    "SiO2_wt": 2.0228467840907545
  }
}