{
  "y_test": [
    8.7,
    0.46,
    2.4,
    1.3,
    3.8,
    0.27,
    0.19,
    4.5,
    0.37,
    6.7,
    0.15,
    1.8,
    0.36,
    25.6,
    1.18,
    0.04,
    1.2,
    6.2,
    0.07,
    0.25,
    31.8,
    11.7,
    1.5,
    0.34,
    0.19,
    7.4,
    1.47,
    0.52,
    0.12,
    0.4,
    4.2,
    0.19,
    34.0,
    0.03,
    0.4,
    0.14,
    0.17,
    0.14,
    0.41,
    0.35,
    0.4,
    0.15,
    0.12,
    2.4,
    1.44
  ],
  "y_pred": [
    7.922903701840016,
    0.15403233660608429,
    0.4304882858387291,
    1.5085489184654512,
    2.3379164891898405,
    0.05506676644778463,
    -0.6548852222636328,
    4.69169902319271,
    0.4493719885844416,
    9.740633168692135,
    -0.48119020823405667,
    1.7994207389176784,
    -0.04700715110198739,
    3.4614304285342277,
    0.7123928118262224,
    0.1244413652577625,
    0.37188352094947397,
    1.9093845844373358,
    -0.4200798733821156,
    0.07700775585362529,
    5.254719613100615,
    4.275522719477149,
    0.2609455198331805,
    0.4308510773319989,
    -0.07465462766613862,
    6.739930526014509,
    0.7137726223099086,
    -0.2654872568530584,
    0.13772920743274075,
    0.17805802313910024,
    5.559287969753211,
    -0.8481417707751759,
    4.1967521568605095,
    -0.4649691473293427,
    0.019295971604343043,
    -0.2430113071070792,
    -0.6670054471129292,
    0.4952927163721419,
    0.36674937455535006,
    0.28386338039852954,
    -0.6331963948733763,
    -0.060959613680347635,
    0.5028694335570247,
    1.0007814806256454,
    0.9095978728885685
  ],
  "selected_features": [
    "K2O_wt",
    "Fe2O3T_wt",
    "SiO2_wt",
    "Al2O3_wt",
    "P2O5_tot_wt"
  ],
  "selected_models": [],
  "stacking_used": false,
  "stacked_model": true,
  "number_of_models": 1,
  "final_estimator": "svr",
  "final_estimator_params": {
    "svr_C": 1.1127886650118275,
    "svr_epsilon": 0.07118978207798012
  },
  "model_params": {
    "svr": {
      "svr_C": 1.1127886650118275,
      "svr_epsilon": 0.07118978207798012
    }
  },
  "use_random_split": true,
  "use_feature_selection": false,
  "model_name": "SVR",
  "error_mean": 2.2957321437886935,
  "error_sdev": 6.655481381705586,
  "uncertainty_median": 4.9219360612607765,
  "uncertainty_mad": 2.2660117878792296,
  "uncertainty_measure": 46.03903341439955,
  "feature_importance": {
    "K2O_wt": 0.005047671087401748,
    "Fe2O3T_wt": 7.055202451088372e-05,
    "SiO2_wt": 0.12744436456442096,
    "Al2O3_wt": -0.03179573716036555,
    "P2O5_tot_wt": 0.21421539151244237
  }
}