{
  "y_test": [
    1.2,
    0.46,
    0.23,
    34.0,
    3.4,
    6.9,
    0.34,
    22.1,
    0.4,
    0.68,
    0.73,
    0.21,
    0.17,
    0.1,
    0.04,
    0.04,
    0.47,
    1.4,
    0.15,
    8.7,
    0.35,
    2.4,
    0.19,
    1.5,
    5.1,
    3.8,
    0.09,
    0.14,
    1.3,
    0.04,
    10.1,
    29.4,
    8.0,
    0.43,
    0.36,
    0.04,
    0.14,
    0.4,
    1.18,
    0.05,
    4.5,
    6.1,
    1.3,
    1.9,
    0.19
  ],
  "y_pred": [
    1.8075294338159948,
    1.3081557279435212,
    1.004374694041855,
    9.653071755700648,
    3.830712853893161,
    0.9828239809530905,
    0.7885513995636244,
    25.378746378939955,
    0.7414277679452002,
    2.582325124159952,
    0.7078713678690849,
    0.056602729739421986,
    0.5410350919762492,
    0.9131601169604315,
    0.1916534648379708,
    -0.3764801015794342,
    -0.09267719238206468,
    4.121766351498077,
    0.56934113402365,
    7.498646049653185,
    1.873524090452786,
    4.657071654670385,
    0.6026832590699711,
    0.8297378154613582,
    4.573681339986127,
    4.376752319916915,
    3.5636740341623976,
    1.0818744290273208,
    4.049472301432198,
    0.9897911882121142,
    6.894836182736915,
    11.809539068990711,
    4.6444757546499895,
    0.47984908511822993,
    -1.7973058213083584,
    1.6252520509047979,
    2.9195708695334868,
    -0.6643496793284798,
    2.639239904482469,
    0.02775677022868933,
    5.486047529137706,
    4.044723458058658,
    3.8338837443756053,
    2.7397378271020947,
    0.8635437035619389
  ],
  "selected_features": [
    "K2O_wt",
    "Fe2O3T_wt",
    "SiO2_wt",
    "Al2O3_wt",
    "P2O5_tot_wt"
  ],
  "selected_models": [],
  "stacking_used": false,
  "stacked_model": true,
  "number_of_models": 1,
  "final_estimator": "ann",
  "final_estimator_params": {
    "ann_hidden": 6,
    "ann_alpha": 0.09939072583768167
  },
  "model_params": {
    "ann": {
      "ann_hidden": 6,
      "ann_alpha": 0.09939072583768167
    }
  },
  "use_random_split": true,
  "use_feature_selection": false,
  "model_name": "ANN",
  "error_mean": 0.5859177553291199,
  "error_sdev": 4.841139618353015,
  "uncertainty_median": 8.711954074519817,
  "uncertainty_mad": 6.22425694292658,
  "uncertainty_measure": 71.4450155462929,
  "feature_importance": {
    "K2O_wt": -0.01134537202528371,
    "Fe2O3T_wt": 0.0844352889085299,
    "SiO2_wt": 0.00043195988836158383,
    "Al2O3_wt": 0.4452028972689843,
    "P2O5_tot_wt": 0.309951984767008
  }
}