{
  "y_test": [
    0.52,
    0.29,
    0.24,
    0.14,
    0.07,
    0.56,
    0.18,
    6.9,
    0.09,
    0.12,
    6.5,
    0.84,
    6.1,
    1.5,
    0.31,
    8.0,
    1.9,
    0.87,
    0.14,
    0.17,
    0.32,
    0.74,
    0.19,
    0.21,
    0.51,
    0.17,
    1.2,
    0.62,
    5.4,
    0.04,
    0.22,
    6.3,
    25.6,
    0.9,
    25.8,
    0.18,
    1.3,
    0.11,
    6.9,
    0.05,
    0.41,
    0.43,
    0.04,
    2.4,
    0.17
  ],
  "y_pred": [
    4.387324533950961,
    4.844132174716055,
    1.4980440539401698,
    2.010958980193447,
    4.929384472022411,
    3.5167392984962564,
    2.405853313307027,
    4.429580204575087,
    1.4529382088414877,
    3.5016501852306856,
    12.663565712148454,
    2.626422247130421,
    8.571761637978184,
    3.1717121063544713,
    6.122070529363263,
    9.637357964072379,
    9.415847527794371,
    4.584482883450573,
    1.0337719522495945,
    3.920413364587249,
    3.0319734758861117,
    4.88211885255884,
    3.2514980802345477,
    0.536205817220047,
    4.096133921872051,
    4.083406896888825,
    4.2100228773623005,
    4.145667071165754,
    7.323596844650339,
    2.9466408507557773,
    4.009878196748879,
    10.138612072587971,
    13.74454012173857,
    5.700948924262674,
    27.372810804718494,
    4.103858225633131,
    6.743704877611465,
    0.9176234211166374,
    10.806336272695306,
    2.190701540019244,
    4.269971549346556,
    2.564792367519402,
    2.0994959564797746,
    3.69957761495856,
    2.310123964767339
  ],
  "selected_features": [
    "Fe2O3T_wt",
    "SiO2_wt",
    "P2O5_tot_wt"
  ],
  "selected_models": [],
  "stacking_used": false,
  "stacked_model": true,
  "number_of_models": 1,
  "final_estimator": "svr",
  "final_estimator_params": {
    "svr_C": 8.600124888675465,
    "svr_epsilon": 0.8745323155503499
  },
  "model_params": {
    "svr": {
      "svr_C": 8.600124888675465,
      "svr_epsilon": 0.8745323155503499
    }
  },
  "use_random_split": true,
  "use_feature_selection": true,
  "model_name": "SVR-FS",
  "error_mean": -2.6278722655378033,
  "error_sdev": 2.799738274941366,
  "uncertainty_median": 14.264468344240267,
  "uncertainty_mad": 6.28458798963469,
  "uncertainty_measure": 44.05763914904191,
  "feature_importance": {
    "K2O_wt": 0.11301649291176602,
    "Fe2O3T_wt": 0.6824850654787356,
    "SiO2_wt": 0.6363138101587541
  }
}