{
  "y_test": [
    0.09,
    1.18,
    0.25,
    0.34,
    10.4,
    0.37,
    1.5,
    0.09,
    22.1,
    1.3,
    0.1,
    1.2,
    0.4,
    0.19,
    5.1,
    0.44,
    25.8,
    5.7,
    0.05,
    1.3,
    6.1,
    0.18,
    1.3,
    2.7,
    0.18,
    6.5,
    0.25,
    0.29,
    0.14,
    0.15,
    1.3,
    3.8,
    2.4,
    2.4,
    0.27,
    0.1,
    2.6,
    1.4,
    0.09,
    0.11,
    0.13,
    0.27,
    0.16,
    4.2,
    0.37
  ],
  "y_pred": [
    7.132756109599938,
    0.6831758872781547,
    0.31209296078951504,
    0.2947869794053877,
    6.513939142049945,
    0.48520077179450377,
    0.3272839588408114,
    0.24370731202788545,
    28.240871373463133,
    2.334983106274693,
    0.2802207429656262,
    0.5989131253991173,
    0.19238977357804649,
    0.26955657097475166,
    3.508590919352463,
    0.2165524702119248,
    26.848167268807217,
    4.187912510384552,
    0.3795844111142254,
    0.4971212441093189,
    3.706228233294033,
    0.22210594950539547,
    2.254778109939738,
    0.7256061009319299,
    0.15977879530655534,
    8.147574242564646,
    0.47660261150315425,
    1.8771385269138279,
    0.3113228236538039,
    0.31198216240948223,
    2.0491309507636566,
    3.5204515709060646,
    1.812227166027372,
    0.3912512655031829,
    0.37264546985867547,
    0.18452020362055443,
    5.606120165840301,
    2.1387035561929792,
    0.3026267139145966,
    0.428306468932958,
    0.267906514935528,
    0.29681770413905606,
    0.39808387711146725,
    5.282470536002125,
    0.28204842845968187
  ],
  "selected_features": [
    "K2O_wt",
    "Fe2O3T_wt",
    "SiO2_wt",
    "Al2O3_wt",
    "P2O5_tot_wt"
  ],
  "selected_models": [],
  "stacking_used": false,
  "stacked_model": true,
  "number_of_models": 1,
  "final_estimator": "knn",
  "final_estimator_params": {
    "knn_n": 6,
    "knn_weights": "distance"
  },
  "model_params": {
    "knn": {
      "knn_n": 6,
      "knn_weights": "distance"
    }
  },
  "use_random_split": true,
  "use_feature_selection": false,
  "model_name": "KNN",
  "error_mean": -0.21742743970337722,
  "error_sdev": 1.7970302907457845,
  "uncertainty_median": 6.135405236809137,
  "uncertainty_mad": 8.678871510049127,
  "uncertainty_measure": 141.45555468741588,
  "feature_importance": {
    "K2O_wt": 0.0014528316218791937,
    "Fe2O3T_wt": 0.014651882117038561,
    "SiO2_wt": 2.192223150212984,
    "Al2O3_wt": 0.07786326687828489,
    "P2O5_tot_wt": 0.004722384100378385
  }
}