{
  "y_test": [
    1.3,
    0.31,
    0.04,
    4.2,
    29.4,
    0.03,
    0.32,
    0.09,
    1.0,
    2.4,
    0.07,
    1.3,
    0.4,
    0.15,
    1.9,
    0.27,
    0.12,
    0.84,
    34.0,
    0.1,
    0.05,
    0.29,
    0.37,
    1.5,
    0.25,
    7.0,
    3.8,
    0.04,
    0.87,
    1.9,
    0.21,
    25.8,
    0.52,
    2.6,
    0.24,
    6.7,
    0.17,
    0.4,
    1.4,
    5.7,
    0.44,
    31.8,
    1.44,
    1.44,
    0.73
  ],
  "y_pred": [
    1.5331180975721175,
    0.46454703668362995,
    -0.11012195459748497,
    4.014226439014408,
    12.925624400281439,
    -6.409871151526261,
    -4.900881373104383,
    -6.5646239923787775,
    1.2873747760678391,
    -3.45297560555694,
    -4.904710404807027,
    2.347344564753442,
    0.11572028379021404,
    -4.966754650314908,
    6.206105958349315,
    -0.19470088213802939,
    2.3340221295578374,
    -4.974864128734499,
    19.446163646534348,
    -4.880771608316497,
    12.186654923598676,
    -0.5525525976742607,
    -4.387344306656573,
    -5.323414096613238,
    -3.8028987997705173,
    2.407840953926854,
    3.2611457589535746,
    -5.723791078119142,
    -2.7244043178518282,
    2.1560511570538914,
    -1.5630149714137858,
    19.004549496214402,
    -5.663362792289089,
    1.4955088139792885,
    -6.166959411870863,
    2.1674947098441812,
    -5.606856202530768,
    -4.283898961073561,
    1.8246356302375624,
    0.4455135238314085,
    -5.6200348958497734,
    17.863484923332866,
    -7.0242029388051535,
    -2.1601505413842084,
    -4.333946083761802
  ],
  "selected_features": [
    "K2O_wt",
    "SiO2_wt"
  ],
  "selected_models": [],
  "stacking_used": false,
  "stacked_model": true,
  "number_of_models": 1,
  "final_estimator": "svr",
  "final_estimator_params": {
    "svr_C": 8.599573048824032,
    "svr_epsilon": 0.021866273092658536
  },
  "model_params": {
    "svr": {
      "svr_C": 8.599573048824032,
      "svr_epsilon": 0.021866273092658536
    }
  },
  "use_random_split": true,
  "use_feature_selection": true,
  "model_name": "SVR-FS",
  "error_mean": 3.7046662338569356,
  "error_sdev": 4.822693669308908,
  "uncertainty_median": 3.418144904559332,
  "uncertainty_mad": 7.183320658419144,
  "uncertainty_measure": 210.1526078908354,
  "feature_importance": {
    "K2O_wt": 0.09074709883588775,
    "Fe2O3T_wt": 1.1763095486563073
  }
}