{
  "y_test": [
    7.0,
    0.51,
    0.14,
    0.18,
    24.5,
    1.3,
    0.56,
    0.29,
    0.87,
    0.36,
    0.27,
    1.3,
    8.0,
    0.13,
    0.05,
    0.34,
    0.07,
    0.17,
    29.4,
    0.25,
    0.24,
    6.3,
    25.6,
    2.4,
    1.8,
    4.2,
    0.1,
    6.6,
    0.17,
    0.04,
    5.4,
    0.14,
    0.43,
    0.14,
    2.4,
    0.37,
    0.04,
    1.9,
    1.0,
    1.3,
    25.8,
    4.2,
    0.4,
    0.35,
    1.44
  ],
  "y_pred": [
    7.159784317016602,
    0.2189210206270218,
    0.19491595029830933,
    0.16405317187309265,
    25.82701873779297,
    1.0783331394195557,
    0.689320981502533,
    0.034133974462747574,
    1.4148836135864258,
    0.19496284425258636,
    1.679532766342163,
    1.4023504257202148,
    5.944675445556641,
    0.2928665280342102,
    0.11700226366519928,
    0.1757935881614685,
    0.5236384272575378,
    0.27273380756378174,
    18.468202590942383,
    0.6129409670829773,
    0.5421319007873535,
    8.501102447509766,
    26.18715476989746,
    2.0020012855529785,
    16.916183471679688,
    13.614809036254883,
    0.1828838735818863,
    8.130321502685547,
    0.7784073352813721,
    0.506513237953186,
    7.250551700592041,
    5.063769817352295,
    0.2626505196094513,
    0.08272404968738556,
    1.500786542892456,
    0.36271047592163086,
    0.15899689495563507,
    1.9097404479980469,
    0.8433153033256531,
    0.8179377317428589,
    18.843170166015625,
    4.987520217895508,
    0.32902684807777405,
    0.3647414743900299,
    0.9949038624763489
  ],
  "selected_features": [
    "K2O_wt",
    "Fe2O3T_wt",
    "SiO2_wt",
    "Al2O3_wt",
    "P2O5_tot_wt"
  ],
  "selected_models": [],
  "stacking_used": false,
  "stacked_model": true,
  "number_of_models": 1,
  "final_estimator": "xgb",
  "final_estimator_params": {
    "xgb_n_estimators": 94,
    "xgb_lr": 0.15852454158849072,
    "xgb_max_depth": 3,
    "xgb_subsample": 0.8567252306613121,
    "xgb_colsample": 0.903526553088102
  },
  "model_params": {
    "xgb": {
      "xgb_n_estimators": 94,
      "xgb_lr": 0.15852454158849072,
      "xgb_max_depth": 3,
      "xgb_subsample": 0.8567252306613121,
      "xgb_colsample": 0.903526553088102
    }
  },
  "use_random_split": true,
  "use_feature_selection": false,
  "model_name": "XGB",
  "error_mean": -0.42555821056167276,
  "error_sdev": 3.4503820794536475,
  "uncertainty_median": 11.737478256225586,
  "uncertainty_mad": 5.432231426239014,
  "uncertainty_measure": 46.281077652755144,
  "feature_importance": {
    "K2O_wt": 0.10276231686198284,
    "Fe2O3T_wt": 0.13448067358371738,
    "SiO2_wt": 0.45956553146020385,
    "Al2O3_wt": -0.0015451645477327814,
    "P2O5_tot_wt": 1.0686127156180296
  }
}