{
  "y_test": [
    0.13,
    0.29,
    1.5,
    0.04,
    0.12,
    0.34,
    0.27,
    0.17,
    25.8,
    25.0,
    0.37,
    7.0,
    0.21,
    38.0,
    0.51,
    1.3,
    0.16,
    0.37,
    0.15,
    0.34,
    0.19,
    0.14,
    6.7,
    0.14,
    0.44,
    1.18,
    4.2,
    0.29,
    1.3,
    0.23,
    0.09,
    6.6,
    0.15,
    0.03,
    0.36,
    6.5,
    31.8,
    0.17,
    1.47,
    6.1,
    1.44,
    2.6,
    0.15,
    0.19,
    0.24
  ],
  "y_pred": [
    3.100968060721936,
    -0.8629349605119074,
    -0.9140203665902042,
    -0.01997199527382776,
    1.349424404208598,
    0.34053192172839886,
    3.0965528363337604,
    0.2959975095639109,
    22.677715774539006,
    18.79320325636455,
    6.846637346465567,
    7.67394301810376,
    0.21026751386648002,
    5.939123387609193,
    1.835296813154713,
    3.6191423117705845,
    2.09004810990357,
    0.5193946605616588,
    2.9494197198969836,
    2.5502165761268856,
    -0.24748982237847983,
    0.27727262427121246,
    4.314469564108986,
    3.1400593477683962,
    0.5507381657583252,
    0.2263654714042751,
    6.079469768526629,
    -0.22354758367723448,
    2.2990739959794304,
    0.9206836968937893,
    10.54463520048537,
    7.885192329127438,
    1.5288901413389482,
    -0.07744875488274516,
    0.2948739306866628,
    9.755851231900799,
    23.876228132979772,
    1.9701189359683369,
    0.2969879201748,
    6.483887872214609,
    -1.342047491278823,
    2.8347463360362823,
    0.2494188475377861,
    -1.6270969699819098,
    -2.339769498807005
  ],
  "selected_features": [
    "K2O_wt",
    "Fe2O3T_wt",
    "SiO2_wt",
    "Al2O3_wt",
    "P2O5_tot_wt"
  ],
  "selected_models": [],
  "stacking_used": false,
  "stacked_model": true,
  "number_of_models": 1,
  "final_estimator": "lr",
  "final_estimator_params": {},
  "model_params": {
    "lr": {}
  },
  "use_random_split": true,
  "use_feature_selection": false,
  "model_name": "LR",
  "error_mean": 0.333499571317794,
  "error_sdev": 5.625735432812488,
  "uncertainty_median": 7.581383710537546,
  "uncertainty_mad": 7.078068266447176,
  "uncertainty_measure": 93.36116646634308,
  "feature_importance": {
    "K2O_wt": 0.009087205320965202,
    "Fe2O3T_wt": 0.04047565006386187,
    "SiO2_wt": 0.8984886151889807,
    "Al2O3_wt": 0.10187113719107282,
    "P2O5_tot_wt": 0.049452299666138094
  }
}