{
  "y_test": [
    1.4,
    25.0,
    1.18,
    0.04,
    2.4,
    0.04,
    25.6,
    38.0,
    0.73,
    0.16,
    2.4,
    0.12,
    3.4,
    0.15,
    0.44,
    0.21,
    0.14,
    0.14,
    0.37,
    0.37,
    0.87,
    6.9,
    0.24,
    0.17,
    22.1,
    0.22,
    0.15,
    0.03,
    0.07,
    0.52,
    0.84,
    0.56,
    0.1,
    0.19,
    6.5,
    0.23,
    8.7,
    4.2,
    0.04,
    0.15,
    6.6,
    1.5,
    0.17,
    6.7,
    0.14
  ],
  "y_pred": [
    1.1817327745843622,
    26.278024358142872,
    0.9634093064687124,
    0.2527457106202882,
    1.8362389010431919,
    0.2572601782010896,
    26.167227657526528,
    1.779172632849397,
    1.0727275660106066,
    0.3099662860892101,
    0.288202651023566,
    2.533376750852882,
    3.871040083561086,
    0.16149113950622773,
    0.2558596476866398,
    0.42660469582241095,
    0.19012506820558608,
    0.20453438462774912,
    0.9177264966390111,
    2.9314226447696754,
    0.4764729405303382,
    3.9107580427097877,
    0.23910435460496138,
    0.24998281014238624,
    28.6810358469552,
    0.35063352398253805,
    0.27596594891307846,
    0.20434409237925963,
    0.30608449867205995,
    0.2126863873411291,
    0.29205846258186247,
    0.28622818373707143,
    0.3020048902271336,
    0.2632232076873297,
    7.389107151226531,
    0.24933325440943915,
    7.209408748784832,
    5.007354030367032,
    0.2861819198250218,
    1.4321022150539142,
    3.6665593932180562,
    0.37820760641622175,
    0.26052044937963187,
    3.8397491967687807,
    1.750444018020618
  ],
  "selected_features": [
    "K2O_wt",
    "Fe2O3T_wt",
    "SiO2_wt",
    "Al2O3_wt",
    "P2O5_tot_wt"
  ],
  "selected_models": [],
  "stacking_used": false,
  "stacked_model": true,
  "number_of_models": 1,
  "final_estimator": "knn",
  "final_estimator_params": {
    "knn_n": 6,
    "knn_weights": "distance"
  },
  "model_params": {
    "knn": {
      "knn_n": 6,
      "knn_weights": "distance"
    }
  },
  "use_random_split": true,
  "use_feature_selection": false,
  "model_name": "KNN",
  "error_mean": 0.6840346642629933,
  "error_sdev": 5.620587125022557,
  "uncertainty_median": 5.378241315606676,
  "uncertainty_mad": 8.299556657468965,
  "uncertainty_measure": 154.31729761521046,
  "feature_importance": {
    "K2O_wt": 3.31762019522408e-05,
    "Fe2O3T_wt": -0.004951819395249748,
    "SiO2_wt": 1.2101940688524366,
    "Al2O3_wt": -0.0012773880298052587,
    "P2O5_tot_wt": -0.0011531932982371618
  }
}