{
  "y_test": [
    11.7,
    0.31,
    0.36,
    0.25,
    25.6,
    2.4,
    0.19,
    0.41,
    0.11,
    0.14,
    0.29,
    0.37,
    0.05,
    1.3,
    0.16,
    0.12,
    0.15,
    0.35,
    0.19,
    0.34,
    0.13,
    1.44,
    1.44,
    0.4,
    34.0,
    0.52,
    4.5,
    1.3,
    6.9,
    0.02,
    1.2,
    1.9,
    4.2,
    6.1,
    0.12,
    8.0,
    0.74,
    6.3,
    0.17,
    0.4,
    0.27,
    0.04,
    1.4,
    24.5,
    0.27
  ],
  "y_pred": [
    11.02172325775857,
    1.8418346090190658,
    0.3638965843581556,
    0.42715156729827597,
    24.583806431663533,
    2.745051440534218,
    0.24731720025695203,
    0.676420119259653,
    0.2423154050717178,
    3.331816978389464,
    0.4955347234229452,
    0.4464125818694333,
    0.2716839274850249,
    1.9505698249431227,
    0.38101886316344996,
    0.6016471719575671,
    0.45272487490289803,
    1.3519451346756344,
    0.2661123333130926,
    0.5900028218788939,
    0.4290811581935185,
    1.467618403996695,
    0.22892285620386746,
    1.1392872306760702,
    27.688095238095205,
    0.40977873274073656,
    6.776694277417224,
    1.3708822208036713,
    1.3307248551020867,
    2.374736912890504,
    0.6413928499232111,
    2.3044624450037934,
    10.132330679304703,
    5.243833342944845,
    2.904889644757063,
    6.743601622070847,
    0.6380205960564198,
    8.977293690680053,
    0.4445985718809207,
    0.2593616238392933,
    0.5283646133714974,
    0.6576262179280603,
    1.9257185262910108,
    25.882040945165908,
    2.3111741302047317
  ],
  "selected_features": [
    "K2O_wt",
    "Fe2O3T_wt",
    "SiO2_wt",
    "P2O5_tot_wt"
  ],
  "selected_models": [],
  "stacking_used": false,
  "stacked_model": true,
  "number_of_models": 1,
  "final_estimator": "et",
  "final_estimator_params": {
    "et_n_estimators": 231,
    "et_max_depth": 6,
    "et_min_samples_split": 4,
    "et_min_samples_leaf": 1,
    "et_bootstrap": false
  },
  "model_params": {
    "et": {
      "et_n_estimators": 231,
      "et_max_depth": 6,
      "et_min_samples_split": 4,
      "et_min_samples_leaf": 1,
      "et_bootstrap": false
    }
  },
  "use_random_split": true,
  "use_feature_selection": true,
  "model_name": "ET-FS",
  "error_mean": -0.3122114941503023,
  "error_sdev": 1.8790921938317677,
  "uncertainty_median": 8.741920348411842,
  "uncertainty_mad": 5.492532440089526,
  "uncertainty_measure": 62.829815660438534,
  "feature_importance": {
    "K2O_wt": 0.020968800765782607,
    "Fe2O3T_wt": 0.019560088770165313,
    "SiO2_wt": 0.8169535314907879,
    "Al2O3_wt": 0.3232696094514727
  }
}