{
  "y_test": [
    0.23,
    0.22,
    0.4,
    6.9,
    8.9,
    0.4,
    0.62,
    0.15,
    7.4,
    0.02,
    0.04,
    0.12,
    0.14,
    10.4,
    0.04,
    1.3,
    0.42,
    6.5,
    1.53,
    0.14,
    1.3,
    0.14,
    25.6,
    0.1,
    0.51,
    0.32,
    4.2,
    0.16,
    0.4,
    6.2,
    0.73,
    11.7,
    0.11,
    6.3,
    2.4,
    0.21,
    0.14,
    2.7,
    1.5,
    6.1,
    0.04,
    10.1,
    24.5,
    0.09,
    0.87
  ],
  "y_pred": [
    0.21193218541381223,
    0.3617737873816613,
    0.3095677922210005,
    6.069392124763049,
    6.069392124763049,
    0.4450933548289215,
    0.4450933548289215,
    0.1998460583809034,
    7.404975420026219,
    0.06914404046841012,
    0.8125419821748627,
    1.4866606263277915,
    -0.08783150399230168,
    7.404975420026219,
    19.99816300603212,
    0.7731388029782328,
    0.21360124974749906,
    21.118197236139533,
    0.5167971533291027,
    0.3095677922210005,
    2.2076117163762268,
    0.46430868365329697,
    28.15749682337849,
    0.3931192185393097,
    0.11734038188747328,
    0.2904051768216993,
    7.157282885179257,
    0.3095677922210005,
    0.08637226883453988,
    6.069392124763049,
    -0.07634073685193249,
    7.404975420026219,
    0.3095677922210005,
    7.404975420026219,
    1.5009273286727187,
    0.3095677922210005,
    0.78344782773211,
    1.0921567801451635,
    3.008810284540248,
    7.157282885179257,
    0.4563655909080002,
    28.414111102713807,
    28.15749682337849,
    1.8520370173025587,
    2.5499111246208894
  ],
  "selected_features": [
    "K2O_wt",
    "P2O5_tot_wt"
  ],
  "selected_models": [],
  "stacking_used": false,
  "stacked_model": true,
  "number_of_models": 1,
  "final_estimator": "lgbm",
  "final_estimator_params": {
    "lgbm_num_leaves": 52,
    "lgbm_lr": 0.25677206530127594,
    "lgbm_n_estimators": 110
  },
  "model_params": {
    "lgbm": {
      "lgbm_num_leaves": 52,
      "lgbm_lr": 0.25677206530127594,
      "lgbm_n_estimators": 110
    }
  },
  "feature_names": [
    "K2O_wt",
    "Fe2O3T_wt",
    "SiO2_wt",
    "Al2O3_wt",
    "P2O5_tot_wt"
  ],
  "use_random_split": true,
  "use_feature_selection": true,
  "model_name": "LGBM-FS",
  "error_mean": -1.2760047007233355,
  "error_sdev": 4.669607461514277,
  "uncertainty_median": 7.404975420026219,
  "uncertainty_mad": 8.324578422287836,
  "uncertainty_measure": 112.41871782281163,
  "feature_importance": {
    "K2O_wt": 0.8737277259746876,
    "Fe2O3T_wt": 2.2694737811376315
  },
  "run": 4
}