{
  "y_test": [
    0.03,
    1.3,
    0.23,
    0.04,
    1.9,
    0.36,
    2.4,
    1.18,
    0.37,
    0.41,
    38.0,
    0.02,
    11.7,
    2.4,
    0.35,
    25.8,
    0.07,
    0.1,
    0.52,
    6.9,
    24.5,
    0.14,
    0.27,
    0.4,
    0.29,
    8.0,
    2.7,
    0.68,
    0.25,
    0.12,
    0.14,
    3.4,
    1.44,
    1.8,
    1.5,
    1.4,
    0.37,
    0.34,
    0.57,
    1.3,
    8.7,
    6.7,
    29.4,
    0.14,
    0.43
  ],
  "y_pred": [
    0.08452535640167413,
    1.7929669855221753,
    0.2171613319263468,
    0.04825607577408331,
    1.0444360301347224,
    0.13490933387038773,
    0.9284191418408092,
    0.5788671812585906,
    0.37101690575957935,
    1.210834915515167,
    1.4579223053564703,
    0.3087385236842861,
    10.117699586262043,
    0.28291997517673106,
    1.2034184090713844,
    25.801059959613095,
    0.3472598527655877,
    0.31935143913656194,
    0.1032008659971595,
    6.337759387567803,
    25.143662328072615,
    0.7533110918236492,
    0.3896543037065201,
    0.6060941890621239,
    0.11255102467287559,
    5.786328495804728,
    0.9727015872458127,
    0.47441950924853904,
    0.427965411602067,
    0.8608683077470438,
    0.13169493598090432,
    4.145927653289162,
    0.15976660809627719,
    1.0210353956000642,
    0.41637572508750065,
    1.8512519903698532,
    0.6703733838223012,
    0.05427653188199821,
    0.33173045921465505,
    0.40371204458297694,
    9.18870398534075,
    9.624077501881505,
    17.937396513650054,
    0.29631497628874115,
    0.08077382642521425
  ],
  "selected_features": [
    "SiO2_wt",
    "P2O5_tot_wt"
  ],
  "selected_models": [],
  "stacking_used": false,
  "stacked_model": true,
  "number_of_models": 1,
  "final_estimator": "gpr",
  "final_estimator_params": {
    "gpr_nu": 0.5,
    "gpr_const": 1.5750653204181062,
    "gpr_length_scale": 5.4586343054267825,
    "gpr_alpha": 1.373036606483767e-08
  },
  "model_params": {
    "gpr": {
      "gpr_nu": 0.5,
      "gpr_const": 1.5750653204181062,
      "gpr_length_scale": 5.4586343054267825,
      "gpr_alpha": 1.373036606483767e-08
    }
  },
  "use_random_split": true,
  "use_feature_selection": true,
  "model_name": "GPR-FS",
  "error_mean": 1.2117401923748314,
  "error_sdev": 5.7143816371022815,
  "uncertainty_median": 8.271617036604543,
  "uncertainty_mad": 7.063696511865406,
  "uncertainty_measure": 85.39680307497672,
  "feature_importance": {
    "K2O_wt": 0.7517325610106701,
    "Fe2O3T_wt": 0.09099875726412363
  }
}