{
  "y_test": [
    0.13,
    0.29,
    1.5,
    0.04,
    0.12,
    0.34,
    0.27,
    0.17,
    25.8,
    25.0,
    0.37,
    7.0,
    0.21,
    38.0,
    0.51,
    1.3,
    0.16,
    0.37,
    0.15,
    0.34,
    0.19,
    0.14,
    6.7,
    0.14,
    0.44,
    1.18,
    4.2,
    0.29,
    1.3,
    0.23,
    0.09,
    6.6,
    0.15,
    0.03,
    0.36,
    6.5,
    31.8,
    0.17,
    1.47,
    6.1,
    1.44,
    2.6,
    0.15,
    0.19,
    0.24
  ],
  "y_pred": [
    -0.18695480177310234,
    0.5659046410931956,
    0.5084625393604412,
    0.5659046410931956,
    1.1749837777585161,
    2.5450645743683293,
    1.4701021030325678,
    0.5998535492730256,
    24.54873601494413,
    24.54873601494413,
    2.840017625625839,
    -0.08270703666256346,
    4.046213855807573,
    -0.3688677493294461,
    0.8037242840146236,
    2.654284008422137,
    2.1488438773948824,
    0.5370832553248513,
    1.108742175889559,
    0.6128305737919066,
    0.5084625393604412,
    0.6220939241752754,
    4.535631549430192,
    -0.27408677999007364,
    -0.34983409845712865,
    2.6265398676606493,
    4.535631549430192,
    2.5450645743683293,
    0.621609253506084,
    0.8674428457642932,
    18.371158879248238,
    3.2180551005978075,
    1.9937343057326289,
    -0.5625996412945214,
    0.5659046410931956,
    18.105733698044492,
    24.54873601494413,
    0.15672618956022655,
    4.046213855807573,
    5.955305537577115,
    0.5659046410931956,
    4.535631549430192,
    3.6349136675192097,
    0.5659046410931956,
    -0.18648273417909955
  ],
  "selected_features": [
    "SiO2_wt",
    "Al2O3_wt"
  ],
  "selected_models": [],
  "stacking_used": false,
  "stacked_model": true,
  "number_of_models": 1,
  "final_estimator": "lgbm",
  "final_estimator_params": {
    "lgbm_num_leaves": 23,
    "lgbm_lr": 0.2350949433274157,
    "lgbm_n_estimators": 250
  },
  "model_params": {
    "lgbm": {
      "lgbm_num_leaves": 23,
      "lgbm_lr": 0.2350949433274157,
      "lgbm_n_estimators": 250
    }
  },
  "use_random_split": true,
  "use_feature_selection": true,
  "model_name": "LGBM-FS",
  "error_mean": 0.0527921445357862,
  "error_sdev": 6.965894928225616,
  "uncertainty_median": 4.535631549430192,
  "uncertainty_mad": 5.0392653333357105,
  "uncertainty_measure": 111.10393951573931,
  "feature_importance": {
    "K2O_wt": 0.6599528974643158,
    "Fe2O3T_wt": 0.26269402997976316
  }
}