{
  "y_test": [
    8.9,
    0.19,
    0.34,
    0.37,
    6.9,
    0.12,
    0.19,
    34.0,
    0.51,
    0.52,
    1.3,
    0.32,
    0.1,
    1.44,
    0.21,
    0.15,
    6.7,
    3.8,
    6.9,
    0.1,
    1.47,
    0.14,
    0.04,
    0.17,
    0.04,
    6.3,
    0.11,
    0.07,
    0.68,
    0.19,
    0.4,
    0.17,
    0.37,
    2.7,
    0.02,
    0.04,
    0.07,
    0.73,
    0.24,
    0.35,
    1.2,
    0.43,
    0.15,
    0.4,
    25.8
  ],
  "y_pred": [
    3.471640089049524,
    -1.4256114759173697,
    1.0459581268532214,
    0.6245646212257294,
    5.6844767920558565,
    1.2398392558638092,
    -0.09937423846859161,
    3.815442902320491,
    -0.4536653788790235,
    -0.4879263841615262,
    2.142040210193538,
    0.10248339708998477,
    -0.22528001720145663,
    -1.8024884130526464,
    -1.8562927379839926,
    0.7358418597099075,
    8.591837823715261,
    2.760056157344745,
    0.6642319663853458,
    0.09752960808025413,
    0.9682245274990958,
    -2.2619644152123515,
    -0.42149105267482656,
    0.2665830113329488,
    -1.2933483236130694,
    5.729240113644848,
    -2.347980180036262,
    1.3499351928688859,
    0.8639256146675671,
    -0.954351436818172,
    0.2572123768370509,
    -0.29909273680114024,
    -0.2492065401016601,
    1.4101458145996815,
    0.6796268695061614,
    -0.5003450683736503,
    -0.5797201029203862,
    0.2505655138294409,
    0.5342057910776556,
    0.40269692909708366,
    0.3366579127622098,
    -1.6085079037883434,
    0.6308048268060191,
    0.1645665242882859,
    24.003030079172785
  ],
  "selected_features": [
    "K2O_wt",
    "Fe2O3T_wt",
    "SiO2_wt",
    "Al2O3_wt",
    "P2O5_tot_wt"
  ],
  "selected_models": [],
  "stacking_used": false,
  "stacked_model": true,
  "number_of_models": 1,
  "final_estimator": "svr",
  "final_estimator_params": {
    "svr_C": 0.5765762414755898,
    "svr_epsilon": 0.711111176391057
  },
  "model_params": {
    "svr": {
      "svr_C": 0.5765762414755898,
      "svr_epsilon": 0.711111176391057
    }
  },
  "use_random_split": true,
  "use_feature_selection": false,
  "model_name": "SVR",
  "error_mean": 1.4085173888472684,
  "error_sdev": 4.642462797893819,
  "uncertainty_median": 11.139912342372762,
  "uncertainty_mad": 4.82864957357169,
  "uncertainty_measure": 43.345489849188574,
  "feature_importance": {
    "K2O_wt": -0.008814456842756698,
    "Fe2O3T_wt": -0.012245028045400614,
    "SiO2_wt": 0.11547183571908429,
    "Al2O3_wt": -0.01098460430258544,
    "P2O5_tot_wt": 0.4901801040658186
  }
}