{
  "y_test": [
    1.53,
    4.2,
    8.7,
    0.24,
    0.04,
    0.35,
    3.4,
    1.3,
    0.56,
    1.8,
    8.0,
    0.22,
    6.7,
    0.18,
    0.4,
    2.4,
    0.51,
    1.47,
    0.52,
    1.2,
    7.4,
    0.43,
    10.1,
    0.25,
    5.4,
    0.11,
    6.5,
    2.7,
    25.0,
    11.7,
    2.6,
    2.4,
    0.31,
    0.15,
    25.8,
    1.3,
    1.44,
    0.47,
    0.05,
    0.17,
    0.14,
    6.1,
    0.15,
    0.57,
    1.44
  ],
  "y_pred": [
    1.0981701091728737,
    3.6052890737471857,
    6.28677330515862,
    0.8369217536975183,
    1.9500760269515345,
    1.2364291847411435,
    3.4972628069920115,
    1.0062228536073334,
    0.935415460480358,
    6.222666392791581,
    5.571319887293185,
    0.6179281465508503,
    6.583707187199501,
    0.4934981689213284,
    1.1029336873482904,
    3.1694645883279646,
    0.5427262689249521,
    1.6790593690424633,
    0.5064823239788625,
    0.8576606963851326,
    6.3809361820535075,
    0.35648615018294366,
    6.2690338415570865,
    0.7154375221493137,
    4.961746176694956,
    0.35911035341852143,
    6.465700508223752,
    3.3907309259543985,
    21.538056629790276,
    7.151408203985331,
    1.650958090622228,
    3.4322262664547605,
    2.082571961670806,
    1.4989329328935235,
    25.457238642583476,
    2.2332387870103023,
    1.9270216356596017,
    0.5738592593979494,
    0.36193952153648257,
    0.6255287996399228,
    1.171974991987436,
    4.938291058527869,
    0.9163347260958449,
    0.48587837544343465,
    0.36568495554053737
  ],
  "selected_features": [
    "Fe2O3T_wt",
    "SiO2_wt",
    "Al2O3_wt",
    "P2O5_tot_wt"
  ],
  "selected_models": [],
  "stacking_used": false,
  "stacked_model": true,
  "number_of_models": 1,
  "final_estimator": "et",
  "final_estimator_params": {
    "et_n_estimators": 87,
    "et_max_depth": 4,
    "et_min_samples_split": 2,
    "et_min_samples_leaf": 1,
    "et_bootstrap": false
  },
  "model_params": {
    "et": {
      "et_n_estimators": 87,
      "et_max_depth": 4,
      "et_min_samples_split": 2,
      "et_min_samples_leaf": 1,
      "et_bootstrap": false
    }
  },
  "use_random_split": true,
  "use_feature_selection": true,
  "model_name": "ET-FS",
  "error_mean": 0.07310369354695663,
  "error_sdev": 1.5083366105728255,
  "uncertainty_median": 13.07395132828059,
  "uncertainty_mad": 5.21715215144764,
  "uncertainty_measure": 39.904937845089634,
  "feature_importance": {
    "K2O_wt": -0.011588882561446015,
    "Fe2O3T_wt": 0.6228736302570647,
    "SiO2_wt": 0.036189970110639125,
    "Al2O3_wt": 0.43522618653176876
  }
}