{
  "y_test": [
    0.27,
    0.43,
    0.1,
    0.27,
    0.04,
    0.44,
    0.56,
    1.3,
    0.74,
    0.41,
    0.37,
    1.18,
    0.42,
    25.6,
    0.29,
    0.04,
    25.0,
    0.14,
    25.8,
    0.09,
    5.4,
    8.9,
    0.09,
    0.14,
    0.15,
    1.2,
    0.16,
    0.14,
    0.14,
    2.6,
    0.44,
    1.4,
    4.2,
    0.21,
    4.5,
    6.1,
    1.3,
    0.34,
    0.07,
    1.3,
    0.15,
    6.7,
    1.0,
    0.19,
    7.4
  ],
  "y_pred": [
    0.630139832946286,
    0.630139832946286,
    0.630139832946286,
    0.9562784107147695,
    0.630139832946286,
    0.630139832946286,
    0.6889758926103611,
    0.6972203074190755,
    0.6890051915430043,
    0.630139832946286,
    0.630139832946286,
    0.7163867986746115,
    0.630139832946286,
    27.7039625421669,
    0.6972203074190755,
    0.9562784107147695,
    25.70906809347832,
    0.630139832946286,
    23.69925601386882,
    0.6889758926103611,
    7.36058162520443,
    8.34175789225283,
    0.649306324201822,
    0.630139832946286,
    0.630139832946286,
    0.630139832946286,
    0.630139832946286,
    0.630139832946286,
    0.630139832946286,
    0.6972203074190755,
    0.630139832946286,
    1.0233588851875592,
    7.36058162520443,
    0.630139832946286,
    7.745744197443468,
    7.36058162520443,
    1.0233588851875592,
    0.630139832946286,
    0.6972203074190755,
    0.6698387002874685,
    0.6972203074190755,
    7.621987440686713,
    0.6972203074190755,
    0.630139832946286,
    7.621987440686713
  ],
  "selected_features": [
    "K2O_wt",
    "Fe2O3T_wt",
    "SiO2_wt",
    "Al2O3_wt",
    "P2O5_tot_wt"
  ],
  "selected_models": [],
  "stacking_used": false,
  "stacked_model": true,
  "number_of_models": 1,
  "final_estimator": "rf",
  "final_estimator_params": {
    "rf_n_estimators": 148,
    "rf_max_depth": 2
  },
  "model_params": {
    "rf": {
      "rf_n_estimators": 148,
      "rf_max_depth": 2
    }
  },
  "use_random_split": true,
  "use_feature_selection": false,
  "model_name": "RF",
  "error_mean": -0.37851667907607156,
  "error_sdev": 0.9659270909869808,
  "uncertainty_median": 10.285510621004011,
  "uncertainty_mad": 4.914644943245323,
  "uncertainty_measure": 47.78221640459095,
  "feature_importance": {
    "K2O_wt": 0.04109031582538949,
    "Fe2O3T_wt": 0.007755032976378953,
    "SiO2_wt": 0.7683785787058991,
    "Al2O3_wt": 0.01548131732147625,
    "P2O5_tot_wt": 0.47713907515576964
  }
}