{
  "y_test": [
    1.53,
    0.04,
    0.52,
    0.15,
    0.19,
    2.4,
    0.23,
    25.0,
    0.37,
    1.3,
    6.2,
    0.15,
    0.13,
    0.17,
    0.4,
    0.19,
    0.1,
    0.14,
    0.29,
    0.84,
    4.2,
    1.3,
    0.24,
    29.4,
    0.31,
    0.68,
    6.9,
    0.04,
    0.07,
    0.24,
    0.41,
    0.21,
    2.7,
    0.14,
    0.37,
    0.36,
    6.7,
    0.27,
    22.1,
    0.87,
    0.46,
    5.7,
    0.12,
    0.25,
    0.15
  ],
  "y_pred": [
    0.5039555595654798,
    0.3131948550544254,
    0.327574385213185,
    1.114101572247118,
    0.16091160220469253,
    3.0711699308374834,
    0.3417132931360525,
    21.006493794326254,
    2.3264138873988656,
    1.545345054472714,
    7.474706277764789,
    0.8238171892431182,
    0.25101698220457497,
    0.38797590278586075,
    0.1876051641537956,
    0.5377568047685058,
    0.3433048652988033,
    0.24455268096602398,
    1.3411932193647897,
    0.27879345090056545,
    7.738870736237763,
    1.5485531767287088,
    0.5671467303052257,
    14.865403368794333,
    1.0983661402234406,
    0.7996745176970782,
    6.762261081117465,
    0.19705609343615677,
    0.20154633042870457,
    0.29289018848807985,
    0.703490571134017,
    0.3741679730094574,
    2.774469249869516,
    0.3033488863059152,
    0.29657311916772044,
    0.2271858387150656,
    7.680823299041386,
    1.7298759263699024,
    27.21937056737593,
    1.9629865425563158,
    0.9343080465334574,
    6.590252181329313,
    0.23836790121594312,
    0.29553264786215205,
    0.26362884309277584
  ],
  "selected_features": [
    "K2O_wt",
    "Fe2O3T_wt",
    "SiO2_wt",
    "Al2O3_wt",
    "P2O5_tot_wt"
  ],
  "selected_models": [],
  "stacking_used": false,
  "stacked_model": true,
  "number_of_models": 1,
  "final_estimator": "et",
  "final_estimator_params": {
    "et_n_estimators": 188,
    "et_max_depth": 9,
    "et_min_samples_split": 5,
    "et_min_samples_leaf": 1,
    "et_bootstrap": false
  },
  "model_params": {
    "et": {
      "et_n_estimators": 188,
      "et_max_depth": 9,
      "et_min_samples_split": 5,
      "et_min_samples_leaf": 1,
      "et_bootstrap": false
    }
  },
  "use_random_split": true,
  "use_feature_selection": false,
  "model_name": "ET",
  "error_mean": -0.08261658730984253,
  "error_sdev": 2.5326988370906527,
  "uncertainty_median": 10.501627578981308,
  "uncertainty_mad": 3.758286904725621,
  "uncertainty_measure": 35.78766125974339,
  "feature_importance": {
    "K2O_wt": 0.02164661118729665,
    "Fe2O3T_wt": 0.0017543204468277018,
    "SiO2_wt": 0.4721851809619928,
    "Al2O3_wt": 0.05991816506251885,
    "P2O5_tot_wt": 0.3895369583443503
  }
}