{
  "y_test": [
    0.31,
    0.22,
    0.04,
    0.4,
    0.37,
    3.8,
    22.1,
    0.18,
    25.6,
    0.57,
    0.21,
    0.14,
    1.3,
    0.07,
    0.32,
    0.27,
    6.9,
    25.8,
    0.27,
    0.87,
    0.51,
    0.17,
    0.1,
    0.23,
    0.44,
    0.29,
    0.11,
    0.19,
    6.0,
    1.3,
    0.43,
    0.15,
    24.5,
    0.12,
    4.2,
    0.34,
    0.17,
    0.14,
    7.0,
    0.9,
    0.18,
    0.74,
    1.5,
    0.16,
    0.09
  ],
  "y_pred": [
    3.5448102602516744,
    0.4525503801493187,
    0.694761401330755,
    0.9175145910288336,
    0.8773670567067775,
    4.7894047719885915,
    44.95168204218956,
    1.938435319290786,
    15.369460483644684,
    0.5349088413449046,
    0.7709099432088777,
    3.8508694366569554,
    3.518290800389403,
    1.3402688910721796,
    0.5632454671473575,
    3.073822876092299,
    0.7154152226141939,
    39.76572030513561,
    2.9122989012210905,
    2.2979257399514523,
    1.208061616353998,
    0.3848569653105969,
    1.1450407146541295,
    1.2700325896612483,
    1.093879154620506,
    0.13495569395393048,
    -0.4692493004539138,
    -0.18277465713847363,
    5.023918185912473,
    3.461150089208429,
    0.9374906211501717,
    0.8228299112694408,
    15.933443088503438,
    4.636538175911326,
    4.870936191240295,
    1.7992303808056533,
    0.9959051416824884,
    2.1406815643338355,
    11.11732808058734,
    2.582596588925071,
    0.7871346914148525,
    1.348572231578384,
    0.5341762834835464,
    0.6657131214156493,
    7.344099224513371
  ],
  "selected_features": [
    "SiO2_wt",
    "Al2O3_wt",
    "P2O5_tot_wt"
  ],
  "selected_models": [],
  "stacking_used": false,
  "stacked_model": true,
  "number_of_models": 1,
  "final_estimator": "svr",
  "final_estimator_params": {
    "svr_C": 7.376568429298598,
    "svr_epsilon": 0.11318907309644817
  },
  "model_params": {
    "svr": {
      "svr_C": 7.376568429298598,
      "svr_epsilon": 0.11318907309644817
    }
  },
  "use_random_split": true,
  "use_feature_selection": true,
  "model_name": "SVR-FS",
  "error_mean": -1.3948046462291797,
  "error_sdev": 4.793607368680507,
  "uncertainty_median": 20.051613457617705,
  "uncertainty_mad": 8.07024189376596,
  "uncertainty_measure": 40.2473442390245,
  "feature_importance": {
    "K2O_wt": 0.22810827211597037,
    "Fe2O3T_wt": 0.03507160966880711,
    "SiO2_wt": 0.4637463237879033
  }
}