{
  "y_test": [
    1.4,
    25.0,
    1.18,
    0.04,
    2.4,
    0.04,
    25.6,
    38.0,
    0.73,
    0.16,
    2.4,
    0.12,
    3.4,
    0.15,
    0.44,
    0.21,
    0.14,
    0.14,
    0.37,
    0.37,
    0.87,
    6.9,
    0.24,
    0.17,
    22.1,
    0.22,
    0.15,
    0.03,
    0.07,
    0.52,
    0.84,
    0.56,
    0.1,
    0.19,
    6.5,
    0.23,
    8.7,
    4.2,
    0.04,
    0.15,
    6.6,
    1.5,
    0.17,
    6.7,
    0.14
  ],
  "y_pred": [
    1.4129919562156714,
    26.260224422236885,
    0.6793491833481147,
    0.09224468934025332,
    2.5119525052307994,
    0.09937999172356093,
    25.48256293754076,
    1.2253742959868967,
    1.3005127224326096,
    0.4000703819665965,
    -0.22256357296324003,
    1.481709996625849,
    3.8083991101845243,
    0.10448833724768392,
    0.3241014405577598,
    0.7200311693417456,
    0.09589893659777138,
    0.110214137747219,
    0.8759875534922679,
    0.4473855898505823,
    0.6712980246354792,
    5.427838991542789,
    -0.38668332473678335,
    0.22332639084031536,
    28.181008461709315,
    0.981753406658453,
    0.30905349929876813,
    0.0384918335607658,
    0.46727069864982607,
    0.29026240744277754,
    0.20659277712394264,
    0.44723051541320125,
    0.4883394852627596,
    0.0461753111230645,
    9.067435152598554,
    -0.20711301775235924,
    8.920250832891906,
    5.508942187061746,
    0.45962022482664056,
    0.7085425815799775,
    5.701500624326091,
    0.6186064965348907,
    0.21096473292581308,
    6.154549450253268,
    1.2788747852535631
  ],
  "selected_features": [
    "K2O_wt",
    "Fe2O3T_wt",
    "SiO2_wt",
    "Al2O3_wt",
    "P2O5_tot_wt"
  ],
  "selected_models": [],
  "stacking_used": false,
  "stacked_model": true,
  "number_of_models": 1,
  "final_estimator": "gpr",
  "final_estimator_params": {
    "gpr_nu": 1.5,
    "gpr_const": 3.2061566820198917,
    "gpr_length_scale": 7.049235957719197,
    "gpr_alpha": 0.008506112337080117
  },
  "model_params": {
    "gpr": {
      "gpr_nu": 1.5,
      "gpr_const": 3.2061566820198917,
      "gpr_length_scale": 7.049235957719197,
      "gpr_alpha": 0.008506112337080117
    }
  },
  "use_random_split": true,
  "use_feature_selection": false,
  "model_name": "GPR",
  "error_mean": 0.6034567041393539,
  "error_sdev": 5.642524516076316,
  "uncertainty_median": 14.900301018024589,
  "uncertainty_mad": 9.140988612196589,
  "uncertainty_measure": 61.34767748073627,
  "feature_importance": {
    "K2O_wt": 0.0019441364927618955,
    "Fe2O3T_wt": 0.005695438253604678,
    "SiO2_wt": 1.044821450572759,
    "Al2O3_wt": 0.0065584240426408424,
    "P2O5_tot_wt": 0.09467518920204436
  }
}