{
  "y_test": [
    0.52,
    2.7,
    0.47,
    7.0,
    1.3,
    1.53,
    0.25,
    4.2,
    6.7,
    1.9,
    0.21,
    0.25,
    0.22,
    0.19,
    1.0,
    0.27,
    0.17,
    6.9,
    8.7,
    1.4,
    0.36,
    1.44,
    0.14,
    24.5,
    0.19,
    0.19,
    6.0,
    4.2,
    1.47,
    0.03,
    6.2,
    1.18,
    0.57,
    0.29,
    6.2,
    3.4,
    1.9,
    0.04,
    1.3,
    0.23,
    5.1,
    0.84,
    1.2,
    6.5,
    0.09
  ],
  "y_pred": [
    3.2062352343329863,
    0.5272988967663181,
    0.8793171132128137,
    7.280868067538215,
    5.111666557940126,
    4.942713781123651,
    1.378789771253274,
    7.043153278933879,
    3.8153478222469204,
    10.267300036305222,
    -3.2102788765728363,
    3.0707421977070126,
    -0.36609406948846157,
    -1.5054482262997766,
    4.102640048723131,
    3.5482068450467494,
    2.2019205071314616,
    3.3727803549494055,
    9.134931898859072,
    5.046803472701622,
    0.35216448783948806,
    0.8676461749185975,
    -2.055065636700455,
    22.73541880172988,
    -2.2882422592291434,
    -0.3797768480131012,
    6.896818369684468,
    5.858822714365406,
    0.2666935852589134,
    -0.23846460200147135,
    0.052142963044495616,
    0.28457337726522525,
    0.025034243602341633,
    -1.1976801817077103,
    3.02633725173105,
    6.473400466294784,
    4.178666501081651,
    -0.4675316100101554,
    2.7560992622618983,
    1.0177410461879077,
    6.189974264047763,
    -0.7810597461709534,
    1.9279632724375801,
    9.431898673163534,
    -0.08377792085104119
  ],
  "selected_features": [
    "K2O_wt",
    "Fe2O3T_wt",
    "SiO2_wt",
    "Al2O3_wt"
  ],
  "selected_models": [],
  "stacking_used": false,
  "stacked_model": true,
  "number_of_models": 1,
  "final_estimator": "lr",
  "final_estimator_params": {},
  "model_params": {
    "lr": {}
  },
  "use_random_split": true,
  "use_feature_selection": true,
  "model_name": "LR-FS",
  "error_mean": -0.3390820302809275,
  "error_sdev": 2.5926910708815813,
  "uncertainty_median": 5.838751462891725,
  "uncertainty_mad": 6.841528083111668,
  "uncertainty_measure": 117.17450428560122,
  "feature_importance": {
    "K2O_wt": 0.0156713204458788,
    "Fe2O3T_wt": 0.1017004802983595,
    "SiO2_wt": 3.0128210195828733,
    "Al2O3_wt": 0.42582882392839067
  }
}