{
  "y_test": [
    1.3,
    0.31,
    0.04,
    4.2,
    29.4,
    0.03,
    0.32,
    0.09,
    1.0,
    2.4,
    0.07,
    1.3,
    0.4,
    0.15,
    1.9,
    0.27,
    0.12,
    0.84,
    34.0,
    0.1,
    0.05,
    0.29,
    0.37,
    1.5,
    0.25,
    7.0,
    3.8,
    0.04,
    0.87,
    1.9,
    0.21,
    25.8,
    0.52,
    2.6,
    0.24,
    6.7,
    0.17,
    0.4,
    1.4,
    5.7,
    0.44,
    31.8,
    1.44,
    1.44,
    0.73
  ],
  "y_pred": [
    1.5064636820986081,
    8.935052621660738,
    0.5914577908938298,
    5.565991080875703,
    22.185353947243087,
    0.2753531144884168,
    0.277909882342235,
    0.3056717903931748,
    3.026141084039966,
    1.8121588030595805,
    3.052165479173462,
    2.492203576353089,
    1.187377844523113,
    0.16166329768581172,
    7.6086512964867214,
    3.2677735838395003,
    2.998230397374231,
    0.18242021100725966,
    23.58485667782979,
    0.24494475517122,
    17.067641402146684,
    0.47897479995561093,
    0.38976203198330023,
    0.37706426813331323,
    1.2975697513241125,
    4.350934654851463,
    4.004108690858825,
    0.09699776186492044,
    0.7583422316669891,
    1.9943010885237016,
    1.1722765492344605,
    23.2685764748255,
    0.173928745910366,
    5.748179834700758,
    0.19221752605930092,
    7.101536984845172,
    0.1834065483604397,
    1.492045064079459,
    2.288704930188948,
    4.18915982077692,
    0.21066383499165706,
    23.88980121930724,
    0.1722188042668913,
    2.9068284527795876,
    0.30918059225140226
  ],
  "selected_features": [
    "Fe2O3T_wt",
    "SiO2_wt",
    "P2O5_tot_wt"
  ],
  "selected_models": [],
  "stacking_used": false,
  "stacked_model": true,
  "number_of_models": 1,
  "final_estimator": "knn",
  "final_estimator_params": {
    "knn_n": 6,
    "knn_weights": "distance"
  },
  "model_params": {
    "knn": {
      "knn_n": 6,
      "knn_weights": "distance"
    }
  },
  "use_random_split": true,
  "use_feature_selection": true,
  "model_name": "KNN-FS",
  "error_mean": -0.43280584400947913,
  "error_sdev": 3.9368304432376267,
  "uncertainty_median": 6.482886792170478,
  "uncertainty_mad": 7.384148137408266,
  "uncertainty_measure": 113.90216078316007,
  "feature_importance": {
    "K2O_wt": 0.012112569104034378,
    "Fe2O3T_wt": 1.3793683441512667,
    "SiO2_wt": 0.014131110659199564
  }
}