{
  "y_test": [
    0.27,
    22.1,
    0.41,
    6.2,
    1.47,
    1.0,
    0.04,
    0.14,
    6.1,
    2.4,
    0.09,
    0.02,
    1.9,
    5.4,
    0.19,
    1.3,
    0.17,
    6.9,
    2.4,
    0.05,
    0.4,
    0.15,
    0.17,
    0.4,
    0.73,
    0.21,
    0.15,
    0.04,
    10.4,
    0.87,
    0.07,
    0.9,
    3.8,
    0.18,
    0.34,
    1.8,
    0.56,
    25.0,
    25.6,
    0.14,
    0.14,
    0.04,
    1.3,
    0.14,
    0.21
  ],
  "y_pred": [
    2.3929985505236586,
    29.918161033649945,
    2.046303934499855,
    8.647189868374397,
    0.8491450253383283,
    2.905024587257182,
    -0.3371928788161519,
    -0.6332183552757377,
    5.639333892353972,
    0.4624616386575976,
    0.10177019002099585,
    0.9991987638142813,
    6.780791704418605,
    4.9934725806417335,
    0.7637072066736396,
    3.8524421542067224,
    -0.959452349398689,
    0.3760243553885404,
    2.4832872457508715,
    9.075572879553643,
    0.5060265195590808,
    0.7333249561731322,
    1.0168623274567703,
    -0.5593991699165027,
    0.23378504051165627,
    -0.9929225402923111,
    2.1866009256286794,
    0.8233381153229521,
    8.943574463866774,
    1.8896325195092176,
    1.1909080428291916,
    2.921782949939305,
    5.090533834723849,
    1.114221691953151,
    1.4559664155612393,
    2.264326064312525,
    1.2046071320467546,
    19.62600106079975,
    18.17790989637279,
    3.6706461725841564,
    1.6044643213537073,
    2.7038692586371655,
    1.9063026763881443,
    2.6171503862531615,
    0.7567029047101296
  ],
  "selected_features": [
    "K2O_wt",
    "SiO2_wt",
    "Al2O3_wt",
    "P2O5_tot_wt"
  ],
  "selected_models": [],
  "stacking_used": false,
  "stacked_model": true,
  "number_of_models": 1,
  "final_estimator": "ann",
  "final_estimator_params": {
    "ann_hidden": 67,
    "ann_alpha": 0.00091976996679447
  },
  "model_params": {
    "ann": {
      "ann_hidden": 67,
      "ann_alpha": 0.00091976996679447
    }
  },
  "use_random_split": true,
  "use_feature_selection": true,
  "model_name": "ANN-FS",
  "error_mean": -0.6478497331981745,
  "error_sdev": 2.840722834590997,
  "uncertainty_median": 19.974476305341767,
  "uncertainty_mad": 7.845469950308956,
  "uncertainty_measure": 39.27747506557078,
  "feature_importance": {
    "K2O_wt": 0.004212559106455165,
    "Fe2O3T_wt": 0.7605356243905227,
    "SiO2_wt": 0.32265902812019864,
    "Al2O3_wt": 0.6062882794032772
  }
}