{
  "y_test": [
    0.31,
    0.22,
    0.04,
    0.4,
    0.37,
    3.8,
    22.1,
    0.18,
    25.6,
    0.57,
    0.21,
    0.14,
    1.3,
    0.07,
    0.32,
    0.27,
    6.9,
    25.8,
    0.27,
    0.87,
    0.51,
    0.17,
    0.1,
    0.23,
    0.44,
    0.29,
    0.11,
    0.19,
    6.0,
    1.3,
    0.43,
    0.15,
    24.5,
    0.12,
    4.2,
    0.34,
    0.17,
    0.14,
    7.0,
    0.9,
    0.18,
    0.74,
    1.5,
    0.16,
    0.09
  ],
  "y_pred": [
    5.4593404111464,
    -0.7355085337733414,
    0.5000379089555267,
    0.4441807710666694,
    0.6720852754397839,
    5.589243986079381,
    45.33116102915155,
    2.498029514274638,
    21.82275079611361,
    0.35199965580140713,
    -0.0680213687123441,
    4.915821261752317,
    4.189165423816441,
    1.7947426823134727,
    -0.7856304766928233,
    3.2262540935104482,
    -0.14875799196055084,
    32.23436343981213,
    4.051820034559352,
    1.7064975058139744,
    1.9418904864430857,
    -0.06092539010020204,
    1.178481897891686,
    0.9599990728232584,
    0.5822261911939677,
    -0.4204390014229489,
    -0.5555710936365728,
    -2.070996616893808,
    6.221827793471292,
    4.060309979438859,
    1.4998555966841494,
    -0.38119006411466927,
    21.96238071164422,
    3.8617917775381088,
    6.044364086622682,
    2.521658328677784,
    0.07464291301094761,
    3.3232447980115865,
    10.436317456425595,
    2.159015123110507,
    0.8334819643164479,
    1.3315692139552624,
    -0.8807726272362402,
    1.2671929712767849,
    11.461941407475258
  ],
  "selected_features": [
    "K2O_wt",
    "Fe2O3T_wt",
    "SiO2_wt",
    "Al2O3_wt",
    "P2O5_tot_wt"
  ],
  "selected_models": [],
  "stacking_used": false,
  "stacked_model": true,
  "number_of_models": 1,
  "final_estimator": "lr",
  "final_estimator_params": {},
  "model_params": {
    "lr": {}
  },
  "use_random_split": true,
  "use_feature_selection": true,
  "model_name": "LR-FS",
  "error_mean": -1.5711527198905575,
  "error_sdev": 4.36303852520029,
  "uncertainty_median": 14.80646783081603,
  "uncertainty_mad": 9.026202371677131,
  "uncertainty_measure": 60.96121286193123,
  "feature_importance": {
    "K2O_wt": 4.138376890560291e-05,
    "Fe2O3T_wt": 0.22408605191346134,
    "SiO2_wt": 1.1724424023313822,
    "Al2O3_wt": 0.03549627306832477,
    "P2O5_tot_wt": 0.1384352863929445
  }
}