{
  "y_test": [
    0.52,
    0.29,
    0.24,
    0.14,
    0.07,
    0.56,
    0.18,
    6.9,
    0.09,
    0.12,
    6.5,
    0.84,
    6.1,
    1.5,
    0.31,
    8.0,
    1.9,
    0.87,
    0.14,
    0.17,
    0.32,
    0.74,
    0.19,
    0.21,
    0.51,
    0.17,
    1.2,
    0.62,
    5.4,
    0.04,
    0.22,
    6.3,
    25.6,
    0.9,
    25.8,
    0.18,
    1.3,
    0.11,
    6.9,
    0.05,
    0.41,
    0.43,
    0.04,
    2.4,
    0.17
  ],
  "y_pred": [
    0.2126863873411291,
    2.0038566321495117,
    0.26417787615292826,
    1.295024145370566,
    3.516221514941238,
    0.17138540090230586,
    0.24326077698394546,
    1.0209356812631645,
    0.15904847399883126,
    0.6773314913817047,
    7.911536801899754,
    0.22649731407532958,
    3.907352034976266,
    0.36149261238127234,
    7.2957956608256405,
    3.889807987862997,
    7.234311733714271,
    0.548601288161106,
    0.13990790336474698,
    0.1659649792241938,
    0.5965847391299328,
    1.168064729495076,
    0.5877636118452249,
    0.5147778109139055,
    0.2757498074637527,
    0.39395761350303937,
    1.2324292104360894,
    0.515672249038185,
    2.1999345945828157,
    0.29008595078878585,
    0.41941039553400505,
    7.193101769795062,
    25.942372465491456,
    2.057951490278372,
    26.090653642412594,
    0.1631118967023858,
    1.8575001448430963,
    0.4676321881958157,
    5.203478949747731,
    0.3201446281753987,
    0.7535892050623408,
    0.1366824623039983,
    0.11754675727046618,
    1.4437709477078384,
    0.27409932784854074
  ],
  "selected_features": [
    "K2O_wt",
    "Fe2O3T_wt",
    "SiO2_wt",
    "Al2O3_wt",
    "P2O5_tot_wt"
  ],
  "selected_models": [],
  "stacking_used": false,
  "stacked_model": true,
  "number_of_models": 1,
  "final_estimator": "knn",
  "final_estimator_params": {
    "knn_n": 6,
    "knn_weights": "distance"
  },
  "model_params": {
    "knn": {
      "knn_n": 6,
      "knn_weights": "distance"
    }
  },
  "use_random_split": true,
  "use_feature_selection": false,
  "model_name": "KNN",
  "error_mean": -0.1291391841230401,
  "error_sdev": 1.9718952782569015,
  "uncertainty_median": 5.183919163415878,
  "uncertainty_mad": 7.718544495372072,
  "uncertainty_measure": 148.89399799756976,
  "feature_importance": {
    "K2O_wt": 0.0006312018374560269,
    "Fe2O3T_wt": 0.002467623500350148,
    "SiO2_wt": 1.9051878689477784,
    "Al2O3_wt": 0.016409702100471487,
    "P2O5_tot_wt": 0.0037098624540826465
  }
}