{
  "y_test": [
    0.27,
    0.43,
    0.1,
    0.27,
    0.04,
    0.44,
    0.56,
    1.3,
    0.74,
    0.41,
    0.37,
    1.18,
    0.42,
    25.6,
    0.29,
    0.04,
    25.0,
    0.14,
    25.8,
    0.09,
    5.4,
    8.9,
    0.09,
    0.14,
    0.15,
    1.2,
    0.16,
    0.14,
    0.14,
    2.6,
    0.44,
    1.4,
    4.2,
    0.21,
    4.5,
    6.1,
    1.3,
    0.34,
    0.07,
    1.3,
    0.15,
    6.7,
    1.0,
    0.19,
    7.4
  ],
  "y_pred": [
    4.7420080935334,
    1.2879908382012601,
    1.3363856541964552,
    3.769087329363451,
    5.090086778613049,
    0.7447464065757146,
    2.3172893442340623,
    3.067902031284042,
    1.8186064610328856,
    2.090109032875141,
    1.0343528871478256,
    0.7095611143935869,
    6.934956475141757,
    25.551751814981106,
    0.8150917186865385,
    0.17502312447194868,
    20.424218906479606,
    -1.8314627812767341,
    18.644863166753172,
    12.490766488624558,
    5.878231767271945,
    1.8867781918238862,
    -0.10429148753360806,
    5.877756480529911,
    1.9677024273867474,
    2.544627928019416,
    0.9483361659084721,
    -2.602543320416302,
    3.969625041608275,
    3.5625451933297043,
    0.32530327754495403,
    4.653286566768578,
    7.376683401250904,
    -2.698838668723063,
    3.945921431963079,
    7.5895019052617485,
    5.42834641229139,
    3.2954139085680367,
    0.09053222603131417,
    3.394589997012993,
    0.5795526182870034,
    4.354074021850032,
    4.286850643035244,
    -2.079387528536415,
    8.967907562763251
  ],
  "selected_features": [
    "K2O_wt",
    "Fe2O3T_wt",
    "SiO2_wt",
    "Al2O3_wt"
  ],
  "selected_models": [],
  "stacking_used": false,
  "stacked_model": true,
  "number_of_models": 1,
  "final_estimator": "lr",
  "final_estimator_params": {},
  "model_params": {
    "lr": {}
  },
  "use_random_split": true,
  "use_feature_selection": true,
  "model_name": "LR-FS",
  "error_mean": -1.0431520233024518,
  "error_sdev": 3.3429044657297617,
  "uncertainty_median": 4.26082897002442,
  "uncertainty_mad": 8.718989232451499,
  "uncertainty_measure": 204.63128874195408,
  "feature_importance": {
    "K2O_wt": 0.03016039087853534,
    "Fe2O3T_wt": 0.0639762530966696,
    "SiO2_wt": 2.352786880914808,
    "Al2O3_wt": 0.1965219213367172
  }
}