{
  "y_test": [
    8.7,
    1.3,
    0.52,
    0.57,
    1.4,
    0.1,
    0.23,
    0.51,
    0.19,
    0.44,
    0.27,
    0.41,
    0.09,
    0.34,
    0.35,
    0.46,
    0.14,
    0.4,
    0.14,
    0.07,
    0.21,
    0.43,
    1.53,
    0.42,
    2.7,
    0.68,
    8.0,
    10.4,
    0.04,
    2.4,
    2.4,
    0.15,
    0.19,
    0.47,
    0.24,
    5.1,
    0.04,
    0.37,
    0.18,
    2.4,
    5.4,
    7.4,
    0.14,
    4.5,
    0.13
  ],
  "y_pred": [
    9.796325423538407,
    2.8764781211630206,
    1.0569147851666685,
    1.445002757845785,
    3.3519475852392198,
    1.8039006197938576,
    1.5123494190450515,
    1.5896724163427436,
    0.011553108200075712,
    1.6582395980470732,
    2.31509962196711,
    2.2396156110166823,
    0.6075523181288087,
    2.7091613828195538,
    2.7521104363743047,
    1.1823169580448205,
    1.7547005981164592,
    0.9972991528726478,
    -0.3496565930052338,
    2.0749845562305635,
    1.565247590219382,
    0.9596531833509445,
    2.4253215852964036,
    2.8592749754397477,
    2.2122754864974254,
    1.4636229309368698,
    6.21291282238102,
    5.530513545562844,
    2.4420065684731167,
    1.634880073225581,
    2.4087324011411457,
    2.5807156674984215,
    -0.2076222426588199,
    1.8401278078015615,
    1.0432392858997641,
    4.388210010998951,
    0.7800498897197841,
    3.3241245377494,
    0.841751656413738,
    1.7765973548355625,
    4.177290176212396,
    8.803312620582918,
    1.270025968802896,
    5.4168675966414614,
    2.2908740790214717
  ],
  "selected_features": [
    "K2O_wt",
    "Fe2O3T_wt",
    "SiO2_wt",
    "Al2O3_wt",
    "P2O5_tot_wt"
  ],
  "selected_models": [],
  "stacking_used": false,
  "stacked_model": true,
  "number_of_models": 1,
  "final_estimator": "svr",
  "final_estimator_params": {
    "svr_C": 3.002174189639604,
    "svr_epsilon": 0.68989080483343
  },
  "model_params": {
    "svr": {
      "svr_C": 3.002174189639604,
      "svr_epsilon": 0.68989080483343
    }
  },
  "use_random_split": true,
  "use_feature_selection": false,
  "model_name": "SVR",
  "error_mean": -0.8194571877553689,
  "error_sdev": 1.389231363123205,
  "uncertainty_median": 4.607863223355308,
  "uncertainty_mad": 2.132135131180926,
  "uncertainty_measure": 46.271667101011936,
  "feature_importance": {
    "K2O_wt": 0.00654796382275784,
    "Fe2O3T_wt": -0.010548556248145284,
    "SiO2_wt": 0.49724600089685395,
    "Al2O3_wt": 0.03995079192744716,
    "P2O5_tot_wt": 0.657779155774853
  }
}