{
  "y_test": [
    0.15,
    4.5,
    0.36,
    0.16,
    0.44,
    0.27,
    0.18,
    5.4,
    0.51,
    0.1,
    38.0,
    7.4,
    6.7,
    0.17,
    0.4,
    4.2,
    2.7,
    25.0,
    3.8,
    1.3,
    2.4,
    0.73,
    0.37,
    3.4,
    0.14,
    5.7,
    1.0,
    0.32,
    0.31,
    0.34,
    2.4,
    0.04,
    25.8,
    0.23,
    0.19,
    0.19,
    0.24,
    0.16,
    0.25,
    0.11,
    1.47,
    0.17,
    0.05,
    6.7,
    0.35
  ],
  "y_pred": [
    0.4269141914191417,
    7.661386138613861,
    0.29498161244695903,
    0.567128712871287,
    0.21910671067106707,
    1.1350495049504958,
    0.24162627691340552,
    5.143564356435643,
    0.33898844884488427,
    0.28438393839383924,
    6.777920792079212,
    6.683168316831685,
    6.796039603960387,
    0.494564356435643,
    0.41915181518151795,
    2.01841584158416,
    1.940990099009904,
    23.810891089108893,
    5.516831683168323,
    1.3582178217821794,
    1.3800990099009904,
    0.9446534653465352,
    0.3035060506050606,
    1.860792079207923,
    0.22091584158415842,
    6.77623762376238,
    1.0674257425742575,
    0.6195379537953798,
    0.22502805280528057,
    0.2702755775577556,
    1.5676237623762395,
    0.2998905390539056,
    26.080198019801976,
    0.3078973754518309,
    0.34887128712871307,
    0.47597359735973593,
    0.3532178217821782,
    0.22535313531353146,
    0.18235007072135792,
    0.5787128712871287,
    0.9108910891089107,
    0.2502307730773075,
    0.24342574257425728,
    7.129702970297035,
    0.2190247524752474
  ],
  "selected_features": [
    "K2O_wt",
    "Fe2O3T_wt",
    "SiO2_wt",
    "Al2O3_wt",
    "P2O5_tot_wt"
  ],
  "selected_models": [],
  "stacking_used": false,
  "stacked_model": true,
  "number_of_models": 1,
  "final_estimator": "rf",
  "final_estimator_params": {
    "rf_n_estimators": 101,
    "rf_max_depth": 14
  },
  "model_params": {
    "rf": {
      "rf_n_estimators": 101,
      "rf_max_depth": 14
    }
  },
  "feature_names": [
    "K2O_wt",
    "Fe2O3T_wt",
    "SiO2_wt",
    "Al2O3_wt",
    "P2O5_tot_wt"
  ],
  "use_random_split": true,
  "use_feature_selection": false,
  "model_name": "RF",
  "error_mean": 0.6628631885410766,
  "error_sdev": 4.726685433169546,
  "uncertainty_median": 8.257425742574267,
  "uncertainty_mad": 5.233879916536596,
  "uncertainty_measure": 63.383917454459905,
  "feature_importance": {
    "K2O_wt": 0.012396551464975212,
    "Fe2O3T_wt": 0.008911190351880219,
    "SiO2_wt": 0.5652942123309583,
    "Al2O3_wt": 0.011109051919387367,
    "P2O5_tot_wt": 0.2614458384451908
  },
  "run": 1
}