{
  "y_test": [
    1.4,
    25.0,
    1.18,
    0.04,
    2.4,
    0.04,
    25.6,
    38.0,
    0.73,
    0.16,
    2.4,
    0.12,
    3.4,
    0.15,
    0.44,
    0.21,
    0.14,
    0.14,
    0.37,
    0.37,
    0.87,
    6.9,
    0.24,
    0.17,
    22.1,
    0.22,
    0.15,
    0.03,
    0.07,
    0.52,
    0.84,
    0.56,
    0.1,
    0.19,
    6.5,
    0.23,
    8.7,
    4.2,
    0.04,
    0.15,
    6.6,
    1.5,
    0.17,
    6.7,
    0.14
  ],
  "y_pred": [
    1.5270731707317107,
    11.251371951219529,
    0.7703658536585364,
    0.2710670731707314,
    2.6091463414634197,
    0.19012195121951184,
    22.398048780487827,
    6.75243902439024,
    0.6542987804878053,
    0.24756097560975632,
    2.269939024390242,
    0.5077743902439035,
    2.4414024390243863,
    0.2341463414634145,
    0.1701991869918701,
    0.30423780487804847,
    0.2261280487804872,
    0.5800304878048775,
    0.3056402439024383,
    0.20266260162601635,
    1.1485365853658531,
    5.964024390243907,
    0.1861585365853658,
    0.1754634146341466,
    26.496768292682955,
    0.433780487804878,
    0.5715243902439023,
    0.14842073170731723,
    0.2701829268292681,
    0.17283536585365844,
    0.41655487804878133,
    0.3175000000000005,
    0.3418902439024396,
    0.48823170731707305,
    8.05030487804878,
    0.4821707317073171,
    8.128048780487806,
    2.3982926829268263,
    0.6367378048780483,
    0.49292682926829245,
    7.241768292682944,
    1.6850914634146352,
    0.3208841463414628,
    5.964024390243907,
    0.17879268292682904
  ],
  "selected_features": [
    "Al2O3_wt",
    "P2O5_tot_wt"
  ],
  "selected_models": [],
  "stacking_used": false,
  "stacked_model": true,
  "number_of_models": 1,
  "final_estimator": "et",
  "final_estimator_params": {
    "et_n_estimators": 164,
    "et_max_depth": 19,
    "et_min_samples_split": 3,
    "et_min_samples_leaf": 1,
    "et_bootstrap": false
  },
  "model_params": {
    "et": {
      "et_n_estimators": 164,
      "et_max_depth": 19,
      "et_min_samples_split": 3,
      "et_min_samples_leaf": 1,
      "et_bootstrap": false
    }
  },
  "use_random_split": true,
  "use_feature_selection": true,
  "model_name": "ET-FS",
  "error_mean": 0.9678984643179744,
  "error_sdev": 5.143073490891336,
  "uncertainty_median": 22.531432926829265,
  "uncertainty_mad": 7.385781262923445,
  "uncertainty_measure": 32.7799003592392,
  "feature_importance": {
    "K2O_wt": 0.1866100463572087,
    "Fe2O3T_wt": 0.710177722172511
  }
}