{
  "y_test": [
    0.52,
    2.7,
    0.47,
    7.0,
    1.3,
    1.53,
    0.25,
    4.2,
    6.7,
    1.9,
    0.21,
    0.25,
    0.22,
    0.19,
    1.0,
    0.27,
    0.17,
    6.9,
    8.7,
    1.4,
    0.36,
    1.44,
    0.14,
    24.5,
    0.19,
    0.19,
    6.0,
    4.2,
    1.47,
    0.03,
    6.2,
    1.18,
    0.57,
    0.29,
    6.2,
    3.4,
    1.9,
    0.04,
    1.3,
    0.23,
    5.1,
    0.84,
    1.2,
    6.5,
    0.09
  ],
  "y_pred": [
    0.19579333937522383,
    2.7152499999999984,
    0.2887522675736962,
    7.53673611111111,
    1.6342832341269844,
    1.2127459254535151,
    0.4346541950113378,
    6.49136904761905,
    6.896170634920642,
    6.125275297619043,
    0.3311341411564624,
    0.21449000528241607,
    0.45485962301587296,
    0.33332461734693847,
    1.131678358843536,
    2.530842757936507,
    0.4064456211212556,
    6.481378968253977,
    10.894771825396829,
    1.560667162698412,
    0.2746203585600907,
    1.7755540674603174,
    0.1526383928571429,
    25.996904761904773,
    0.1671130952380953,
    0.4381285076530613,
    5.037217261904762,
    8.23137152777778,
    1.4751597222222215,
    0.16092850802601744,
    6.560163690476192,
    0.736407738095238,
    0.3346335785011772,
    0.3479449404761903,
    7.6102777777777835,
    4.2879241071428575,
    2.4692430555555545,
    0.23356502304869306,
    0.9589918154761905,
    0.29092729269738193,
    5.08122767857143,
    0.3171761695906432,
    0.7462569798752833,
    10.53840277777778,
    0.2530768849206348
  ],
  "selected_features": [
    "K2O_wt",
    "Fe2O3T_wt",
    "SiO2_wt",
    "Al2O3_wt",
    "P2O5_tot_wt"
  ],
  "selected_models": [],
  "stacking_used": false,
  "stacked_model": true,
  "number_of_models": 1,
  "final_estimator": "et",
  "final_estimator_params": {
    "et_n_estimators": 112,
    "et_max_depth": 13,
    "et_min_samples_split": 3,
    "et_min_samples_leaf": 2,
    "et_bootstrap": false
  },
  "model_params": {
    "et": {
      "et_n_estimators": 112,
      "et_max_depth": 13,
      "et_min_samples_split": 3,
      "et_min_samples_leaf": 2,
      "et_bootstrap": false
    }
  },
  "use_random_split": true,
  "use_feature_selection": false,
  "model_name": "ET",
  "error_mean": -0.5090328632766687,
  "error_sdev": 1.1920823163988474,
  "uncertainty_median": 8.105484126984127,
  "uncertainty_mad": 3.7394908627526555,
  "uncertainty_measure": 46.13531781899915,
  "feature_importance": {
    "K2O_wt": 0.0745810797674087,
    "Fe2O3T_wt": 0.025280878476457352,
    "SiO2_wt": 0.3934234436137111,
    "Al2O3_wt": 0.09477223059052672,
    "P2O5_tot_wt": 0.7533573921149909
  }
}