{
  "y_test": [
    0.15,
    4.5,
    0.36,
    0.16,
    0.44,
    0.27,
    0.18,
    5.4,
    0.51,
    0.1,
    38.0,
    7.4,
    6.7,
    0.17,
    0.4,
    4.2,
    2.7,
    25.0,
    3.8,
    1.3,
    2.4,
    0.73,
    0.37,
    3.4,
    0.14,
    5.7,
    1.0,
    0.32,
    0.31,
    0.34,
    2.4,
    0.04,
    25.8,
    0.23,
    0.19,
    0.19,
    0.24,
    0.16,
    0.25,
    0.11,
    1.47,
    0.17,
    0.05,
    6.7,
    0.35
  ],
  "y_pred": [
    0.6079671592775041,
    8.120517241379305,
    0.22342638204707171,
    0.8303356321839084,
    0.26292852298704233,
    1.4495574712643686,
    0.29220372824155794,
    4.665010344827582,
    0.3147818667696963,
    0.2842293489809717,
    5.0597563218390755,
    7.532568965517231,
    7.620839080459762,
    0.49391609195402253,
    0.5037476190476189,
    3.1704448275862074,
    2.4226505747126423,
    21.74000804597701,
    5.281411494252868,
    1.5243919540229864,
    1.9601310344827585,
    0.5889436781609196,
    0.2413736839563412,
    2.9397126436781607,
    0.16954828713094433,
    6.72767586206896,
    1.13961264367816,
    0.603531609195402,
    0.27555348691200626,
    0.28549888921085675,
    2.0172954022988496,
    0.23321302681992326,
    25.079551724137907,
    0.340098966336796,
    0.19559764641488778,
    0.4732402298850574,
    0.42465632183908036,
    0.1772741491999098,
    0.18649836923275062,
    0.7887137931034482,
    1.5381551724137932,
    0.2864483642568836,
    0.2549448275862069,
    9.440068965517233,
    0.34942360185453497
  ],
  "selected_features": [
    "K2O_wt",
    "SiO2_wt",
    "Al2O3_wt",
    "P2O5_tot_wt"
  ],
  "selected_models": [],
  "stacking_used": false,
  "stacked_model": true,
  "number_of_models": 1,
  "final_estimator": "et",
  "final_estimator_params": {
    "et_n_estimators": 145,
    "et_max_depth": 15,
    "et_min_samples_split": 6,
    "et_min_samples_leaf": 1,
    "et_bootstrap": false
  },
  "model_params": {
    "et": {
      "et_n_estimators": 145,
      "et_max_depth": 15,
      "et_min_samples_split": 6,
      "et_min_samples_leaf": 1,
      "et_bootstrap": false
    }
  },
  "feature_names": [
    "K2O_wt",
    "Fe2O3T_wt",
    "SiO2_wt",
    "Al2O3_wt",
    "P2O5_tot_wt"
  ],
  "use_random_split": true,
  "use_feature_selection": true,
  "model_name": "ET-FS",
  "error_mean": 0.5707232210511067,
  "error_sdev": 5.026501055605203,
  "uncertainty_median": 15.194778735632188,
  "uncertainty_mad": 5.057767520338741,
  "uncertainty_measure": 33.28622027564069,
  "feature_importance": {
    "K2O_wt": 0.01362868491948224,
    "Fe2O3T_wt": 0.2989347497051147,
    "SiO2_wt": 0.017690859369876834,
    "Al2O3_wt": 0.28158618775296573
  },
  "run": 1
}