{
  "y_test": [
    0.09,
    0.14,
    25.6,
    6.6,
    0.04,
    0.24,
    0.22,
    0.07,
    0.4,
    22.1,
    0.31,
    1.3,
    6.7,
    0.32,
    0.09,
    0.02,
    0.17,
    10.4,
    0.04,
    0.16,
    1.18,
    6.0,
    6.1,
    6.5,
    0.14,
    0.17,
    5.4,
    0.15,
    0.36,
    25.8,
    0.07,
    0.37,
    0.16,
    0.12,
    10.1,
    7.4,
    0.25,
    2.4,
    1.2,
    6.2,
    0.1,
    1.53,
    0.52,
    11.7,
    1.9
  ],
  "y_pred": [
    0.2827855165439662,
    1.8179321530729073,
    27.049090291849843,
    7.983496307648257,
    0.3222213798607028,
    0.2111506450697931,
    1.1275312174619823,
    2.546487915543491,
    0.3498018937960078,
    27.10625686998402,
    7.579426158023228,
    2.059582900605325,
    4.924692137112599,
    0.7838786767683523,
    8.799949943189565,
    0.5224898767112498,
    0.489568200991527,
    4.462413272333501,
    0.30959406578084087,
    0.2627871911234855,
    0.8459251266588806,
    3.756321911735472,
    3.733289038953796,
    7.182373601195589,
    0.3378706522212681,
    0.26958111279106456,
    1.976142603425397,
    0.22500308431294494,
    0.22579220557621343,
    25.187117030770445,
    0.3229658557227068,
    8.612594625664858,
    0.3220412958193648,
    1.0178495393436913,
    6.437517246193,
    7.097094529934567,
    0.25657953009085777,
    2.172565892393381,
    1.1026864828865968,
    2.421794850738291,
    0.5423425246915753,
    0.8989246224744978,
    0.21056123012040584,
    3.6168458630895275,
    3.517760065796083
  ],
  "selected_features": [
    "K2O_wt",
    "Fe2O3T_wt",
    "SiO2_wt",
    "Al2O3_wt",
    "P2O5_tot_wt"
  ],
  "selected_models": [],
  "stacking_used": false,
  "stacked_model": true,
  "number_of_models": 1,
  "final_estimator": "knn",
  "final_estimator_params": {
    "knn_n": 7,
    "knn_weights": "distance"
  },
  "model_params": {
    "knn": {
      "knn_n": 7,
      "knn_weights": "distance"
    }
  },
  "use_random_split": true,
  "use_feature_selection": false,
  "model_name": "KNN",
  "error_mean": -0.2322372696904692,
  "error_sdev": 2.9908668579304796,
  "uncertainty_median": 4.35668021282768,
  "uncertainty_mad": 8.113244093994872,
  "uncertainty_measure": 186.22537569102448,
  "feature_importance": {
    "K2O_wt": 0.00109373430666463,
    "Fe2O3T_wt": 0.002734145499702616,
    "SiO2_wt": 1.782186385470541,
    "Al2O3_wt": -0.0283238294136608,
    "P2O5_tot_wt": 0.008367052704597373
  }
}