{
  "y_test": [
    0.36,
    0.14,
    6.9,
    0.18,
    8.7,
    38.0,
    6.5,
    0.04,
    0.1,
    0.09,
    7.4,
    1.44,
    0.14,
    0.19,
    0.15,
    0.03,
    25.8,
    0.07,
    1.47,
    0.09,
    25.0,
    0.09,
    0.14,
    34.0,
    1.4,
    1.3,
    0.14,
    0.37,
    0.56,
    1.2,
    6.6,
    0.34,
    0.44,
    3.4,
    0.04,
    6.7,
    1.9,
    0.36,
    0.87,
    0.31,
    0.51,
    0.19,
    4.2,
    0.07,
    0.14
  ],
  "y_pred": [
    0.010632147550627913,
    -0.06511973191901532,
    0.816007828717519,
    0.3244474428441886,
    8.167982365808385,
    1.0176632688094966,
    8.90917053855298,
    0.684474316072774,
    0.4086590202007425,
    0.5221302687057179,
    7.662361225160414,
    2.1856317835210897,
    -0.668280731615778,
    0.34625652710392085,
    0.30262340839341695,
    0.3987067355445193,
    16.792836540127556,
    4.382916220774611,
    0.5106116347727285,
    0.5766215747473149,
    25.16744422017184,
    6.14393620832032,
    0.44328374071203935,
    29.484914095018922,
    1.8029474554703588,
    0.2131792207224419,
    2.2854544439461018,
    1.3428934839316273,
    1.0104450584173694,
    0.6601842377546112,
    5.716359560234089,
    -0.13953334554930175,
    0.5604723284214348,
    4.391084189727241,
    0.1252901168725491,
    6.712997820908601,
    8.385553726321962,
    0.32682711225719085,
    0.5867009557123102,
    0.9455264184143037,
    -0.007889990993187546,
    -0.11827696273819965,
    5.902133158227584,
    0.11430470216137101,
    -0.2790624754801039
  ],
  "selected_features": [
    "K2O_wt",
    "Fe2O3T_wt",
    "SiO2_wt",
    "P2O5_tot_wt"
  ],
  "selected_models": [],
  "stacking_used": false,
  "stacked_model": true,
  "number_of_models": 1,
  "final_estimator": "gpr",
  "final_estimator_params": {
    "gpr_nu": 1.5,
    "gpr_const": 7.633351999187411,
    "gpr_length_scale": 4.933113411220917,
    "gpr_alpha": 0.007813550289899565
  },
  "model_params": {
    "gpr": {
      "gpr_nu": 1.5,
      "gpr_const": 7.633351999187411,
      "gpr_length_scale": 4.933113411220917,
      "gpr_alpha": 0.007813550289899565
    }
  },
  "use_random_split": true,
  "use_feature_selection": true,
  "model_name": "GPR-FS",
  "error_mean": 0.7332555141591848,
  "error_sdev": 6.034703210924709,
  "uncertainty_median": 10.19478825393809,
  "uncertainty_mad": 8.162352497441908,
  "uncertainty_measure": 80.06397282737989,
  "feature_importance": {
    "K2O_wt": -0.01668587408684527,
    "Fe2O3T_wt": -0.010703429185827144,
    "SiO2_wt": 0.9550773274041598,
    "Al2O3_wt": 0.11846765297796963
  }
}