{
  "y_test": [
    0.13,
    0.29,
    1.5,
    0.04,
    0.12,
    0.34,
    0.27,
    0.17,
    25.8,
    25.0,
    0.37,
    7.0,
    0.21,
    38.0,
    0.51,
    1.3,
    0.16,
    0.37,
    0.15,
    0.34,
    0.19,
    0.14,
    6.7,
    0.14,
    0.44,
    1.18,
    4.2,
    0.29,
    1.3,
    0.23,
    0.09,
    6.6,
    0.15,
    0.03,
    0.36,
    6.5,
    31.8,
    0.17,
    1.47,
    6.1,
    1.44,
    2.6,
    0.15,
    0.19,
    0.24
  ],
  "y_pred": [
    0.15723882794837474,
    0.09493112679885396,
    0.5824054869060755,
    0.20223215430586405,
    1.066321689601955,
    2.2042171233055488,
    0.8711355547876427,
    0.08879050513338793,
    19.283459787915028,
    25.89725298956023,
    2.2885386559099565,
    4.184261500100881,
    1.8291008625790517,
    1.580227867444154,
    0.048094030342318295,
    2.1987441769894422,
    0.08006973931119088,
    0.21745440162285767,
    1.541415127292543,
    0.03855488352900016,
    0.7664898725467562,
    0.7236675784959838,
    6.843830389201894,
    0.08154663795518324,
    0.03163700615931653,
    1.1342725590811638,
    5.020975719907238,
    4.812166754643951,
    1.3620458613102078,
    0.22956975727840634,
    7.975377459844077,
    4.248513484214211,
    0.14125030078616385,
    0.11302678047793524,
    0.30861070993526063,
    8.712623302350586,
    30.046067281334064,
    0.15919861640081168,
    1.8292417560306342,
    4.375946863266002,
    0.07686926677798578,
    4.820710213564133,
    1.5481857072280516,
    0.2514929190368078,
    0.3038061081928487
  ],
  "selected_features": [
    "K2O_wt",
    "Fe2O3T_wt",
    "SiO2_wt",
    "Al2O3_wt",
    "P2O5_tot_wt"
  ],
  "selected_models": [],
  "stacking_used": false,
  "stacked_model": true,
  "number_of_models": 1,
  "final_estimator": "gpr",
  "final_estimator_params": {
    "gpr_nu": 0.5,
    "gpr_const": 6.174356585896355,
    "gpr_length_scale": 4.578468624029367,
    "gpr_alpha": 0.009959030429610143
  },
  "model_params": {
    "gpr": {
      "gpr_nu": 0.5,
      "gpr_const": 6.174356585896355,
      "gpr_length_scale": 4.578468624029367,
      "gpr_alpha": 0.009959030429610143
    }
  },
  "use_random_split": true,
  "use_feature_selection": false,
  "model_name": "GPR",
  "error_mean": 0.542187346724355,
  "error_sdev": 5.817164841174769,
  "uncertainty_median": 7.251323639698288,
  "uncertainty_mad": 7.786575882213376,
  "uncertainty_measure": 107.38144191475308,
  "feature_importance": {
    "K2O_wt": -0.00020394444270077416,
    "Fe2O3T_wt": -0.006660717313392246,
    "SiO2_wt": 1.0635869088553611,
    "Al2O3_wt": -0.010320427389600319,
    "P2O5_tot_wt": 0.021484202873925815
  }
}