{
  "y_test": [
    0.13,
    0.29,
    1.5,
    0.04,
    0.12,
    0.34,
    0.27,
    0.17,
    25.8,
    25.0,
    0.37,
    7.0,
    0.21,
    38.0,
    0.51,
    1.3,
    0.16,
    0.37,
    0.15,
    0.34,
    0.19,
    0.14,
    6.7,
    0.14,
    0.44,
    1.18,
    4.2,
    0.29,
    1.3,
    0.23,
    0.09,
    6.6,
    0.15,
    0.03,
    0.36,
    6.5,
    31.8,
    0.17,
    1.47,
    6.1,
    1.44,
    2.6,
    0.15,
    0.19,
    0.24
  ],
  "y_pred": [
    0.24657895016097198,
    0.16087697854975322,
    0.33435230731324717,
    0.1904554084333769,
    1.0152632678060667,
    2.322367408948379,
    0.3346835568349352,
    0.34549105416194303,
    25.225364406323354,
    26.322205696182234,
    1.801635517443852,
    3.2024109657509277,
    1.4914181345301087,
    1.9359884587813712,
    0.2852466809029306,
    2.6128084749381135,
    0.15564699673317517,
    0.2661565559579373,
    1.946602181636795,
    0.303145896419601,
    0.616671928721654,
    2.033884591631951,
    5.813412493171819,
    0.2477003945629064,
    0.20142384974555239,
    1.0399677229525195,
    4.961850206934928,
    3.4939691141089306,
    1.0100843749712873,
    0.13946077636668458,
    7.184008808219191,
    2.200761264833724,
    0.10321426500775988,
    0.1718805663109251,
    0.173619720836367,
    8.190106353476263,
    27.424556460492,
    0.20666266515143314,
    1.3332587517225019,
    3.8787885428393336,
    0.13483057880907365,
    5.271065209496008,
    1.8029915479196348,
    0.1572483226655364,
    0.2147006034070309
  ],
  "selected_features": [
    "K2O_wt",
    "Fe2O3T_wt",
    "SiO2_wt",
    "Al2O3_wt",
    "P2O5_tot_wt"
  ],
  "selected_models": [],
  "stacking_used": false,
  "stacked_model": true,
  "number_of_models": 1,
  "final_estimator": "knn",
  "final_estimator_params": {
    "knn_n": 5,
    "knn_weights": "distance"
  },
  "model_params": {
    "knn": {
      "knn_n": 5,
      "knn_weights": "distance"
    }
  },
  "use_random_split": true,
  "use_feature_selection": false,
  "model_name": "KNN",
  "error_mean": 0.583670710840798,
  "error_sdev": 5.7217877156196835,
  "uncertainty_median": 5.673037073162419,
  "uncertainty_mad": 7.579131031649036,
  "uncertainty_measure": 133.59918036678843,
  "feature_importance": {
    "K2O_wt": -0.0004151828646357314,
    "Fe2O3T_wt": 0.001880613969681858,
    "SiO2_wt": 1.1276973453030281,
    "Al2O3_wt": -0.0041014148211414156,
    "P2O5_tot_wt": 0.0022045197928136553
  }
}