{
  "y_test": [
    0.27,
    0.43,
    0.1,
    0.27,
    0.04,
    0.44,
    0.56,
    1.3,
    0.74,
    0.41,
    0.37,
    1.18,
    0.42,
    25.6,
    0.29,
    0.04,
    25.0,
    0.14,
    25.8,
    0.09,
    5.4,
    8.9,
    0.09,
    0.14,
    0.15,
    1.2,
    0.16,
    0.14,
    0.14,
    2.6,
    0.44,
    1.4,
    4.2,
    0.21,
    4.5,
    6.1,
    1.3,
    0.34,
    0.07,
    1.3,
    0.15,
    6.7,
    1.0,
    0.19,
    7.4
  ],
  "y_pred": [
    0.407626059167111,
    0.09592699608647548,
    0.22547576302557495,
    0.6707556723947575,
    0.5709904761250775,
    0.28203767683696895,
    0.13742587527153638,
    5.079167974056454,
    1.2717271416688902,
    1.0880904168522192,
    0.48520077179450377,
    0.9155409759533883,
    9.56815224874573,
    28.06117457322335,
    1.8771385269138279,
    0.33914178974474485,
    26.098799409060387,
    0.10679523642578964,
    27.503931603585876,
    6.965169763886531,
    2.237050480323592,
    1.8405381303296438,
    0.21964589947950366,
    13.891131899252018,
    0.19718708839317795,
    1.0995138505726827,
    0.3035956534618627,
    0.3699900405698163,
    0.22390302495111641,
    5.257536031688622,
    0.3316379492174627,
    2.512903156664426,
    3.4704664122588245,
    0.4450654339796081,
    5.1642792314849375,
    3.999764155179026,
    2.122102411810041,
    0.29400911336603247,
    1.8758177691021038,
    1.2081872771059785,
    1.5758870778697485,
    5.747393603174903,
    2.76245282873482,
    0.09529198651734533,
    7.729758135720084
  ],
  "selected_features": [
    "K2O_wt",
    "Fe2O3T_wt",
    "SiO2_wt",
    "Al2O3_wt",
    "P2O5_tot_wt"
  ],
  "selected_models": [],
  "stacking_used": false,
  "stacked_model": true,
  "number_of_models": 1,
  "final_estimator": "knn",
  "final_estimator_params": {
    "knn_n": 6,
    "knn_weights": "distance"
  },
  "model_params": {
    "knn": {
      "knn_n": 6,
      "knn_weights": "distance"
    }
  },
  "use_random_split": true,
  "use_feature_selection": false,
  "model_name": "KNN",
  "error_mean": -0.8670083909339239,
  "error_sdev": 3.010270178293075,
  "uncertainty_median": 5.1597651303300065,
  "uncertainty_mad": 7.515204681666256,
  "uncertainty_measure": 145.65013119474298,
  "feature_importance": {
    "K2O_wt": -0.009481640012740288,
    "Fe2O3T_wt": 0.00017475603030066454,
    "SiO2_wt": 1.8417353493436182,
    "Al2O3_wt": -0.03072568178766271,
    "P2O5_tot_wt": 0.0001867056161108105
  }
}