{
  "y_test": [
    7.0,
    0.25,
    8.0,
    0.05,
    1.53,
    0.44,
    4.2,
    38.0,
    1.2,
    0.36,
    0.4,
    0.04,
    5.1,
    6.7,
    0.12,
    1.4,
    0.68,
    0.09,
    0.37,
    0.04,
    2.6,
    6.7,
    0.19,
    25.6,
    6.2,
    0.14,
    0.36,
    0.02,
    0.21,
    29.4,
    1.8,
    0.14,
    0.32,
    0.05,
    0.12,
    0.15,
    1.3,
    6.9,
    0.12,
    0.15,
    0.17,
    5.4,
    0.19,
    2.4,
    5.7
  ],
  "y_pred": [
    7.02918341660347,
    2.7757494198531134,
    2.376470927279083,
    8.066982419686667,
    4.657297925766933,
    0.26765065864920956,
    5.830099541860783,
    5.824343401014069,
    1.2734822931616883,
    -0.17710198035525337,
    -0.08149779924274725,
    -0.8253682874288018,
    5.140771336897576,
    2.1566189040723955,
    5.2917458873939225,
    3.8758943041865983,
    -0.32094954803000775,
    11.3219000501459,
    0.04841235472273553,
    -0.40740224277023884,
    2.21253441735384,
    2.310212541359661,
    -0.744040758498052,
    25.234229653287343,
    2.0182066609929663,
    2.944554125471697,
    -0.24395309812832267,
    -0.35807121954610466,
    -2.839960776978579,
    15.732304388584133,
    0.25411142781843665,
    0.131241831791165,
    -1.0939622551882522,
    -0.9272971851914846,
    -2.2951757829484336,
    1.3504890238925853,
    1.6569768825679212,
    -0.9557228016415422,
    1.7710160685904448,
    0.11013461831193183,
    -0.2039345784625084,
    4.942458364322981,
    -1.3645043398117096,
    -0.8518062168921148,
    2.2714942181308864
  ],
  "selected_features": [
    "K2O_wt",
    "Fe2O3T_wt",
    "SiO2_wt",
    "Al2O3_wt",
    "P2O5_tot_wt"
  ],
  "selected_models": [],
  "stacking_used": false,
  "stacked_model": true,
  "number_of_models": 1,
  "final_estimator": "lr",
  "final_estimator_params": {},
  "model_params": {
    "lr": {}
  },
  "use_random_split": true,
  "use_feature_selection": false,
  "model_name": "LR",
  "error_mean": 1.2692040401632003,
  "error_sdev": 6.038623586691066,
  "uncertainty_median": 4.682036414169925,
  "uncertainty_mad": 7.3577107680651155,
  "uncertainty_measure": 157.147662196676,
  "feature_importance": {
    "K2O_wt": -0.002080280722603158,
    "Fe2O3T_wt": 0.06578588038275691,
    "SiO2_wt": 1.0460386959992267,
    "Al2O3_wt": 0.14537949313926954,
    "P2O5_tot_wt": 0.010665083493327598
  }
}