{
  "y_test": [
    0.52,
    0.29,
    0.24,
    0.14,
    0.07,
    0.56,
    0.18,
    6.9,
    0.09,
    0.12,
    6.5,
    0.84,
    6.1,
    1.5,
    0.31,
    8.0,
    1.9,
    0.87,
    0.14,
    0.17,
    0.32,
    0.74,
    0.19,
    0.21,
    0.51,
    0.17,
    1.2,
    0.62,
    5.4,
    0.04,
    0.22,
    6.3,
    25.6,
    0.9,
    25.8,
    0.18,
    1.3,
    0.11,
    6.9,
    0.05,
    0.41,
    0.43,
    0.04,
    2.4,
    0.17
  ],
  "y_pred": [
    0.24245436931431705,
    0.816274501249342,
    0.7887122842173132,
    0.9559876166205493,
    0.933995882283336,
    0.7178432262988053,
    0.2296395702277468,
    1.4612060959601856,
    0.5747714853117858,
    0.5655064669030362,
    9.125535894660906,
    0.3660218702889737,
    4.797541116576869,
    1.4565276034032353,
    0.8187252874478491,
    6.191779257358807,
    5.693370548586196,
    1.2865104902715556,
    0.22776350277053928,
    0.33043421217068314,
    0.5453392606165264,
    0.6648159688306866,
    0.3965735026293302,
    0.37318442450425837,
    0.2852531855878125,
    0.3934921518891821,
    0.591276428893261,
    0.43430491402750343,
    5.737086159820341,
    4.744378303617741,
    0.41420547944609887,
    6.055525030525038,
    24.74742424242432,
    1.3242874723574554,
    22.991544289044338,
    0.24133410548214823,
    1.523681169510782,
    0.5434056642884568,
    6.219902215597149,
    0.2425281259938357,
    0.6801283608486837,
    0.2390269987825038,
    0.24466084783518308,
    2.5654694576014503,
    0.2626367513349409
  ],
  "selected_features": [
    "K2O_wt",
    "Fe2O3T_wt",
    "SiO2_wt",
    "Al2O3_wt",
    "P2O5_tot_wt"
  ],
  "selected_models": [],
  "stacking_used": false,
  "stacked_model": true,
  "number_of_models": 1,
  "final_estimator": "et",
  "final_estimator_params": {
    "et_n_estimators": 286,
    "et_max_depth": 8,
    "et_min_samples_split": 4,
    "et_min_samples_leaf": 1,
    "et_bootstrap": false
  },
  "model_params": {
    "et": {
      "et_n_estimators": 286,
      "et_max_depth": 8,
      "et_min_samples_split": 4,
      "et_min_samples_leaf": 1,
      "et_bootstrap": false
    }
  },
  "use_random_split": true,
  "use_feature_selection": true,
  "model_name": "ET-FS",
  "error_mean": -0.0976014620758012,
  "error_sdev": 1.4406269003933867,
  "uncertainty_median": 12.36651324898878,
  "uncertainty_mad": 5.086765360634617,
  "uncertainty_measure": 41.13338382628237,
  "feature_importance": {
    "K2O_wt": 0.022650022596116592,
    "Fe2O3T_wt": 0.005460092769638296,
    "SiO2_wt": 0.6288553596906217,
    "Al2O3_wt": 0.049631657141987036,
    "P2O5_tot_wt": 0.4966916530804286
  }
}