{
  "y_test": [
    1.3,
    24.5,
    0.51,
    0.25,
    0.04,
    6.2,
    1.53,
    0.17,
    0.07,
    0.1,
    0.19,
    1.4,
    0.04,
    10.4,
    0.18,
    0.36,
    0.09,
    0.14,
    0.27,
    0.14,
    0.07,
    0.22,
    6.9,
    0.14,
    0.05,
    0.15,
    2.4,
    31.8,
    0.29,
    1.44,
    38.0,
    1.5,
    0.12,
    1.18,
    0.14,
    0.29,
    6.2,
    1.2,
    2.4,
    1.3,
    1.9,
    2.7,
    1.8,
    6.5,
    8.7
  ],
  "y_pred": [
    -0.3522562489470129,
    10.602630120240807,
    -1.03076119209957,
    -0.5938263980192264,
    0.2640466908188426,
    0.18703705430520756,
    0.24191960631754483,
    -0.999475794279503,
    -0.8527006734559404,
    -1.4920132661422603,
    -3.9072512495058103,
    1.3909860119074526,
    -2.7352794242402236,
    4.620007039610659,
    -0.8492840482636321,
    -1.3986141865780528,
    -1.8906015104058955,
    -0.31557212727587114,
    0.29177316941777853,
    -2.2543055509008045,
    -1.1283369424513001,
    -1.7172670190152584,
    -1.1257516560887897,
    0.8907655622493973,
    -2.987497539834669,
    -2.444452896108979,
    -0.8647339844144302,
    13.862109638424776,
    -1.0269684054804973,
    -0.4878363249599591,
    2.284832656115986,
    -2.0779635107077308,
    -3.8196880285049115,
    -1.1314388523737708,
    -4.5734217991269315,
    -3.3794040255924163,
    6.654852775778139,
    -0.766728231922075,
    -1.5802982756041093,
    0.7059149213567739,
    4.433910609445784,
    -0.7803652732162671,
    0.6274031808149019,
    8.353290312885218,
    8.140814124218833
  ],
  "selected_features": [
    "K2O_wt",
    "Fe2O3T_wt",
    "SiO2_wt",
    "Al2O3_wt",
    "P2O5_tot_wt"
  ],
  "selected_models": [],
  "stacking_used": false,
  "stacked_model": true,
  "number_of_models": 1,
  "final_estimator": "svr",
  "final_estimator_params": {
    "svr_C": 7.853811248220872,
    "svr_epsilon": 0.01514245240779412
  },
  "model_params": {
    "svr": {
      "svr_C": 7.853811248220872,
      "svr_epsilon": 0.01514245240779412
    }
  },
  "use_random_split": true,
  "use_feature_selection": false,
  "model_name": "SVR",
  "error_mean": 3.3395955769246175,
  "error_sdev": 6.076129504698794,
  "uncertainty_median": 3.9565528227235296,
  "uncertainty_mad": 4.201766039469443,
  "uncertainty_measure": 106.19764799644753,
  "feature_importance": {
    "K2O_wt": 0.007692735950538667,
    "Fe2O3T_wt": 0.017185400568481692,
    "SiO2_wt": 0.4359431842813221,
    "Al2O3_wt": 0.02789604264919326,
    "P2O5_tot_wt": 0.09622102072165956
  }
}