{
  "y_test": [
    0.36,
    0.14,
    6.9,
    0.18,
    8.7,
    38.0,
    6.5,
    0.04,
    0.1,
    0.09,
    7.4,
    1.44,
    0.14,
    0.19,
    0.15,
    0.03,
    25.8,
    0.07,
    1.47,
    0.09,
    25.0,
    0.09,
    0.14,
    34.0,
    1.4,
    1.3,
    0.14,
    0.37,
    0.56,
    1.2,
    6.6,
    0.34,
    0.44,
    3.4,
    0.04,
    6.7,
    1.9,
    0.36,
    0.87,
    0.31,
    0.51,
    0.19,
    4.2,
    0.07,
    0.14
  ],
  "y_pred": [
    0.41269220154378605,
    -0.05034638828715078,
    1.572486812661358,
    0.10675501051606383,
    10.651261968194882,
    2.770220095586569,
    10.171892766930664,
    1.804497195928813,
    0.35398271203842824,
    0.380698776420783,
    8.86260627061189,
    1.878863832482341,
    1.2601283549800646,
    0.938095174330147,
    0.7703145054117647,
    -0.025836796580005497,
    57.35031005290465,
    0.4533529278725851,
    1.827816704114122,
    0.6252681325937172,
    19.75650423632123,
    3.9288153106939028,
    0.693589033839488,
    17.583477937764727,
    2.1406136631035175,
    0.7710843489914085,
    5.927826108208386,
    0.495162470880136,
    0.9616068659978169,
    0.9661826105502537,
    9.839859820878097,
    0.005103790590536103,
    0.35338492139226607,
    2.747222987963421,
    0.1440051161693513,
    6.9155297873321215,
    2.5151510426464534,
    -0.3744954538709441,
    1.3618453778877944,
    0.7415401610974356,
    0.2316675673559363,
    0.4382686533337934,
    3.376062979346426,
    -0.392761087515037,
    0.7400554814881768
  ],
  "selected_features": [
    "K2O_wt",
    "Fe2O3T_wt",
    "Al2O3_wt",
    "P2O5_tot_wt"
  ],
  "selected_models": [],
  "stacking_used": false,
  "stacked_model": true,
  "number_of_models": 1,
  "final_estimator": "ann",
  "final_estimator_params": {
    "ann_hidden": 74,
    "ann_alpha": 0.0013069795893532988
  },
  "model_params": {
    "ann": {
      "ann_hidden": 74,
      "ann_alpha": 0.0013069795893532988
    }
  },
  "use_random_split": true,
  "use_feature_selection": true,
  "model_name": "ANN-FS",
  "error_mean": 0.09061413238439635,
  "error_sdev": 7.761649850786652,
  "uncertainty_median": 18.288831259374163,
  "uncertainty_mad": 11.250302139222319,
  "uncertainty_measure": 61.5146040754017,
  "feature_importance": {
    "K2O_wt": 0.11922019365835868,
    "Fe2O3T_wt": -0.20686765017122777,
    "SiO2_wt": 0.6016289803310148,
    "Al2O3_wt": 0.06677583298650122
  }
}