{
  "y_test": [
    0.19,
    0.84,
    1.0,
    8.9,
    10.1,
    6.2,
    3.4,
    1.5,
    0.37,
    31.8,
    0.04,
    0.17,
    0.31,
    0.25,
    10.4,
    1.4,
    0.4,
    2.4,
    6.0,
    0.16,
    0.12,
    25.0,
    1.53,
    0.05,
    0.15,
    0.43,
    5.4,
    1.8,
    2.4,
    0.1,
    0.07,
    0.73,
    0.14,
    0.17,
    0.87,
    0.37,
    0.22,
    0.62,
    0.46,
    2.7,
    1.47,
    6.5,
    0.18,
    5.1,
    0.09
  ],
  "y_pred": [
    -2.8036941437381344,
    -0.46731623018067836,
    3.305037614399378,
    1.527205551375328,
    10.798452322159061,
    -0.31246550698428877,
    5.774367203419423,
    -1.0604622435087734,
    0.36443630398411386,
    25.075955271392942,
    4.5005182044629635,
    -0.46476566644569317,
    5.228421743147823,
    2.8858022246180113,
    10.658693098679873,
    4.283513689745728,
    0.16772802885576965,
    -0.4074140403736948,
    6.1112570486877935,
    0.6008015489895371,
    -2.1730219108173614,
    20.449866486166357,
    5.00254594441822,
    7.330988824886919,
    0.2683961357846485,
    0.9789402053589455,
    5.351499426393346,
    0.4047358758134507,
    -1.0342597890644925,
    0.750166277719444,
    -0.7265657606899651,
    -0.2495367464063989,
    3.120322564370383,
    -0.2135366321046277,
    1.6572667608876976,
    7.365077505306239,
    -1.3892622748627659,
    -0.1279450395131505,
    0.14907707446037222,
    0.8411475877375238,
    0.15819308660748277,
    10.233200093744959,
    2.3107277544599754,
    5.619773457883188,
    11.379153956231423
  ],
  "selected_features": [
    "K2O_wt",
    "Fe2O3T_wt",
    "SiO2_wt",
    "Al2O3_wt",
    "P2O5_tot_wt"
  ],
  "selected_models": [],
  "stacking_used": false,
  "stacked_model": true,
  "number_of_models": 1,
  "final_estimator": "lr",
  "final_estimator_params": {},
  "model_params": {
    "lr": {}
  },
  "feature_names": [
    "K2O_wt",
    "Fe2O3T_wt",
    "SiO2_wt",
    "Al2O3_wt",
    "P2O5_tot_wt"
  ],
  "use_random_split": true,
  "use_feature_selection": false,
  "model_name": "LR",
  "error_mean": -0.23828939749907327,
  "error_sdev": 3.55590966493463,
  "uncertainty_median": 4.886803070033059,
  "uncertainty_mad": 6.410968439365109,
  "uncertainty_measure": 131.1894166286046,
  "feature_importance": {
    "K2O_wt": -0.012927310147674597,
    "Fe2O3T_wt": 0.13648163777941902,
    "SiO2_wt": 1.326130978283296,
    "Al2O3_wt": 0.08365750637745967,
    "P2O5_tot_wt": 0.020418251575674683
  },
  "run": 0
}