{
  "y_test": [
    0.09,
    1.18,
    0.25,
    0.34,
    10.4,
    0.37,
    1.5,
    0.09,
    22.1,
    1.3,
    0.1,
    1.2,
    0.4,
    0.19,
    5.1,
    0.44,
    25.8,
    5.7,
    0.05,
    1.3,
    6.1,
    0.18,
    1.3,
    2.7,
    0.18,
    6.5,
    0.25,
    0.29,
    0.14,
    0.15,
    1.3,
    3.8,
    2.4,
    2.4,
    0.27,
    0.1,
    2.6,
    1.4,
    0.09,
    0.11,
    0.13,
    0.27,
    0.16,
    4.2,
    0.37
  ],
  "y_pred": [
    11.618001751320786,
    -0.44349719470621096,
    2.5945854485429614,
    2.452402544780103,
    10.114971194621745,
    0.5427927557973788,
    -1.0701894726043548,
    0.1440814079188968,
    47.173416053526125,
    3.228953246958941,
    0.4445596540977519,
    1.256763371213907,
    0.49220728308300465,
    -1.8595352361588056,
    5.622227297763921,
    0.5257359486741962,
    33.769779816658016,
    3.655796580335476,
    -0.13602297674878372,
    1.846683066466504,
    6.832482655621103,
    2.3989751772609473,
    4.138208044412625,
    0.26071192982252,
    0.6094488285050588,
    13.469559404508018,
    1.0324714743751073,
    -1.1636039378748748,
    0.005216398291103985,
    -0.07526320589310842,
    3.9874278406981425,
    5.55481623218671,
    -0.7012750844348759,
    -0.7004127042619714,
    3.9596378308871003,
    1.075635976769128,
    1.7872977929758136,
    3.906520652234356,
    -0.5659541918056021,
    -0.9517231970281799,
    3.229586691609711,
    3.1148614662986382,
    1.1108990570138317,
    5.9997915582152,
    0.5197095544688182
  ],
  "selected_features": [
    "K2O_wt",
    "Fe2O3T_wt",
    "SiO2_wt",
    "Al2O3_wt",
    "P2O5_tot_wt"
  ],
  "selected_models": [],
  "stacking_used": false,
  "stacked_model": true,
  "number_of_models": 1,
  "final_estimator": "lr",
  "final_estimator_params": {},
  "model_params": {
    "lr": {}
  },
  "use_random_split": true,
  "use_feature_selection": false,
  "model_name": "LR",
  "error_mean": -1.4559719730310414,
  "error_sdev": 4.5410701661843085,
  "uncertainty_median": 14.543989677970343,
  "uncertainty_mad": 9.42762501478906,
  "uncertainty_measure": 64.82145012155091,
  "feature_importance": {
    "K2O_wt": -0.007605829967504427,
    "Fe2O3T_wt": 0.4130757007704655,
    "SiO2_wt": 1.3954354445003505,
    "Al2O3_wt": 0.020878077951506292,
    "P2O5_tot_wt": 0.1544102446923149
  }
}