{
  "y_test": [
    1.8,
    1.44,
    0.14,
    0.42,
    0.09,
    0.27,
    0.09,
    0.9,
    1.5,
    25.6,
    0.14,
    0.4,
    10.1,
    0.57,
    1.0,
    38.0,
    0.1,
    3.4,
    0.24,
    0.15,
    6.6,
    24.5,
    0.13,
    0.11,
    6.1,
    0.25,
    22.1,
    0.43,
    0.27,
    0.24,
    0.1,
    0.04,
    11.7,
    0.17,
    1.53,
    0.16,
    1.9,
    6.0,
    0.21,
    0.19,
    0.15,
    7.0,
    0.34,
    0.21,
    0.62
  ],
  "y_pred": [
    3.8516610522422248,
    2.0756146979474295,
    3.1421144747159353,
    4.767419371892029,
    1.6541688132178969,
    3.7322461039078902,
    8.440401407418204,
    3.0358791573333086,
    1.1542803697203254,
    17.07618429504064,
    4.4709806963010195,
    1.7782178571155285,
    15.288726830990065,
    1.4919631184475364,
    3.393323037934813,
    6.300662158646086,
    2.099473148575534,
    5.6085298943796325,
    3.207697418980427,
    1.3814163089952949,
    12.193117208102262,
    16.754988756217365,
    3.3394913481206316,
    0.3870268350898449,
    6.531843201264126,
    3.0212246696698983,
    48.25952484393939,
    1.868661119427042,
    3.7252176331793265,
    0.09000357392880076,
    1.7693510479998267,
    3.599690888559614,
    10.375908570838309,
    1.6551455075683492,
    4.195691692517798,
    2.839252136783511,
    7.728032861291858,
    6.233557012109445,
    -0.3951653297579334,
    -0.11892317990574952,
    3.283602325376272,
    12.036322171078737,
    2.665501314569184,
    1.5153413189611733,
    1.6099360286574331
  ],
  "selected_features": [
    "K2O_wt",
    "Fe2O3T_wt",
    "SiO2_wt",
    "Al2O3_wt",
    "P2O5_tot_wt"
  ],
  "selected_models": [],
  "stacking_used": false,
  "stacked_model": true,
  "number_of_models": 1,
  "final_estimator": "svr",
  "final_estimator_params": {
    "svr_C": 9.145861292028544,
    "svr_epsilon": 0.015584814833315667
  },
  "model_params": {
    "svr": {
      "svr_C": 9.145861292028544,
      "svr_epsilon": 0.015584814833315667
    }
  },
  "use_random_split": true,
  "use_feature_selection": false,
  "model_name": "SVR",
  "error_mean": -1.5936734170975184,
  "error_sdev": 6.870991183743083,
  "uncertainty_median": 21.93999538543178,
  "uncertainty_mad": 8.786744172427412,
  "uncertainty_measure": 40.0489791272328,
  "feature_importance": {
    "K2O_wt": 0.003515848978069752,
    "Fe2O3T_wt": 0.009695902610582256,
    "SiO2_wt": 0.27901852279666745,
    "Al2O3_wt": 0.01527400411180174,
    "P2O5_tot_wt": 0.19971829847279068
  }
}