{
  "y_test": [
    0.16,
    34.0,
    29.4,
    0.74,
    0.23,
    24.5,
    0.17,
    4.2,
    0.52,
    2.4,
    0.41,
    3.8,
    0.1,
    0.02,
    8.7,
    0.35,
    0.14,
    0.09,
    22.1,
    38.0,
    0.44,
    5.7,
    25.0,
    0.4,
    1.3,
    0.04,
    25.8,
    0.12,
    0.1,
    4.2,
    0.25,
    0.04,
    0.04,
    7.0,
    1.18,
    0.24,
    25.6,
    3.4,
    0.56,
    1.3,
    0.16,
    4.2,
    0.05,
    0.04,
    0.09
  ],
  "y_pred": [
    1.0984325195728517,
    15.313061029003768,
    46.64396188923062,
    0.9920199157867349,
    0.5187127874469342,
    18.647845054790547,
    0.3710650811032879,
    3.6735283773258818,
    1.0003500951972435,
    0.5999752238968274,
    0.5746422279469445,
    3.6967725711780512,
    0.8364237938983181,
    0.5910724695215128,
    9.425194419396526,
    1.4199996741418033,
    0.16881599624333848,
    -0.32674794846357796,
    67.15933563200414,
    2.7638259150046416,
    0.646440826453806,
    4.242120376264825,
    24.555658629936005,
    1.0686943774335247,
    2.2208599816765453,
    0.3016146797162201,
    78.73450668282538,
    0.18990768026375765,
    0.2863503742135674,
    4.008543902048554,
    0.6792708853708085,
    1.2057609902116542,
    0.04843001864156232,
    7.450562969885376,
    0.6407453394400648,
    1.0141638468411793,
    17.701570527763472,
    3.4463722147957965,
    0.998277902988145,
    2.4819607101420686,
    0.8046188666087102,
    5.916499304494429,
    56.13287782251509,
    1.5765338892437408,
    0.3354281815601166
  ],
  "selected_features": [
    "K2O_wt",
    "Fe2O3T_wt",
    "SiO2_wt",
    "P2O5_tot_wt"
  ],
  "selected_models": [],
  "stacking_used": false,
  "stacked_model": true,
  "number_of_models": 1,
  "final_estimator": "ann",
  "final_estimator_params": {
    "ann_hidden": 93,
    "ann_alpha": 3.823143952926704e-05
  },
  "model_params": {
    "ann": {
      "ann_hidden": 93,
      "ann_alpha": 3.823143952926704e-05
    }
  },
  "use_random_split": true,
  "use_feature_selection": true,
  "model_name": "ANN-FS",
  "error_mean": -2.5461346156791294,
  "error_sdev": 14.841686707875656,
  "uncertainty_median": 37.489627169744125,
  "uncertainty_mad": 17.722198721617957,
  "uncertainty_measure": 47.272272517878214,
  "feature_importance": {
    "K2O_wt": 0.014951779215607466,
    "Fe2O3T_wt": -0.6865785223440688,
    "SiO2_wt": -0.3484962682905555,
    "Al2O3_wt": -0.2966600048664379
  }
}