{
  "y_test": [
    7.0,
    0.03,
    6.5,
    0.56,
    0.14,
    1.3,
    0.04,
    2.6,
    0.07,
    0.24,
    0.17,
    0.52,
    1.18,
    0.04,
    0.36,
    0.05,
    6.9,
    0.17,
    2.7,
    0.9,
    1.4,
    0.1,
    5.4,
    4.2,
    0.27,
    34.0,
    1.9,
    6.7,
    1.3,
    2.4,
    6.0,
    0.37,
    0.16,
    0.15,
    0.02,
    0.23,
    22.1,
    0.34,
    1.2,
    0.68,
    0.17,
    6.7,
    31.8,
    0.46,
    6.1
  ],
  "y_pred": [
    4.457915583159307,
    0.16714004933371074,
    8.846493745815113,
    0.23306128591050745,
    0.10232497024152298,
    0.9511824054962443,
    -0.04345406340824676,
    4.138453510951849,
    3.320842429916735,
    0.7982873624032205,
    0.1220906716646919,
    0.20911776107145075,
    0.4991407962352259,
    0.2987640729585581,
    0.30140766114080586,
    0.3513526588028273,
    5.01376061695147,
    0.08314086128919573,
    0.7956086454446409,
    1.2560255196931305,
    1.370538864938637,
    0.2777919216953437,
    2.124111424961144,
    9.986704858558655,
    0.12725018791365006,
    19.103760761504503,
    8.875627274743723,
    5.221335284641899,
    1.5007943569228532,
    2.565113690789723,
    4.725095501970391,
    11.136702118337533,
    0.5107475161955208,
    0.24410411670027532,
    0.35000110904569137,
    0.4567025845856256,
    19.33977353349242,
    0.02581800524560407,
    0.9066462216600675,
    0.5750967739375397,
    0.2992450374502411,
    4.356434698302306,
    22.096095269889627,
    2.1301546571600314,
    4.654968448257721
  ],
  "selected_features": [
    "K2O_wt",
    "Fe2O3T_wt",
    "SiO2_wt",
    "Al2O3_wt",
    "P2O5_tot_wt"
  ],
  "selected_models": [],
  "stacking_used": false,
  "stacked_model": true,
  "number_of_models": 1,
  "final_estimator": "gpr",
  "final_estimator_params": {
    "gpr_nu": 0.5,
    "gpr_const": 8.022798115383376,
    "gpr_length_scale": 4.29227494666692,
    "gpr_alpha": 0.009872668175317852
  },
  "model_params": {
    "gpr": {
      "gpr_nu": 0.5,
      "gpr_const": 8.022798115383376,
      "gpr_length_scale": 4.29227494666692,
      "gpr_alpha": 0.009872668175317852
    }
  },
  "feature_names": [
    "K2O_wt",
    "Fe2O3T_wt",
    "SiO2_wt",
    "Al2O3_wt",
    "P2O5_tot_wt"
  ],
  "use_random_split": true,
  "use_feature_selection": false,
  "model_name": "GPR",
  "error_mean": 0.23903842746727375,
  "error_sdev": 3.625132564880147,
  "uncertainty_median": 9.10863244817552,
  "uncertainty_mad": 6.159190668897446,
  "uncertainty_measure": 67.61926890716889,
  "feature_importance": {
    "K2O_wt": -0.008261225003942677,
    "Fe2O3T_wt": 0.014406340960013132,
    "SiO2_wt": 1.1872093136470467,
    "Al2O3_wt": 0.04444594261850705,
    "P2O5_tot_wt": 0.016718011564971633
  },
  "run": 6
}