{
  "y_test": [
    0.52,
    0.29,
    0.24,
    0.14,
    0.07,
    0.56,
    0.18,
    6.9,
    0.09,
    0.12,
    6.5,
    0.84,
    6.1,
    1.5,
    0.31,
    8.0,
    1.9,
    0.87,
    0.14,
    0.17,
    0.32,
    0.74,
    0.19,
    0.21,
    0.51,
    0.17,
    1.2,
    0.62,
    5.4,
    0.04,
    0.22,
    6.3,
    25.6,
    0.9,
    25.8,
    0.18,
    1.3,
    0.11,
    6.9,
    0.05,
    0.41,
    0.43,
    0.04,
    2.4,
    0.17
  ],
  "y_pred": [
    0.1950262756656107,
    4.2399204601714775,
    0.7755880493386544,
    -0.19547502766534297,
    3.0741209818169484,
    0.28106760413096854,
    0.2243648914175287,
    1.3819819100577422,
    0.3359165357931615,
    0.7648056447857674,
    8.848239494191962,
    0.3562271446544889,
    4.665416276454018,
    0.8532761156711373,
    13.309613347415167,
    5.379161084018173,
    8.899897814879576,
    0.4947765153371737,
    0.09521963285473767,
    0.1432511347149208,
    0.8794137525259353,
    1.0073957758509366,
    0.9880412555546756,
    0.8285674599896962,
    0.13382794427477096,
    0.3387192985680181,
    1.3590175425878845,
    0.5956574332691917,
    2.335675699440067,
    0.3834206410878962,
    0.5825199963082617,
    5.973470222159573,
    25.276737119834195,
    1.0883147214535085,
    16.877786332593985,
    0.1386177834613851,
    1.849489717694583,
    0.7464568944689982,
    6.2225726356066176,
    0.19560631995669997,
    -0.5960809311295501,
    0.1345512844899197,
    0.034953849300026985,
    2.051201656928554,
    0.22769036087888717
  ],
  "selected_features": [
    "K2O_wt",
    "Fe2O3T_wt",
    "SiO2_wt",
    "Al2O3_wt",
    "P2O5_tot_wt"
  ],
  "selected_models": [],
  "stacking_used": false,
  "stacked_model": true,
  "number_of_models": 1,
  "final_estimator": "gpr",
  "final_estimator_params": {
    "gpr_nu": 0.5,
    "gpr_const": 0.47305985946567103,
    "gpr_length_scale": 4.254804482094067,
    "gpr_alpha": 0.009851103996087518
  },
  "model_params": {
    "gpr": {
      "gpr_nu": 0.5,
      "gpr_const": 0.47305985946567103,
      "gpr_length_scale": 4.254804482094067,
      "gpr_alpha": 0.009851103996087518
    }
  },
  "use_random_split": true,
  "use_feature_selection": false,
  "model_name": "GPR",
  "error_mean": -0.18057823673019083,
  "error_sdev": 2.944174560233254,
  "uncertainty_median": 6.321898770957486,
  "uncertainty_mad": 6.847507066793776,
  "uncertainty_measure": 108.31408908745755,
  "feature_importance": {
    "K2O_wt": -0.007376187190825081,
    "Fe2O3T_wt": -0.0667078225180438,
    "SiO2_wt": 1.5157467687061728,
    "Al2O3_wt": -0.03348330455691829,
    "P2O5_tot_wt": 0.019876752095564228
  }
}