{
  "y_test": [
    8.7,
    0.46,
    2.4,
    1.3,
    3.8,
    0.27,
    0.19,
    4.5,
    0.37,
    6.7,
    0.15,
    1.8,
    0.36,
    25.6,
    1.18,
    0.04,
    1.2,
    6.2,
    0.07,
    0.25,
    31.8,
    11.7,
    1.5,
    0.34,
    0.19,
    7.4,
    1.47,
    0.52,
    0.12,
    0.4,
    4.2,
    0.19,
    34.0,
    0.03,
    0.4,
    0.14,
    0.17,
    0.14,
    0.41,
    0.35,
    0.4,
    0.15,
    0.12,
    2.4,
    1.44
  ],
  "y_pred": [
    7.488388278388283,
    0.7268406593406593,
    1.5291391941391932,
    1.3787912087912064,
    5.372344322344322,
    0.16173992673992674,
    0.4602106227106227,
    7.464194139194138,
    2.5991758241758243,
    8.713919413919418,
    0.25289377289377296,
    7.925448717948712,
    0.3086630036630038,
    23.392582417582407,
    0.8662637362637361,
    0.3511172161172161,
    0.7909065934065935,
    9.227930402930406,
    0.22902930402930408,
    0.4740109890109891,
    23.427967032967015,
    10.774963369963368,
    1.3631959706959706,
    0.7402472527472529,
    0.3593956043956043,
    7.398562271062274,
    1.3937820512820511,
    0.45609890109890094,
    0.35071428571428565,
    0.6768040293040295,
    9.000869963369963,
    0.2513644688644688,
    23.83180402930401,
    0.21385531135531144,
    0.9709432234432235,
    0.31752747252747254,
    0.2229120879120879,
    3.895274725274726,
    0.4078479853479853,
    1.7151739926739928,
    0.20942307692307685,
    0.3591025641025642,
    3.079212454212454,
    2.67503663003663,
    1.2404853479853477
  ],
  "selected_features": [
    "K2O_wt",
    "Fe2O3T_wt",
    "SiO2_wt",
    "Al2O3_wt",
    "P2O5_tot_wt"
  ],
  "selected_models": [],
  "stacking_used": false,
  "stacked_model": true,
  "number_of_models": 1,
  "final_estimator": "et",
  "final_estimator_params": {
    "et_n_estimators": 91,
    "et_max_depth": 20,
    "et_min_samples_split": 5,
    "et_min_samples_leaf": 1,
    "et_bootstrap": false
  },
  "model_params": {
    "et": {
      "et_n_estimators": 91,
      "et_max_depth": 20,
      "et_min_samples_split": 5,
      "et_min_samples_leaf": 1,
      "et_bootstrap": false
    }
  },
  "use_random_split": true,
  "use_feature_selection": false,
  "model_name": "ET",
  "error_mean": -0.2116923076923066,
  "error_sdev": 2.592470852323946,
  "uncertainty_median": 10.304835164835163,
  "uncertainty_mad": 4.217261091346154,
  "uncertainty_measure": 40.925070841864496,
  "feature_importance": {
    "K2O_wt": 0.05514085393620047,
    "Fe2O3T_wt": 0.009913999430679856,
    "SiO2_wt": 0.43430808432892204,
    "Al2O3_wt": 0.10145596150436625,
    "P2O5_tot_wt": 0.4470521977405138
  }
}