{
  "y_test": [
    1.44,
    0.73,
    3.4,
    25.0,
    8.0,
    4.2,
    0.24,
    38.0,
    0.12,
    0.17,
    0.37,
    0.74,
    0.9,
    0.19,
    0.16,
    29.4,
    0.11,
    0.07,
    6.1,
    1.4,
    0.57,
    0.1,
    10.4,
    0.05,
    0.25,
    0.09,
    1.8,
    0.47,
    6.2,
    0.14,
    0.15,
    0.44,
    0.43,
    0.09,
    0.36,
    6.0,
    1.3,
    7.4,
    0.17,
    6.7,
    0.14,
    0.37,
    0.87,
    0.03,
    1.2
  ],
  "y_pred": [
    0.762298054344356,
    -0.09522931385242117,
    5.755720947298094,
    18.77531361329614,
    3.0097409878761283,
    6.237571385754713,
    2.9343253689105175,
    5.760781958192023,
    4.10770648838669,
    0.6652105030310196,
    0.26142786460207645,
    1.3276464420530338,
    3.2010964971199343,
    -2.286813234125006,
    2.310933497786891,
    13.899987483320274,
    -2.225138931171685,
    0.8809154368863119,
    6.559737438354247,
    4.547209067671734,
    -0.018874520424596142,
    0.7066277778483254,
    9.843504432447961,
    -0.4990535780370493,
    1.4425432960534792,
    0.06862672043595808,
    1.372161016584851,
    0.8021029922278089,
    2.638566516072302,
    -3.238699037176353,
    -0.18762233693963992,
    -0.31045897389055455,
    0.38903053488117223,
    -0.608307712543322,
    0.44531208658698773,
    6.183588680466162,
    4.760556774339673,
    8.130890784967846,
    1.7675848835315229,
    3.085494342676178,
    -0.1444159714900266,
    0.5536823397102211,
    1.7847403994331081,
    0.0057848922208876274,
    1.102101555283724
  ],
  "selected_features": [
    "Fe2O3T_wt",
    "SiO2_wt",
    "Al2O3_wt"
  ],
  "selected_models": [],
  "stacking_used": false,
  "stacked_model": true,
  "number_of_models": 1,
  "final_estimator": "lr",
  "final_estimator_params": {},
  "model_params": {
    "lr": {}
  },
  "feature_names": [
    "K2O_wt",
    "Fe2O3T_wt",
    "SiO2_wt",
    "Al2O3_wt",
    "P2O5_tot_wt"
  ],
  "use_random_split": true,
  "use_feature_selection": true,
  "model_name": "LR-FS",
  "error_mean": 1.1109797899777398,
  "error_sdev": 5.664982736739984,
  "uncertainty_median": 2.9182162975280868,
  "uncertainty_mad": 6.556500291712198,
  "uncertainty_measure": 224.67492547642775,
  "feature_importance": {
    "K2O_wt": 0.010495538144530058,
    "Fe2O3T_wt": 1.1494453586007642,
    "SiO2_wt": 0.17917164178972952
  },
  "run": 7
}