{
  "y_test": [
    0.27,
    0.9,
    0.13,
    0.37,
    10.4,
    6.0,
    0.36,
    0.51,
    11.7,
    38.0,
    0.42,
    0.52,
    0.04,
    0.07,
    0.07,
    0.24,
    10.1,
    0.1,
    8.0,
    1.9,
    2.6,
    4.2,
    0.05,
    0.19,
    0.17,
    5.7,
    0.37,
    0.04,
    0.25,
    4.2,
    0.29,
    6.9,
    0.15,
    0.31,
    0.19,
    0.73,
    0.12,
    2.7,
    8.9,
    1.3,
    1.47,
    0.44,
    0.68,
    25.6,
    25.0
  ],
  "y_pred": [
    2.91146362674602,
    2.569041145071772,
    2.9166462663074455,
    0.276747668609179,
    9.464993782820287,
    5.7674840204294355,
    0.048455504490455326,
    1.5761145593366521,
    9.876669251015691,
    5.779991473333869,
    5.486154906620932,
    -1.1701326457897743,
    3.9515269505018544,
    1.2998357530179447,
    -0.12006312447152467,
    -2.4232155087168117,
    10.395034108860994,
    0.721384148711099,
    3.5966754035856425,
    8.668776457384407,
    2.432780279057102,
    5.8094506362731835,
    -0.7573998321756861,
    -1.4816228348690537,
    0.013595068814144184,
    2.998990216806856,
    0.38391119901461934,
    -0.4140487238864914,
    0.9879447552266285,
    6.221068963888182,
    -0.9920627125924675,
    -0.3929938290807762,
    1.3452562753412138,
    4.864545147036591,
    -0.505841104885036,
    -0.22986025673817778,
    4.017678512935202,
    0.33810538256910405,
    1.9560723219783043,
    3.295555249697397,
    -0.014317069555445983,
    0.33324903232701786,
    -0.056517672745883374,
    19.96341010875647,
    19.017566922328314
  ],
  "selected_features": [
    "K2O_wt",
    "Fe2O3T_wt",
    "SiO2_wt",
    "Al2O3_wt",
    "P2O5_tot_wt"
  ],
  "selected_models": [],
  "stacking_used": false,
  "stacked_model": true,
  "number_of_models": 1,
  "final_estimator": "lr",
  "final_estimator_params": {},
  "model_params": {
    "lr": {}
  },
  "use_random_split": true,
  "use_feature_selection": true,
  "model_name": "LR-FS",
  "error_mean": 0.9315977825914029,
  "error_sdev": 5.6006470985296,
  "uncertainty_median": 6.285958749365678,
  "uncertainty_mad": 5.55415154558062,
  "uncertainty_measure": 88.35806544452896,
  "feature_importance": {
    "K2O_wt": 0.007884686125742217,
    "Fe2O3T_wt": 0.021807599802222025,
    "SiO2_wt": 0.842912013253489,
    "Al2O3_wt": 0.09556434406082624,
    "P2O5_tot_wt": 0.02501163674644562
  }
}