{
  "y_test": [
    0.09,
    1.18,
    0.25,
    0.34,
    10.4,
    0.37,
    1.5,
    0.09,
    22.1,
    1.3,
    0.1,
    1.2,
    0.4,
    0.19,
    5.1,
    0.44,
    25.8,
    5.7,
    0.05,
    1.3,
    6.1,
    0.18,
    1.3,
    2.7,
    0.18,
    6.5,
    0.25,
    0.29,
    0.14,
    0.15,
    1.3,
    3.8,
    2.4,
    2.4,
    0.27,
    0.1,
    2.6,
    1.4,
    0.09,
    0.11,
    0.13,
    0.27,
    0.16,
    4.2,
    0.37
  ],
  "y_pred": [
    5.691029071807861,
    0.5533342957496643,
    0.09594666957855225,
    0.30414271354675293,
    4.093998908996582,
    0.3451441526412964,
    2.978027582168579,
    0.5338277816772461,
    24.910430908203125,
    1.3975659608840942,
    0.23041822016239166,
    0.6157848238945007,
    0.1063658595085144,
    0.35915809869766235,
    5.993279933929443,
    0.14702638983726501,
    27.626235961914062,
    7.518675327301025,
    0.3751470148563385,
    0.6460397839546204,
    4.247642993927002,
    0.32568812370300293,
    1.7513585090637207,
    2.1899220943450928,
    0.07687501609325409,
    11.730316162109375,
    0.19053448736667633,
    1.6011101007461548,
    0.2342776507139206,
    0.25361907482147217,
    1.7642327547073364,
    5.956421852111816,
    2.544020175933838,
    2.0624566078186035,
    0.13480804860591888,
    0.4617336392402649,
    0.7247688174247742,
    1.7513585090637207,
    0.87717604637146,
    0.21848951280117035,
    0.16472873091697693,
    1.1742750406265259,
    0.37185993790626526,
    2.6889214515686035,
    0.3102598786354065
  ],
  "selected_features": [
    "K2O_wt",
    "Fe2O3T_wt",
    "SiO2_wt",
    "Al2O3_wt",
    "P2O5_tot_wt"
  ],
  "selected_models": [],
  "stacking_used": false,
  "stacked_model": true,
  "number_of_models": 1,
  "final_estimator": "xgb",
  "final_estimator_params": {
    "xgb_n_estimators": 211,
    "xgb_lr": 0.24494222836481921,
    "xgb_max_depth": 10,
    "xgb_subsample": 0.9897815627335653,
    "xgb_colsample": 0.9680749658621935
  },
  "model_params": {
    "xgb": {
      "xgb_n_estimators": 211,
      "xgb_lr": 0.24494222836481921,
      "xgb_max_depth": 10,
      "xgb_subsample": 0.9897815627335653,
      "xgb_colsample": 0.9680749658621935
    }
  },
  "use_random_split": true,
  "use_feature_selection": false,
  "model_name": "XGB",
  "error_mean": -0.2897429927984873,
  "error_sdev": 1.7333446834368702,
  "uncertainty_median": 13.327335357666016,
  "uncertainty_mad": 7.054992198944092,
  "uncertainty_measure": 52.93625476968275,
  "feature_importance": {
    "K2O_wt": 0.06309461800213037,
    "Fe2O3T_wt": 0.1983577548972054,
    "SiO2_wt": 0.7201244031744138,
    "Al2O3_wt": 0.029219007094859247,
    "P2O5_tot_wt": 1.1100804686701131
  }
}