{
  "y_test": [
    0.13,
    0.29,
    1.5,
    0.04,
    0.12,
    0.34,
    0.27,
    0.17,
    25.8,
    25.0,
    0.37,
    7.0,
    0.21,
    38.0,
    0.51,
    1.3,
    0.16,
    0.37,
    0.15,
    0.34,
    0.19,
    0.14,
    6.7,
    0.14,
    0.44,
    1.18,
    4.2,
    0.29,
    1.3,
    0.23,
    0.09,
    6.6,
    0.15,
    0.03,
    0.36,
    6.5,
    31.8,
    0.17,
    1.47,
    6.1,
    1.44,
    2.6,
    0.15,
    0.19,
    0.24
  ],
  "y_pred": [
    0.36972434215667893,
    0.36972434215667893,
    1.4470163310805126,
    0.36972434215667893,
    0.3786546700255314,
    0.821742130069451,
    1.426173730852866,
    0.39949727025317844,
    26.324646760343494,
    23.596627846790884,
    0.36972434215667893,
    6.958533027995373,
    0.8533920343989365,
    6.541263811318786,
    0.36972434215667893,
    1.8726063197645268,
    0.36972434215667893,
    0.36972434215667893,
    0.4321816324965201,
    0.36972434215667893,
    0.39949727025317844,
    0.5855146025231202,
    6.33331129775623,
    0.36972434215667893,
    0.36972434215667893,
    0.8533920343989365,
    2.3175255711222644,
    0.8124564157837368,
    0.6010672537700812,
    0.36972434215667893,
    0.4154143088987463,
    7.041986512026193,
    0.36972434215667893,
    0.36972434215667893,
    0.36972434215667893,
    7.106245982029447,
    27.522110460577668,
    0.36972434215667893,
    0.8684582632680128,
    5.744028593325312,
    0.36972434215667893,
    0.8292909050649473,
    0.8306724579383035,
    0.36972434215667893,
    0.4013742464861645
  ],
  "selected_features": [
    "K2O_wt",
    "Fe2O3T_wt",
    "SiO2_wt",
    "Al2O3_wt",
    "P2O5_tot_wt"
  ],
  "selected_models": [],
  "stacking_used": false,
  "stacked_model": true,
  "number_of_models": 1,
  "final_estimator": "rf",
  "final_estimator_params": {
    "rf_n_estimators": 122,
    "rf_max_depth": 3
  },
  "model_params": {
    "rf": {
      "rf_n_estimators": 122,
      "rf_max_depth": 3
    }
  },
  "use_random_split": true,
  "use_feature_selection": false,
  "model_name": "RF",
  "error_mean": 0.7726667653938678,
  "error_sdev": 4.760425065491545,
  "uncertainty_median": 7.742834123832627,
  "uncertainty_mad": 5.496942475113537,
  "uncertainty_measure": 70.99393306378367,
  "feature_importance": {
    "K2O_wt": 0.00451367488902623,
    "Fe2O3T_wt": 0.00485968757577058,
    "SiO2_wt": 0.6876988196233951,
    "Al2O3_wt": 0.013576432008570569,
    "P2O5_tot_wt": 0.2197828112593256
  }
}