{
  "y_test": [
    8.9,
    0.19,
    0.34,
    0.37,
    6.9,
    0.12,
    0.19,
    34.0,
    0.51,
    0.52,
    1.3,
    0.32,
    0.1,
    1.44,
    0.21,
    0.15,
    6.7,
    3.8,
    6.9,
    0.1,
    1.47,
    0.14,
    0.04,
    0.17,
    0.04,
    6.3,
    0.11,
    0.07,
    0.68,
    0.19,
    0.4,
    0.17,
    0.37,
    2.7,
    0.02,
    0.04,
    0.07,
    0.73,
    0.24,
    0.35,
    1.2,
    0.43,
    0.15,
    0.4,
    25.8
  ],
  "y_pred": [
    18.105952380952385,
    0.1403571428571429,
    0.18589947089947081,
    0.30054232804232794,
    6.653571428571426,
    0.8410714285714285,
    0.22706183862433882,
    26.747619047619022,
    0.2499404761904762,
    0.23098214285714289,
    1.3858333333333337,
    0.36619047619047623,
    0.283095238095238,
    0.23642857142857107,
    0.23738095238095203,
    0.33419312169312143,
    8.871428571428579,
    5.108333333333332,
    1.53904761904762,
    0.29668320105820095,
    0.5251190476190479,
    0.23416666666666636,
    0.3125000000000001,
    0.4006448412698413,
    0.14773809523809497,
    6.827380952380955,
    0.226785714285714,
    0.5854761904761905,
    0.5908730158730154,
    0.5125000000000001,
    0.45076058201058206,
    0.32078673641173633,
    0.41922619047619053,
    2.393571428571432,
    2.0384523809523833,
    1.164642857142857,
    0.37964285714285717,
    0.4751653439153437,
    0.6603571428571431,
    0.3166931216931214,
    0.40569444444444464,
    0.09916666666666665,
    0.429404761904762,
    0.3199206349206347,
    26.185714285714283
  ],
  "selected_features": [
    "Fe2O3T_wt",
    "SiO2_wt",
    "P2O5_tot_wt"
  ],
  "selected_models": [],
  "stacking_used": false,
  "stacked_model": true,
  "number_of_models": 1,
  "final_estimator": "rf",
  "final_estimator_params": {
    "rf_n_estimators": 84,
    "rf_max_depth": 14
  },
  "model_params": {
    "rf": {
      "rf_n_estimators": 84,
      "rf_max_depth": 14
    }
  },
  "use_random_split": true,
  "use_feature_selection": true,
  "model_name": "RF-FS",
  "error_mean": -0.07608880137352325,
  "error_sdev": 2.039746799375445,
  "uncertainty_median": 9.960714285714285,
  "uncertainty_mad": 6.005009124426303,
  "uncertainty_measure": 60.28693276584313,
  "feature_importance": {
    "K2O_wt": 0.17536654510839647,
    "Fe2O3T_wt": 0.8829782991698039,
    "SiO2_wt": 0.560353519151227
  }
}