{
  "y_test": [
    0.27,
    0.43,
    0.1,
    0.27,
    0.04,
    0.44,
    0.56,
    1.3,
    0.74,
    0.41,
    0.37,
    1.18,
    0.42,
    25.6,
    0.29,
    0.04,
    25.0,
    0.14,
    25.8,
    0.09,
    5.4,
    8.9,
    0.09,
    0.14,
    0.15,
    1.2,
    0.16,
    0.14,
    0.14,
    2.6,
    0.44,
    1.4,
    4.2,
    0.21,
    4.5,
    6.1,
    1.3,
    0.34,
    0.07,
    1.3,
    0.15,
    6.7,
    1.0,
    0.19,
    7.4
  ],
  "y_pred": [
    -0.16977879354442615,
    0.1226869754941422,
    0.19415890872706676,
    1.6413632158178229,
    -0.2483034759830498,
    0.11409901375274378,
    0.08322644331772189,
    4.712512362827517,
    1.4198263011361214,
    1.297286403297515,
    0.5953983955483313,
    0.7039360298298254,
    7.5157797472268575,
    25.281297373989418,
    4.25784388050454,
    0.4293671248409292,
    25.83725092022832,
    0.06934752600796568,
    16.92447781252813,
    6.990766753168227,
    2.9510611675601184,
    2.589780217856254,
    0.07580373132751017,
    19.004449491208476,
    0.08841395546132835,
    1.4957132542699263,
    0.27012811380160295,
    0.6109939383257079,
    0.12796365987646618,
    5.997185681706885,
    0.45622958560948934,
    1.2717088389305538,
    3.9951636773319867,
    0.6397666569601905,
    6.161930596006469,
    4.001431660149493,
    1.7542710817902345,
    0.07599092398777474,
    2.0549087344773542,
    1.6996647897338213,
    1.6261143440067682,
    7.035648509944346,
    1.9241864129102073,
    0.131736509147117,
    7.204689155425799
  ],
  "selected_features": [
    "K2O_wt",
    "Fe2O3T_wt",
    "SiO2_wt",
    "Al2O3_wt",
    "P2O5_tot_wt"
  ],
  "selected_models": [],
  "stacking_used": false,
  "stacked_model": true,
  "number_of_models": 1,
  "final_estimator": "gpr",
  "final_estimator_params": {
    "gpr_nu": 0.5,
    "gpr_const": 8.270792189537056,
    "gpr_length_scale": 9.847880120817592,
    "gpr_alpha": 0.009843171945724353
  },
  "model_params": {
    "gpr": {
      "gpr_nu": 0.5,
      "gpr_const": 8.270792189537056,
      "gpr_length_scale": 9.847880120817592,
      "gpr_alpha": 0.009843171945724353
    }
  },
  "use_random_split": true,
  "use_feature_selection": false,
  "model_name": "GPR",
  "error_mean": -0.7401661690338135,
  "error_sdev": 3.732790455272757,
  "uncertainty_median": 5.3977825840799465,
  "uncertainty_mad": 6.9391597851623334,
  "uncertainty_measure": 128.55574816274515,
  "feature_importance": {
    "K2O_wt": -0.030543744088864965,
    "Fe2O3T_wt": -0.05041757859228152,
    "SiO2_wt": 1.4981371686752647,
    "Al2O3_wt": -0.07957611850323816,
    "P2O5_tot_wt": 0.008248049610929281
  }
}