{
  "y_test": [
    3.4,
    0.34,
    1.4,
    5.7,
    0.19,
    0.03,
    0.52,
    2.6,
    0.04,
    0.56,
    25.0,
    0.16,
    3.8,
    0.41,
    0.13,
    0.14,
    0.11,
    0.46,
    8.7,
    34.0,
    6.3,
    31.8,
    0.15,
    0.4,
    1.53,
    0.29,
    0.37,
    2.4,
    0.12,
    4.2,
    0.17,
    0.52,
    6.7,
    1.0,
    6.2,
    0.15,
    22.1,
    0.47,
    0.15,
    0.84,
    4.5,
    0.1,
    0.05,
    0.32,
    0.14
  ],
  "y_pred": [
    6.071055064633777,
    0.8969695663227286,
    6.252657013600652,
    4.0823519432413455,
    3.236985013911298,
    -0.12409549498597404,
    0.266917843243884,
    6.252657013600652,
    0.264003269813211,
    1.2165886501949261,
    17.900353367870647,
    0.44796221254062757,
    4.2442381472565245,
    1.329713947356014,
    0.3234527985499552,
    1.335186083701588,
    0.44796221254062757,
    2.297869728917593,
    15.333476061771009,
    10.997141637950284,
    7.575110385501347,
    10.959558492327151,
    2.272412031819186,
    1.412524041903559,
    4.2095744524329906,
    0.44796221254062757,
    -0.3771220848127054,
    -0.30923332834499784,
    16.48226513296636,
    4.824021837732875,
    0.9539792065095261,
    0.6973723081779101,
    6.252657013600652,
    2.847346640757941,
    4.0823519432413455,
    -1.1974086545652098,
    17.900353367870647,
    -0.22592758904251897,
    5.552644764588156,
    0.4103790669174954,
    6.252657013600652,
    0.42769519287273927,
    17.900353367870647,
    0.3131041178637871,
    3.8049317069789628
  ],
  "selected_features": [
    "K2O_wt",
    "Fe2O3T_wt",
    "SiO2_wt"
  ],
  "selected_models": [],
  "stacking_used": false,
  "stacked_model": true,
  "number_of_models": 1,
  "final_estimator": "lgbm",
  "final_estimator_params": {
    "lgbm_num_leaves": 96,
    "lgbm_lr": 0.0470406667396044,
    "lgbm_n_estimators": 190
  },
  "model_params": {
    "lgbm": {
      "lgbm_num_leaves": 96,
      "lgbm_lr": 0.0470406667396044,
      "lgbm_n_estimators": 190
    }
  },
  "use_random_split": true,
  "use_feature_selection": true,
  "model_name": "LGBM-FS",
  "error_mean": -0.39740019385201103,
  "error_sdev": 6.391253236261974,
  "uncertainty_median": 6.252657013600652,
  "uncertainty_mad": 4.315740844281008,
  "uncertainty_measure": 69.02251050862851,
  "feature_importance": {
    "K2O_wt": 0.33707537275618266,
    "Fe2O3T_wt": -0.08020181893159309,
    "SiO2_wt": 0.45664301946199193
  }
}