{
  "y_test": [
    0.16,
    34.0,
    29.4,
    0.74,
    0.23,
    24.5,
    0.17,
    4.2,
    0.52,
    2.4,
    0.41,
    3.8,
    0.1,
    0.02,
    8.7,
    0.35,
    0.14,
    0.09,
    22.1,
    38.0,
    0.44,
    5.7,
    25.0,
    0.4,
    1.3,
    0.04,
    25.8,
    0.12,
    0.1,
    4.2,
    0.25,
    0.04,
    0.04,
    7.0,
    1.18,
    0.24,
    25.6,
    3.4,
    0.56,
    1.3,
    0.16,
    4.2,
    0.05,
    0.04,
    0.09
  ],
  "y_pred": [
    0.1637386061389595,
    11.67834621564154,
    8.309932856615983,
    1.1124443400316473,
    0.1483296505498592,
    11.67834621564154,
    -0.020821322703883337,
    2.27922778505061,
    0.18435097359547356,
    1.4262580997397651,
    0.09711135495570196,
    7.995790968128332,
    0.37182448025412296,
    1.15911966981176,
    8.309932856615983,
    0.04133674090580925,
    -0.33822200387999163,
    1.195845405832004,
    11.67834621564154,
    7.38348630823454,
    0.0844841402345687,
    6.827985214202814,
    11.67834621564154,
    0.11550182597370459,
    1.7959548958629703,
    1.1927919666300968,
    10.559989688945622,
    0.2235776638982958,
    0.2887072349977796,
    8.094582707057588,
    0.11825543407531194,
    1.650273044388483,
    0.12405608893181992,
    7.2449290954245456,
    1.5164258668348571,
    0.15179379972269402,
    11.67834621564154,
    2.378019523979866,
    1.8409353872925245,
    1.148049722706866,
    1.1927919666300968,
    7.2449290954245456,
    2.973598916057002,
    0.30991949225331267,
    0.9718327148059022
  ],
  "selected_features": [
    "K2O_wt",
    "Fe2O3T_wt",
    "SiO2_wt",
    "Al2O3_wt",
    "P2O5_tot_wt"
  ],
  "selected_models": [],
  "stacking_used": false,
  "stacked_model": true,
  "number_of_models": 1,
  "final_estimator": "lgbm",
  "final_estimator_params": {
    "lgbm_num_leaves": 65,
    "lgbm_lr": 0.060660191222068324,
    "lgbm_n_estimators": 90
  },
  "model_params": {
    "lgbm": {
      "lgbm_num_leaves": 65,
      "lgbm_lr": 0.060660191222068324,
      "lgbm_n_estimators": 90
    }
  },
  "use_random_split": true,
  "use_feature_selection": false,
  "model_name": "LGBM",
  "error_mean": 2.68931548145743,
  "error_sdev": 7.5388665339100225,
  "uncertainty_median": 8.341248920307127,
  "uncertainty_mad": 1.3802420806278382,
  "uncertainty_measure": 16.547187283520337,
  "feature_importance": {
    "K2O_wt": 0.02281308355244678,
    "Fe2O3T_wt": 0.0011666681491127406,
    "SiO2_wt": 0.044776895651744614,
    "Al2O3_wt": 0.06066693110176447,
    "P2O5_tot_wt": 0.4671395312304545
  }
}