{
  "y_test": [
    7.0,
    0.25,
    8.0,
    0.05,
    1.53,
    0.44,
    4.2,
    38.0,
    1.2,
    0.36,
    0.4,
    0.04,
    5.1,
    6.7,
    0.12,
    1.4,
    0.68,
    0.09,
    0.37,
    0.04,
    2.6,
    6.7,
    0.19,
    25.6,
    6.2,
    0.14,
    0.36,
    0.02,
    0.21,
    29.4,
    1.8,
    0.14,
    0.32,
    0.05,
    0.12,
    0.15,
    1.3,
    6.9,
    0.12,
    0.15,
    0.17,
    5.4,
    0.19,
    2.4,
    5.7
  ],
  "y_pred": [
    5.161269922342941,
    0.8474582514325171,
    3.896111016400379,
    4.850078065651296,
    1.947793003088485,
    -0.3502251697852259,
    3.76993844254061,
    2.9289773795776277,
    1.6071632272861631,
    -0.2621317073684786,
    0.03416955199403304,
    -1.2615934159810962,
    3.411984215718398,
    6.26748932437891,
    2.2699706103756085,
    2.73722168311636,
    1.2233520010323655,
    4.075048712236921,
    -0.029929276648502423,
    -0.8196773699026831,
    2.2318781681440427,
    5.06738720946573,
    -0.04184861113857963,
    10.26062412926287,
    5.2198683315609795,
    0.7531098332896811,
    -0.8764162002780118,
    -0.3229416302733359,
    -1.8708843746662307,
    13.227975131456247,
    0.45262836593775013,
    -0.43758991064322394,
    -0.28124516029760116,
    -2.070431985305138,
    -1.7574174051923812,
    0.3233920429024,
    1.9416906633933362,
    0.1593630495868812,
    0.6127556930030078,
    0.3518397408479519,
    -0.7293809324164382,
    3.05750060537442,
    0.08406033933602686,
    0.12101607377631218,
    2.753860631644578
  ],
  "selected_features": [
    "K2O_wt",
    "Fe2O3T_wt",
    "SiO2_wt",
    "Al2O3_wt",
    "P2O5_tot_wt"
  ],
  "selected_models": [],
  "stacking_used": false,
  "stacked_model": true,
  "number_of_models": 1,
  "final_estimator": "svr",
  "final_estimator_params": {
    "svr_C": 4.478930090709478,
    "svr_epsilon": 0.0023324029199501485
  },
  "model_params": {
    "svr": {
      "svr_C": 4.478930090709478,
      "svr_epsilon": 0.0023324029199501485
    }
  },
  "use_random_split": true,
  "use_feature_selection": false,
  "model_name": "SVR",
  "error_mean": 2.039216394083158,
  "error_sdev": 6.216232494195567,
  "uncertainty_median": 5.674571243711737,
  "uncertainty_mad": 3.345514827681102,
  "uncertainty_measure": 58.9562573804748,
  "feature_importance": {
    "K2O_wt": 0.031852664667177025,
    "Fe2O3T_wt": 0.005244304558664468,
    "SiO2_wt": 0.30603201277440256,
    "Al2O3_wt": -0.0021326949290554776,
    "P2O5_tot_wt": 0.14282855760548163
  }
}