{
  "y_test": [
    1.3,
    4.2,
    0.09,
    25.6,
    6.9,
    2.6,
    0.04,
    31.8,
    0.52,
    0.34,
    1.4,
    0.37,
    0.12,
    0.12,
    0.4,
    1.8,
    0.15,
    0.14,
    0.19,
    6.2,
    1.4,
    6.0,
    6.3,
    0.04,
    0.15,
    0.04,
    0.17,
    1.9,
    6.5,
    0.09,
    1.3,
    0.32,
    2.4,
    4.5,
    0.11,
    6.7,
    0.13,
    0.1,
    0.84,
    25.0,
    25.8,
    0.18,
    0.47,
    0.37,
    0.43
  ],
  "y_pred": [
    2.1494051477954077,
    9.16606285069389,
    1.956297940451874,
    24.272967324100467,
    7.16079780977246,
    0.7160365233843744,
    15.886507413138569,
    24.272967324100467,
    0.3962916455049435,
    0.35149678808355567,
    2.1494051477954077,
    -0.3206280646815288,
    0.1309094892918179,
    1.7213695867357428,
    0.7367504136353122,
    7.16079780977246,
    0.5476755371259565,
    0.03175191020412469,
    0.5476755371259565,
    7.16079780977246,
    2.1494051477954077,
    7.16079780977246,
    9.16606285069389,
    0.18988685007066555,
    0.7894805506928875,
    0.5116069872842313,
    0.6234580832643457,
    2.615530284275978,
    18.840264525783805,
    1.7213695867357428,
    0.9294290330659991,
    0.5779887875348529,
    1.633243508729703,
    7.16079780977246,
    0.5116069872842313,
    7.16079780977246,
    0.015899883088973304,
    0.7160365233843744,
    0.5116069872842313,
    24.272967324100467,
    18.840264525783805,
    0.5116069872842313,
    0.19155130585041866,
    -0.09869780614427187,
    0.5116069872842313
  ],
  "selected_features": [
    "K2O_wt",
    "P2O5_tot_wt"
  ],
  "selected_models": [],
  "stacking_used": false,
  "stacked_model": true,
  "number_of_models": 1,
  "final_estimator": "lgbm",
  "final_estimator_params": {
    "lgbm_num_leaves": 27,
    "lgbm_lr": 0.21393935322882673,
    "lgbm_n_estimators": 111
  },
  "model_params": {
    "lgbm": {
      "lgbm_num_leaves": 27,
      "lgbm_lr": 0.21393935322882673,
      "lgbm_n_estimators": 111
    }
  },
  "use_random_split": true,
  "use_feature_selection": true,
  "model_name": "LGBM-FS",
  "error_mean": -0.8419978949833178,
  "error_sdev": 3.5940757103418415,
  "uncertainty_median": 8.764015032622366,
  "uncertainty_mad": 6.471819893298269,
  "uncertainty_measure": 73.84537645369343,
  "feature_importance": {
    "K2O_wt": 0.63738659514493,
    "Fe2O3T_wt": 1.478061341885112
  }
}