{
  "y_test": [
    1.47,
    0.29,
    0.02,
    0.27,
    1.44,
    0.07,
    24.5,
    0.15,
    1.3,
    10.4,
    0.05,
    0.84,
    0.73,
    0.04,
    0.09,
    4.2,
    6.7,
    25.0,
    0.21,
    0.18,
    25.8,
    6.5,
    0.43,
    0.17,
    0.14,
    0.12,
    1.44,
    0.36,
    0.16,
    0.74,
    4.2,
    0.1,
    0.12,
    0.68,
    0.51,
    0.04,
    6.9,
    0.37,
    1.3,
    0.62,
    0.42,
    0.44,
    8.7,
    0.24,
    6.9
  ],
  "y_pred": [
    0.4241662298832146,
    0.28685121602288977,
    3.4649150920610134,
    2.4606360656510784,
    0.3271036174126303,
    0.1524280799249627,
    24.862103004291882,
    0.3056645009060335,
    1.3598793817055628,
    20.83347639484977,
    0.3335086458714515,
    0.19185402013497738,
    0.2517933289045706,
    9.35005109339873,
    0.750129047682701,
    6.416359084406299,
    9.096137339055803,
    21.124678111588,
    0.6504420702752333,
    0.13738956920023954,
    25.037124463519334,
    9.400643776824033,
    0.23057302993743511,
    0.6724542687563654,
    0.28092884562981585,
    0.8781565624283021,
    0.7564331268000801,
    0.22366911291709482,
    0.19309942775393424,
    0.2964811457530289,
    8.539806866952793,
    0.3843710206790306,
    0.39696262452488884,
    0.2981974418495076,
    0.3505670778515407,
    0.7096809902889591,
    7.062410586552214,
    0.2991613513305844,
    1.4111182944380358,
    0.32950801079358455,
    0.13033985060890133,
    0.32313575963521823,
    9.400643776824033,
    0.2084837705634214,
    1.2473364632506265
  ],
  "selected_features": [
    "K2O_wt",
    "P2O5_tot_wt"
  ],
  "selected_models": [],
  "stacking_used": false,
  "stacked_model": true,
  "number_of_models": 1,
  "final_estimator": "et",
  "final_estimator_params": {
    "et_n_estimators": 233,
    "et_max_depth": 11,
    "et_min_samples_split": 3,
    "et_min_samples_leaf": 1,
    "et_bootstrap": false
  },
  "model_params": {
    "et": {
      "et_n_estimators": 233,
      "et_max_depth": 11,
      "et_min_samples_split": 3,
      "et_min_samples_leaf": 1,
      "et_bootstrap": false
    }
  },
  "use_random_split": true,
  "use_feature_selection": true,
  "model_name": "ET-FS",
  "error_mean": -0.588685634215329,
  "error_sdev": 2.562776597463082,
  "uncertainty_median": 20.22230686695277,
  "uncertainty_mad": 6.498208111157658,
  "uncertainty_measure": 32.13386165045793,
  "feature_importance": {
    "K2O_wt": 0.5143961702757153,
    "Fe2O3T_wt": 1.7932311066426843
  }
}