{
  "y_test": [
    0.16,
    34.0,
    29.4,
    0.74,
    0.23,
    24.5,
    0.17,
    4.2,
    0.52,
    2.4,
    0.41,
    3.8,
    0.1,
    0.02,
    8.7,
    0.35,
    0.14,
    0.09,
    22.1,
    38.0,
    0.44,
    5.7,
    25.0,
    0.4,
    1.3,
    0.04,
    25.8,
    0.12,
    0.1,
    4.2,
    0.25,
    0.04,
    0.04,
    7.0,
    1.18,
    0.24,
    25.6,
    3.4,
    0.56,
    1.3,
    0.16,
    4.2,
    0.05,
    0.04,
    0.09
  ],
  "y_pred": [
    0.36642914205488825,
    24.05532806585349,
    16.41043889647806,
    0.5023803288838717,
    0.3695395367440395,
    23.334862576286874,
    0.36642914205488825,
    1.8844777184812345,
    0.36956584617473837,
    1.9580944630784376,
    0.5117355056603645,
    6.337304008903647,
    0.3695395367440395,
    2.406834943611492,
    7.084232421233867,
    0.3766257512399309,
    1.340267973233784,
    0.4809228772969327,
    23.36617058801135,
    7.343827011494067,
    0.36642914205488825,
    6.310433052145051,
    18.02323037269312,
    0.3797361459290823,
    0.7113829297508054,
    0.36642914205488825,
    21.086602027321838,
    0.4871699761059342,
    0.3695395367440395,
    6.337304008903647,
    0.3814114936608353,
    3.377876117982352,
    0.36642914205488825,
    6.960243657188925,
    0.5771759138891523,
    0.36956584617473837,
    22.91688504819699,
    1.8771492909874326,
    1.2431139292557334,
    1.802890789904459,
    0.3720290277909384,
    6.960243657188925,
    2.2723420364563274,
    0.36956584617473837,
    0.44711751314448583
  ],
  "selected_features": [
    "K2O_wt",
    "Fe2O3T_wt",
    "SiO2_wt",
    "Al2O3_wt",
    "P2O5_tot_wt"
  ],
  "selected_models": [],
  "stacking_used": false,
  "stacked_model": true,
  "number_of_models": 1,
  "final_estimator": "rf",
  "final_estimator_params": {
    "rf_n_estimators": 89,
    "rf_max_depth": 3
  },
  "model_params": {
    "rf": {
      "rf_n_estimators": 89,
      "rf_max_depth": 3
    }
  },
  "use_random_split": true,
  "use_feature_selection": false,
  "model_name": "RF",
  "error_mean": 1.1847266227272397,
  "error_sdev": 5.394878437690516,
  "uncertainty_median": 10.34936311199073,
  "uncertainty_mad": 3.7364317233762065,
  "uncertainty_measure": 36.10301119928039,
  "feature_importance": {
    "K2O_wt": 0.011191425078078843,
    "Fe2O3T_wt": 0.005755475131574451,
    "SiO2_wt": 0.20836331667156455,
    "Al2O3_wt": 0.12247643301677591,
    "P2O5_tot_wt": 0.33269004213674225
  }
}