{
  "y_test": [
    7.0,
    0.03,
    6.5,
    0.56,
    0.14,
    1.3,
    0.04,
    2.6,
    0.07,
    0.24,
    0.17,
    0.52,
    1.18,
    0.04,
    0.36,
    0.05,
    6.9,
    0.17,
    2.7,
    0.9,
    1.4,
    0.1,
    5.4,
    4.2,
    0.27,
    34.0,
    1.9,
    6.7,
    1.3,
    2.4,
    6.0,
    0.37,
    0.16,
    0.15,
    0.02,
    0.23,
    22.1,
    0.34,
    1.2,
    0.68,
    0.17,
    6.7,
    31.8,
    0.46,
    6.1
  ],
  "y_pred": [
    5.143949508666992,
    0.31724151968955994,
    6.780139923095703,
    0.5879865884780884,
    2.519806146621704,
    0.46251291036605835,
    0.20449857413768768,
    0.6232633590698242,
    1.0397003889083862,
    0.2471185326576233,
    0.2527764141559601,
    0.3332970440387726,
    0.1596432328224182,
    1.4822869300842285,
    0.34489572048187256,
    0.38473859429359436,
    5.350443363189697,
    0.7105228900909424,
    1.7289552688598633,
    1.2926900386810303,
    1.5739097595214844,
    0.4362049698829651,
    3.306321620941162,
    18.68598747253418,
    2.0784764289855957,
    18.28333282470703,
    3.99601674079895,
    7.315642833709717,
    1.1264864206314087,
    2.182868003845215,
    3.333583116531372,
    1.5359151363372803,
    0.4263905882835388,
    0.25889474153518677,
    4.808627605438232,
    1.055269479751587,
    20.564191818237305,
    0.5950661897659302,
    -0.1466669887304306,
    0.14715903997421265,
    0.6248668432235718,
    4.449692726135254,
    18.07218360900879,
    1.244022011756897,
    4.309240818023682
  ],
  "selected_features": [
    "K2O_wt",
    "Fe2O3T_wt",
    "SiO2_wt",
    "P2O5_tot_wt"
  ],
  "selected_models": [],
  "stacking_used": false,
  "stacked_model": true,
  "number_of_models": 1,
  "final_estimator": "xgb",
  "final_estimator_params": {
    "xgb_n_estimators": 274,
    "xgb_lr": 0.11067578164210212,
    "xgb_max_depth": 6,
    "xgb_subsample": 0.8339249086450872,
    "xgb_colsample": 0.6367191467079373
  },
  "model_params": {
    "xgb": {
      "xgb_n_estimators": 274,
      "xgb_lr": 0.11067578164210212,
      "xgb_max_depth": 6,
      "xgb_subsample": 0.8339249086450872,
      "xgb_colsample": 0.6367191467079373
    }
  },
  "feature_names": [
    "K2O_wt",
    "Fe2O3T_wt",
    "SiO2_wt",
    "Al2O3_wt",
    "P2O5_tot_wt"
  ],
  "use_random_split": true,
  "use_feature_selection": true,
  "model_name": "XGB-FS",
  "error_mean": 0.3419966497951084,
  "error_sdev": 4.046276951338923,
  "uncertainty_median": 7.783145904541016,
  "uncertainty_mad": 5.137316703796387,
  "uncertainty_measure": 66.00565846772909,
  "feature_importance": {
    "K2O_wt": 0.015237395046827817,
    "Fe2O3T_wt": 0.0006898120208367453,
    "SiO2_wt": 0.6675669962849249,
    "Al2O3_wt": 0.34510312748959704
  },
  "run": 6
}