{
  "y_test": [
    7.0,
    0.25,
    8.0,
    0.05,
    1.53,
    0.44,
    4.2,
    38.0,
    1.2,
    0.36,
    0.4,
    0.04,
    5.1,
    6.7,
    0.12,
    1.4,
    0.68,
    0.09,
    0.37,
    0.04,
    2.6,
    6.7,
    0.19,
    25.6,
    6.2,
    0.14,
    0.36,
    0.02,
    0.21,
    29.4,
    1.8,
    0.14,
    0.32,
    0.05,
    0.12,
    0.15,
    1.3,
    6.9,
    0.12,
    0.15,
    0.17,
    5.4,
    0.19,
    2.4,
    5.7
  ],
  "y_pred": [
    9.803806290396551,
    0.28757999654543753,
    6.3004278794672235,
    -0.7428302970550152,
    -1.3079824051298332,
    0.7145574243058231,
    -2.0374752045901294,
    15.136637730393753,
    1.1200061251012527,
    0.61013376689816,
    0.33346789958948286,
    0.26339577719519064,
    6.3004278794672235,
    6.3004278794672235,
    -0.7428302970550152,
    1.3598710895984751,
    0.19604589856345486,
    -0.7428302970550152,
    0.136050188943213,
    0.5264079603798508,
    0.37716306557243395,
    6.3004278794672235,
    0.5463204349309636,
    25.378869975988522,
    6.3004278794672235,
    0.5382565331158586,
    0.4593533701550355,
    -2.0374752045901294,
    0.5264079603798508,
    13.14760203727317,
    6.3004278794672235,
    0.12264655230083875,
    2.002390588881565,
    0.20947118565173786,
    0.5735297253395324,
    -1.5698063484237723,
    0.37716306557243395,
    1.3598710895984751,
    0.6423053014091841,
    -0.12941429270593088,
    0.19723691854155215,
    6.45620227651169,
    0.5264079603798508,
    2.5213511616820576,
    6.3004278794672235
  ],
  "selected_features": [
    "K2O_wt",
    "P2O5_tot_wt"
  ],
  "selected_models": [],
  "stacking_used": false,
  "stacked_model": true,
  "number_of_models": 1,
  "final_estimator": "lgbm",
  "final_estimator_params": {
    "lgbm_num_leaves": 25,
    "lgbm_lr": 0.22176839490812206,
    "lgbm_n_estimators": 290
  },
  "model_params": {
    "lgbm": {
      "lgbm_num_leaves": 25,
      "lgbm_lr": 0.22176839490812206,
      "lgbm_n_estimators": 290
    }
  },
  "use_random_split": true,
  "use_feature_selection": true,
  "model_name": "LGBM-FS",
  "error_mean": 1.1346031075364194,
  "error_sdev": 4.422594328494696,
  "uncertainty_median": 9.077723709661353,
  "uncertainty_mad": 7.273187221947384,
  "uncertainty_measure": 80.12126668061714,
  "feature_importance": {
    "K2O_wt": 0.4890666014267692,
    "Fe2O3T_wt": 1.4066481070168388
  }
}