{
  "y_test": [
    1.2,
    0.46,
    0.23,
    34.0,
    3.4,
    6.9,
    0.34,
    22.1,
    0.4,
    0.68,
    0.73,
    0.21,
    0.17,
    0.1,
    0.04,
    0.04,
    0.47,
    1.4,
    0.15,
    8.7,
    0.35,
    2.4,
    0.19,
    1.5,
    5.1,
    3.8,
    0.09,
    0.14,
    1.3,
    0.04,
    10.1,
    29.4,
    8.0,
    0.43,
    0.36,
    0.04,
    0.14,
    0.4,
    1.18,
    0.05,
    4.5,
    6.1,
    1.3,
    1.9,
    0.19
  ],
  "y_pred": [
    3.1705804525730255,
    1.3680275907850192,
    1.0838357248762334,
    18.629764111981736,
    4.894643770412824,
    0.5549646979871315,
    1.1586555001485004,
    27.44105515878671,
    0.36952048046155495,
    2.2018064435278037,
    0.4172557189531013,
    -1.1770734715430313,
    1.5128094075472025,
    0.01201142161494173,
    2.1076963374508924,
    1.9838773488337225,
    0.4461940913887482,
    3.652671515710984,
    1.0886588203899992,
    13.434585550994909,
    2.8272238278839406,
    2.424161594427358,
    0.22346298938340403,
    0.2681746994337705,
    5.088096584756662,
    5.125859230483356,
    7.06997763065438,
    -0.45479937588481445,
    3.9358913586611926,
    0.4143674862678538,
    14.246432087917803,
    25.889772156937802,
    6.282381062267338,
    0.3641952239486351,
    -0.6220524482486366,
    2.5575317554977586,
    3.3624518983664395,
    0.42070140330639105,
    2.1701331161587163,
    -2.255812417757822,
    6.839541576747007,
    5.515438019900449,
    2.601418138918863,
    4.024581025149198,
    2.5582316150388023
  ],
  "selected_features": [
    "K2O_wt",
    "SiO2_wt",
    "P2O5_tot_wt"
  ],
  "selected_models": [],
  "stacking_used": false,
  "stacked_model": true,
  "number_of_models": 1,
  "final_estimator": "ann",
  "final_estimator_params": {
    "ann_hidden": 83,
    "ann_alpha": 0.014317521012654748
  },
  "model_params": {
    "ann": {
      "ann_hidden": 83,
      "ann_alpha": 0.014317521012654748
    }
  },
  "use_random_split": true,
  "use_feature_selection": true,
  "model_name": "ANN-FS",
  "error_mean": -0.5446422425132856,
  "error_sdev": 3.3106544251424346,
  "uncertainty_median": 19.497240883526302,
  "uncertainty_mad": 7.507509112204803,
  "uncertainty_measure": 38.50549499313045,
  "feature_importance": {
    "K2O_wt": 0.09272213835665756,
    "Fe2O3T_wt": 0.5419267229915081,
    "SiO2_wt": 0.6819788306689694
  }
}