{
  "y_test": [
    4.2,
    5.1,
    0.25,
    6.6,
    1.3,
    5.4,
    1.4,
    6.9,
    0.14,
    0.14,
    0.16,
    0.14,
    0.04,
    6.7,
    0.02,
    1.3,
    0.29,
    0.18,
    3.4,
    1.9,
    0.73,
    0.74,
    1.18,
    0.17,
    7.0,
    1.47,
    2.7,
    22.1,
    0.09,
    2.4,
    0.37,
    1.3,
    0.05,
    6.2,
    0.04,
    0.07,
    0.15,
    0.1,
    0.36,
    1.3,
    1.0,
    0.57,
    6.3,
    0.24,
    2.4
  ],
  "y_pred": [
    4.885788910343886,
    5.642558984870491,
    1.3272721000164787,
    6.3161068828019795,
    3.425724122463028,
    5.597292388543296,
    4.612518558041198,
    4.850616213684895,
    -0.20702264410456617,
    -0.04574038007169423,
    1.0751862825343264,
    2.92697442930407,
    -0.9435750186015077,
    3.6208520169302156,
    0.07476077496855038,
    4.238995612789476,
    0.47003396588143187,
    0.8153319472443006,
    5.545000593052499,
    8.15322946917726,
    0.33607100034211723,
    1.5426588969010038,
    1.6599859063337477,
    0.4608165325671252,
    6.0583738259513185,
    1.5399145984831766,
    1.655611092797206,
    29.02249648315944,
    11.518372165720466,
    2.246478190192545,
    0.6116804354092509,
    2.5705926649211106,
    0.5554831018273714,
    3.197813264192045,
    2.076460791344613,
    2.3172333087001222,
    0.7959618156453516,
    0.1899252933312614,
    0.1205449805452059,
    4.864042595169171,
    4.208739663990767,
    -0.5169700417121248,
    4.591084179999242,
    2.057653877154972,
    0.5789480220199501
  ],
  "selected_features": [
    "SiO2_wt",
    "Al2O3_wt"
  ],
  "selected_models": [],
  "stacking_used": false,
  "stacked_model": true,
  "number_of_models": 1,
  "final_estimator": "ann",
  "final_estimator_params": {
    "ann_hidden": 81,
    "ann_alpha": 0.0009259516918073535
  },
  "model_params": {
    "ann": {
      "ann_hidden": 81,
      "ann_alpha": 0.0009259516918073535
    }
  },
  "use_random_split": true,
  "use_feature_selection": true,
  "model_name": "ANN-FS",
  "error_mean": -0.934486174552357,
  "error_sdev": 2.566242419543735,
  "uncertainty_median": 6.87929049748213,
  "uncertainty_mad": 6.5040170473400565,
  "uncertainty_measure": 94.54488147753861,
  "feature_importance": {
    "K2O_wt": 1.6454353641597772,
    "Fe2O3T_wt": 0.48265433738247643
  }
}