{
  "y_test": [
    11.7,
    0.31,
    0.36,
    0.25,
    25.6,
    2.4,
    0.19,
    0.41,
    0.11,
    0.14,
    0.29,
    0.37,
    0.05,
    1.3,
    0.16,
    0.12,
    0.15,
    0.35,
    0.19,
    0.34,
    0.13,
    1.44,
    1.44,
    0.4,
    34.0,
    0.52,
    4.5,
    1.3,
    6.9,
    0.02,
    1.2,
    1.9,
    4.2,
    6.1,
    0.12,
    8.0,
    0.74,
    6.3,
    0.17,
    0.4,
    0.27,
    0.04,
    1.4,
    24.5,
    0.27
  ],
  "y_pred": [
    7.231927395941004,
    0.5985590489253003,
    0.6074267994153266,
    0.5985590489253003,
    26.653033682369767,
    1.1459270202642329,
    0.5985590489253003,
    0.6074267994153266,
    1.0050727669037849,
    0.5985590489253003,
    0.6151976659202893,
    0.6074267994153266,
    0.5985590489253003,
    0.7103984748906239,
    0.5985590489253003,
    0.5985590489253003,
    0.5985590489253003,
    0.5985590489253003,
    0.5985590489253003,
    0.6151976659202893,
    0.5985590489253003,
    0.6151976659202893,
    0.5985590489253003,
    0.5985590489253003,
    27.897544376477928,
    0.5985590489253003,
    7.231927395941004,
    0.6151976659202893,
    0.7103984748906239,
    1.1292884032692436,
    0.6074267994153266,
    0.7103984748906239,
    7.330571463737615,
    7.075832271667913,
    0.5985590489253003,
    7.231927395941004,
    0.6151976659202893,
    7.330571463737615,
    0.6074267994153266,
    0.5985590489253003,
    0.5985590489253003,
    0.5985590489253003,
    0.7103984748906239,
    26.15819510287016,
    0.6937598578956349
  ],
  "selected_features": [
    "K2O_wt",
    "Fe2O3T_wt",
    "SiO2_wt",
    "Al2O3_wt",
    "P2O5_tot_wt"
  ],
  "selected_models": [],
  "stacking_used": false,
  "stacked_model": true,
  "number_of_models": 1,
  "final_estimator": "rf",
  "final_estimator_params": {
    "rf_n_estimators": 118,
    "rf_max_depth": 2
  },
  "model_params": {
    "rf": {
      "rf_n_estimators": 118,
      "rf_max_depth": 2
    }
  },
  "use_random_split": true,
  "use_feature_selection": false,
  "model_name": "RF",
  "error_mean": 0.07123649546860247,
  "error_sdev": 1.7220260140968129,
  "uncertainty_median": 8.86946258734748,
  "uncertainty_mad": 5.347308319381717,
  "uncertainty_measure": 60.28897767729232,
  "feature_importance": {
    "K2O_wt": 0.024240730988645542,
    "Fe2O3T_wt": 0.00674438441665159,
    "SiO2_wt": 0.7860448220258743,
    "Al2O3_wt": 0.015675242870718187,
    "P2O5_tot_wt": 0.30745762109063907
  }
}