{
  "y_test": [
    7.0,
    0.51,
    0.14,
    0.18,
    24.5,
    1.3,
    0.56,
    0.29,
    0.87,
    0.36,
    0.27,
    1.3,
    8.0,
    0.13,
    0.05,
    0.34,
    0.07,
    0.17,
    29.4,
    0.25,
    0.24,
    6.3,
    25.6,
    2.4,
    1.8,
    4.2,
    0.1,
    6.6,
    0.17,
    0.04,
    5.4,
    0.14,
    0.43,
    0.14,
    2.4,
    0.37,
    0.04,
    1.9,
    1.0,
    1.3,
    25.8,
    4.2,
    0.4,
    0.35,
    1.44
  ],
  "y_pred": [
    7.984006864006864,
    0.3584409842813878,
    0.31154941403545394,
    0.24813846887310367,
    26.404504504504477,
    1.0511164821017767,
    0.2759919178970677,
    0.21088194512286693,
    1.23544745138715,
    0.27214232066386046,
    1.1833501128306987,
    1.473139385510355,
    6.374952809952814,
    0.27637699949234096,
    0.23824319645443995,
    0.3223963359253804,
    0.7953135028871561,
    0.2666035764874004,
    19.508558558558548,
    0.32057344139897853,
    0.27730385996920137,
    9.821093951093953,
    28.163963963963948,
    2.9904695604695575,
    19.154879879879896,
    9.521544401544404,
    0.2623891732647952,
    9.801274131274134,
    0.2915233864942518,
    0.27715687262074035,
    6.1969819819819865,
    0.4404802863457579,
    0.2635219537787165,
    0.23697854012808722,
    1.329088347906789,
    0.33316562620251733,
    0.3932200636380366,
    1.550315295186264,
    0.8353914713767657,
    0.7760211209730821,
    22.8126126126126,
    5.656681681681688,
    0.3201422430201097,
    0.32572045633842933,
    1.2793820567530245
  ],
  "selected_features": [
    "K2O_wt",
    "Fe2O3T_wt",
    "SiO2_wt",
    "Al2O3_wt",
    "P2O5_tot_wt"
  ],
  "selected_models": [],
  "stacking_used": false,
  "stacked_model": true,
  "number_of_models": 1,
  "final_estimator": "rf",
  "final_estimator_params": {
    "rf_n_estimators": 111,
    "rf_max_depth": 7
  },
  "model_params": {
    "rf": {
      "rf_n_estimators": 111,
      "rf_max_depth": 7
    }
  },
  "use_random_split": true,
  "use_feature_selection": false,
  "model_name": "RF",
  "error_mean": -0.5327340264637966,
  "error_sdev": 3.257269575897809,
  "uncertainty_median": 13.48874517374518,
  "uncertainty_mad": 5.065787216825309,
  "uncertainty_measure": 37.555659563392744,
  "feature_importance": {
    "K2O_wt": 0.05092518004219207,
    "Fe2O3T_wt": 0.1345555148652631,
    "SiO2_wt": 0.5304407806725059,
    "Al2O3_wt": 0.03604183674418675,
    "P2O5_tot_wt": 1.1126822461027053
  }
}