{
  "y_test": [
    1.3,
    0.31,
    0.04,
    4.2,
    29.4,
    0.03,
    0.32,
    0.09,
    1.0,
    2.4,
    0.07,
    1.3,
    0.4,
    0.15,
    1.9,
    0.27,
    0.12,
    0.84,
    34.0,
    0.1,
    0.05,
    0.29,
    0.37,
    1.5,
    0.25,
    7.0,
    3.8,
    0.04,
    0.87,
    1.9,
    0.21,
    25.8,
    0.52,
    2.6,
    0.24,
    6.7,
    0.17,
    0.4,
    1.4,
    5.7,
    0.44,
    31.8,
    1.44,
    1.44,
    0.73
  ],
  "y_pred": [
    2.7102150705269032,
    1.7043382274628827,
    0.3245913562779873,
    6.72694170158035,
    8.2526152739789,
    -0.27743239942991205,
    1.238259113360379,
    0.3326728213825096,
    -0.124504485988985,
    2.137736770458907,
    -0.23316152436790497,
    2.146374659747188,
    1.5716772905445895,
    1.0885802312939559,
    2.6336113338716034,
    1.427259921020356,
    3.694453221726857,
    1.0289421278099002,
    21.379232228435416,
    0.15677879673052086,
    4.534185857950319,
    1.2649894130551766,
    0.9685025689620673,
    2.761255574902819,
    0.4252534935430692,
    5.477082429173188,
    6.522659069907921,
    0.3107028212433204,
    1.3573942637165637,
    2.2964574235273294,
    0.9685339345762943,
    8.744780602306253,
    0.36472665566327384,
    1.6304727460892663,
    0.9297247792099131,
    6.8923084325905695,
    -0.18146250708402933,
    1.4072347930241873,
    2.516024022429836,
    5.868373585695862,
    -0.7383849436887883,
    21.379232228435416,
    0.3107028212433204,
    0.4975306317013851,
    1.2060764125562586
  ],
  "selected_features": [
    "K2O_wt",
    "Fe2O3T_wt",
    "SiO2_wt",
    "Al2O3_wt",
    "P2O5_tot_wt"
  ],
  "selected_models": [],
  "stacking_used": false,
  "stacked_model": true,
  "number_of_models": 1,
  "final_estimator": "lgbm",
  "final_estimator_params": {
    "lgbm_num_leaves": 51,
    "lgbm_lr": 0.057609364019659326,
    "lgbm_n_estimators": 270
  },
  "model_params": {
    "lgbm": {
      "lgbm_num_leaves": 51,
      "lgbm_lr": 0.057609364019659326,
      "lgbm_n_estimators": 270
    }
  },
  "use_random_split": true,
  "use_feature_selection": false,
  "model_name": "LGBM",
  "error_mean": 0.8503658033965956,
  "error_sdev": 4.874314944980495,
  "uncertainty_median": 7.452024471250938,
  "uncertainty_mad": 4.042765659017953,
  "uncertainty_measure": 54.25056874966639,
  "feature_importance": {
    "K2O_wt": 0.31183064819649847,
    "Fe2O3T_wt": 0.01022862793541821,
    "SiO2_wt": 0.05104101530627864,
    "Al2O3_wt": -0.012127883215797173,
    "P2O5_tot_wt": 0.7703408295399963
  }
}