{
  "y_test": [
    3.4,
    0.34,
    1.4,
    5.7,
    0.19,
    0.03,
    0.52,
    2.6,
    0.04,
    0.56,
    25.0,
    0.16,
    3.8,
    0.41,
    0.13,
    0.14,
    0.11,
    0.46,
    8.7,
    34.0,
    6.3,
    31.8,
    0.15,
    0.4,
    1.53,
    0.29,
    0.37,
    2.4,
    0.12,
    4.2,
    0.17,
    0.52,
    6.7,
    1.0,
    6.2,
    0.15,
    22.1,
    0.47,
    0.15,
    0.84,
    4.5,
    0.1,
    0.05,
    0.32,
    0.14
  ],
  "y_pred": [
    6.051003720542344,
    2.697069068939843,
    4.694960662625384,
    3.391184273574442,
    -1.1843609482413875,
    -0.0006161623578719855,
    -1.0685169124395024,
    3.9045448667872513,
    -0.5168681004324078,
    2.079253418764093,
    19.620386617734205,
    -0.21484441346465033,
    5.919666985153949,
    2.979724261959415,
    3.361308756192102,
    3.7783749603716323,
    -1.8511485652923412,
    0.3509744523361107,
    9.202741023240534,
    24.771521036903238,
    5.805536395387673,
    23.045540716761234,
    0.6329864933518579,
    0.5293966500083975,
    5.149963938788908,
    -0.9375628502483622,
    0.4516736007366653,
    0.11745065936788635,
    6.510029395394689,
    6.485676220276357,
    2.088496216495699,
    3.0624663132326724,
    3.3046398891554354,
    4.152160178097354,
    2.895186406879372,
    1.3675754793578676,
    26.226342224932317,
    0.5604353684874646,
    3.167399827855764,
    -0.5583796621297914,
    3.702968072835862,
    0.7107975183197723,
    13.728512846289215,
    -0.2626693752618259,
    5.667652540002813
  ],
  "selected_features": [
    "K2O_wt",
    "SiO2_wt",
    "Al2O3_wt"
  ],
  "selected_models": [],
  "stacking_used": false,
  "stacked_model": true,
  "number_of_models": 1,
  "final_estimator": "lr",
  "final_estimator_params": {},
  "model_params": {
    "lr": {}
  },
  "use_random_split": true,
  "use_feature_selection": true,
  "model_name": "LR-FS",
  "error_mean": -0.598014090383815,
  "error_sdev": 3.7193474761010905,
  "uncertainty_median": 8.170294446987274,
  "uncertainty_mad": 7.117091182075311,
  "uncertainty_measure": 87.1093597452865,
  "feature_importance": {
    "K2O_wt": 0.004313657300003564,
    "Fe2O3T_wt": 1.231489003817848,
    "SiO2_wt": 0.19127875243280396
  }
}