{
  "y_test": [
    0.31,
    0.22,
    0.04,
    0.4,
    0.37,
    3.8,
    22.1,
    0.18,
    25.6,
    0.57,
    0.21,
    0.14,
    1.3,
    0.07,
    0.32,
    0.27,
    6.9,
    25.8,
    0.27,
    0.87,
    0.51,
    0.17,
    0.1,
    0.23,
    0.44,
    0.29,
    0.11,
    0.19,
    6.0,
    1.3,
    0.43,
    0.15,
    24.5,
    0.12,
    4.2,
    0.34,
    0.17,
    0.14,
    7.0,
    0.9,
    0.18,
    0.74,
    1.5,
    0.16,
    0.09
  ],
  "y_pred": [
    1.7334188078296362,
    1.1920655553315278,
    1.1075024454299638,
    1.4674386005474305,
    1.442146511800772,
    7.3002587797450085,
    21.12532740409678,
    -0.08490244830616657,
    21.12532740409678,
    0.2050753336118719,
    1.1343320134567174,
    1.720657494553475,
    1.8617384273879192,
    -0.18713014800028263,
    0.6971967754215846,
    1.5250525448126173,
    1.176943840952664,
    14.07969912320881,
    2.7138459519889007,
    -0.33750800207513726,
    1.0127502390138527,
    1.1075024454299638,
    0.5261998287345868,
    0.10049777647830278,
    0.052315716132672004,
    1.1075024454299638,
    1.1075024454299638,
    1.1075024454299638,
    7.3002587797450085,
    0.7593257328250812,
    1.1075024454299638,
    0.3845027099212729,
    21.12532740409678,
    2.610562618020161,
    2.1794805009421068,
    1.0746200244578525,
    0.1600065953003906,
    0.7295268980586952,
    7.886017772329815,
    1.152681161931187,
    1.1075024454299638,
    1.1412141779825702,
    1.1416077718211195,
    1.1075024454299638,
    4.509239364426692
  ],
  "selected_features": [
    "K2O_wt",
    "Fe2O3T_wt",
    "SiO2_wt",
    "Al2O3_wt",
    "P2O5_tot_wt"
  ],
  "selected_models": [],
  "stacking_used": false,
  "stacked_model": true,
  "number_of_models": 1,
  "final_estimator": "lgbm",
  "final_estimator_params": {
    "lgbm_num_leaves": 25,
    "lgbm_lr": 0.05179588977171972,
    "lgbm_n_estimators": 198
  },
  "model_params": {
    "lgbm": {
      "lgbm_num_leaves": 25,
      "lgbm_lr": 0.05179588977171972,
      "lgbm_n_estimators": 198
    }
  },
  "use_random_split": true,
  "use_feature_selection": false,
  "model_name": "LGBM",
  "error_mean": -0.0643808579137502,
  "error_sdev": 2.4959590986870466,
  "uncertainty_median": 8.25218071927785,
  "uncertainty_mad": 5.282755997635467,
  "uncertainty_measure": 64.01648457957864,
  "feature_importance": {
    "K2O_wt": 0.32468245521134326,
    "Fe2O3T_wt": -0.001328478121866381,
    "SiO2_wt": 0.08829143493382655,
    "Al2O3_wt": 0.00700776492642534,
    "P2O5_tot_wt": 0.9531763123636107
  }
}