{
  "y_test": [
    0.27,
    0.9,
    0.13,
    0.37,
    10.4,
    6.0,
    0.36,
    0.51,
    11.7,
    38.0,
    0.42,
    0.52,
    0.04,
    0.07,
    0.07,
    0.24,
    10.1,
    0.1,
    8.0,
    1.9,
    2.6,
    4.2,
    0.05,
    0.19,
    0.17,
    5.7,
    0.37,
    0.04,
    0.25,
    4.2,
    0.29,
    6.9,
    0.15,
    0.31,
    0.19,
    0.73,
    0.12,
    2.7,
    8.9,
    1.3,
    1.47,
    0.44,
    0.68,
    25.6,
    25.0
  ],
  "y_pred": [
    1.031513452257259,
    2.500060357709702,
    0.27145398153409683,
    -0.16545590274204391,
    14.695056130240472,
    6.754842497614637,
    0.46054792112221543,
    0.19035815781562038,
    11.804734762433473,
    0.19006783030942653,
    2.1715587088924826,
    1.669109392763258,
    0.40785766497694187,
    0.14480322387210665,
    1.7631531032332135,
    1.0987361541810952,
    4.89171146454504,
    -0.10194533259584126,
    3.799422012708841,
    10.494942156496883,
    4.585042075055808,
    8.060439656298684,
    0.17379282817719321,
    0.08262182459453049,
    0.3316063240015712,
    2.5301555699526164,
    0.3070948134107385,
    0.0005732599991663534,
    0.5677299204650073,
    5.2203457483218365,
    0.46305919784281135,
    0.7903858180832892,
    -0.07373926616622706,
    -0.7598643311610007,
    0.6309740929773624,
    0.8483881867950256,
    4.488243745269759,
    1.5523648985770835,
    3.443183432205423,
    1.28379147886407,
    0.12786271501342839,
    -0.5651445942052722,
    1.2906440446428267,
    25.44629942414942,
    26.242900667183985
  ],
  "selected_features": [
    "K2O_wt",
    "Fe2O3T_wt",
    "SiO2_wt",
    "Al2O3_wt",
    "P2O5_tot_wt"
  ],
  "selected_models": [],
  "stacking_used": false,
  "stacked_model": true,
  "number_of_models": 1,
  "final_estimator": "gpr",
  "final_estimator_params": {
    "gpr_nu": 1.5,
    "gpr_const": 6.821270856538243,
    "gpr_length_scale": 1.5317165702106648,
    "gpr_alpha": 7.306514391365738e-05
  },
  "model_params": {
    "gpr": {
      "gpr_nu": 1.5,
      "gpr_const": 6.821270856538243,
      "gpr_length_scale": 1.5317165702106648,
      "gpr_alpha": 7.306514391365738e-05
    }
  },
  "use_random_split": true,
  "use_feature_selection": false,
  "model_name": "GPR",
  "error_mean": 0.7001937940507109,
  "error_sdev": 6.1804596560933245,
  "uncertainty_median": 5.0388760590634725,
  "uncertainty_mad": 6.041438033038086,
  "uncertainty_measure": 119.8965396692244,
  "feature_importance": {
    "K2O_wt": 0.0022917858048972996,
    "Fe2O3T_wt": -0.005589794934783303,
    "SiO2_wt": 0.7645940315911688,
    "Al2O3_wt": 0.01755572181888962,
    "P2O5_tot_wt": 0.05088888684633416
  }
}