{
  "y_test": [
    7.0,
    0.25,
    8.0,
    0.05,
    1.53,
    0.44,
    4.2,
    38.0,
    1.2,
    0.36,
    0.4,
    0.04,
    5.1,
    6.7,
    0.12,
    1.4,
    0.68,
    0.09,
    0.37,
    0.04,
    2.6,
    6.7,
    0.19,
    25.6,
    6.2,
    0.14,
    0.36,
    0.02,
    0.21,
    29.4,
    1.8,
    0.14,
    0.32,
    0.05,
    0.12,
    0.15,
    1.3,
    6.9,
    0.12,
    0.15,
    0.17,
    5.4,
    0.19,
    2.4,
    5.7
  ],
  "y_pred": [
    5.600419044494629,
    0.145662322640419,
    6.3035197257995605,
    9.317790985107422,
    0.8594232201576233,
    0.27513357996940613,
    3.2752041816711426,
    4.379944801330566,
    0.4455415904521942,
    0.41202446818351746,
    0.5278544425964355,
    0.17590822279453278,
    4.329085350036621,
    6.6675920486450195,
    1.991927981376648,
    1.3361679315567017,
    0.7646979689598083,
    1.230675458908081,
    0.28576546907424927,
    0.3518299460411072,
    2.5653765201568604,
    6.905907154083252,
    0.5080590844154358,
    29.087987899780273,
    5.190272331237793,
    0.18345384299755096,
    0.24620680510997772,
    0.9574339985847473,
    0.6713979840278625,
    19.86208152770996,
    5.413452625274658,
    0.20723143219947815,
    0.47832053899765015,
    0.17585912346839905,
    0.04269900172948837,
    0.363275945186615,
    1.0418609380722046,
    1.4707756042480469,
    0.0029790198896080256,
    1.2203149795532227,
    0.34927570819854736,
    4.063557147979736,
    0.3417726457118988,
    0.9247918725013733,
    5.983750343322754
  ],
  "selected_features": [
    "Fe2O3T_wt",
    "SiO2_wt",
    "Al2O3_wt",
    "P2O5_tot_wt"
  ],
  "selected_models": [],
  "stacking_used": false,
  "stacked_model": true,
  "number_of_models": 1,
  "final_estimator": "xgb",
  "final_estimator_params": {
    "xgb_n_estimators": 236,
    "xgb_lr": 0.16206213861328148,
    "xgb_max_depth": 10,
    "xgb_subsample": 0.669358534081551,
    "xgb_colsample": 0.8791188392201353
  },
  "model_params": {
    "xgb": {
      "xgb_n_estimators": 236,
      "xgb_lr": 0.16206213861328148,
      "xgb_max_depth": 10,
      "xgb_subsample": 0.669358534081551,
      "xgb_colsample": 0.8791188392201353
    }
  },
  "use_random_split": true,
  "use_feature_selection": true,
  "model_name": "XGB-FS",
  "error_mean": 0.7859052707948204,
  "error_sdev": 5.5474642262889855,
  "uncertainty_median": 8.749919891357422,
  "uncertainty_mad": 5.109889507293701,
  "uncertainty_measure": 58.399271887516406,
  "feature_importance": {
    "K2O_wt": 0.015394556813046259,
    "Fe2O3T_wt": 0.28562094978253516,
    "SiO2_wt": 0.04303351953929466,
    "Al2O3_wt": 0.23596028466914537
  }
}