{
  "y_test": [
    1.3,
    4.2,
    0.09,
    25.6,
    6.9,
    2.6,
    0.04,
    31.8,
    0.52,
    0.34,
    1.4,
    0.37,
    0.12,
    0.12,
    0.4,
    1.8,
    0.15,
    0.14,
    0.19,
    6.2,
    1.4,
    6.0,
    6.3,
    0.04,
    0.15,
    0.04,
    0.17,
    1.9,
    6.5,
    0.09,
    1.3,
    0.32,
    2.4,
    4.5,
    0.11,
    6.7,
    0.13,
    0.1,
    0.84,
    25.0,
    25.8,
    0.18,
    0.47,
    0.37,
    0.43
  ],
  "y_pred": [
    1.162038018112046,
    8.631455798289183,
    1.322522826581095,
    21.01757026371608,
    8.131668083568835,
    0.33605271954373733,
    11.906440966677954,
    22.455519723796105,
    0.7397066584340278,
    1.5053086914783187,
    1.162038018112046,
    1.3918342914087503,
    0.15775058054422025,
    1.8123704960919225,
    1.9137721549242384,
    10.787258864403944,
    0.8646889527304833,
    -0.8647160429705949,
    0.050122600124612574,
    8.741296757075586,
    1.162038018112046,
    8.131668083568835,
    9.216308602285364,
    0.3938217138152225,
    0.971992122969205,
    0.7806200402438218,
    1.1174847298798558,
    0.9757118376390415,
    18.230615980346126,
    2.971282778882376,
    1.3443921411369908,
    0.5576291380876348,
    1.1159441450178762,
    8.131668083568835,
    0.7806200402438218,
    8.131668083568835,
    0.9460964342490082,
    0.5940413101907804,
    0.8688343893800564,
    21.01757026371608,
    18.230615980346126,
    0.7806200402438218,
    0.8054215429975865,
    0.26855960706145676,
    0.7806200402438218
  ],
  "selected_features": [
    "K2O_wt",
    "Fe2O3T_wt",
    "SiO2_wt",
    "Al2O3_wt",
    "P2O5_tot_wt"
  ],
  "selected_models": [],
  "stacking_used": false,
  "stacked_model": true,
  "number_of_models": 1,
  "final_estimator": "lgbm",
  "final_estimator_params": {
    "lgbm_num_leaves": 93,
    "lgbm_lr": 0.05606423155270128,
    "lgbm_n_estimators": 230
  },
  "model_params": {
    "lgbm": {
      "lgbm_num_leaves": 93,
      "lgbm_lr": 0.05606423155270128,
      "lgbm_n_estimators": 230
    }
  },
  "use_random_split": true,
  "use_feature_selection": false,
  "model_name": "LGBM",
  "error_mean": -0.8002343460097161,
  "error_sdev": 3.6888936469787046,
  "uncertainty_median": 9.495257611838255,
  "uncertainty_mad": 4.855186649654623,
  "uncertainty_measure": 51.13275329782941,
  "feature_importance": {
    "K2O_wt": 0.45853128598066706,
    "Fe2O3T_wt": 0.013983143261254853,
    "SiO2_wt": 0.010656675825209523,
    "Al2O3_wt": 0.005242370142409285,
    "P2O5_tot_wt": 1.361719202863337
  }
}