{
  "y_test": [
    0.31,
    0.22,
    0.04,
    0.4,
    0.37,
    3.8,
    22.1,
    0.18,
    25.6,
    0.57,
    0.21,
    0.14,
    1.3,
    0.07,
    0.32,
    0.27,
    6.9,
    25.8,
    0.27,
    0.87,
    0.51,
    0.17,
    0.1,
    0.23,
    0.44,
    0.29,
    0.11,
    0.19,
    6.0,
    1.3,
    0.43,
    0.15,
    24.5,
    0.12,
    4.2,
    0.34,
    0.17,
    0.14,
    7.0,
    0.9,
    0.18,
    0.74,
    1.5,
    0.16,
    0.09
  ],
  "y_pred": [
    1.5250389408099692,
    0.43850077881619953,
    0.21357866043613696,
    0.5222546728971962,
    0.5119859813084112,
    5.24723520249222,
    29.189174454828663,
    0.314852955455759,
    25.16750389408099,
    0.2644719626168225,
    1.1619042056074769,
    3.6186253894081024,
    1.499065420560749,
    0.30529205607476645,
    0.45295560747663566,
    2.0896923676012444,
    1.4221339563862934,
    27.42418224299067,
    0.19600467289719625,
    1.7933021806853564,
    0.35129283489096585,
    0.27015576323987545,
    0.32205996884735205,
    0.22159349840190987,
    0.2953942327143262,
    0.4389369158878505,
    0.3284384735202491,
    0.21228582554517125,
    5.564232866043621,
    1.458633177570095,
    0.19416666666666652,
    0.4386760124610596,
    25.114778037383175,
    2.886164330218067,
    3.4643107476635437,
    0.29850856697819306,
    0.3822009345794387,
    0.30854361370716504,
    6.5139797507788195,
    1.3098481308411218,
    0.22727803738317734,
    0.8155919003115265,
    0.9925700934579446,
    0.21406542056074748,
    2.198512461059189
  ],
  "selected_features": [
    "Fe2O3T_wt",
    "SiO2_wt",
    "P2O5_tot_wt"
  ],
  "selected_models": [],
  "stacking_used": false,
  "stacked_model": true,
  "number_of_models": 1,
  "final_estimator": "et",
  "final_estimator_params": {
    "et_n_estimators": 214,
    "et_max_depth": 17,
    "et_min_samples_split": 5,
    "et_min_samples_leaf": 1,
    "et_bootstrap": false
  },
  "model_params": {
    "et": {
      "et_n_estimators": 214,
      "et_max_depth": 17,
      "et_min_samples_split": 5,
      "et_min_samples_leaf": 1,
      "et_bootstrap": false
    }
  },
  "use_random_split": true,
  "use_feature_selection": true,
  "model_name": "ET-FS",
  "error_mean": -0.4106660858698246,
  "error_sdev": 1.587435182164628,
  "uncertainty_median": 13.882301401869174,
  "uncertainty_mad": 6.473156122013188,
  "uncertainty_measure": 46.62884009377302,
  "feature_importance": {
    "K2O_wt": 0.05710762392233773,
    "Fe2O3T_wt": 1.1433940753191374,
    "SiO2_wt": 0.25575237691220776
  }
}