{
  "y_test": [
    0.09,
    4.2,
    1.3,
    7.4,
    0.15,
    6.9,
    1.9,
    0.1,
    38.0,
    11.7,
    0.03,
    6.6,
    5.7,
    0.44,
    0.17,
    6.7,
    0.84,
    6.3,
    0.22,
    1.3,
    0.14,
    0.25,
    0.12,
    0.05,
    0.14,
    0.04,
    0.4,
    0.04,
    0.12,
    5.4,
    0.11,
    2.4,
    8.9,
    6.1,
    0.09,
    1.4,
    1.53,
    0.68,
    0.18,
    3.4,
    1.8,
    0.15,
    6.2,
    2.6,
    0.12
  ],
  "y_pred": [
    3.431248664855957,
    5.888944149017334,
    0.6485376358032227,
    8.229920387268066,
    0.7283511161804199,
    4.603782653808594,
    1.087890386581421,
    0.29878053069114685,
    3.2649638652801514,
    7.416860103607178,
    0.16837608814239502,
    5.577045440673828,
    7.817421913146973,
    0.02280515991151333,
    0.2564544975757599,
    5.916854381561279,
    0.23102189600467682,
    5.504542350769043,
    0.5785636305809021,
    1.3880507946014404,
    0.6684555411338806,
    0.12208165973424911,
    0.17548768222332,
    0.333793044090271,
    0.1642526537179947,
    0.18593356013298035,
    0.37266862392425537,
    0.21365967392921448,
    0.8482919335365295,
    4.4278483390808105,
    0.6562377214431763,
    2.1140737533569336,
    6.209051132202148,
    4.890174865722656,
    0.14950791001319885,
    1.4105271100997925,
    0.280515193939209,
    0.5288611650466919,
    0.22650480270385742,
    2.804365634918213,
    6.507053375244141,
    0.5242175459861755,
    3.9879915714263916,
    0.909110963344574,
    0.4312282204627991
  ],
  "selected_features": [
    "SiO2_wt",
    "Al2O3_wt",
    "P2O5_tot_wt"
  ],
  "selected_models": [],
  "stacking_used": false,
  "stacked_model": true,
  "number_of_models": 1,
  "final_estimator": "xgb",
  "final_estimator_params": {
    "xgb_n_estimators": 247,
    "xgb_lr": 0.23275353339272278,
    "xgb_max_depth": 6,
    "xgb_subsample": 0.9994330014733436,
    "xgb_colsample": 0.8470526869799822
  },
  "model_params": {
    "xgb": {
      "xgb_n_estimators": 247,
      "xgb_lr": 0.23275353339272278,
      "xgb_max_depth": 6,
      "xgb_subsample": 0.9994330014733436,
      "xgb_colsample": 0.8470526869799822
    }
  },
  "use_random_split": true,
  "use_feature_selection": true,
  "model_name": "XGB-FS",
  "error_mean": 0.893282015033894,
  "error_sdev": 5.353338573394384,
  "uncertainty_median": 5.951296806335449,
  "uncertainty_mad": 1.6476010084152222,
  "uncertainty_measure": 27.68473934389005,
  "feature_importance": {
    "K2O_wt": 0.0005251783037373747,
    "Fe2O3T_wt": -0.014140216425507978,
    "SiO2_wt": 0.3757203315826655
  }
}