{
  "y_test": [
    0.21,
    0.07,
    0.44,
    1.2,
    6.9,
    11.7,
    0.04,
    8.9,
    6.7,
    2.4,
    0.17,
    0.24,
    6.1,
    6.2,
    0.16,
    6.6,
    6.9,
    24.5,
    0.9,
    0.21,
    31.8,
    0.04,
    1.44,
    4.5,
    0.18,
    8.0,
    0.56,
    0.35,
    4.2,
    0.37,
    0.19,
    1.8,
    5.7,
    1.44,
    0.14,
    1.9,
    10.1,
    1.4,
    0.14,
    0.47,
    5.1,
    8.7,
    1.47,
    0.1,
    7.4
  ],
  "y_pred": [
    0.15916889905929565,
    0.32716089487075806,
    0.255637526512146,
    0.4884311258792877,
    0.808735728263855,
    15.83531665802002,
    0.17936287820339203,
    16.899343490600586,
    7.977503299713135,
    0.8592959046363831,
    0.24483966827392578,
    0.41016247868537903,
    3.6362481117248535,
    4.123216152191162,
    0.33929914236068726,
    4.577272891998291,
    4.889473915100098,
    25.297243118286133,
    1.93575918674469,
    1.2507131099700928,
    31.21152687072754,
    0.3390597403049469,
    0.9669942855834961,
    7.378817558288574,
    0.21267011761665344,
    4.416948318481445,
    0.2291901558637619,
    0.33098727464675903,
    3.6362481117248535,
    0.4321940541267395,
    0.3694359362125397,
    15.592558860778809,
    4.416948318481445,
    0.2060069739818573,
    0.18177789449691772,
    0.9129060506820679,
    6.255658149719238,
    1.8185440301895142,
    0.18336941301822662,
    0.3383367955684662,
    4.327223777770996,
    10.375238418579102,
    0.7814734578132629,
    0.3741620182991028,
    8.814949035644531
  ],
  "selected_features": [
    "Fe2O3T_wt",
    "SiO2_wt",
    "Al2O3_wt",
    "P2O5_tot_wt"
  ],
  "selected_models": [],
  "stacking_used": false,
  "stacked_model": true,
  "number_of_models": 1,
  "final_estimator": "xgb",
  "final_estimator_params": {
    "xgb_n_estimators": 77,
    "xgb_lr": 0.04406667072642058,
    "xgb_max_depth": 9,
    "xgb_subsample": 0.9638800908032638,
    "xgb_colsample": 0.9706557354015097
  },
  "model_params": {
    "xgb": {
      "xgb_n_estimators": 77,
      "xgb_lr": 0.04406667072642058,
      "xgb_max_depth": 9,
      "xgb_subsample": 0.9638800908032638,
      "xgb_colsample": 0.9706557354015097
    }
  },
  "use_random_split": true,
  "use_feature_selection": true,
  "model_name": "XGB-FS",
  "error_mean": -0.14594243999322265,
  "error_sdev": 2.9418710513100095,
  "uncertainty_median": 15.440896987915039,
  "uncertainty_mad": 6.422606468200684,
  "uncertainty_measure": 41.594775700060666,
  "feature_importance": {
    "K2O_wt": 0.26614938870468063,
    "Fe2O3T_wt": 0.29846920573875196,
    "SiO2_wt": 0.11705515832820242,
    "Al2O3_wt": 1.4750411075782248
  }
}