{
  "y_test": [
    1.3,
    4.2,
    0.09,
    25.6,
    6.9,
    2.6,
    0.04,
    31.8,
    0.52,
    0.34,
    1.4,
    0.37,
    0.12,
    0.12,
    0.4,
    1.8,
    0.15,
    0.14,
    0.19,
    6.2,
    1.4,
    6.0,
    6.3,
    0.04,
    0.15,
    0.04,
    0.17,
    1.9,
    6.5,
    0.09,
    1.3,
    0.32,
    2.4,
    4.5,
    0.11,
    6.7,
    0.13,
    0.1,
    0.84,
    25.0,
    25.8,
    0.18,
    0.47,
    0.37,
    0.43
  ],
  "y_pred": [
    1.7125925925925922,
    12.155555555555553,
    0.6104135802469135,
    26.06296296296297,
    7.044444444444441,
    1.048888888888889,
    3.3323175381263628,
    31.392592592592592,
    0.23319650075459328,
    0.7425925925925926,
    1.6918518518518513,
    0.28771252204585546,
    0.3865351263962375,
    0.6437860082304526,
    0.2791940035273369,
    21.340740740740742,
    1.263518518518519,
    0.4426818927228283,
    0.09491975308641978,
    10.618518518518515,
    1.6348148148148145,
    4.34074074074074,
    12.18148148148148,
    0.29610553153862407,
    0.193312381787141,
    0.16800518000518,
    0.2191410253657846,
    1.4174074074074074,
    9.781481481481478,
    0.8797465504720408,
    0.9753439153439154,
    0.7392619825708062,
    2.795185185185186,
    8.440740740740738,
    0.44863299663299677,
    6.866666666666666,
    0.2140172078253004,
    0.22136184597295705,
    0.30665381864246677,
    24.31851851851852,
    24.25925925925926,
    0.23555263309356878,
    0.3734644552977886,
    0.3039982550702365,
    0.1607497194163861
  ],
  "selected_features": [
    "K2O_wt",
    "Fe2O3T_wt",
    "SiO2_wt",
    "Al2O3_wt",
    "P2O5_tot_wt"
  ],
  "selected_models": [],
  "stacking_used": false,
  "stacked_model": true,
  "number_of_models": 1,
  "final_estimator": "rf",
  "final_estimator_params": {
    "rf_n_estimators": 27,
    "rf_max_depth": 10
  },
  "model_params": {
    "rf": {
      "rf_n_estimators": 27,
      "rf_max_depth": 10
    }
  },
  "use_random_split": true,
  "use_feature_selection": false,
  "model_name": "RF",
  "error_mean": -1.0585924439939498,
  "error_sdev": 3.366970027104775,
  "uncertainty_median": 16.8037037037037,
  "uncertainty_mad": 5.516235165183727,
  "uncertainty_measure": 32.82749602379561,
  "feature_importance": {
    "K2O_wt": 0.08975624631397848,
    "Fe2O3T_wt": 0.2110064482045183,
    "SiO2_wt": 0.6713305707121147,
    "Al2O3_wt": 0.004324776715997184,
    "P2O5_tot_wt": 1.4065067302493448
  }
}