{
  "y_test": [
    1.53,
    4.2,
    8.7,
    0.24,
    0.04,
    0.35,
    3.4,
    1.3,
    0.56,
    1.8,
    8.0,
    0.22,
    6.7,
    0.18,
    0.4,
    2.4,
    0.51,
    1.47,
    0.52,
    1.2,
    7.4,
    0.43,
    10.1,
    0.25,
    5.4,
    0.11,
    6.5,
    2.7,
    25.0,
    11.7,
    2.6,
    2.4,
    0.31,
    0.15,
    25.8,
    1.3,
    1.44,
    0.47,
    0.05,
    0.17,
    0.14,
    6.1,
    0.15,
    0.57,
    1.44
  ],
  "y_pred": [
    -0.09461605548858643,
    1.7076994180679321,
    13.24543285369873,
    0.2651112377643585,
    1.4934067726135254,
    0.021088121458888054,
    1.7597938776016235,
    0.3048210144042969,
    0.09287722408771515,
    12.174678802490234,
    5.601943016052246,
    0.6611109972000122,
    5.666628360748291,
    0.17693763971328735,
    0.03790856897830963,
    2.0213842391967773,
    0.19375810027122498,
    0.6618271470069885,
    0.19375810027122498,
    0.4441644549369812,
    5.563091278076172,
    0.15637773275375366,
    16.091537475585938,
    0.1768801510334015,
    4.673923492431641,
    0.15637773275375366,
    13.294215202331543,
    1.8862217664718628,
    26.347604751586914,
    9.442474365234375,
    0.673487663269043,
    1.998891830444336,
    2.3781447410583496,
    1.9310449361801147,
    25.333261489868164,
    1.7290247678756714,
    0.7984557151794434,
    0.41907477378845215,
    0.17693763971328735,
    0.5002869963645935,
    0.016305074095726013,
    4.9632439613342285,
    0.6939542889595032,
    0.19375810027122498,
    0.15637773275375366
  ],
  "selected_features": [
    "K2O_wt",
    "Fe2O3T_wt",
    "SiO2_wt",
    "Al2O3_wt",
    "P2O5_tot_wt"
  ],
  "selected_models": [],
  "stacking_used": false,
  "stacked_model": true,
  "number_of_models": 1,
  "final_estimator": "xgb",
  "final_estimator_params": {
    "xgb_n_estimators": 100,
    "xgb_lr": 0.032684093924812585,
    "xgb_max_depth": 3,
    "xgb_subsample": 0.7576014128344903,
    "xgb_colsample": 0.8029243153827446
  },
  "model_params": {
    "xgb": {
      "xgb_n_estimators": 100,
      "xgb_lr": 0.032684093924812585,
      "xgb_max_depth": 3,
      "xgb_subsample": 0.7576014128344903,
      "xgb_colsample": 0.8029243153827446
    }
  },
  "use_random_split": true,
  "use_feature_selection": true,
  "model_name": "XGB-FS",
  "error_mean": -0.22179261223309568,
  "error_sdev": 2.4263923659655697,
  "uncertainty_median": 13.540474891662598,
  "uncertainty_mad": 5.71482515335083,
  "uncertainty_measure": 42.205500169493114,
  "feature_importance": {
    "K2O_wt": 0.14399520287299805,
    "Fe2O3T_wt": 0.16358360783581968,
    "SiO2_wt": 0.3680148140193901,
    "Al2O3_wt": 0.0032657452635050997,
    "P2O5_tot_wt": 1.08551265591838
  }
}