{
  "y_test": [
    8.9,
    0.19,
    0.34,
    0.37,
    6.9,
    0.12,
    0.19,
    34.0,
    0.51,
    0.52,
    1.3,
    0.32,
    0.1,
    1.44,
    0.21,
    0.15,
    6.7,
    3.8,
    6.9,
    0.1,
    1.47,
    0.14,
    0.04,
    0.17,
    0.04,
    6.3,
    0.11,
    0.07,
    0.68,
    0.19,
    0.4,
    0.17,
    0.37,
    2.7,
    0.02,
    0.04,
    0.07,
    0.73,
    0.24,
    0.35,
    1.2,
    0.43,
    0.15,
    0.4,
    25.8
  ],
  "y_pred": [
    1.793950386243169,
    0.12351151557066273,
    1.6175051486910104,
    8.128582446326659,
    4.61109085141751,
    6.2013042097897735,
    0.9015515637348542,
    26.232652773608656,
    0.3118380019638464,
    0.5730550035911696,
    1.9634259488385333,
    0.9008161186209434,
    0.32586100098574905,
    0.149082570865743,
    0.13804072207849097,
    0.7158844774157715,
    4.374727050051749,
    3.6040724972876568,
    1.1326248977344944,
    0.5629589961291309,
    0.9555375031916047,
    0.1343866903508788,
    0.28239534799088434,
    0.5649794709629046,
    0.1365962360507678,
    6.648804621506863,
    0.13672742825853454,
    1.871303775385699,
    1.2891864957594974,
    0.3166244915774043,
    0.6482600081800797,
    0.2544887147408034,
    0.4509272160464913,
    1.1086158129357062,
    0.7283073306406773,
    0.3301666240073457,
    0.2783279540545309,
    0.7771314184662879,
    0.5023727613859176,
    3.549687744347915,
    0.8541072183704446,
    0.1330806359617238,
    0.9902983929900239,
    0.5334855215791404,
    23.82009879672883
  ],
  "selected_features": [
    "K2O_wt",
    "Fe2O3T_wt",
    "SiO2_wt",
    "Al2O3_wt",
    "P2O5_tot_wt"
  ],
  "selected_models": [],
  "stacking_used": false,
  "stacked_model": true,
  "number_of_models": 1,
  "final_estimator": "knn",
  "final_estimator_params": {
    "knn_n": 8,
    "knn_weights": "distance"
  },
  "model_params": {
    "knn": {
      "knn_n": 8,
      "knn_weights": "distance"
    }
  },
  "use_random_split": true,
  "use_feature_selection": false,
  "model_name": "KNN",
  "error_mean": 0.0818125690574105,
  "error_sdev": 2.5204245018708678,
  "uncertainty_median": 5.278479575268995,
  "uncertainty_mad": 7.104857202800389,
  "uncertainty_measure": 134.6004488885101,
  "feature_importance": {
    "K2O_wt": 0.0041908219154659955,
    "Fe2O3T_wt": 0.010928181056796096,
    "SiO2_wt": 1.5521242601757026,
    "Al2O3_wt": 0.008080648901785194,
    "P2O5_tot_wt": 0.005940916586472385
  }
}