{
  "y_test": [
    0.09,
    1.18,
    0.25,
    0.34,
    10.4,
    0.37,
    1.5,
    0.09,
    22.1,
    1.3,
    0.1,
    1.2,
    0.4,
    0.19,
    5.1,
    0.44,
    25.8,
    5.7,
    0.05,
    1.3,
    6.1,
    0.18,
    1.3,
    2.7,
    0.18,
    6.5,
    0.25,
    0.29,
    0.14,
    0.15,
    1.3,
    3.8,
    2.4,
    2.4,
    0.27,
    0.1,
    2.6,
    1.4,
    0.09,
    0.11,
    0.13,
    0.27,
    0.16,
    4.2,
    0.37
  ],
  "y_pred": [
    5.4039321026304545,
    0.6781155806914174,
    0.7074279729902028,
    0.4412037365262349,
    6.439595393210902,
    1.2966112005434833,
    0.3760393337230644,
    0.2916977948718984,
    28.243646850437454,
    3.0462018880552257,
    0.4502912554381142,
    0.5835443517548897,
    0.33900924912284164,
    0.20617585554515688,
    5.2364532708547005,
    0.2619273799577184,
    26.864715907840992,
    4.254203951255908,
    0.33306498874683893,
    0.8748814540749855,
    4.91782469263947,
    0.41147224940333615,
    3.9684915618570344,
    0.423521263082763,
    0.15963955390432125,
    7.800588196484578,
    1.6895570972766571,
    0.5364287176766358,
    0.4256645729783925,
    0.4424236487641875,
    3.3370652624041917,
    5.132524890306128,
    1.6202176884192754,
    0.2773386204093802,
    0.5626814585729937,
    0.17475264009550304,
    5.537886102671316,
    3.9924966313440553,
    0.4016333428413393,
    0.40011836723298977,
    0.607324769985492,
    0.7202504430119537,
    0.3618952066726778,
    5.582849337816642,
    0.3293873359004842
  ],
  "selected_features": [
    "K2O_wt",
    "Fe2O3T_wt",
    "SiO2_wt",
    "P2O5_tot_wt"
  ],
  "selected_models": [],
  "stacking_used": false,
  "stacked_model": true,
  "number_of_models": 1,
  "final_estimator": "knn",
  "final_estimator_params": {
    "knn_n": 6,
    "knn_weights": "distance"
  },
  "model_params": {
    "knn": {
      "knn_n": 6,
      "knn_weights": "distance"
    }
  },
  "use_random_split": true,
  "use_feature_selection": true,
  "model_name": "KNN-FS",
  "error_mean": -0.46339495933387287,
  "error_sdev": 1.7090962693120235,
  "uncertainty_median": 6.305025231421824,
  "uncertainty_mad": 9.039381263129435,
  "uncertainty_measure": 143.36788405033863,
  "feature_importance": {
    "K2O_wt": 0.02497403050399635,
    "Fe2O3T_wt": 0.011031941860984808,
    "SiO2_wt": 2.1787996054589613,
    "Al2O3_wt": 0.010808646431427996
  }
}