{
  "y_test": [
    0.27,
    0.9,
    0.13,
    0.37,
    10.4,
    6.0,
    0.36,
    0.51,
    11.7,
    38.0,
    0.42,
    0.52,
    0.04,
    0.07,
    0.07,
    0.24,
    10.1,
    0.1,
    8.0,
    1.9,
    2.6,
    4.2,
    0.05,
    0.19,
    0.17,
    5.7,
    0.37,
    0.04,
    0.25,
    4.2,
    0.29,
    6.9,
    0.15,
    0.31,
    0.19,
    0.73,
    0.12,
    2.7,
    8.9,
    1.3,
    1.47,
    0.44,
    0.68,
    25.6,
    25.0
  ],
  "y_pred": [
    1.215236263736264,
    1.0579999999999996,
    0.23454097993955125,
    0.3414103846047704,
    4.9630769230769225,
    4.446153846153846,
    0.27940147203224114,
    0.35902593435975794,
    5.453846153846154,
    5.256923076923075,
    0.46946940314587393,
    0.4405845621698563,
    0.3474464197988373,
    0.22288863953234656,
    1.1025164835164838,
    0.4819663003663005,
    6.803076923076922,
    0.2954142297917605,
    6.653846153846151,
    2.549538461538463,
    1.0703076923076915,
    2.8103076923076946,
    0.18909729159729158,
    0.5518271010035715,
    0.29439205990088346,
    4.855384615384615,
    0.4132797388885624,
    0.2738318305625997,
    0.19918266880888355,
    6.701538461538464,
    0.19479178172255096,
    1.1743846153846147,
    0.2536516608122231,
    0.2571622745574522,
    0.4583222643118572,
    0.6437715470803704,
    0.5915198411137033,
    2.246153846153849,
    5.881538461538457,
    1.3070256410256413,
    0.7255282051282052,
    0.19576080411989583,
    0.9004652014652015,
    25.627692307692293,
    24.033846153846156
  ],
  "selected_features": [
    "K2O_wt",
    "Fe2O3T_wt",
    "SiO2_wt",
    "Al2O3_wt",
    "P2O5_tot_wt"
  ],
  "selected_models": [],
  "stacking_used": false,
  "stacked_model": true,
  "number_of_models": 1,
  "final_estimator": "rf",
  "final_estimator_params": {
    "rf_n_estimators": 65,
    "rf_max_depth": 10
  },
  "model_params": {
    "rf": {
      "rf_n_estimators": 65,
      "rf_max_depth": 10
    }
  },
  "use_random_split": true,
  "use_feature_selection": false,
  "model_name": "RF",
  "error_mean": 1.2849971917842602,
  "error_sdev": 5.089280194410051,
  "uncertainty_median": 5.927692307692307,
  "uncertainty_mad": 3.9369879572315356,
  "uncertainty_measure": 66.41687444070851,
  "feature_importance": {
    "K2O_wt": 0.0012784544837972456,
    "Fe2O3T_wt": 0.013448832269744849,
    "SiO2_wt": 0.5627815555215132,
    "Al2O3_wt": 0.00883919547114319,
    "P2O5_tot_wt": 0.25879857684591717
  }
}