{
  "y_test": [
    0.23,
    0.22,
    0.4,
    6.9,
    8.9,
    0.4,
    0.62,
    0.15,
    7.4,
    0.02,
    0.04,
    0.12,
    0.14,
    10.4,
    0.04,
    1.3,
    0.42,
    6.5,
    1.53,
    0.14,
    1.3,
    0.14,
    25.6,
    0.1,
    0.51,
    0.32,
    4.2,
    0.16,
    0.4,
    6.2,
    0.73,
    11.7,
    0.11,
    6.3,
    2.4,
    0.21,
    0.14,
    2.7,
    1.5,
    6.1,
    0.04,
    10.1,
    24.5,
    0.09,
    0.87
  ],
  "y_pred": [
    0.8915322943292827,
    1.0629897365951335,
    -0.31622621035466536,
    6.760713783599746,
    1.7301565769088845,
    0.6704801049160329,
    0.3776069599963192,
    2.1554592242087107,
    8.919279076702205,
    0.9919970764095416,
    1.289545179295443,
    10.527480017863985,
    3.8554842341678395,
    11.519195204701516,
    -0.9783692135192561,
    4.049242166680941,
    4.324480405014176,
    8.976373983524088,
    3.3594129766006784,
    0.4861618474002063,
    3.0755982045946713,
    1.171433451109076,
    27.6125077702987,
    0.3201830019584462,
    0.671048600926712,
    0.33148685335934247,
    3.63931784986395,
    0.8111063955359887,
    2.3097628655940383,
    4.46388724818719,
    0.3278878479451086,
    5.742201932905534,
    -1.4100346562033204,
    5.7709799060971925,
    0.7588070318970124,
    -1.0145095635331545,
    16.209512013850347,
    1.7144172240733957,
    -0.05729639185844504,
    3.6165251959999534,
    0.21589962227444048,
    8.607218027416977,
    30.651741042809633,
    9.321544720301056,
    2.0515506817353586
  ],
  "selected_features": [
    "K2O_wt",
    "Fe2O3T_wt",
    "SiO2_wt",
    "Al2O3_wt"
  ],
  "selected_models": [],
  "stacking_used": false,
  "stacked_model": true,
  "number_of_models": 1,
  "final_estimator": "ann",
  "final_estimator_params": {
    "ann_hidden": 79,
    "ann_alpha": 6.176469460575708e-05
  },
  "model_params": {
    "ann": {
      "ann_hidden": 79,
      "ann_alpha": 6.176469460575708e-05
    }
  },
  "feature_names": [
    "K2O_wt",
    "Fe2O3T_wt",
    "SiO2_wt",
    "Al2O3_wt",
    "P2O5_tot_wt"
  ],
  "use_random_split": true,
  "use_feature_selection": true,
  "model_name": "ANN-FS",
  "error_mean": -1.0061282733817778,
  "error_sdev": 3.7719360311511227,
  "uncertainty_median": 6.05507801414557,
  "uncertainty_mad": 7.191793035629096,
  "uncertainty_measure": 118.77292115523514,
  "feature_importance": {
    "K2O_wt": 0.48231864975133326,
    "Fe2O3T_wt": 0.010737849338739048,
    "SiO2_wt": 0.40743499932095467,
    "Al2O3_wt": 1.5862229449987564
  },
  "run": 4
}