{
  "y_test": [
    0.05,
    0.23,
    0.04,
    2.4,
    1.47,
    31.8,
    0.14,
    0.74,
    0.29,
    0.19,
    0.17,
    2.6,
    1.4,
    2.4,
    0.56,
    0.02,
    1.3,
    0.62,
    1.4,
    4.2,
    0.52,
    0.1,
    5.1,
    6.5,
    22.1,
    0.84,
    0.27,
    25.6,
    0.68,
    10.4,
    0.44,
    0.25,
    8.0,
    2.4,
    0.29,
    0.15,
    0.18,
    0.17,
    0.09,
    29.4,
    1.8,
    0.27,
    0.9,
    6.9,
    0.04
  ],
  "y_pred": [
    -1.2964322448682677,
    0.3985653247211993,
    0.24146901608834057,
    3.9828347732358567,
    1.6048842907668839,
    14.148783399865728,
    0.8874873976705242,
    1.0754678435523328,
    -0.695046513290675,
    1.1150775930273318,
    0.8690704800312073,
    0.7107827441703752,
    2.2102980375285086,
    3.928037940304849,
    3.1014154312422155,
    3.6312870239851374,
    2.2102980375285086,
    0.7248264938804222,
    2.233327522239743,
    5.496404571041402,
    0.6098241245340694,
    0.37418514420851234,
    5.2934268391091015,
    13.321873972133757,
    28.65966980051552,
    0.2335005937190238,
    2.614173913581726,
    11.778460122477506,
    0.8276511254979645,
    8.790038175912084,
    0.47698263156447596,
    0.13788594151123365,
    6.369976792060734,
    2.161511909910627,
    1.0805810879579698,
    0.6739027863594106,
    0.46077528730754047,
    0.7256813770854099,
    2.1155267434956855,
    18.923201896084525,
    4.513913320869913,
    0.4810578068097455,
    0.44557654681333936,
    2.187268552817274,
    0.728322322601671
  ],
  "selected_features": [
    "K2O_wt",
    "P2O5_tot_wt"
  ],
  "selected_models": [],
  "stacking_used": false,
  "stacked_model": true,
  "number_of_models": 1,
  "final_estimator": "ann",
  "final_estimator_params": {
    "ann_hidden": 86,
    "ann_alpha": 0.014240944583788427
  },
  "model_params": {
    "ann": {
      "ann_hidden": 86,
      "ann_alpha": 0.014240944583788427
    }
  },
  "use_random_split": true,
  "use_feature_selection": true,
  "model_name": "ANN-FS",
  "error_mean": 0.32991537827421247,
  "error_sdev": 4.21230633946293,
  "uncertainty_median": 15.278816252108133,
  "uncertainty_mad": 5.847984691734897,
  "uncertainty_measure": 38.275116312940845,
  "feature_importance": {
    "K2O_wt": 0.15447739562294666,
    "Fe2O3T_wt": 1.0532949036066157
  }
}