{
  "y_test": [
    1.9,
    1.44,
    0.09,
    2.4,
    0.68,
    0.42,
    34.0,
    25.6,
    2.6,
    0.27,
    25.0,
    0.18,
    0.24,
    6.3,
    0.32,
    1.47,
    0.74,
    1.4,
    0.41,
    1.3,
    6.7,
    0.87,
    0.15,
    1.53,
    0.46,
    6.5,
    1.2,
    2.4,
    0.37,
    0.04,
    0.35,
    1.8,
    0.25,
    0.19,
    0.34,
    11.7,
    0.14,
    0.1,
    0.04,
    0.18,
    0.1,
    5.1,
    0.37,
    4.2,
    0.27
  ],
  "y_pred": [
    4.948550567797164,
    0.2972758382524487,
    4.533526608814716,
    3.1752257911791513,
    0.9441507141649372,
    1.9371339502508411,
    26.07745884773662,
    25.66694444444444,
    2.2004026485750323,
    0.6407525765106167,
    21.117746121742687,
    0.31925576447834586,
    0.6627651898866528,
    7.6224238462731195,
    0.6856872902671587,
    1.7774378493172165,
    1.0005078056934122,
    2.400825708131925,
    0.9620480716715487,
    2.3351666637985846,
    6.574477303568575,
    2.0009322205407454,
    0.4121424018944695,
    1.0492508762945878,
    0.7176433537077797,
    9.21133276304974,
    0.7510163464346831,
    1.748641487251706,
    0.5890751509109822,
    0.317626388425802,
    1.2823613260477285,
    6.410536752449858,
    0.6605621123136369,
    0.3036989028519365,
    0.5685438933132745,
    8.015342431342264,
    0.4456324070904765,
    0.47751257235923833,
    0.30772187732593875,
    0.39564047494045607,
    0.43275101052600784,
    5.02662203157703,
    2.885901070271843,
    5.333805924366428,
    2.4927786952811677
  ],
  "selected_features": [
    "Fe2O3T_wt",
    "SiO2_wt",
    "Al2O3_wt",
    "P2O5_tot_wt"
  ],
  "selected_models": [],
  "stacking_used": false,
  "stacked_model": true,
  "number_of_models": 1,
  "final_estimator": "et",
  "final_estimator_params": {
    "et_n_estimators": 81,
    "et_max_depth": 5,
    "et_min_samples_split": 2,
    "et_min_samples_leaf": 2,
    "et_bootstrap": false
  },
  "model_params": {
    "et": {
      "et_n_estimators": 81,
      "et_max_depth": 5,
      "et_min_samples_split": 2,
      "et_min_samples_leaf": 2,
      "et_bootstrap": false
    }
  },
  "use_random_split": true,
  "use_feature_selection": true,
  "model_name": "ET-FS",
  "error_mean": -0.3468185794027327,
  "error_sdev": 1.9620926358517004,
  "uncertainty_median": 7.839469255594147,
  "uncertainty_mad": 4.27576982599533,
  "uncertainty_measure": 54.54157273394745,
  "feature_importance": {
    "K2O_wt": 0.0015984211820863814,
    "Fe2O3T_wt": 0.5583158887758136,
    "SiO2_wt": 0.1597281931574516,
    "Al2O3_wt": 0.22376607129179213
  }
}