{
  "y_test": [
    0.09,
    0.14,
    25.6,
    6.6,
    0.04,
    0.24,
    0.22,
    0.07,
    0.4,
    22.1,
    0.31,
    1.3,
    6.7,
    0.32,
    0.09,
    0.02,
    0.17,
    10.4,
    0.04,
    0.16,
    1.18,
    6.0,
    6.1,
    6.5,
    0.14,
    0.17,
    5.4,
    0.15,
    0.36,
    25.8,
    0.07,
    0.37,
    0.16,
    0.12,
    10.1,
    7.4,
    0.25,
    2.4,
    1.2,
    6.2,
    0.1,
    1.53,
    0.52,
    11.7,
    1.9
  ],
  "y_pred": [
    0.5365938844815151,
    1.9348930021651884,
    30.80096837373838,
    2.0004991448209046,
    0.2601999692157337,
    2.263833630944734,
    0.5868075574169612,
    3.87583729416281,
    0.32624050293600365,
    31.33339190018233,
    2.9713419459157624,
    3.6054478431208197,
    4.848709943237142,
    0.6995259279579183,
    2.101764502772888,
    0.22690813619569578,
    0.616617192897368,
    4.481190259924932,
    0.20952469753043293,
    0.36048601225166166,
    0.957205419849603,
    4.397086310307505,
    4.7049931725238405,
    6.60008137876199,
    0.43098259780684217,
    0.2791362187341878,
    1.232335927583751,
    0.30092902564313634,
    0.2390156949536798,
    27.481421349913973,
    0.3408023156859474,
    2.7036132067262115,
    0.16180761298603433,
    1.5895423801770048,
    5.946876177240773,
    6.852190822455851,
    0.4791479051179906,
    1.1548344582737788,
    0.7653766542028357,
    4.062631478922599,
    0.5486120769093684,
    0.7444459190588356,
    2.2451818904572174,
    4.525019680941669,
    4.514575115935872
  ],
  "selected_features": [
    "K2O_wt",
    "Fe2O3T_wt",
    "SiO2_wt"
  ],
  "selected_models": [],
  "stacking_used": false,
  "stacked_model": true,
  "number_of_models": 1,
  "final_estimator": "knn",
  "final_estimator_params": {
    "knn_n": 3,
    "knn_weights": "distance"
  },
  "model_params": {
    "knn": {
      "knn_n": 3,
      "knn_weights": "distance"
    }
  },
  "use_random_split": true,
  "use_feature_selection": true,
  "model_name": "KNN-FS",
  "error_mean": -0.1437472558453262,
  "error_sdev": 2.733150125317745,
  "uncertainty_median": 3.7628201554513394,
  "uncertainty_mad": 9.438380367718029,
  "uncertainty_measure": 250.832619625583,
  "feature_importance": {
    "K2O_wt": 0.04689568008604463,
    "Fe2O3T_wt": 0.06928305824905831,
    "SiO2_wt": 2.211559037585335
  }
}