{
  "y_test": [
    0.4,
    7.4,
    6.6,
    6.2,
    0.57,
    0.47,
    0.14,
    0.29,
    0.36,
    8.9,
    1.4,
    6.7,
    2.4,
    5.7,
    0.05,
    1.8,
    0.9,
    6.3,
    1.53,
    34.0,
    0.02,
    4.2,
    4.2,
    1.3,
    6.9,
    0.87,
    29.4,
    0.04,
    6.5,
    1.9,
    0.09,
    0.52,
    1.47,
    0.17,
    0.04,
    0.18,
    4.5,
    0.07,
    31.8,
    0.25,
    0.19,
    0.23,
    0.15,
    25.6,
    1.44
  ],
  "y_pred": [
    0.2463863492012024,
    8.310202598571777,
    9.4945707321167,
    6.506558895111084,
    0.15060116350650787,
    0.07412642240524292,
    0.15622922778129578,
    0.17406882345676422,
    0.14285346865653992,
    17.788984298706055,
    1.5559866428375244,
    8.887018203735352,
    2.8889012336730957,
    7.671292781829834,
    7.042811870574951,
    16.764007568359375,
    2.0323567390441895,
    8.459321975708008,
    0.39939919114112854,
    27.184978485107422,
    2.4855377674102783,
    3.383216142654419,
    25.79369354248047,
    1.825664758682251,
    6.203001499176025,
    2.029348373413086,
    25.513818740844727,
    0.18896548449993134,
    7.56558084487915,
    3.333423137664795,
    0.1986476331949234,
    0.2881423234939575,
    0.5674653649330139,
    0.10434150695800781,
    0.2814374268054962,
    0.2138817459344864,
    10.647479057312012,
    0.43638747930526733,
    27.184978485107422,
    0.2925470471382141,
    0.15527579188346863,
    0.287702351808548,
    1.0017534494400024,
    20.832406997680664,
    0.06889079511165619
  ],
  "selected_features": [
    "Fe2O3T_wt",
    "SiO2_wt",
    "P2O5_tot_wt"
  ],
  "selected_models": [],
  "stacking_used": false,
  "stacked_model": true,
  "number_of_models": 1,
  "final_estimator": "xgb",
  "final_estimator_params": {
    "xgb_n_estimators": 116,
    "xgb_lr": 0.061690224878125685,
    "xgb_max_depth": 7,
    "xgb_subsample": 0.7247310854943786,
    "xgb_colsample": 0.9650470772509152
  },
  "model_params": {
    "xgb": {
      "xgb_n_estimators": 116,
      "xgb_lr": 0.061690224878125685,
      "xgb_max_depth": 7,
      "xgb_subsample": 0.7247310854943786,
      "xgb_colsample": 0.9650470772509152
    }
  },
  "use_random_split": true,
  "use_feature_selection": true,
  "model_name": "XGB-FS",
  "error_mean": -1.1705387648741408,
  "error_sdev": 4.625670019232154,
  "uncertainty_median": 13.915169715881348,
  "uncertainty_mad": 4.941544055938721,
  "uncertainty_measure": 35.51192085209675,
  "feature_importance": {
    "K2O_wt": 0.1914060972350205,
    "Fe2O3T_wt": 0.3363327156786797,
    "SiO2_wt": 0.7864566500541674
  }
}