{
  "y_test": [
    0.21,
    0.07,
    0.44,
    1.2,
    6.9,
    11.7,
    0.04,
    8.9,
    6.7,
    2.4,
    0.17,
    0.24,
    6.1,
    6.2,
    0.16,
    6.6,
    6.9,
    24.5,
    0.9,
    0.21,
    31.8,
    0.04,
    1.44,
    4.5,
    0.18,
    8.0,
    0.56,
    0.35,
    4.2,
    0.37,
    0.19,
    1.8,
    5.7,
    1.44,
    0.14,
    1.9,
    10.1,
    1.4,
    0.14,
    0.47,
    5.1,
    8.7,
    1.47,
    0.1,
    7.4
  ],
  "y_pred": [
    0.2023220614648982,
    0.2988650651252666,
    0.3005482664222609,
    0.5370598067446763,
    1.2414075899053445,
    11.70000117695512,
    0.2493956113230457,
    10.512898541124772,
    6.853433448196954,
    0.9546135536127481,
    0.3571455935606374,
    0.3636975987859138,
    5.902330995094502,
    6.849736111111115,
    0.3186466902542986,
    6.534728169708745,
    6.706211225974732,
    25.233402777777783,
    1.1153089907389817,
    0.635914428311772,
    28.129444444444463,
    0.5720154226763433,
    0.7340880306879012,
    7.621538895527403,
    0.25491788710097935,
    6.7289700776493735,
    0.7320230350904279,
    0.6915933108844283,
    5.913374934488441,
    0.38486224665542845,
    0.3302451071710552,
    10.634276050547028,
    7.549199244316041,
    0.20904345474013958,
    0.3520249549991943,
    1.3593949647229076,
    7.974104166666669,
    1.4110868566442254,
    0.2454553514160306,
    0.3209736240916381,
    5.463315410678918,
    7.078965277777781,
    0.6984004597792102,
    0.3492041279494717,
    6.584825391930969
  ],
  "selected_features": [
    "K2O_wt",
    "Fe2O3T_wt",
    "SiO2_wt",
    "P2O5_tot_wt"
  ],
  "selected_models": [],
  "stacking_used": false,
  "stacked_model": true,
  "number_of_models": 1,
  "final_estimator": "et",
  "final_estimator_params": {
    "et_n_estimators": 120,
    "et_max_depth": 7,
    "et_min_samples_split": 5,
    "et_min_samples_leaf": 1,
    "et_bootstrap": false
  },
  "model_params": {
    "et": {
      "et_n_estimators": 120,
      "et_max_depth": 7,
      "et_min_samples_split": 5,
      "et_min_samples_leaf": 1,
      "et_bootstrap": false
    }
  },
  "use_random_split": true,
  "use_feature_selection": true,
  "model_name": "ET-FS",
  "error_mean": -0.02580023179622301,
  "error_sdev": 1.9026033260958728,
  "uncertainty_median": 9.310773720478174,
  "uncertainty_mad": 4.835213873651236,
  "uncertainty_measure": 51.93138635746927,
  "feature_importance": {
    "K2O_wt": 0.05410556151847013,
    "Fe2O3T_wt": 0.051207622417389506,
    "SiO2_wt": 0.6758004356947511,
    "Al2O3_wt": 0.6864443554576642
  }
}