{
  "y_test": [
    0.19,
    0.84,
    1.0,
    8.9,
    10.1,
    6.2,
    3.4,
    1.5,
    0.37,
    31.8,
    0.04,
    0.17,
    0.31,
    0.25,
    10.4,
    1.4,
    0.4,
    2.4,
    6.0,
    0.16,
    0.12,
    25.0,
    1.53,
    0.05,
    0.15,
    0.43,
    5.4,
    1.8,
    2.4,
    0.1,
    0.07,
    0.73,
    0.14,
    0.17,
    0.87,
    0.37,
    0.22,
    0.62,
    0.46,
    2.7,
    1.47,
    6.5,
    0.18,
    5.1,
    0.09
  ],
  "y_pred": [
    -0.7439915606267251,
    0.19469573132038875,
    1.3472755982473312,
    3.290363663244227,
    6.641199900645145,
    1.981905366948739,
    1.9824185007337125,
    0.7321226676309824,
    0.6055928986673532,
    3.901027723210226,
    0.522429295811126,
    0.2758034252932706,
    0.70427838607042,
    0.46410414737448735,
    2.640366899133585,
    1.7164304457516275,
    0.5755497274116063,
    0.9015670060706251,
    2.4641845717466353,
    -0.5247183967309585,
    -0.2535405225396645,
    5.650760332856377,
    0.7902451622661852,
    2.8826599948397735,
    0.12275478579152588,
    -0.31594045294687056,
    2.0767053609302186,
    1.6292333277313422,
    1.5733080977672869,
    0.37841142035797903,
    0.7499037207982235,
    0.6608499877160975,
    0.1850704977675024,
    -0.012739288060465093,
    0.8878355198054764,
    0.7278022190429099,
    -0.026083832009753838,
    0.5809661488451195,
    0.7860105678229499,
    1.551052070423822,
    1.1374213592013493,
    6.407145164798241,
    0.290252299853746,
    2.2646083818087424,
    0.8903013107828417
  ],
  "selected_features": [
    "K2O_wt",
    "Fe2O3T_wt",
    "SiO2_wt",
    "Al2O3_wt",
    "P2O5_tot_wt"
  ],
  "selected_models": [],
  "stacking_used": false,
  "stacked_model": true,
  "number_of_models": 1,
  "final_estimator": "svr",
  "final_estimator_params": {
    "svr_C": 0.3728352849934214,
    "svr_epsilon": 0.21165298658686396
  },
  "model_params": {
    "svr": {
      "svr_C": 0.3728352849934214,
      "svr_epsilon": 0.21165298658686396
    }
  },
  "feature_names": [
    "K2O_wt",
    "Fe2O3T_wt",
    "SiO2_wt",
    "Al2O3_wt",
    "P2O5_tot_wt"
  ],
  "use_random_split": true,
  "use_feature_selection": false,
  "model_name": "SVR",
  "error_mean": 1.8047200081421162,
  "error_sdev": 5.177540727217566,
  "uncertainty_median": 3.919434017108117,
  "uncertainty_mad": 1.5730058428943894,
  "uncertainty_measure": 40.133494683883036,
  "feature_importance": {
    "K2O_wt": 0.012336437036133097,
    "Fe2O3T_wt": 0.00047782147999700153,
    "SiO2_wt": 0.06924565837350327,
    "Al2O3_wt": -0.026100781775525123,
    "P2O5_tot_wt": 0.28520300858142145
  },
  "run": 0
}