{
  "y_test": [
    25.0,
    0.87,
    11.7,
    1.3,
    1.47,
    6.0,
    0.14,
    1.2,
    0.15,
    0.41,
    0.04,
    0.74,
    0.09,
    0.15,
    0.04,
    0.62,
    34.0,
    0.4,
    0.19,
    0.05,
    1.18,
    6.2,
    5.1,
    0.23,
    0.47,
    6.5,
    1.5,
    0.37,
    0.25,
    0.73,
    0.15,
    0.17,
    0.44,
    2.4,
    2.4,
    1.3,
    22.1,
    6.7,
    0.09,
    0.36,
    0.32,
    0.34,
    0.44,
    4.2,
    0.31
  ],
  "y_pred": [
    22.76663196973424,
    0.9522004811187135,
    8.386865740772771,
    0.7798223167724412,
    0.9853756982534853,
    6.503986460899015,
    0.6765461308366587,
    0.8758041312752116,
    0.4358583598402488,
    0.6455467141698785,
    0.2686209841652973,
    1.975480453757328,
    1.7517724125471026,
    1.1036249983314814,
    0.35906825179462337,
    1.2796225975899707,
    22.47981410291557,
    1.2796225975899707,
    0.5255563696186025,
    3.4786839083397285,
    0.6740756624170278,
    6.845310969107895,
    6.712603264439916,
    0.7341756840167839,
    0.011555303043694584,
    20.38076404715191,
    2.632621769706505,
    0.7982063416974895,
    -0.09797723537688045,
    0.7645499802263357,
    0.675531543181956,
    0.5561182250528132,
    0.34955877036011324,
    3.1610018772550057,
    1.6300539196394648,
    1.0943828145132533,
    22.76663196973424,
    7.21316163464667,
    0.45778221199242125,
    0.5266279204073296,
    1.2548857011970773,
    0.23419179346519245,
    0.23419179346519245,
    7.837640416314776,
    0.653470249096597
  ],
  "selected_features": [
    "K2O_wt",
    "Fe2O3T_wt",
    "P2O5_tot_wt"
  ],
  "selected_models": [],
  "stacking_used": false,
  "stacked_model": true,
  "number_of_models": 1,
  "final_estimator": "lgbm",
  "final_estimator_params": {
    "lgbm_num_leaves": 95,
    "lgbm_lr": 0.059569207459925694,
    "lgbm_n_estimators": 227
  },
  "model_params": {
    "lgbm": {
      "lgbm_num_leaves": 95,
      "lgbm_lr": 0.059569207459925694,
      "lgbm_n_estimators": 227
    }
  },
  "use_random_split": true,
  "use_feature_selection": true,
  "model_name": "LGBM-FS",
  "error_mean": -0.3733693623794472,
  "error_sdev": 2.9268702312955677,
  "uncertainty_median": 8.178964924523656,
  "uncertainty_mad": 5.513458653650414,
  "uncertainty_measure": 67.41022494324388,
  "feature_importance": {
    "K2O_wt": 0.5159881935643297,
    "Fe2O3T_wt": -0.0017737750257228579,
    "SiO2_wt": 1.2641806918306095
  }
}