{
  "y_test": [
    1.2,
    0.46,
    0.23,
    34.0,
    3.4,
    6.9,
    0.34,
    22.1,
    0.4,
    0.68,
    0.73,
    0.21,
    0.17,
    0.1,
    0.04,
    0.04,
    0.47,
    1.4,
    0.15,
    8.7,
    0.35,
    2.4,
    0.19,
    1.5,
    5.1,
    3.8,
    0.09,
    0.14,
    1.3,
    0.04,
    10.1,
    29.4,
    8.0,
    0.43,
    0.36,
    0.04,
    0.14,
    0.4,
    1.18,
    0.05,
    4.5,
    6.1,
    1.3,
    1.9,
    0.19
  ],
  "y_pred": [
    0.5946368625550248,
    0.6025159739136682,
    0.5554154659941825,
    29.432534519664202,
    1.138109091809348,
    0.6353009823101058,
    0.5554154659941825,
    26.835202402193136,
    0.5762246178666091,
    0.6025159739136682,
    0.5762246178666091,
    0.5554154659941825,
    0.5554154659941825,
    0.5554154659941825,
    0.5554154659941825,
    0.6066127190790357,
    0.5554154659941825,
    0.6615767386583296,
    0.5554154659941825,
    9.029627295177582,
    0.5554154659941825,
    1.1015573169184698,
    0.5682269507245268,
    0.6066127190790357,
    7.1831589058941425,
    7.1831589058941425,
    0.8819804213854285,
    0.5554154659941825,
    0.6615767386583296,
    0.5554154659941825,
    11.698919268837747,
    19.307029204013443,
    7.315481260510985,
    0.8521171950643334,
    0.5554154659941825,
    0.5554154659941825,
    0.5738277106825981,
    0.5554154659941825,
    0.609919797091685,
    0.8521171950643334,
    7.315481260510985,
    7.1831589058941425,
    0.6103794855734761,
    0.6537132269985216,
    0.5738277106825981
  ],
  "selected_features": [
    "K2O_wt",
    "Fe2O3T_wt",
    "SiO2_wt",
    "Al2O3_wt",
    "P2O5_tot_wt"
  ],
  "selected_models": [],
  "stacking_used": false,
  "stacked_model": true,
  "number_of_models": 1,
  "final_estimator": "rf",
  "final_estimator_params": {
    "rf_n_estimators": 162,
    "rf_max_depth": 2
  },
  "model_params": {
    "rf": {
      "rf_n_estimators": 162,
      "rf_max_depth": 2
    }
  },
  "use_random_split": true,
  "use_feature_selection": false,
  "model_name": "RF",
  "error_mean": 0.13157461114656002,
  "error_sdev": 2.2719370565338304,
  "uncertainty_median": 11.816383260607294,
  "uncertainty_mad": 4.4529865981308765,
  "uncertainty_measure": 37.68485246222471,
  "feature_importance": {
    "K2O_wt": 0.044478562340940775,
    "Fe2O3T_wt": 0.003580723533583727,
    "SiO2_wt": 0.4948131130375757,
    "Al2O3_wt": 0.04803986871553381,
    "P2O5_tot_wt": 0.37643457656265894
  }
}