{
  "y_test": [
    0.21,
    0.07,
    0.44,
    1.2,
    6.9,
    11.7,
    0.04,
    8.9,
    6.7,
    2.4,
    0.17,
    0.24,
    6.1,
    6.2,
    0.16,
    6.6,
    6.9,
    24.5,
    0.9,
    0.21,
    31.8,
    0.04,
    1.44,
    4.5,
    0.18,
    8.0,
    0.56,
    0.35,
    4.2,
    0.37,
    0.19,
    1.8,
    5.7,
    1.44,
    0.14,
    1.9,
    10.1,
    1.4,
    0.14,
    0.47,
    5.1,
    8.7,
    1.47,
    0.1,
    7.4
  ],
  "y_pred": [
    -0.8878167395329282,
    0.36303012231687504,
    0.10153550385329968,
    1.4349432809695344,
    0.9816916386932784,
    5.642594812993822,
    -0.08564274654697357,
    3.587144978459831,
    5.720798804077598,
    1.0625715710437476,
    0.9635517771596254,
    1.271630463619915,
    3.8343780216005836,
    7.121358180914595,
    0.750295580246191,
    7.0051913126329675,
    5.5821524105431095,
    8.628413426439817,
    2.4789349613429623,
    1.3484326698726683,
    9.368579062405546,
    1.7485267140317777,
    1.6155327739490586,
    4.865467444100489,
    0.07029815024158381,
    5.001866595782552,
    1.0764387083112599,
    2.0077715187826177,
    3.7769712884573288,
    0.8016391403353049,
    0.5843917848365434,
    1.8761017733009684,
    3.5867368235143458,
    -0.5123548536314679,
    1.0373439975547543,
    2.436571217958834,
    8.814099708101168,
    2.9312210312293088,
    -0.08098358089021929,
    0.634877672112415,
    3.7394842649450792,
    8.565050776489054,
    1.357037053381176,
    0.6560470759003119,
    7.646239878282797
  ],
  "selected_features": [
    "K2O_wt",
    "Fe2O3T_wt",
    "SiO2_wt",
    "Al2O3_wt",
    "P2O5_tot_wt"
  ],
  "selected_models": [],
  "stacking_used": false,
  "stacked_model": true,
  "number_of_models": 1,
  "final_estimator": "svr",
  "final_estimator_params": {
    "svr_C": 3.7478236045596423,
    "svr_epsilon": 0.012229092687359923
  },
  "model_params": {
    "svr": {
      "svr_C": 3.7478236045596423,
      "svr_epsilon": 0.012229092687359923
    }
  },
  "use_random_split": true,
  "use_feature_selection": false,
  "model_name": "SVR",
  "error_mean": 1.2782189766625975,
  "error_sdev": 4.345213927021722,
  "uncertainty_median": 5.061922952796602,
  "uncertainty_mad": 2.1704227286142284,
  "uncertainty_measure": 42.877435094406515,
  "feature_importance": {
    "K2O_wt": 0.00466894637013687,
    "Fe2O3T_wt": 0.003418441236484686,
    "SiO2_wt": 0.30349732094372756,
    "Al2O3_wt": 0.03266423491068808,
    "P2O5_tot_wt": 0.22480726550153374
  }
}