{
  "y_test": [
    7.0,
    0.51,
    0.14,
    0.18,
    24.5,
    1.3,
    0.56,
    0.29,
    0.87,
    0.36,
    0.27,
    1.3,
    8.0,
    0.13,
    0.05,
    0.34,
    0.07,
    0.17,
    29.4,
    0.25,
    0.24,
    6.3,
    25.6,
    2.4,
    1.8,
    4.2,
    0.1,
    6.6,
    0.17,
    0.04,
    5.4,
    0.14,
    0.43,
    0.14,
    2.4,
    0.37,
    0.04,
    1.9,
    1.0,
    1.3,
    25.8,
    4.2,
    0.4,
    0.35,
    1.44
  ],
  "y_pred": [
    7.4015073782925445,
    -0.746505696655202,
    -1.4478132165049642,
    0.357021344951721,
    29.63909120313651,
    1.9133244928254332,
    0.574905332031149,
    -0.30399494424116735,
    0.9398358488206964,
    0.08689277785417193,
    1.0082353099234362,
    1.4186589575869424,
    6.629199926372211,
    0.3349800620389334,
    -0.34620827633066265,
    -0.8058493186216102,
    1.3994969887906197,
    0.4059355460280396,
    12.530020859460556,
    -0.3073150631164059,
    0.3739527443912376,
    8.727961742793902,
    31.06750425876986,
    3.761595798182829,
    3.510378638068482,
    8.932804966148787,
    0.08431037633553107,
    8.403874943317081,
    -0.25569539526638563,
    0.19514584584107864,
    2.9891331595120385,
    1.7421474835252988,
    0.18208085938414653,
    0.33499402728614447,
    0.9377954521260365,
    0.23818636497068635,
    0.1752047558115657,
    1.6982577566120627,
    2.538179323991133,
    0.5180527248242104,
    22.895844283583997,
    4.140785014309965,
    0.3624286096319227,
    0.7163505325436565,
    2.2469965389404267
  ],
  "selected_features": [
    "Al2O3_wt",
    "P2O5_tot_wt"
  ],
  "selected_models": [],
  "stacking_used": false,
  "stacked_model": true,
  "number_of_models": 1,
  "final_estimator": "gpr",
  "final_estimator_params": {
    "gpr_nu": 0.5,
    "gpr_const": 4.745022179441489,
    "gpr_length_scale": 4.8201095252357895,
    "gpr_alpha": 0.00014913782422765486
  },
  "model_params": {
    "gpr": {
      "gpr_nu": 0.5,
      "gpr_const": 4.745022179441489,
      "gpr_length_scale": 4.8201095252357895,
      "gpr_alpha": 0.00014913782422765486
    }
  },
  "use_random_split": true,
  "use_feature_selection": true,
  "model_name": "GPR-FS",
  "error_mean": 0.027784659593808016,
  "error_sdev": 3.058136151655087,
  "uncertainty_median": 11.597755751989187,
  "uncertainty_mad": 5.033168913652904,
  "uncertainty_measure": 43.39778334088163,
  "feature_importance": {
    "K2O_wt": 0.9774527210009767,
    "Fe2O3T_wt": 0.6345295368923418
  }
}