{
  "y_test": [
    1.53,
    0.04,
    0.52,
    0.15,
    0.19,
    2.4,
    0.23,
    25.0,
    0.37,
    1.3,
    6.2,
    0.15,
    0.13,
    0.17,
    0.4,
    0.19,
    0.1,
    0.14,
    0.29,
    0.84,
    4.2,
    1.3,
    0.24,
    29.4,
    0.31,
    0.68,
    6.9,
    0.04,
    0.07,
    0.24,
    0.41,
    0.21,
    2.7,
    0.14,
    0.37,
    0.36,
    6.7,
    0.27,
    22.1,
    0.87,
    0.46,
    5.7,
    0.12,
    0.25,
    0.15
  ],
  "y_pred": [
    0.5360367965367964,
    0.37186255411255414,
    0.27397402597402615,
    0.8371417748917748,
    0.2479967532467531,
    3.1496785714285713,
    0.345387445887446,
    20.068230519480526,
    1.0406850649350643,
    1.6369567099567106,
    7.542283549783548,
    0.7208452380952379,
    0.2414642857142858,
    0.3889166666666667,
    0.15649025974025976,
    0.46454761904761915,
    0.32129329004329005,
    0.19485281385281386,
    1.0884253246753235,
    0.295758658008658,
    9.459301948051959,
    1.5231168831168833,
    0.38247619047619064,
    15.445649350649358,
    1.1769155844155836,
    0.5938787878787877,
    6.775941558441557,
    0.1710909090909091,
    0.20783116883116892,
    0.29210064935064944,
    0.7249502164502163,
    0.36628246753246746,
    2.745514069264071,
    0.3072510822510821,
    0.248465367965368,
    0.22376298701298686,
    8.076071428571428,
    2.361352813852815,
    27.511872294372328,
    1.8853095238095239,
    0.8790313852813857,
    6.553452380952382,
    0.17015367965367972,
    0.2327813852813854,
    0.2361937229437231
  ],
  "selected_features": [
    "SiO2_wt",
    "Al2O3_wt",
    "P2O5_tot_wt"
  ],
  "selected_models": [],
  "stacking_used": false,
  "stacked_model": true,
  "number_of_models": 1,
  "final_estimator": "et",
  "final_estimator_params": {
    "et_n_estimators": 154,
    "et_max_depth": 20,
    "et_min_samples_split": 6,
    "et_min_samples_leaf": 1,
    "et_bootstrap": false
  },
  "model_params": {
    "et": {
      "et_n_estimators": 154,
      "et_max_depth": 20,
      "et_min_samples_split": 6,
      "et_min_samples_leaf": 1,
      "et_bootstrap": false
    }
  },
  "use_random_split": true,
  "use_feature_selection": true,
  "model_name": "ET-FS",
  "error_mean": -0.0876350168350181,
  "error_sdev": 2.571757020889993,
  "uncertainty_median": 10.672955086580082,
  "uncertainty_mad": 4.005935055753973,
  "uncertainty_measure": 37.533513663811256,
  "feature_importance": {
    "K2O_wt": 0.4445624694699946,
    "Fe2O3T_wt": 0.07181116442551798,
    "SiO2_wt": 0.3880878875268341
  }
}