{
  "y_test": [
    11.7,
    0.31,
    0.36,
    0.25,
    25.6,
    2.4,
    0.19,
    0.41,
    0.11,
    0.14,
    0.29,
    0.37,
    0.05,
    1.3,
    0.16,
    0.12,
    0.15,
    0.35,
    0.19,
    0.34,
    0.13,
    1.44,
    1.44,
    0.4,
    34.0,
    0.52,
    4.5,
    1.3,
    6.9,
    0.02,
    1.2,
    1.9,
    4.2,
    6.1,
    0.12,
    8.0,
    0.74,
    6.3,
    0.17,
    0.4,
    0.27,
    0.04,
    1.4,
    24.5,
    0.27
  ],
  "y_pred": [
    10.174756079604062,
    5.099039992482943,
    0.5924914412401634,
    1.371200048359686,
    22.02604716540441,
    -0.06332341191829727,
    -1.5245051204212992,
    1.983847437067194,
    -0.8847278381982733,
    4.982332919238008,
    0.058844287297073805,
    0.8508295277770372,
    -0.4989664830232954,
    3.758567229763205,
    2.085263986252656,
    1.7055515820059917,
    1.750303254507088,
    4.75019835939008,
    -1.6518824338160876,
    0.3119537447679015,
    3.2302230709929027,
    1.0290980393868132,
    -0.924388092055068,
    3.8037357380183643,
    25.487270652299035,
    2.977067243788426,
    4.0361106866512095,
    2.4797265313132577,
    0.1487013455025199,
    0.2906801804514316,
    2.0160026156175057,
    3.856149406828603,
    6.663372854893215,
    6.542449458460613,
    4.45735292301865,
    4.227403216461031,
    1.5148929080660558,
    6.737354757755021,
    0.3526326166030884,
    0.6073287584835896,
    3.936782932486139,
    4.2455357818194805,
    4.404045632319981,
    19.62866706834749,
    3.339553866646817
  ],
  "selected_features": [
    "K2O_wt",
    "Fe2O3T_wt",
    "SiO2_wt",
    "Al2O3_wt",
    "P2O5_tot_wt"
  ],
  "selected_models": [],
  "stacking_used": false,
  "stacked_model": true,
  "number_of_models": 1,
  "final_estimator": "lr",
  "final_estimator_params": {},
  "model_params": {
    "lr": {}
  },
  "use_random_split": true,
  "use_feature_selection": false,
  "model_name": "LR",
  "error_mean": -0.4647904880430316,
  "error_sdev": 2.9170783026927767,
  "uncertainty_median": 7.418751497014181,
  "uncertainty_mad": 6.456575435982835,
  "uncertainty_measure": 87.03048536645832,
  "feature_importance": {
    "K2O_wt": 0.015486692472633744,
    "Fe2O3T_wt": 0.037559319460163325,
    "SiO2_wt": 1.2465948872456485,
    "Al2O3_wt": 0.13954855773482827,
    "P2O5_tot_wt": 0.023461895321160133
  }
}