{
  "y_test": [
    1.3,
    0.31,
    0.04,
    4.2,
    29.4,
    0.03,
    0.32,
    0.09,
    1.0,
    2.4,
    0.07,
    1.3,
    0.4,
    0.15,
    1.9,
    0.27,
    0.12,
    0.84,
    34.0,
    0.1,
    0.05,
    0.29,
    0.37,
    1.5,
    0.25,
    7.0,
    3.8,
    0.04,
    0.87,
    1.9,
    0.21,
    25.8,
    0.52,
    2.6,
    0.24,
    6.7,
    0.17,
    0.4,
    1.4,
    5.7,
    0.44,
    31.8,
    1.44,
    1.44,
    0.73
  ],
  "y_pred": [
    0.8956243545093172,
    -0.04050552437621402,
    0.17852246425259333,
    2.670609928477968,
    16.99717551979854,
    -1.3528328615282628,
    -0.3840767138784478,
    -1.1849195827624799,
    1.8617543661345892,
    0.6594492841724313,
    0.7100081118292758,
    2.361754397251881,
    0.04817748538790134,
    -0.6790924511096605,
    2.5524239434219855,
    1.1495875838563885,
    3.383533516516154,
    -1.5516935538982475,
    3.921422655584458,
    -0.5719458290053541,
    16.26242849800049,
    -0.9598549752452339,
    -1.0831796363792145,
    -0.5376608197557706,
    -0.011439374037010897,
    5.519467941000938,
    2.9381561899869926,
    -2.167512728957279,
    0.6063830744711178,
    1.3672006786548034,
    0.7009104339419454,
    28.11749832652042,
    -1.561133716460609,
    2.8057813656723263,
    1.1316060244892292,
    7.189401404296749,
    -1.9145899323513227,
    -0.6205694193911704,
    2.3986919427111895,
    2.8141532538813614,
    -2.053101453848753,
    5.684860435384639,
    -2.5185710834481334,
    0.9411355298828505,
    -0.6359866616702523
  ],
  "selected_features": [
    "K2O_wt",
    "Fe2O3T_wt",
    "SiO2_wt",
    "Al2O3_wt",
    "P2O5_tot_wt"
  ],
  "selected_models": [],
  "stacking_used": false,
  "stacked_model": true,
  "number_of_models": 1,
  "final_estimator": "svr",
  "final_estimator_params": {
    "svr_C": 1.2881765725637007,
    "svr_epsilon": 0.9956781564544298
  },
  "model_params": {
    "svr": {
      "svr_C": 1.2881765725637007,
      "svr_epsilon": 0.9956781564544298
    }
  },
  "use_random_split": true,
  "use_feature_selection": false,
  "model_name": "SVR",
  "error_mean": 1.7302432801781085,
  "error_sdev": 6.683228983855653,
  "uncertainty_median": 14.163383090811388,
  "uncertainty_mad": 5.221275397219424,
  "uncertainty_measure": 36.86460617313084,
  "feature_importance": {
    "K2O_wt": -0.00268622052727686,
    "Fe2O3T_wt": -0.03840837532092403,
    "SiO2_wt": 0.13635826754834046,
    "Al2O3_wt": 0.026741727840310477,
    "P2O5_tot_wt": 0.26119352378943955
  }
}