{
  "y_test": [
    0.09,
    1.18,
    0.25,
    0.34,
    10.4,
    0.37,
    1.5,
    0.09,
    22.1,
    1.3,
    0.1,
    1.2,
    0.4,
    0.19,
    5.1,
    0.44,
    25.8,
    5.7,
    0.05,
    1.3,
    6.1,
    0.18,
    1.3,
    2.7,
    0.18,
    6.5,
    0.25,
    0.29,
    0.14,
    0.15,
    1.3,
    3.8,
    2.4,
    2.4,
    0.27,
    0.1,
    2.6,
    1.4,
    0.09,
    0.11,
    0.13,
    0.27,
    0.16,
    4.2,
    0.37
  ],
  "y_pred": [
    0.46288949868514356,
    0.44444495391207556,
    0.3499790800352769,
    0.3499790800352769,
    7.160843005398299,
    0.3499790800352769,
    1.1791712767656388,
    0.40324057314791234,
    28.023369565217386,
    1.4699710747936976,
    0.3499790800352769,
    0.3499790800352769,
    0.3499790800352769,
    0.3499790800352769,
    6.595304703120866,
    0.3499790800352769,
    28.03641304347825,
    6.595304703120866,
    0.3499790800352769,
    0.39118346079944033,
    6.493544868752337,
    0.3499790800352769,
    1.4699710747936976,
    2.2095666929688664,
    0.3499790800352769,
    11.415350476817867,
    0.3916390179234757,
    0.3499790800352769,
    0.3499790800352769,
    0.3499790800352769,
    1.4699710747936976,
    6.493544868752337,
    2.2095666929688664,
    1.1791712767656388,
    0.3499790800352769,
    0.3499790800352769,
    0.43284339868763905,
    1.4699710747936976,
    0.39118346079944033,
    0.3499790800352769,
    0.3499790800352769,
    1.428311136905499,
    0.3499790800352769,
    2.260291330650026,
    0.3499790800352769
  ],
  "selected_features": [
    "K2O_wt",
    "Fe2O3T_wt",
    "SiO2_wt",
    "P2O5_tot_wt"
  ],
  "selected_models": [],
  "stacking_used": false,
  "stacked_model": true,
  "number_of_models": 1,
  "final_estimator": "rf",
  "final_estimator_params": {
    "rf_n_estimators": 23,
    "rf_max_depth": 3
  },
  "model_params": {
    "rf": {
      "rf_n_estimators": 23,
      "rf_max_depth": 3
    }
  },
  "use_random_split": true,
  "use_feature_selection": true,
  "model_name": "RF-FS",
  "error_mean": -0.26192542012262665,
  "error_sdev": 1.483675559133237,
  "uncertainty_median": 18.847125558461368,
  "uncertainty_mad": 7.817292005855802,
  "uncertainty_measure": 41.47737001914464,
  "feature_importance": {
    "K2O_wt": 0.19548931938848543,
    "Fe2O3T_wt": 0.035788372940821406,
    "SiO2_wt": 1.0930373149557062,
    "Al2O3_wt": 0.9693795566056239
  }
}