{
  "y_test": [
    7.0,
    0.03,
    6.5,
    0.56,
    0.14,
    1.3,
    0.04,
    2.6,
    0.07,
    0.24,
    0.17,
    0.52,
    1.18,
    0.04,
    0.36,
    0.05,
    6.9,
    0.17,
    2.7,
    0.9,
    1.4,
    0.1,
    5.4,
    4.2,
    0.27,
    34.0,
    1.9,
    6.7,
    1.3,
    2.4,
    6.0,
    0.37,
    0.16,
    0.15,
    0.02,
    0.23,
    22.1,
    0.34,
    1.2,
    0.68,
    0.17,
    6.7,
    31.8,
    0.46,
    6.1
  ],
  "y_pred": [
    6.763458920682604,
    0.3520577688711121,
    7.285390095413583,
    0.2490809676584675,
    0.16325850082191495,
    1.252814603450217,
    0.8104589393312118,
    3.3047005808993366,
    2.5207870312707374,
    0.4591003186320657,
    0.22204513012972107,
    0.24270440355064157,
    1.4187428165816467,
    0.40517793666648066,
    0.534827348154908,
    0.3011947527807796,
    4.061741107148153,
    0.8478385767767607,
    0.7287612837904494,
    3.045275943462531,
    2.569155067188702,
    0.5580436496435566,
    2.9749436671472966,
    6.578821871670402,
    0.3712182468706403,
    20.27485701074064,
    6.498704261651759,
    4.049168614670867,
    2.822914892099883,
    1.7136476151353368,
    3.874142171048699,
    7.521110995281807,
    0.2979193544644751,
    0.27733174812968725,
    0.6075922493517606,
    0.49584533902040223,
    20.63036993097807,
    0.3556423516873512,
    0.7298604587517942,
    1.566296556756703,
    0.25903708888202687,
    3.592901926499777,
    20.994934266581563,
    1.5282809577412342,
    3.7002819127471738
  ],
  "selected_features": [
    "K2O_wt",
    "Fe2O3T_wt",
    "SiO2_wt",
    "Al2O3_wt",
    "P2O5_tot_wt"
  ],
  "selected_models": [],
  "stacking_used": false,
  "stacked_model": true,
  "number_of_models": 1,
  "final_estimator": "knn",
  "final_estimator_params": {
    "knn_n": 12,
    "knn_weights": "distance"
  },
  "model_params": {
    "knn": {
      "knn_n": 12,
      "knn_weights": "distance"
    }
  },
  "feature_names": [
    "K2O_wt",
    "Fe2O3T_wt",
    "SiO2_wt",
    "Al2O3_wt",
    "P2O5_tot_wt"
  ],
  "use_random_split": true,
  "use_feature_selection": false,
  "model_name": "KNN",
  "error_mean": 0.3512791282041127,
  "error_sdev": 3.179811100151884,
  "uncertainty_median": 6.162462746207462,
  "uncertainty_mad": 6.291884818673095,
  "uncertainty_measure": 102.10016803014807,
  "feature_importance": {
    "K2O_wt": 0.0006849606362981375,
    "Fe2O3T_wt": -0.009978644214236637,
    "SiO2_wt": 1.2445323940668975,
    "Al2O3_wt": 0.040705537893454366,
    "P2O5_tot_wt": 0.002075521635229003
  },
  "run": 6
}