{
  "y_test": [
    7.0,
    0.03,
    6.5,
    0.56,
    0.14,
    1.3,
    0.04,
    2.6,
    0.07,
    0.24,
    0.17,
    0.52,
    1.18,
    0.04,
    0.36,
    0.05,
    6.9,
    0.17,
    2.7,
    0.9,
    1.4,
    0.1,
    5.4,
    4.2,
    0.27,
    34.0,
    1.9,
    6.7,
    1.3,
    2.4,
    6.0,
    0.37,
    0.16,
    0.15,
    0.02,
    0.23,
    22.1,
    0.34,
    1.2,
    0.68,
    0.17,
    6.7,
    31.8,
    0.46,
    6.1
  ],
  "y_pred": [
    8.37340536053692,
    -0.17552057830307266,
    18.19632060422472,
    1.4360371422919755,
    0.9565061897154179,
    0.881414137025995,
    0.8740168465985942,
    1.3931072944411855,
    0.42365870540958966,
    1.6045386799168366,
    -0.052162262705678565,
    -0.15633648710716658,
    0.6228823326721022,
    -0.08658878452687536,
    0.30254705765591333,
    0.6706428436202749,
    9.266780665432316,
    0.20730201375148538,
    0.6734128832573767,
    1.3931072944411855,
    2.2325770852171987,
    0.9191399426625356,
    8.162503844492482,
    8.37340536053692,
    1.081062729858355,
    17.877452481305912,
    0.8141169499724435,
    9.266780665432316,
    2.2325770852171987,
    0.7699773831420589,
    7.803650035152898,
    1.8968890417611257,
    0.7633246364271411,
    0.40359362925370074,
    0.1535486024697113,
    0.8504250573838641,
    19.264167503808856,
    0.0015632970652711894,
    1.8641197778039025,
    -0.17999412161234604,
    0.15746368734084165,
    9.266780665432316,
    17.877452481305912,
    1.5472674255199652,
    8.162503844492482
  ],
  "selected_features": [
    "K2O_wt",
    "Fe2O3T_wt",
    "SiO2_wt",
    "Al2O3_wt",
    "P2O5_tot_wt"
  ],
  "selected_models": [],
  "stacking_used": false,
  "stacked_model": true,
  "number_of_models": 1,
  "final_estimator": "lgbm",
  "final_estimator_params": {
    "lgbm_num_leaves": 22,
    "lgbm_lr": 0.03967212284412264,
    "lgbm_n_estimators": 200
  },
  "model_params": {
    "lgbm": {
      "lgbm_num_leaves": 22,
      "lgbm_lr": 0.03967212284412264,
      "lgbm_n_estimators": 200
    }
  },
  "feature_names": [
    "K2O_wt",
    "Fe2O3T_wt",
    "SiO2_wt",
    "Al2O3_wt",
    "P2O5_tot_wt"
  ],
  "use_random_split": true,
  "use_feature_selection": false,
  "model_name": "LGBM",
  "error_mean": -0.06105380066204787,
  "error_sdev": 3.9179200018918805,
  "uncertainty_median": 9.082398450781476,
  "uncertainty_mad": 2.504091003445156,
  "uncertainty_measure": 27.57081201639746,
  "feature_importance": {
    "K2O_wt": 0.32834264946526803,
    "Fe2O3T_wt": -0.006425317496464561,
    "SiO2_wt": 0.008675397390106488,
    "Al2O3_wt": 0.026524367705503628,
    "P2O5_tot_wt": 1.0264513088263438
  },
  "run": 6
}