{
  "y_test": [
    1.4,
    25.0,
    1.18,
    0.04,
    2.4,
    0.04,
    25.6,
    38.0,
    0.73,
    0.16,
    2.4,
    0.12,
    3.4,
    0.15,
    0.44,
    0.21,
    0.14,
    0.14,
    0.37,
    0.37,
    0.87,
    6.9,
    0.24,
    0.17,
    22.1,
    0.22,
    0.15,
    0.03,
    0.07,
    0.52,
    0.84,
    0.56,
    0.1,
    0.19,
    6.5,
    0.23,
    8.7,
    4.2,
    0.04,
    0.15,
    6.6,
    1.5,
    0.17,
    6.7,
    0.14
  ],
  "y_pred": [
    1.3235616438356215,
    22.98415525114157,
    0.6520547945205483,
    0.28880136986301314,
    2.607762557077616,
    0.22188356164383524,
    24.13022831050229,
    4.744018264840183,
    0.6442922374429227,
    0.19550228310502288,
    2.1738584474885805,
    1.5025570776255706,
    2.5155251141552446,
    0.24168949771689494,
    0.256788432267884,
    0.4367579908675804,
    0.23469178082191733,
    0.355570776255708,
    0.4687671232876721,
    0.27818264840182677,
    1.5198173515981737,
    6.193150684931515,
    0.5150228310502287,
    0.23922798434442305,
    27.668036529680442,
    0.37041095890411,
    0.3162785388127857,
    0.22413242009132417,
    0.22852250489236767,
    0.17478082191780803,
    0.36497716894977206,
    0.794063926940641,
    0.40971080669710797,
    0.3900380517503805,
    8.705022831050222,
    0.30684061752554903,
    8.621004566210043,
    2.75625570776255,
    1.3234703196347055,
    0.6315068493150684,
    6.702374429223742,
    1.9760730593607256,
    0.3232191780821913,
    6.445662100456629,
    0.8633789954337903
  ],
  "selected_features": [
    "K2O_wt",
    "Fe2O3T_wt",
    "SiO2_wt",
    "Al2O3_wt",
    "P2O5_tot_wt"
  ],
  "selected_models": [],
  "stacking_used": false,
  "stacked_model": true,
  "number_of_models": 1,
  "final_estimator": "et",
  "final_estimator_params": {
    "et_n_estimators": 219,
    "et_max_depth": 19,
    "et_min_samples_split": 2,
    "et_min_samples_leaf": 1,
    "et_bootstrap": false
  },
  "model_params": {
    "et": {
      "et_n_estimators": 219,
      "et_max_depth": 19,
      "et_min_samples_split": 2,
      "et_min_samples_leaf": 1,
      "et_bootstrap": false
    }
  },
  "use_random_split": true,
  "use_feature_selection": false,
  "model_name": "ET",
  "error_mean": 0.5746749245004933,
  "error_sdev": 5.096804893820921,
  "uncertainty_median": 15.126484018264847,
  "uncertainty_mad": 5.58224755476825,
  "uncertainty_measure": 36.90380096278704,
  "feature_importance": {
    "K2O_wt": 0.0018668592863490341,
    "Fe2O3T_wt": 0.0056560917002041276,
    "SiO2_wt": 0.43558684421319327,
    "Al2O3_wt": 0.014713840563920196,
    "P2O5_tot_wt": 0.26797949372497276
  }
}