{
  "y_test": [
    0.23,
    0.22,
    0.4,
    6.9,
    8.9,
    0.4,
    0.62,
    0.15,
    7.4,
    0.02,
    0.04,
    0.12,
    0.14,
    10.4,
    0.04,
    1.3,
    0.42,
    6.5,
    1.53,
    0.14,
    1.3,
    0.14,
    25.6,
    0.1,
    0.51,
    0.32,
    4.2,
    0.16,
    0.4,
    6.2,
    0.73,
    11.7,
    0.11,
    6.3,
    2.4,
    0.21,
    0.14,
    2.7,
    1.5,
    6.1,
    0.04,
    10.1,
    24.5,
    0.09,
    0.87
  ],
  "y_pred": [
    0.6084283268273272,
    0.46470277994749615,
    0.4535475540622829,
    6.5129268216181755,
    4.743325180380736,
    0.7621471894508114,
    0.6588114737523931,
    1.7252486508991798,
    10.301941370565993,
    1.212501300099148,
    1.7506142614410953,
    2.1436016116226733,
    2.3235925848232983,
    5.738824450139278,
    1.134049696543958,
    1.577018185890002,
    2.4112104236616023,
    12.240745379891875,
    2.0127924121639382,
    -0.4216243590680741,
    2.3939146722130564,
    0.31891351509055826,
    22.357048351269455,
    0.8583592306986729,
    0.7447409624481944,
    0.17617173815523596,
    4.2403867014036045,
    1.1161376050702663,
    1.4868914467745944,
    9.575702960233444,
    0.5728576998627324,
    7.3877981657609375,
    -0.00906944723152997,
    9.385003620641674,
    0.5953202757430882,
    -0.6765039360837768,
    2.7045608626714466,
    1.268993745909736,
    0.3314410992713886,
    4.359235966771484,
    0.2916478917635568,
    13.177227390897334,
    25.41511174021383,
    5.556861230072872,
    1.5063764201352259
  ],
  "selected_features": [
    "K2O_wt",
    "Fe2O3T_wt",
    "SiO2_wt",
    "Al2O3_wt",
    "P2O5_tot_wt"
  ],
  "selected_models": [],
  "stacking_used": false,
  "stacked_model": true,
  "number_of_models": 1,
  "final_estimator": "ann",
  "final_estimator_params": {
    "ann_hidden": 51,
    "ann_alpha": 0.03884197724143674
  },
  "model_params": {
    "ann": {
      "ann_hidden": 51,
      "ann_alpha": 0.03884197724143674
    }
  },
  "feature_names": [
    "K2O_wt",
    "Fe2O3T_wt",
    "SiO2_wt",
    "Al2O3_wt",
    "P2O5_tot_wt"
  ],
  "use_random_split": true,
  "use_feature_selection": false,
  "model_name": "ANN",
  "error_mean": -0.4711007823215616,
  "error_sdev": 2.153897241611501,
  "uncertainty_median": 6.798280736329482,
  "uncertainty_mad": 5.525742932512046,
  "uncertainty_measure": 81.28147610884774,
  "feature_importance": {
    "K2O_wt": 0.1211166896939448,
    "Fe2O3T_wt": 0.05549808853892057,
    "SiO2_wt": 0.35969707034403087,
    "Al2O3_wt": 0.9631700544524936,
    "P2O5_tot_wt": 0.36442700429368174
  },
  "run": 4
}