{
  "y_test": [
    6.5,
    1.47,
    2.4,
    1.9,
    0.14,
    10.1,
    0.05,
    1.4,
    38.0,
    6.9,
    0.37,
    0.56,
    0.27,
    1.3,
    0.07,
    4.2,
    0.19,
    0.15,
    22.1,
    0.22,
    0.47,
    0.31,
    0.36,
    1.3,
    0.12,
    0.37,
    0.18,
    0.04,
    0.57,
    0.19,
    1.53,
    0.05,
    34.0,
    8.0,
    2.4,
    8.7,
    0.16,
    6.3,
    0.14,
    0.04,
    1.2,
    0.15,
    0.44,
    0.14,
    0.21
  ],
  "y_pred": [
    22.88566806364544,
    1.0300808264771861,
    1.525407377023342,
    0.13948948265804714,
    0.15151948789115136,
    23.215593184734452,
    6.796831527144741,
    5.06078522729365,
    9.379736046036973,
    11.377762118565258,
    1.0519111373192285,
    0.8974962778166544,
    1.7853971201063377,
    0.3406838818797314,
    0.8144475561708415,
    4.540089017985586,
    0.4613477612998367,
    0.7906499205837711,
    23.215593184734452,
    0.41158937542805907,
    0.2406504695979812,
    0.37560795093496735,
    0.6432052425562654,
    0.6837906108729144,
    0.9145843702526488,
    0.8161970207426733,
    0.9145843702526488,
    0.5198251378065664,
    0.11029709564087811,
    0.7478142844574706,
    0.9559736543233841,
    0.7358978494268437,
    23.215593184734452,
    6.395435025258708,
    2.0849223412212066,
    22.88566806364544,
    0.9145843702526488,
    8.283776847919116,
    0.3262871308158105,
    0.04926574696992532,
    0.6837906108729144,
    0.9102357418257301,
    -0.05534329493127982,
    0.9145843702526488,
    0.9145843702526488
  ],
  "selected_features": [
    "K2O_wt",
    "Fe2O3T_wt",
    "SiO2_wt",
    "Al2O3_wt",
    "P2O5_tot_wt"
  ],
  "selected_models": [],
  "stacking_used": false,
  "stacked_model": true,
  "number_of_models": 1,
  "final_estimator": "lgbm",
  "final_estimator_params": {
    "lgbm_num_leaves": 52,
    "lgbm_lr": 0.12428707986862869,
    "lgbm_n_estimators": 89
  },
  "model_params": {
    "lgbm": {
      "lgbm_num_leaves": 52,
      "lgbm_lr": 0.12428707986862869,
      "lgbm_n_estimators": 89
    }
  },
  "use_random_split": true,
  "use_feature_selection": false,
  "model_name": "LGBM",
  "error_mean": -0.5643086920166657,
  "error_sdev": 6.151375465465588,
  "uncertainty_median": 11.869176779009386,
  "uncertainty_mad": 4.4732632374056935,
  "uncertainty_measure": 37.688066499410894,
  "feature_importance": {
    "K2O_wt": 0.14579534648959508,
    "Fe2O3T_wt": 0.0011429388137449003,
    "SiO2_wt": -0.02657588400582822,
    "Al2O3_wt": -0.003914726587634056,
    "P2O5_tot_wt": 0.5115767631119751
  }
}