{
  "y_test": [
    0.31,
    0.22,
    0.04,
    0.4,
    0.37,
    3.8,
    22.1,
    0.18,
    25.6,
    0.57,
    0.21,
    0.14,
    1.3,
    0.07,
    0.32,
    0.27,
    6.9,
    25.8,
    0.27,
    0.87,
    0.51,
    0.17,
    0.1,
    0.23,
    0.44,
    0.29,
    0.11,
    0.19,
    6.0,
    1.3,
    0.43,
    0.15,
    24.5,
    0.12,
    4.2,
    0.34,
    0.17,
    0.14,
    7.0,
    0.9,
    0.18,
    0.74,
    1.5,
    0.16,
    0.09
  ],
  "y_pred": [
    3.4402458658492785,
    0.620842606969737,
    0.8639336432437648,
    0.9993415389186324,
    1.1052598702859202,
    4.030179598821147,
    65.08261523413438,
    1.346580773132488,
    22.648993126956054,
    0.36513816547332056,
    1.0303062013974646,
    3.0629176580217043,
    2.7353938786244054,
    1.1138229784620846,
    -0.14510356075402364,
    2.4710495273786073,
    1.1642194209291294,
    65.46572164076593,
    2.164297939735386,
    1.642490595272074,
    1.0820593034445423,
    0.17911264246628833,
    0.857958780686459,
    0.523388613631137,
    0.32297889332531304,
    0.4114687510023203,
    0.7296874014811994,
    -0.9823244635419,
    3.848170213743587,
    2.693868448656896,
    1.4566960757285887,
    0.5435277224472497,
    25.05936327811999,
    2.8478815525939414,
    3.249500573411236,
    1.5487264307223496,
    0.8022316336054587,
    1.824794072785466,
    8.903237700872666,
    1.5080088490300374,
    0.765110598483512,
    1.7620649353905802,
    -0.05074485002563289,
    1.6607401524824636,
    6.825240976488043
  ],
  "selected_features": [
    "K2O_wt",
    "Fe2O3T_wt",
    "SiO2_wt",
    "Al2O3_wt",
    "P2O5_tot_wt"
  ],
  "selected_models": [],
  "stacking_used": false,
  "stacked_model": true,
  "number_of_models": 1,
  "final_estimator": "ann",
  "final_estimator_params": {
    "ann_hidden": 75,
    "ann_alpha": 0.0011909505405904713
  },
  "model_params": {
    "ann": {
      "ann_hidden": 75,
      "ann_alpha": 0.0011909505405904713
    }
  },
  "use_random_split": true,
  "use_feature_selection": false,
  "model_name": "ANN",
  "error_mean": -2.441799888681095,
  "error_sdev": 8.670868435331938,
  "uncertainty_median": 22.64775104061285,
  "uncertainty_mad": 13.213710338118327,
  "uncertainty_measure": 58.34447011724464,
  "feature_importance": {
    "K2O_wt": 0.13083425503023632,
    "Fe2O3T_wt": -0.29992308453646394,
    "SiO2_wt": -0.019066655239951887,
    "Al2O3_wt": -0.5579958141390726,
    "P2O5_tot_wt": -0.6748844008844896
  }
}