{
  "y_test": [
    7.0,
    0.25,
    8.0,
    0.05,
    1.53,
    0.44,
    4.2,
    38.0,
    1.2,
    0.36,
    0.4,
    0.04,
    5.1,
    6.7,
    0.12,
    1.4,
    0.68,
    0.09,
    0.37,
    0.04,
    2.6,
    6.7,
    0.19,
    25.6,
    6.2,
    0.14,
    0.36,
    0.02,
    0.21,
    29.4,
    1.8,
    0.14,
    0.32,
    0.05,
    0.12,
    0.15,
    1.3,
    6.9,
    0.12,
    0.15,
    0.17,
    5.4,
    0.19,
    2.4,
    5.7
  ],
  "y_pred": [
    3.109779750622408,
    0.2402116663830783,
    1.2534813632360926,
    16.464391581811782,
    0.9694418249842276,
    0.20117011801098586,
    4.830799708795624,
    1.7194839687348764,
    1.145776789930734,
    0.29098184830891466,
    0.4516359544117601,
    0.3607980195082782,
    3.429555183755906,
    3.001075903020255,
    3.1777402472515672,
    1.6987769224533005,
    1.148480277441087,
    7.038696957898655,
    0.4087161491201145,
    0.11461455767126516,
    4.5753824924772575,
    5.352442120211213,
    0.44437186390127165,
    27.604955640957225,
    1.2783083107821154,
    0.2371803288846583,
    0.20558156639453187,
    0.33978732838093995,
    0.4483201666395562,
    22.401213748906063,
    0.5652052178080256,
    0.18482631560460494,
    0.684070566247898,
    0.3460736685262719,
    0.35608860680978993,
    0.15407025511104197,
    1.1973091022819315,
    0.8587234932830337,
    0.8005326993671746,
    1.5843165264712058,
    0.39944153673675414,
    1.493160219744595,
    0.31631734449066873,
    0.40282000154086894,
    1.1822403326365818
  ],
  "selected_features": [
    "Fe2O3T_wt",
    "SiO2_wt",
    "Al2O3_wt",
    "P2O5_tot_wt"
  ],
  "selected_models": [],
  "stacking_used": false,
  "stacked_model": true,
  "number_of_models": 1,
  "final_estimator": "knn",
  "final_estimator_params": {
    "knn_n": 6,
    "knn_weights": "distance"
  },
  "model_params": {
    "knn": {
      "knn_n": 6,
      "knn_weights": "distance"
    }
  },
  "use_random_split": true,
  "use_feature_selection": true,
  "model_name": "KNN-FS",
  "error_mean": 1.062925594498974,
  "error_sdev": 6.457172567842076,
  "uncertainty_median": 4.30905626014755,
  "uncertainty_mad": 7.200899007221182,
  "uncertainty_measure": 167.1108143520644,
  "feature_importance": {
    "K2O_wt": -0.021843245551841174,
    "Fe2O3T_wt": 0.7610233581078986,
    "SiO2_wt": -0.012665250007907834,
    "Al2O3_wt": -0.00022011603575451512
  }
}