{
  "y_test": [
    0.27,
    0.43,
    0.1,
    0.27,
    0.04,
    0.44,
    0.56,
    1.3,
    0.74,
    0.41,
    0.37,
    1.18,
    0.42,
    25.6,
    0.29,
    0.04,
    25.0,
    0.14,
    25.8,
    0.09,
    5.4,
    8.9,
    0.09,
    0.14,
    0.15,
    1.2,
    0.16,
    0.14,
    0.14,
    2.6,
    0.44,
    1.4,
    4.2,
    0.21,
    4.5,
    6.1,
    1.3,
    0.34,
    0.07,
    1.3,
    0.15,
    6.7,
    1.0,
    0.19,
    7.4
  ],
  "y_pred": [
    0.31063723512743235,
    0.41561431544509514,
    0.48031015523107423,
    1.4206581231507018,
    0.31063723512743235,
    0.3470647411534357,
    2.172653760920315,
    0.9982758148533729,
    0.7659700932770811,
    0.4798867747615207,
    0.5622787494705592,
    0.992007833657504,
    0.4231603240160209,
    29.132352093625045,
    0.9750004353267845,
    7.916303363902048,
    9.208928196045132,
    0.24321901888628336,
    24.063165137614664,
    1.7241675691925142,
    7.805849357151385,
    9.80533781211107,
    0.658852774152925,
    0.4334979681110173,
    0.6006136738924432,
    0.5191382080508321,
    1.0519559827409215,
    2.689500325248568,
    0.3335075501892614,
    1.0544226038441984,
    0.3317741732340519,
    1.8660891431474862,
    5.028765970221704,
    0.32461920928335125,
    8.95828216635557,
    5.645777765765609,
    1.8196984339586117,
    0.4069419322215475,
    0.7772874634461111,
    0.5743725732818196,
    0.785128049192264,
    7.1649430080622745,
    0.8680739799909876,
    0.29733163566869486,
    6.8753242628930655
  ],
  "selected_features": [
    "Al2O3_wt",
    "P2O5_tot_wt"
  ],
  "selected_models": [],
  "stacking_used": false,
  "stacked_model": true,
  "number_of_models": 1,
  "final_estimator": "et",
  "final_estimator_params": {
    "et_n_estimators": 109,
    "et_max_depth": 7,
    "et_min_samples_split": 3,
    "et_min_samples_leaf": 1,
    "et_bootstrap": false
  },
  "model_params": {
    "et": {
      "et_n_estimators": 109,
      "et_max_depth": 7,
      "et_min_samples_split": 3,
      "et_min_samples_leaf": 1,
      "et_bootstrap": false
    }
  },
  "use_random_split": true,
  "use_feature_selection": true,
  "model_name": "ET-FS",
  "error_mean": -0.26465282206666174,
  "error_sdev": 2.907088791169155,
  "uncertainty_median": 19.036747487986034,
  "uncertainty_mad": 7.003466623947031,
  "uncertainty_measure": 36.78919746331075,
  "feature_importance": {
    "K2O_wt": 0.6156584204625895,
    "Fe2O3T_wt": 1.2125779987598069
  }
}