{
  "y_test": [
    0.16,
    34.0,
    29.4,
    0.74,
    0.23,
    24.5,
    0.17,
    4.2,
    0.52,
    2.4,
    0.41,
    3.8,
    0.1,
    0.02,
    8.7,
    0.35,
    0.14,
    0.09,
    22.1,
    38.0,
    0.44,
    5.7,
    25.0,
    0.4,
    1.3,
    0.04,
    25.8,
    0.12,
    0.1,
    4.2,
    0.25,
    0.04,
    0.04,
    7.0,
    1.18,
    0.24,
    25.6,
    3.4,
    0.56,
    1.3,
    0.16,
    4.2,
    0.05,
    0.04,
    0.09
  ],
  "y_pred": [
    0.34506804511217837,
    2.4146287344490998,
    22.72794644576919,
    1.2548378087641368,
    1.226864135044424,
    5.858417152164684,
    0.44795381797855205,
    3.396037708627176,
    1.054051552922283,
    3.2536914451701953,
    2.3114435467922867,
    3.6133108213178473,
    0.7084263886780011,
    2.0667218395276428,
    10.763205379502068,
    1.3916884532715117,
    4.239860044883866,
    2.2395196715627557,
    33.848669011598375,
    2.664335731604637,
    0.2826339207797799,
    4.332549573613152,
    9.514522892854101,
    0.9276818172554071,
    2.3921064294179093,
    0.3218392468410318,
    35.61418450700149,
    2.4063410557636074,
    1.110990058305076,
    3.3286182944038845,
    1.4593630320241608,
    1.3894509728554212,
    0.5436020704509128,
    8.877718424802882,
    2.4105903522404897,
    0.9394237986556582,
    5.214105249103069,
    2.9215501637705716,
    1.267826112637111,
    2.60937954210858,
    -0.6800802163074442,
    8.016133409050598,
    12.795876386678849,
    0.5653293817199798,
    0.9586584649792784
  ],
  "selected_features": [
    "Fe2O3T_wt",
    "P2O5_tot_wt"
  ],
  "selected_models": [],
  "stacking_used": false,
  "stacked_model": true,
  "number_of_models": 1,
  "final_estimator": "lr",
  "final_estimator_params": {},
  "model_params": {
    "lr": {}
  },
  "use_random_split": true,
  "use_feature_selection": true,
  "model_name": "LR-FS",
  "error_mean": 1.376287273872301,
  "error_sdev": 9.14715478018638,
  "uncertainty_median": 21.514861095078444,
  "uncertainty_mad": 8.385761556583446,
  "uncertainty_measure": 38.97660096212149,
  "feature_importance": {
    "K2O_wt": -0.01490934242612757,
    "Fe2O3T_wt": 0.6193895080963578
  }
}