{
  "y_test": [
    0.27,
    22.1,
    0.41,
    6.2,
    1.47,
    1.0,
    0.04,
    0.14,
    6.1,
    2.4,
    0.09,
    0.02,
    1.9,
    5.4,
    0.19,
    1.3,
    0.17,
    6.9,
    2.4,
    0.05,
    0.4,
    0.15,
    0.17,
    0.4,
    0.73,
    0.21,
    0.15,
    0.04,
    10.4,
    0.87,
    0.07,
    0.9,
    3.8,
    0.18,
    0.34,
    1.8,
    0.56,
    25.0,
    25.6,
    0.14,
    0.14,
    0.04,
    1.3,
    0.14,
    0.21
  ],
  "y_pred": [
    0.42523097601694504,
    29.25499568165096,
    2.074235541503901,
    6.081950592090714,
    1.4472749864945254,
    2.0878496625522813,
    0.39046880863576655,
    0.127445669255731,
    4.868433738806534,
    0.17335487703619304,
    0.4216167816524819,
    0.27453184952697496,
    7.365141087122502,
    3.2701481431032096,
    0.11925345727782048,
    1.8667648980996903,
    0.10843202014727271,
    0.43090616783383123,
    1.1905454364969377,
    23.50275070177514,
    0.4248656126054358,
    1.2338315852734325,
    0.4479254387143319,
    0.31452644245985234,
    0.3883102104120543,
    0.499743677485391,
    2.297687055972458,
    0.18551865771359294,
    7.465051764987905,
    0.5237386282024785,
    4.5661696683023765,
    3.9018588089887136,
    3.6666244457505304,
    0.4639405689109942,
    0.3032554974556236,
    0.31371522752831016,
    0.6249794356700754,
    26.242709702128902,
    25.458007278047933,
    16.546236422060765,
    0.21321803683160193,
    0.6106717454520997,
    0.855990151825862,
    1.1726394061082095,
    1.3802930273286191
  ],
  "selected_features": [
    "K2O_wt",
    "Fe2O3T_wt",
    "SiO2_wt",
    "P2O5_tot_wt"
  ],
  "selected_models": [],
  "stacking_used": false,
  "stacked_model": true,
  "number_of_models": 1,
  "final_estimator": "knn",
  "final_estimator_params": {
    "knn_n": 4,
    "knn_weights": "distance"
  },
  "model_params": {
    "knn": {
      "knn_n": 4,
      "knn_weights": "distance"
    }
  },
  "use_random_split": true,
  "use_feature_selection": true,
  "model_name": "KNN-FS",
  "error_mean": -1.1842853238510433,
  "error_sdev": 4.639216908846447,
  "uncertainty_median": 5.639277346930275,
  "uncertainty_mad": 9.316665104486852,
  "uncertainty_measure": 165.21026598484914,
  "feature_importance": {
    "K2O_wt": -0.02366526631494616,
    "Fe2O3T_wt": -0.1275458132240136,
    "SiO2_wt": 1.9180973948688795,
    "Al2O3_wt": 0.0033475279781400922
  }
}