{
  "y_test": [
    1.53,
    0.04,
    0.52,
    0.15,
    0.19,
    2.4,
    0.23,
    25.0,
    0.37,
    1.3,
    6.2,
    0.15,
    0.13,
    0.17,
    0.4,
    0.19,
    0.1,
    0.14,
    0.29,
    0.84,
    4.2,
    1.3,
    0.24,
    29.4,
    0.31,
    0.68,
    6.9,
    0.04,
    0.07,
    0.24,
    0.41,
    0.21,
    2.7,
    0.14,
    0.37,
    0.36,
    6.7,
    0.27,
    22.1,
    0.87,
    0.46,
    5.7,
    0.12,
    0.25,
    0.15
  ],
  "y_pred": [
    -1.395607443632752,
    0.6500296858061245,
    -0.6491294185755728,
    0.8072823013832642,
    2.1589784333213955,
    0.8764464034905346,
    0.7747063555323803,
    24.289935484491576,
    1.379244895026345,
    1.3303349103628122,
    7.433632740751333,
    1.213256086663759,
    0.1022602118337384,
    0.5112207819996197,
    1.0430121849043117,
    0.8838261681551243,
    0.14820612014437753,
    -0.13070394044196,
    2.1315713186355096,
    0.30377996805358926,
    9.098364072156855,
    0.2526780061532006,
    0.8705448324708219,
    12.662768458144052,
    0.13836402241716242,
    0.9039196247069782,
    7.940681214745483,
    1.0430121849043117,
    -0.34734992311250484,
    -0.7595608611755936,
    0.8631918065829636,
    1.0430121849043117,
    1.7980919838987195,
    -0.09362380706339346,
    -0.21358863354045782,
    -0.4908475341712598,
    6.169776354413677,
    1.7611631433829649,
    24.289935484491576,
    1.4243299102869933,
    2.742764378984315,
    7.074462864078389,
    1.9089633859380197,
    0.4088658122286414,
    -0.0641902502864656
  ],
  "selected_features": [
    "K2O_wt",
    "Fe2O3T_wt",
    "SiO2_wt",
    "Al2O3_wt",
    "P2O5_tot_wt"
  ],
  "selected_models": [],
  "stacking_used": false,
  "stacked_model": true,
  "number_of_models": 1,
  "final_estimator": "lgbm",
  "final_estimator_params": {
    "lgbm_num_leaves": 69,
    "lgbm_lr": 0.1867491819274792,
    "lgbm_n_estimators": 61
  },
  "model_params": {
    "lgbm": {
      "lgbm_num_leaves": 69,
      "lgbm_lr": 0.1867491819274792,
      "lgbm_n_estimators": 61
    }
  },
  "use_random_split": true,
  "use_feature_selection": false,
  "model_name": "LGBM",
  "error_mean": 0.00537751192343854,
  "error_sdev": 2.8442243617287177,
  "uncertainty_median": 9.72950389320784,
  "uncertainty_mad": 4.041232048415478,
  "uncertainty_measure": 41.535849029637156,
  "feature_importance": {
    "K2O_wt": 0.1862789790958651,
    "Fe2O3T_wt": -0.0038702596402272835,
    "SiO2_wt": 0.06867265663906766,
    "Al2O3_wt": 0.03472909008234635,
    "P2O5_tot_wt": 0.9580066349401839
  }
}