{
  "y_test": [
    0.16,
    34.0,
    29.4,
    0.74,
    0.23,
    24.5,
    0.17,
    4.2,
    0.52,
    2.4,
    0.41,
    3.8,
    0.1,
    0.02,
    8.7,
    0.35,
    0.14,
    0.09,
    22.1,
    38.0,
    0.44,
    5.7,
    25.0,
    0.4,
    1.3,
    0.04,
    25.8,
    0.12,
    0.1,
    4.2,
    0.25,
    0.04,
    0.04,
    7.0,
    1.18,
    0.24,
    25.6,
    3.4,
    0.56,
    1.3,
    0.16,
    4.2,
    0.05,
    0.04,
    0.09
  ],
  "y_pred": [
    0.2864285714285714,
    9.042142857142856,
    9.42785714285714,
    1.262857142857143,
    0.46428571428571436,
    9.042142857142856,
    0.26071428571428573,
    4.121428571428572,
    0.3157142857142857,
    1.435,
    1.5628571428571427,
    3.95,
    0.3907142857142857,
    0.56,
    3.8199999999999994,
    0.9292857142857143,
    1.2521428571428572,
    0.40857142857142864,
    9.42785714285714,
    1.4085714285714286,
    0.3828571428571429,
    3.6571428571428575,
    9.042142857142856,
    1.0892857142857142,
    3.514285714285714,
    0.19785714285714281,
    9.42785714285714,
    0.8278571428571428,
    0.49571428571428566,
    3.507142857142857,
    0.6021428571428571,
    0.2707142857142857,
    0.42142857142857154,
    3.2800000000000002,
    1.9949999999999999,
    0.3157142857142857,
    9.042142857142856,
    3.95,
    0.3807142857142857,
    3.6571428571428575,
    0.27071428571428574,
    1.444285714285714,
    5.8357142857142845,
    0.4764285714285714,
    0.4100000000000001
  ],
  "selected_features": [
    "K2O_wt",
    "Fe2O3T_wt",
    "SiO2_wt",
    "Al2O3_wt",
    "P2O5_tot_wt"
  ],
  "selected_models": [],
  "stacking_used": false,
  "stacked_model": true,
  "number_of_models": 1,
  "final_estimator": "knn",
  "final_estimator_params": {
    "knn_n": 14,
    "knn_weights": "uniform"
  },
  "model_params": {
    "knn": {
      "knn_n": 14,
      "knn_weights": "uniform"
    }
  },
  "use_random_split": true,
  "use_feature_selection": false,
  "model_name": "KNN",
  "error_mean": 3.409269841269842,
  "error_sdev": 8.441543862921698,
  "uncertainty_median": 4.657142857142857,
  "uncertainty_mad": 2.9855573749999995,
  "uncertainty_measure": 64.10706019938651,
  "feature_importance": {
    "K2O_wt": -0.003930626939105259,
    "Fe2O3T_wt": -0.0026841184051709975,
    "SiO2_wt": 0.45178318044614796,
    "Al2O3_wt": -0.009505925016888853,
    "P2O5_tot_wt": -0.00039585008434396606
  }
}