{
  "y_test": [
    0.09,
    1.18,
    0.25,
    0.34,
    10.4,
    0.37,
    1.5,
    0.09,
    22.1,
    1.3,
    0.1,
    1.2,
    0.4,
    0.19,
    5.1,
    0.44,
    25.8,
    5.7,
    0.05,
    1.3,
    6.1,
    0.18,
    1.3,
    2.7,
    0.18,
    6.5,
    0.25,
    0.29,
    0.14,
    0.15,
    1.3,
    3.8,
    2.4,
    2.4,
    0.27,
    0.1,
    2.6,
    1.4,
    0.09,
    0.11,
    0.13,
    0.27,
    0.16,
    4.2,
    0.37
  ],
  "y_pred": [
    1.4547127485275269,
    0.7262048721313477,
    0.13530480861663818,
    0.2895658612251282,
    13.837345123291016,
    0.47322914004325867,
    1.5655343532562256,
    0.3545868396759033,
    26.692977905273438,
    1.6932320594787598,
    0.2974194288253784,
    0.28926047682762146,
    0.17016373574733734,
    0.20014065504074097,
    5.721855163574219,
    0.21768362820148468,
    26.796554565429688,
    6.25896692276001,
    0.22194398939609528,
    0.4755842685699463,
    5.425775527954102,
    0.20777958631515503,
    2.043872833251953,
    1.8796430826187134,
    0.1863315850496292,
    8.915871620178223,
    -0.2874993085861206,
    -0.14333269000053406,
    0.20337575674057007,
    0.24446514248847961,
    2.038850784301758,
    5.8856730461120605,
    2.8188352584838867,
    1.5746352672576904,
    0.06492467224597931,
    0.18218542635440826,
    0.649103581905365,
    2.1461453437805176,
    0.17832961678504944,
    1.2352263927459717,
    0.13530480861663818,
    0.5138359665870667,
    1.094552993774414,
    1.9518357515335083,
    0.23194573819637299
  ],
  "selected_features": [
    "SiO2_wt",
    "Al2O3_wt",
    "P2O5_tot_wt"
  ],
  "selected_models": [],
  "stacking_used": false,
  "stacked_model": true,
  "number_of_models": 1,
  "final_estimator": "xgb",
  "final_estimator_params": {
    "xgb_n_estimators": 122,
    "xgb_lr": 0.12974880165045144,
    "xgb_max_depth": 4,
    "xgb_subsample": 0.7937459164837196,
    "xgb_colsample": 0.7481740014169246
  },
  "model_params": {
    "xgb": {
      "xgb_n_estimators": 122,
      "xgb_lr": 0.12974880165045144,
      "xgb_max_depth": 4,
      "xgb_subsample": 0.7937459164837196,
      "xgb_colsample": 0.7481740014169246
    }
  },
  "use_random_split": true,
  "use_feature_selection": true,
  "model_name": "XGB-FS",
  "error_mean": -0.2657763184573915,
  "error_sdev": 1.176281327322759,
  "uncertainty_median": 10.214958190917969,
  "uncertainty_mad": 6.433911323547363,
  "uncertainty_measure": 62.98519488085324,
  "feature_importance": {
    "K2O_wt": 0.6812788377142316,
    "Fe2O3T_wt": 0.15696834893260353,
    "SiO2_wt": 0.5995179243406581
  }
}