{
  "y_test": [
    0.21,
    0.07,
    0.44,
    1.2,
    6.9,
    11.7,
    0.04,
    8.9,
    6.7,
    2.4,
    0.17,
    0.24,
    6.1,
    6.2,
    0.16,
    6.6,
    6.9,
    24.5,
    0.9,
    0.21,
    31.8,
    0.04,
    1.44,
    4.5,
    0.18,
    8.0,
    0.56,
    0.35,
    4.2,
    0.37,
    0.19,
    1.8,
    5.7,
    1.44,
    0.14,
    1.9,
    10.1,
    1.4,
    0.14,
    0.47,
    5.1,
    8.7,
    1.47,
    0.1,
    7.4
  ],
  "y_pred": [
    1.6962240947503502,
    -0.11890247292049172,
    -0.16986317017858077,
    0.8747307556230122,
    -1.247897920314327,
    8.839128506498886,
    1.6962240947503502,
    6.6702350751264365,
    8.378963266206966,
    -1.4680509993045199,
    0.8536585304060387,
    0.7443554832094768,
    8.378963266206966,
    8.378963266206966,
    -0.07733027858222473,
    9.284667486808008,
    8.378963266206966,
    17.76617007456257,
    2.040896691581608,
    -0.05238390007418972,
    17.76617007456257,
    0.9667659388179848,
    -0.11269753319560877,
    8.378963266206966,
    1.6962240947503502,
    8.378963266206966,
    1.9901606653072783,
    0.4165643400134625,
    8.378963266206966,
    0.6747215098011567,
    0.4624998685396954,
    6.671075623419871,
    8.378963266206966,
    1.6962240947503502,
    0.04205833992336294,
    0.3511143269193127,
    16.91354866554072,
    0.4249595065479332,
    1.6876671892360888,
    0.3629996397037949,
    8.378963266206966,
    16.718021170950085,
    -0.18654271282422877,
    0.3077018502550527,
    9.159944430815564
  ],
  "selected_features": [
    "K2O_wt",
    "Fe2O3T_wt",
    "SiO2_wt",
    "Al2O3_wt",
    "P2O5_tot_wt"
  ],
  "selected_models": [],
  "stacking_used": false,
  "stacked_model": true,
  "number_of_models": 1,
  "final_estimator": "lgbm",
  "final_estimator_params": {
    "lgbm_num_leaves": 81,
    "lgbm_lr": 0.02272600116966532,
    "lgbm_n_estimators": 247
  },
  "model_params": {
    "lgbm": {
      "lgbm_num_leaves": 81,
      "lgbm_lr": 0.02272600116966532,
      "lgbm_n_estimators": 247
    }
  },
  "use_random_split": true,
  "use_feature_selection": false,
  "model_name": "LGBM",
  "error_mean": -0.28270472292533105,
  "error_sdev": 3.591330054011217,
  "uncertainty_median": 8.839128506498886,
  "uncertainty_mad": 3.6677627999891755,
  "uncertainty_measure": 41.494620168634135,
  "feature_importance": {
    "K2O_wt": 0.35506177950973283,
    "Fe2O3T_wt": 0.01141592634289482,
    "SiO2_wt": 0.04283661855751086,
    "Al2O3_wt": 0.031246946523020052,
    "P2O5_tot_wt": 1.0000522974760597
  }
}