{
  "y_test": [
    1.53,
    4.2,
    8.7,
    0.24,
    0.04,
    0.35,
    3.4,
    1.3,
    0.56,
    1.8,
    8.0,
    0.22,
    6.7,
    0.18,
    0.4,
    2.4,
    0.51,
    1.47,
    0.52,
    1.2,
    7.4,
    0.43,
    10.1,
    0.25,
    5.4,
    0.11,
    6.5,
    2.7,
    25.0,
    11.7,
    2.6,
    2.4,
    0.31,
    0.15,
    25.8,
    1.3,
    1.44,
    0.47,
    0.05,
    0.17,
    0.14,
    6.1,
    0.15,
    0.57,
    1.44
  ],
  "y_pred": [
    2.8598036309690764,
    5.339953318964453,
    9.225641822717362,
    1.464711679104953,
    1.2797054600828162,
    2.892750113860509,
    4.934477227664921,
    2.8085590592654093,
    1.678429818420736,
    3.399847349610326,
    6.646425371995809,
    1.7517916477360398,
    10.00418897703608,
    1.8462580692130892,
    2.6193430852190085,
    2.535410354142692,
    1.7419378765458555,
    2.690993724193733,
    1.1682119387622052,
    2.4593990917574793,
    8.402041769365365,
    0.42807960754109686,
    9.522701623351335,
    2.3362083462000225,
    4.814797712241042,
    -0.5846227628313603,
    9.270694721750644,
    3.019729018750465,
    10.977104282103074,
    7.2645180877088125,
    4.644464694871623,
    2.681832276000855,
    3.095488159510275,
    2.9738453321204146,
    24.907956548547894,
    4.569838078481026,
    3.0788702515717175,
    1.8703324368973258,
    -0.012872540800451304,
    1.923691188953197,
    2.617788965158031,
    5.377958950157058,
    2.3062254369377024,
    1.3698236619361381,
    -0.2327885546800026
  ],
  "selected_features": [
    "SiO2_wt",
    "P2O5_tot_wt"
  ],
  "selected_models": [],
  "stacking_used": false,
  "stacked_model": true,
  "number_of_models": 1,
  "final_estimator": "svr",
  "final_estimator_params": {
    "svr_C": 4.390539163432486,
    "svr_epsilon": 0.0075738167842744186
  },
  "model_params": {
    "svr": {
      "svr_C": 4.390539163432486,
      "svr_epsilon": 0.0075738167842744186
    }
  },
  "use_random_split": true,
  "use_feature_selection": true,
  "model_name": "SVR-FS",
  "error_mean": -0.657145486869019,
  "error_sdev": 2.6724542535086964,
  "uncertainty_median": 12.148551069026405,
  "uncertainty_mad": 4.522495791377266,
  "uncertainty_measure": 37.22662699182037,
  "feature_importance": {
    "K2O_wt": 0.2951161304387701,
    "Fe2O3T_wt": 0.606575055269271
  }
}