{
  "y_test": [
    1.8,
    1.44,
    0.14,
    0.42,
    0.09,
    0.27,
    0.09,
    0.9,
    1.5,
    25.6,
    0.14,
    0.4,
    10.1,
    0.57,
    1.0,
    38.0,
    0.1,
    3.4,
    0.24,
    0.15,
    6.6,
    24.5,
    0.13,
    0.11,
    6.1,
    0.25,
    22.1,
    0.43,
    0.27,
    0.24,
    0.1,
    0.04,
    11.7,
    0.17,
    1.53,
    0.16,
    1.9,
    6.0,
    0.21,
    0.19,
    0.15,
    7.0,
    0.34,
    0.21,
    0.62
  ],
  "y_pred": [
    7.172727272727273,
    1.229090909090909,
    0.18318181818181814,
    0.40863636363636363,
    0.17242424242424242,
    0.06075757575757576,
    0.3686363636363637,
    1.1072727272727274,
    1.7477272727272726,
    31.436363636363634,
    0.3263636363636363,
    0.6209090909090906,
    7.181818181818182,
    0.30772727272727285,
    1.1631818181818183,
    5.2636363636363654,
    0.3268181818181819,
    3.140909090909091,
    0.21151515151515152,
    0.1652164502164502,
    6.336363636363637,
    26.736363636363635,
    0.13318181818181823,
    0.7331818181818182,
    4.604545454545455,
    0.13318181818181823,
    30.127272727272725,
    0.05954545454545456,
    0.9236363636363635,
    0.3304545454545456,
    0.2907954545454545,
    0.2922727272727273,
    8.71818181818182,
    0.35625000000000007,
    0.16575757575757577,
    0.3427272727272726,
    3.1890909090909103,
    4.940909090909092,
    0.8831818181818178,
    0.12233766233766236,
    0.5709090909090908,
    6.468181818181819,
    0.3540909090909091,
    0.8572727272727271,
    0.8413636363636364
  ],
  "selected_features": [
    "SiO2_wt",
    "Al2O3_wt",
    "P2O5_tot_wt"
  ],
  "selected_models": [],
  "stacking_used": false,
  "stacked_model": true,
  "number_of_models": 1,
  "final_estimator": "rf",
  "final_estimator_params": {
    "rf_n_estimators": 22,
    "rf_max_depth": 14
  },
  "model_params": {
    "rf": {
      "rf_n_estimators": 22,
      "rf_max_depth": 14
    }
  },
  "use_random_split": true,
  "use_feature_selection": true,
  "model_name": "RF-FS",
  "error_mean": 0.3620897065897063,
  "error_sdev": 5.277743059573312,
  "uncertainty_median": 8.2,
  "uncertainty_mad": 6.29049129135101,
  "uncertainty_measure": 76.71330843110988,
  "feature_importance": {
    "K2O_wt": 0.7978579920388144,
    "Fe2O3T_wt": -0.01657193326890601,
    "SiO2_wt": 0.2613786411075288
  }
}