{
  "y_test": [
    1.47,
    0.29,
    0.02,
    0.27,
    1.44,
    0.07,
    24.5,
    0.15,
    1.3,
    10.4,
    0.05,
    0.84,
    0.73,
    0.04,
    0.09,
    4.2,
    6.7,
    25.0,
    0.21,
    0.18,
    25.8,
    6.5,
    0.43,
    0.17,
    0.14,
    0.12,
    1.44,
    0.36,
    0.16,
    0.74,
    4.2,
    0.1,
    0.12,
    0.68,
    0.51,
    0.04,
    6.9,
    0.37,
    1.3,
    0.62,
    0.42,
    0.44,
    8.7,
    0.24,
    6.9
  ],
  "y_pred": [
    0.3315464923325777,
    -0.7721951551121862,
    -0.0582101866354634,
    3.4821910755158925,
    -1.2825884567860655,
    1.7786557462405952,
    21.664631972944335,
    0.5135214295214823,
    4.844475276351993,
    10.422541730696551,
    -0.52005846841692,
    -0.4816308474431281,
    0.09570747247985878,
    -0.21121790456774647,
    0.06028753661240671,
    6.732774980484841,
    2.9760429625863978,
    19.746593935284487,
    0.30547567301346135,
    0.6271187446394251,
    19.31144405207856,
    9.018067287527934,
    1.052462094564767,
    0.3381114537167491,
    5.556280143686887,
    4.710606856136977,
    0.8706198686089266,
    0.41669605991278047,
    0.7431126856253414,
    1.5353763208333007,
    5.660720920709512,
    0.7087633320753781,
    1.7297507572430675,
    0.3740925096943357,
    2.2055528102305573,
    0.13098066482474735,
    3.1459292759616773,
    0.6270360536857567,
    4.984573665649226,
    0.3293206610139592,
    6.51875239233906,
    0.7043743844165178,
    8.716419439247833,
    3.439982244072855,
    -0.15131359978433068
  ],
  "selected_features": [
    "K2O_wt",
    "Fe2O3T_wt",
    "SiO2_wt",
    "Al2O3_wt"
  ],
  "selected_models": [],
  "stacking_used": false,
  "stacked_model": true,
  "number_of_models": 1,
  "final_estimator": "lr",
  "final_estimator_params": {},
  "model_params": {
    "lr": {}
  },
  "use_random_split": true,
  "use_feature_selection": true,
  "model_name": "LR-FS",
  "error_mean": -0.16851947430700373,
  "error_sdev": 2.7255170565050464,
  "uncertainty_median": 5.496197108206406,
  "uncertainty_mad": 7.685593738758725,
  "uncertainty_measure": 139.8347546030203,
  "feature_importance": {
    "K2O_wt": 0.009166077204437868,
    "Fe2O3T_wt": 0.06547238333869794,
    "SiO2_wt": 2.052737857268215,
    "Al2O3_wt": 0.19316260644461417
  }
}