{
  "y_test": [
    6.5,
    1.47,
    2.4,
    1.9,
    0.14,
    10.1,
    0.05,
    1.4,
    38.0,
    6.9,
    0.37,
    0.56,
    0.27,
    1.3,
    0.07,
    4.2,
    0.19,
    0.15,
    22.1,
    0.22,
    0.47,
    0.31,
    0.36,
    1.3,
    0.12,
    0.37,
    0.18,
    0.04,
    0.57,
    0.19,
    1.53,
    0.05,
    34.0,
    8.0,
    2.4,
    8.7,
    0.16,
    6.3,
    0.14,
    0.04,
    1.2,
    0.15,
    0.44,
    0.14,
    0.21
  ],
  "y_pred": [
    24.34268581255259,
    0.05616592941632348,
    1.7853177472083814,
    1.1769854888591815,
    -0.4265244519082071,
    25.312434828446726,
    0.9131485533428096,
    3.855407037951803,
    1.080456733880732,
    8.840866514890685,
    -0.3573996688565444,
    -0.9933092203179524,
    2.4123922035164096,
    -0.9572625097940104,
    1.3000889249179723,
    3.18436903742139,
    0.011741336179275589,
    0.5679699497543397,
    25.312434828446726,
    0.37621449119511946,
    0.5510765770773705,
    0.891819783531068,
    0.3676330334954719,
    0.7793376987566022,
    0.3676330334954719,
    0.5979441056780141,
    0.3676330334954719,
    0.8202990502292621,
    0.012316021313517979,
    0.3676330334954719,
    -0.6548517357535464,
    0.3676330334954719,
    25.312434828446726,
    5.201797861137644,
    3.5622905651132046,
    24.34268581255259,
    0.3676330334954719,
    9.835719635036163,
    1.1491532863142202,
    0.41144175754250223,
    -1.0107207470979387,
    0.4954369511127245,
    0.13954525379652835,
    0.3676330334954719,
    0.3676330334954719
  ],
  "selected_features": [
    "SiO2_wt",
    "Al2O3_wt",
    "P2O5_tot_wt"
  ],
  "selected_models": [],
  "stacking_used": false,
  "stacked_model": true,
  "number_of_models": 1,
  "final_estimator": "lgbm",
  "final_estimator_params": {
    "lgbm_num_leaves": 46,
    "lgbm_lr": 0.2722026904963996,
    "lgbm_n_estimators": 202
  },
  "model_params": {
    "lgbm": {
      "lgbm_num_leaves": 46,
      "lgbm_lr": 0.2722026904963996,
      "lgbm_n_estimators": 202
    }
  },
  "use_random_split": true,
  "use_feature_selection": true,
  "model_name": "LGBM-FS",
  "error_mean": -0.16695498977453724,
  "error_sdev": 7.239215878458506,
  "uncertainty_median": 8.866537396746512,
  "uncertainty_mad": 4.333461419286279,
  "uncertainty_measure": 48.87433758387349,
  "feature_importance": {
    "K2O_wt": 0.1274183327255144,
    "Fe2O3T_wt": 0.10870726716125531,
    "SiO2_wt": 0.09481923099977474
  }
}