{
  "y_test": [
    1.3,
    4.2,
    0.09,
    25.6,
    6.9,
    2.6,
    0.04,
    31.8,
    0.52,
    0.34,
    1.4,
    0.37,
    0.12,
    0.12,
    0.4,
    1.8,
    0.15,
    0.14,
    0.19,
    6.2,
    1.4,
    6.0,
    6.3,
    0.04,
    0.15,
    0.04,
    0.17,
    1.9,
    6.5,
    0.09,
    1.3,
    0.32,
    2.4,
    4.5,
    0.11,
    6.7,
    0.13,
    0.1,
    0.84,
    25.0,
    25.8,
    0.18,
    0.47,
    0.37,
    0.43
  ],
  "y_pred": [
    5.465117437887141,
    5.128005441850082,
    -1.5869623313635515,
    23.29251605285499,
    5.967641965420253,
    3.4747155428900243,
    1.6509517503871294,
    24.321275056044264,
    3.044098123163778,
    -2.001259535927659,
    4.776435504349223,
    0.9662946724416628,
    0.9627359523238965,
    4.592432016083471,
    0.375294553600952,
    -0.36225945997334463,
    0.5190333038854504,
    5.537088301882534,
    -4.808333967772711,
    0.4335971604187421,
    5.369697858025834,
    7.43429582369728,
    4.557208092147576,
    4.79025278444572,
    -0.3057475812389967,
    0.4298551180957517,
    2.8299734669056775,
    6.2561603958257415,
    8.573503951234894,
    11.32683224595165,
    5.758287158671436,
    -0.6034556528904247,
    -0.11503291548186212,
    5.953934953157702,
    0.2141021648194652,
    5.027697768115775,
    3.2648684069216074,
    -0.3681903387236076,
    0.3987782568278959,
    18.56096152723306,
    14.43712039802788,
    1.0458353293447402,
    1.1876418915476847,
    0.8191901939376223,
    1.1903014176410736
  ],
  "selected_features": [
    "K2O_wt",
    "Fe2O3T_wt",
    "SiO2_wt"
  ],
  "selected_models": [],
  "stacking_used": false,
  "stacked_model": true,
  "number_of_models": 1,
  "final_estimator": "lr",
  "final_estimator_params": {},
  "model_params": {
    "lr": {}
  },
  "use_random_split": true,
  "use_feature_selection": true,
  "model_name": "LR-FS",
  "error_mean": -0.3169442278819444,
  "error_sdev": 3.7950813489671837,
  "uncertainty_median": 4.283698260640387,
  "uncertainty_mad": 8.286665241136346,
  "uncertainty_measure": 193.4465206682774,
  "feature_importance": {
    "K2O_wt": 0.14833391242941865,
    "Fe2O3T_wt": 0.05594586549680924,
    "SiO2_wt": 1.8169229711973878
  }
}