{
  "y_test": [
    7.0,
    0.51,
    0.14,
    0.18,
    24.5,
    1.3,
    0.56,
    0.29,
    0.87,
    0.36,
    0.27,
    1.3,
    8.0,
    0.13,
    0.05,
    0.34,
    0.07,
    0.17,
    29.4,
    0.25,
    0.24,
    6.3,
    25.6,
    2.4,
    1.8,
    4.2,
    0.1,
    6.6,
    0.17,
    0.04,
    5.4,
    0.14,
    0.43,
    0.14,
    2.4,
    0.37,
    0.04,
    1.9,
    1.0,
    1.3,
    25.8,
    4.2,
    0.4,
    0.35,
    1.44
  ],
  "y_pred": [
    7.442178785993322,
    0.6771469319046679,
    1.7440200513379374,
    -1.0234678534183093,
    23.657166585588826,
    0.381363602681859,
    -0.9066047225290641,
    0.3777150933120364,
    2.0855946197869377,
    0.9232732234125628,
    2.1559771538360137,
    0.5762044810839524,
    5.56766998209751,
    0.9162007335074831,
    0.33422926024412586,
    -0.1080929395957348,
    -1.6843696091163818,
    -3.497834269605156,
    7.371731289426487,
    0.30640630063713553,
    -0.17032927340276524,
    8.137689669880032,
    23.657166585588826,
    0.4340174716666131,
    11.443293452634315,
    8.137689669880032,
    -1.6213790187616863,
    4.819741513151223,
    3.1554807210431606,
    0.3777150933120364,
    6.798149554505011,
    1.4057623893439717,
    0.3777150933120364,
    -3.6216517740655143,
    2.0582886282565664,
    0.12266184648120909,
    1.0940184354695415,
    3.4421660477600637,
    -1.4752711487368384,
    0.491085810058198,
    14.57024735417506,
    7.600576012573999,
    0.27506622498131333,
    0.8618684677889327,
    2.2936964562167175
  ],
  "selected_features": [
    "K2O_wt",
    "Fe2O3T_wt",
    "SiO2_wt",
    "Al2O3_wt",
    "P2O5_tot_wt"
  ],
  "selected_models": [],
  "stacking_used": false,
  "stacked_model": true,
  "number_of_models": 1,
  "final_estimator": "lgbm",
  "final_estimator_params": {
    "lgbm_num_leaves": 90,
    "lgbm_lr": 0.2808742003305771,
    "lgbm_n_estimators": 274
  },
  "model_params": {
    "lgbm": {
      "lgbm_num_leaves": 90,
      "lgbm_lr": 0.2808742003305771,
      "lgbm_n_estimators": 274
    }
  },
  "use_random_split": true,
  "use_feature_selection": false,
  "model_name": "LGBM",
  "error_mean": 0.5886228003622609,
  "error_sdev": 4.286648294017952,
  "uncertainty_median": 11.406752035537469,
  "uncertainty_mad": 5.42561880603246,
  "uncertainty_measure": 47.56497545602001,
  "feature_importance": {
    "K2O_wt": 0.24101490848690726,
    "Fe2O3T_wt": 0.032184665434265784,
    "SiO2_wt": 0.06291369246698117,
    "Al2O3_wt": 0.09688509499877282,
    "P2O5_tot_wt": 1.250292632519793
  }
}