{
  "y_test": [
    4.2,
    5.1,
    0.25,
    6.6,
    1.3,
    5.4,
    1.4,
    6.9,
    0.14,
    0.14,
    0.16,
    0.14,
    0.04,
    6.7,
    0.02,
    1.3,
    0.29,
    0.18,
    3.4,
    1.9,
    0.73,
    0.74,
    1.18,
    0.17,
    7.0,
    1.47,
    2.7,
    22.1,
    0.09,
    2.4,
    0.37,
    1.3,
    0.05,
    6.2,
    0.04,
    0.07,
    0.15,
    0.1,
    0.36,
    1.3,
    1.0,
    0.57,
    6.3,
    0.24,
    2.4
  ],
  "y_pred": [
    21.280563354492188,
    3.797492027282715,
    1.6086506843566895,
    13.46168327331543,
    0.5471440553665161,
    4.549928665161133,
    2.343843936920166,
    6.818664073944092,
    0.1506718248128891,
    0.9181649088859558,
    0.2808135449886322,
    0.26582881808280945,
    0.10681570321321487,
    2.97078275680542,
    3.3647897243499756,
    2.343843936920166,
    0.21783331036567688,
    -0.6913701295852661,
    1.7160643339157104,
    3.2833774089813232,
    0.3771205544471741,
    0.2698199152946472,
    0.33244508504867554,
    0.51748126745224,
    7.909365177154541,
    0.6455644369125366,
    1.21924889087677,
    25.83098602294922,
    -0.2734830677509308,
    1.358669400215149,
    0.5330232381820679,
    0.601677656173706,
    0.3218405544757843,
    5.428101062774658,
    0.29765117168426514,
    0.11526007950305939,
    0.3933880031108856,
    0.3802575170993805,
    0.30230849981307983,
    1.7053120136260986,
    0.9144731163978577,
    0.11317623406648636,
    12.386609077453613,
    0.2987843453884125,
    2.4719645977020264
  ],
  "selected_features": [
    "K2O_wt",
    "SiO2_wt",
    "P2O5_tot_wt"
  ],
  "selected_models": [],
  "stacking_used": false,
  "stacked_model": true,
  "number_of_models": 1,
  "final_estimator": "xgb",
  "final_estimator_params": {
    "xgb_n_estimators": 192,
    "xgb_lr": 0.1685679449628014,
    "xgb_max_depth": 5,
    "xgb_subsample": 0.6439302339828739,
    "xgb_colsample": 0.8104716662438108
  },
  "model_params": {
    "xgb": {
      "xgb_n_estimators": 192,
      "xgb_lr": 0.1685679449628014,
      "xgb_max_depth": 5,
      "xgb_subsample": 0.6439302339828739,
      "xgb_colsample": 0.8104716662438108
    }
  },
  "use_random_split": true,
  "use_feature_selection": true,
  "model_name": "XGB-FS",
  "error_mean": -0.6488140236139297,
  "error_sdev": 3.0777910820115606,
  "uncertainty_median": 9.467960357666016,
  "uncertainty_mad": 6.312809944152832,
  "uncertainty_measure": 66.67550037893302,
  "feature_importance": {
    "K2O_wt": -0.03395112091594593,
    "Fe2O3T_wt": 0.027395334200556194,
    "SiO2_wt": 0.34575562898056733
  }
}