{
  "y_test": [
    11.7,
    6.6,
    3.8,
    0.04,
    0.15,
    0.04,
    2.4,
    8.7,
    6.7,
    24.5,
    1.9,
    1.4,
    2.7,
    0.24,
    0.14,
    3.4,
    34.0,
    0.04,
    0.04,
    4.2,
    0.15,
    1.47,
    0.18,
    0.37,
    7.4,
    0.19,
    0.04,
    25.6,
    0.34,
    1.5,
    0.15,
    1.53,
    0.09,
    0.35,
    0.05,
    0.14,
    0.37,
    4.2,
    1.44,
    25.6,
    0.23,
    0.57,
    0.43,
    0.17,
    0.17
  ],
  "y_pred": [
    4.471986590009299,
    9.125081657501271,
    4.247494539658047,
    -0.29276921614326035,
    2.0768668766664784,
    0.5650002316625377,
    1.7308523933200668,
    11.471880867385643,
    10.064174076966324,
    10.093844827596461,
    1.6845683555080773,
    3.6030275614387786,
    2.930076012663348,
    3.499146792350032,
    0.599173779725895,
    3.445208279764052,
    5.947641575815808,
    0.14174652720478828,
    -0.1350985529897785,
    4.452163670878199,
    1.2230325394770012,
    1.485103360641526,
    0.11373749853951595,
    0.052508463437165614,
    10.0931860222108,
    -0.004906313501694598,
    1.3527151284326981,
    9.928961993825911,
    1.7548752845250686,
    0.6032146095846375,
    1.3573388911266129,
    2.5001466606321925,
    2.2761379935943653,
    1.8034726603386093,
    26.114157759445103,
    -0.013178488183240328,
    -0.13612076313865398,
    3.7456109901513495,
    0.785914748763414,
    9.581511523248459,
    0.5567339556099508,
    -0.7965422340169436,
    0.16524338934365276,
    0.09686925750806238,
    -0.02907650243852436
  ],
  "selected_features": [
    "K2O_wt",
    "Fe2O3T_wt",
    "SiO2_wt",
    "Al2O3_wt",
    "P2O5_tot_wt"
  ],
  "selected_models": [],
  "stacking_used": false,
  "stacked_model": true,
  "number_of_models": 1,
  "final_estimator": "ann",
  "final_estimator_params": {
    "ann_hidden": 34,
    "ann_alpha": 0.0001478186709089213
  },
  "model_params": {
    "ann": {
      "ann_hidden": 34,
      "ann_alpha": 0.0001478186709089213
    }
  },
  "feature_names": [
    "K2O_wt",
    "Fe2O3T_wt",
    "SiO2_wt",
    "Al2O3_wt",
    "P2O5_tot_wt"
  ],
  "use_random_split": true,
  "use_feature_selection": false,
  "model_name": "ANN",
  "error_mean": 0.6908285494191312,
  "error_sdev": 7.195550466039311,
  "uncertainty_median": 14.347624872910439,
  "uncertainty_mad": 6.30561249877191,
  "uncertainty_measure": 43.94882466349851,
  "feature_importance": {
    "K2O_wt": -0.029957139183971505,
    "Fe2O3T_wt": -0.0071505271950703915,
    "SiO2_wt": 0.07946393453235355,
    "Al2O3_wt": 0.18727129921807578,
    "P2O5_tot_wt": 0.13891881629905045
  },
  "run": 3
}