{
  "y_test": [
    7.0,
    0.25,
    8.0,
    0.05,
    1.53,
    0.44,
    4.2,
    38.0,
    1.2,
    0.36,
    0.4,
    0.04,
    5.1,
    6.7,
    0.12,
    1.4,
    0.68,
    0.09,
    0.37,
    0.04,
    2.6,
    6.7,
    0.19,
    25.6,
    6.2,
    0.14,
    0.36,
    0.02,
    0.21,
    29.4,
    1.8,
    0.14,
    0.32,
    0.05,
    0.12,
    0.15,
    1.3,
    6.9,
    0.12,
    0.15,
    0.17,
    5.4,
    0.19,
    2.4,
    5.7
  ],
  "y_pred": [
    7.0542915617448045,
    2.9461143220584702,
    2.1404799096729263,
    13.48034344088886,
    4.98076312779687,
    0.21288247352420342,
    5.9159084668272754,
    5.688730338704801,
    1.3827729374548063,
    -0.4399526384097747,
    -0.23962975926716013,
    -0.9699264642873899,
    5.224098614967737,
    1.7836267445676768,
    6.456421096626254,
    3.9274603931810113,
    -0.07911410074102321,
    11.125107018879056,
    -0.08241608995966132,
    -0.4531413491077245,
    2.3606241210989367,
    2.0198254187718803,
    -0.729110724896195,
    26.153216318239167,
    1.5369817555077887,
    2.6753400927465663,
    -0.6736014945468263,
    -0.31101506488120023,
    -2.814169391949889,
    16.482329063484755,
    -0.25799516678220513,
    0.42738914281381213,
    -0.9538668658778846,
    -1.3536343485879172,
    -2.1349986567907706,
    1.3102013212001964,
    1.7164392999288864,
    -1.1321546179311923,
    2.3754450707595467,
    0.47198561179027365,
    -0.36006830239283616,
    5.083381625486744,
    -0.8953644479393112,
    -0.6472475958578414,
    2.1327707557653213
  ],
  "selected_features": [
    "K2O_wt",
    "SiO2_wt",
    "Al2O3_wt"
  ],
  "selected_models": [],
  "stacking_used": false,
  "stacked_model": true,
  "number_of_models": 1,
  "final_estimator": "lr",
  "final_estimator_params": {},
  "model_params": {
    "lr": {}
  },
  "use_random_split": true,
  "use_feature_selection": true,
  "model_name": "LR-FS",
  "error_mean": 1.1058328230159595,
  "error_sdev": 6.320534168986534,
  "uncertainty_median": 6.590426509461208,
  "uncertainty_mad": 6.974448854956107,
  "uncertainty_measure": 105.82697257823293,
  "feature_importance": {
    "K2O_wt": -0.005392878047514419,
    "Fe2O3T_wt": 0.8986892489179757,
    "SiO2_wt": 0.16109354494900469
  }
}