{
  "y_test": [
    1.53,
    4.2,
    8.7,
    0.24,
    0.04,
    0.35,
    3.4,
    1.3,
    0.56,
    1.8,
    8.0,
    0.22,
    6.7,
    0.18,
    0.4,
    2.4,
    0.51,
    1.47,
    0.52,
    1.2,
    7.4,
    0.43,
    10.1,
    0.25,
    5.4,
    0.11,
    6.5,
    2.7,
    25.0,
    11.7,
    2.6,
    2.4,
    0.31,
    0.15,
    25.8,
    1.3,
    1.44,
    0.47,
    0.05,
    0.17,
    0.14,
    6.1,
    0.15,
    0.57,
    1.44
  ],
  "y_pred": [
    -0.5729389687017926,
    -2.192077120211457,
    29.04975084242309,
    0.25784988480369386,
    16.253872178731726,
    0.45099286164974,
    -1.9961053766582937,
    -0.17465675409251924,
    1.0949522365155173,
    6.466233673920982,
    6.466233673920982,
    0.8554576621838075,
    6.466233673920982,
    0.17502759470063242,
    0.3790203547947594,
    1.0350841992416393,
    -0.6059898899629429,
    0.7700576024095528,
    -0.36555352677968445,
    -0.17465675409251924,
    7.407001073723977,
    -0.14473428249200362,
    33.10864382705036,
    -0.6316931901441195,
    4.88951674103099,
    -0.14473428249200362,
    29.04975084242309,
    0.8367680042101512,
    27.553125894097597,
    7.407001073723977,
    0.7031155233359376,
    1.0350841992416393,
    0.43132370376518747,
    0.30567993319078934,
    29.04975084242309,
    2.3119925917661197,
    2.3119925917661197,
    0.40396967747963,
    0.68929597777433,
    0.373201564817442,
    0.32618128872045576,
    4.88951674103099,
    0.5157054448651464,
    -0.6885646421528894,
    -0.14473428249200362
  ],
  "selected_features": [
    "K2O_wt",
    "P2O5_tot_wt"
  ],
  "selected_models": [],
  "stacking_used": false,
  "stacked_model": true,
  "number_of_models": 1,
  "final_estimator": "lgbm",
  "final_estimator_params": {
    "lgbm_num_leaves": 90,
    "lgbm_lr": 0.29623346950690604,
    "lgbm_n_estimators": 213
  },
  "model_params": {
    "lgbm": {
      "lgbm_num_leaves": 90,
      "lgbm_lr": 0.29623346950690604,
      "lgbm_n_estimators": 213
    }
  },
  "use_random_split": true,
  "use_feature_selection": true,
  "model_name": "LGBM-FS",
  "error_mean": -1.3129543312307088,
  "error_sdev": 6.394115541973658,
  "uncertainty_median": 7.407001073723977,
  "uncertainty_mad": 8.663946429089574,
  "uncertainty_measure": 116.96969317075647,
  "feature_importance": {
    "K2O_wt": 0.42737304196491793,
    "Fe2O3T_wt": 1.390852321193482
  }
}