{
  "y_test": [
    1.5,
    2.4,
    3.8,
    0.41,
    0.07,
    0.42,
    0.4,
    0.44,
    0.04,
    6.7,
    5.1,
    0.36,
    0.47,
    1.3,
    25.6,
    6.5,
    0.04,
    2.4,
    0.14,
    6.3,
    0.22,
    0.14,
    0.03,
    0.11,
    6.9,
    8.0,
    1.8,
    0.15,
    0.1,
    0.52,
    1.9,
    2.7,
    34.0,
    0.09,
    0.51,
    0.05,
    7.4,
    25.0,
    0.15,
    0.14,
    0.73,
    38.0,
    1.2,
    0.12,
    0.23
  ],
  "y_pred": [
    1.0980295301646565,
    1.7665575303826098,
    2.5515514385487927,
    0.9593124199070099,
    1.0287440518694433,
    0.9394067147576565,
    0.7594436682665842,
    0.49790864198256024,
    0.24668094807584584,
    8.528307767554416,
    2.475553611456345,
    0.10858186074832399,
    0.8268727038534421,
    1.9443845646636992,
    2.289611953171298,
    6.500569409008602,
    1.1711742068898012,
    1.9373287891399387,
    0.5339827281983252,
    5.601127606406295,
    0.26100442314128847,
    -0.28289802082314575,
    0.27612863614679795,
    -0.07790751212022151,
    1.3721274466631055,
    4.812240260970989,
    2.016078839150418,
    1.1419516039153044,
    0.7293018338314294,
    0.7217051600230857,
    2.1667742235865592,
    1.8416199533199302,
    2.729907403343369,
    0.48961324500324355,
    0.5590344225310273,
    1.917706277276035,
    5.58389285611494,
    5.3430489071647385,
    0.682046858745124,
    0.4308667283177219,
    1.0431174161140553,
    1.8718000459105095,
    1.361933690372454,
    0.05082335557793505,
    0.7542962602238825
  ],
  "selected_features": [
    "K2O_wt",
    "Fe2O3T_wt",
    "SiO2_wt",
    "Al2O3_wt",
    "P2O5_tot_wt"
  ],
  "selected_models": [],
  "stacking_used": false,
  "stacked_model": true,
  "number_of_models": 1,
  "final_estimator": "svr",
  "final_estimator_params": {
    "svr_C": 0.46326912277731286,
    "svr_epsilon": 0.0010190945591286482
  },
  "model_params": {
    "svr": {
      "svr_C": 0.46326912277731286,
      "svr_epsilon": 0.0010190945591286482
    }
  },
  "use_random_split": true,
  "use_feature_selection": false,
  "model_name": "SVR",
  "error_mean": 2.5559701231211958,
  "error_sdev": 8.238771087962993,
  "uncertainty_median": 4.074903694920478,
  "uncertainty_mad": 1.7889910448545254,
  "uncertainty_measure": 43.902658290662686,
  "feature_importance": {
    "K2O_wt": 0.016975017472376962,
    "Fe2O3T_wt": 0.00014887461430840743,
    "SiO2_wt": 0.04405045478585183,
    "Al2O3_wt": -0.04141888637486945,
    "P2O5_tot_wt": 0.15212045197027702
  }
}