{
  "y_test": [
    1.53,
    0.04,
    0.52,
    0.15,
    0.19,
    2.4,
    0.23,
    25.0,
    0.37,
    1.3,
    6.2,
    0.15,
    0.13,
    0.17,
    0.4,
    0.19,
    0.1,
    0.14,
    0.29,
    0.84,
    4.2,
    1.3,
    0.24,
    29.4,
    0.31,
    0.68,
    6.9,
    0.04,
    0.07,
    0.24,
    0.41,
    0.21,
    2.7,
    0.14,
    0.37,
    0.36,
    6.7,
    0.27,
    22.1,
    0.87,
    0.46,
    5.7,
    0.12,
    0.25,
    0.15
  ],
  "y_pred": [
    0.004350609443913189,
    -0.12010759833330686,
    -0.011526698530255786,
    3.391652420863587,
    0.27039779382157514,
    2.8071841985129637,
    0.3269095633834773,
    23.19044647687523,
    12.135728022931943,
    2.168264682227772,
    7.849210881498645,
    0.29303924820231453,
    -0.1069088137940235,
    -0.056622364736603537,
    0.19443112446458022,
    0.8976281418445087,
    0.056117190868226974,
    0.14045206004655242,
    5.463162608101285,
    0.3228179750536526,
    9.869339003533756,
    1.7557562815356684,
    0.533691618616869,
    17.640214906318537,
    14.299821468768705,
    1.261571031919047,
    6.161689677355925,
    0.08638264676141727,
    0.39340141782463833,
    0.045168427592350735,
    -0.22349927686634175,
    0.5909107038719559,
    0.899271082615789,
    0.06445358676955992,
    0.4513853245685442,
    0.3001164911329277,
    5.127175631774725,
    0.9136567072798751,
    26.124727009368726,
    0.14962675141672088,
    2.2031423366726535,
    5.046897507785436,
    0.3257011684811353,
    -0.2791030681664015,
    0.2424672112746209
  ],
  "selected_features": [
    "K2O_wt",
    "Fe2O3T_wt",
    "SiO2_wt",
    "Al2O3_wt",
    "P2O5_tot_wt"
  ],
  "selected_models": [],
  "stacking_used": false,
  "stacked_model": true,
  "number_of_models": 1,
  "final_estimator": "gpr",
  "final_estimator_params": {
    "gpr_nu": 0.5,
    "gpr_const": 7.777412330998969,
    "gpr_length_scale": 3.8429057747523845,
    "gpr_alpha": 0.0096545048119987
  },
  "model_params": {
    "gpr": {
      "gpr_nu": 0.5,
      "gpr_const": 7.777412330998969,
      "gpr_length_scale": 3.8429057747523845,
      "gpr_alpha": 0.0096545048119987
    }
  },
  "use_random_split": true,
  "use_feature_selection": false,
  "model_name": "GPR",
  "error_mean": -0.6371242926878417,
  "error_sdev": 3.575862613726117,
  "uncertainty_median": 8.987447586032623,
  "uncertainty_mad": 6.984960680371563,
  "uncertainty_measure": 77.71906999743597,
  "feature_importance": {
    "K2O_wt": -0.013435197325754196,
    "Fe2O3T_wt": 0.06035202667514517,
    "SiO2_wt": 1.557665763630443,
    "Al2O3_wt": -0.02374941338709278,
    "P2O5_tot_wt": 0.04265312307261938
  }
}