{
  "y_test": [
    1.3,
    4.2,
    0.09,
    25.6,
    6.9,
    2.6,
    0.04,
    31.8,
    0.52,
    0.34,
    1.4,
    0.37,
    0.12,
    0.12,
    0.4,
    1.8,
    0.15,
    0.14,
    0.19,
    6.2,
    1.4,
    6.0,
    6.3,
    0.04,
    0.15,
    0.04,
    0.17,
    1.9,
    6.5,
    0.09,
    1.3,
    0.32,
    2.4,
    4.5,
    0.11,
    6.7,
    0.13,
    0.1,
    0.84,
    25.0,
    25.8,
    0.18,
    0.47,
    0.37,
    0.43
  ],
  "y_pred": [
    1.433887243270874,
    17.226564407348633,
    0.1640748232603073,
    25.126113891601562,
    6.2244486808776855,
    1.1200002431869507,
    1.385364294052124,
    34.59469223022461,
    0.18729734420776367,
    0.12856246531009674,
    1.4214237928390503,
    0.29703667759895325,
    0.2549861967563629,
    2.103318929672241,
    0.25201043486595154,
    12.378262519836426,
    0.5606115460395813,
    4.859580039978027,
    -0.017364589497447014,
    5.098106861114502,
    1.43437659740448,
    3.6156532764434814,
    6.147799491882324,
    -0.01957782171666622,
    0.12719523906707764,
    0.23217007517814636,
    2.1054677963256836,
    1.4314305782318115,
    11.637771606445312,
    1.4666659832000732,
    0.5607245564460754,
    0.5821385383605957,
    3.0672662258148193,
    5.9040961265563965,
    0.2290593683719635,
    5.56157922744751,
    0.19071462750434875,
    0.005835565738379955,
    2.3072526454925537,
    20.251018524169922,
    27.47229766845703,
    0.0983268991112709,
    0.3730800449848175,
    0.2659592926502228,
    0.09164673089981079
  ],
  "selected_features": [
    "K2O_wt",
    "Fe2O3T_wt",
    "SiO2_wt",
    "Al2O3_wt",
    "P2O5_tot_wt"
  ],
  "selected_models": [],
  "stacking_used": false,
  "stacked_model": true,
  "number_of_models": 1,
  "final_estimator": "xgb",
  "final_estimator_params": {
    "xgb_n_estimators": 220,
    "xgb_lr": 0.2958122429037431,
    "xgb_max_depth": 9,
    "xgb_subsample": 0.7275192491714892,
    "xgb_colsample": 0.775562806199914
  },
  "model_params": {
    "xgb": {
      "xgb_n_estimators": 220,
      "xgb_lr": 0.2958122429037431,
      "xgb_max_depth": 9,
      "xgb_subsample": 0.7275192491714892,
      "xgb_colsample": 0.775562806199914
    }
  },
  "use_random_split": true,
  "use_feature_selection": true,
  "model_name": "XGB-FS",
  "error_mean": -0.7648650421558157,
  "error_sdev": 2.8826344135437156,
  "uncertainty_median": 14.184556007385254,
  "uncertainty_mad": 5.314768314361572,
  "uncertainty_measure": 37.468697022271364,
  "feature_importance": {
    "K2O_wt": 0.05087226811640256,
    "Fe2O3T_wt": 0.13091136716829632,
    "SiO2_wt": 0.17851356289353248,
    "Al2O3_wt": 0.08927171230045128,
    "P2O5_tot_wt": 1.3320810974284285
  }
}