{
  "y_test": [
    3.4,
    0.34,
    1.4,
    5.7,
    0.19,
    0.03,
    0.52,
    2.6,
    0.04,
    0.56,
    25.0,
    0.16,
    3.8,
    0.41,
    0.13,
    0.14,
    0.11,
    0.46,
    8.7,
    34.0,
    6.3,
    31.8,
    0.15,
    0.4,
    1.53,
    0.29,
    0.37,
    2.4,
    0.12,
    4.2,
    0.17,
    0.52,
    6.7,
    1.0,
    6.2,
    0.15,
    22.1,
    0.47,
    0.15,
    0.84,
    4.5,
    0.1,
    0.05,
    0.32,
    0.14
  ],
  "y_pred": [
    3.421037639783559,
    0.7192568044156727,
    2.7091978881807233,
    4.290907010147244,
    -0.08026831711363658,
    0.02304668134668597,
    0.6540713076083907,
    2.848736843122005,
    -0.00949699811595528,
    0.873102733698586,
    23.172227063001692,
    0.8292331267579133,
    3.838838997403843,
    1.1842557399046427,
    1.0316952928978802,
    11.686524704617785,
    0.7135322746353697,
    1.299898217165853,
    10.040025149764366,
    9.244281098508672,
    7.918180677000411,
    13.830455750366168,
    0.21498408650571788,
    1.0592332726003129,
    1.5931372648337692,
    0.29284724007564333,
    0.7906432512623208,
    1.2686069572738972,
    10.752576387173262,
    3.957462332352226,
    0.9044812987110901,
    0.9705755433851516,
    11.488340240999365,
    2.290752640552572,
    9.846008205466406,
    0.8707570699244281,
    7.724828178647225,
    1.1161047246434932,
    1.6079842604928412,
    0.44955960308009446,
    6.717563242596672,
    0.8538562536947322,
    56.303296642590986,
    0.811080522230799,
    1.7194750043727156
  ],
  "selected_features": [
    "K2O_wt",
    "Fe2O3T_wt",
    "SiO2_wt",
    "Al2O3_wt",
    "P2O5_tot_wt"
  ],
  "selected_models": [],
  "stacking_used": false,
  "stacked_model": true,
  "number_of_models": 1,
  "final_estimator": "ann",
  "final_estimator_params": {
    "ann_hidden": 50,
    "ann_alpha": 4.88697472576154e-05
  },
  "model_params": {
    "ann": {
      "ann_hidden": 50,
      "ann_alpha": 4.88697472576154e-05
    }
  },
  "use_random_split": true,
  "use_feature_selection": false,
  "model_name": "ANN",
  "error_mean": -1.004064309079191,
  "error_sdev": 10.196529984090121,
  "uncertainty_median": 27.74682737991872,
  "uncertainty_mad": 12.593213210574872,
  "uncertainty_measure": 45.38613744247023,
  "feature_importance": {
    "K2O_wt": 0.011646090683743478,
    "Fe2O3T_wt": -0.0783412010539339,
    "SiO2_wt": 0.31762822711679256,
    "Al2O3_wt": 0.22307578690764807,
    "P2O5_tot_wt": 0.2572974795749886
  }
}