{
  "y_test": [
    0.09,
    1.18,
    0.25,
    0.34,
    10.4,
    0.37,
    1.5,
    0.09,
    22.1,
    1.3,
    0.1,
    1.2,
    0.4,
    0.19,
    5.1,
    0.44,
    25.8,
    5.7,
    0.05,
    1.3,
    6.1,
    0.18,
    1.3,
    2.7,
    0.18,
    6.5,
    0.25,
    0.29,
    0.14,
    0.15,
    1.3,
    3.8,
    2.4,
    2.4,
    0.27,
    0.1,
    2.6,
    1.4,
    0.09,
    0.11,
    0.13,
    0.27,
    0.16,
    4.2,
    0.37
  ],
  "y_pred": [
    6.425085202435445,
    1.2349675044286377,
    1.2756377073756475,
    1.3856818297883944,
    3.7775047764260523,
    1.4496201817091299,
    0.3643076590883023,
    -0.12215079046969368,
    73.23264236776437,
    2.732838402091014,
    0.3541782724051581,
    2.1816159233498116,
    0.390127693668318,
    -0.6315211646693513,
    3.486747119730802,
    0.08665188637513666,
    74.6135104861102,
    3.9494013595528292,
    1.8657095411721007,
    2.291775245082653,
    4.561204237284304,
    1.0283669360485685,
    2.84200707341373,
    0.9890642428807785,
    0.5976362947200151,
    9.467548490745866,
    0.8432936306224281,
    4.32433193774852,
    0.22954964831830527,
    0.1258952825588331,
    2.740234543713118,
    3.7819812872506207,
    1.3075186329423865,
    0.8287153219248173,
    2.080216282784244,
    0.8281397436538249,
    1.7579367910588317,
    2.768931628924257,
    0.18703065359353133,
    0.42622443091303897,
    1.6546571532428498,
    2.2575344391119057,
    1.8092088474005186,
    3.4341964642308893,
    0.5858079508853855
  ],
  "selected_features": [
    "K2O_wt",
    "Fe2O3T_wt",
    "SiO2_wt",
    "Al2O3_wt",
    "P2O5_tot_wt"
  ],
  "selected_models": [],
  "stacking_used": false,
  "stacked_model": true,
  "number_of_models": 1,
  "final_estimator": "ann",
  "final_estimator_params": {
    "ann_hidden": 82,
    "ann_alpha": 0.0008070113693530423
  },
  "model_params": {
    "ann": {
      "ann_hidden": 82,
      "ann_alpha": 0.0008070113693530423
    }
  },
  "use_random_split": true,
  "use_feature_selection": false,
  "model_name": "ANN",
  "error_mean": -2.5891458477641454,
  "error_sdev": 10.503227805719721,
  "uncertainty_median": 20.91456557270069,
  "uncertainty_mad": 15.648978930183414,
  "uncertainty_measure": 74.82335158139585,
  "feature_importance": {
    "K2O_wt": 0.7875200802774155,
    "Fe2O3T_wt": -0.6991163436664256,
    "SiO2_wt": 1.5634097879064297,
    "Al2O3_wt": -2.397989528614114,
    "P2O5_tot_wt": -1.723216118327188
  }
}