{
  "y_test": [
    2.7,
    5.4,
    10.1,
    0.41,
    1.2,
    0.36,
    0.4,
    0.12,
    0.1,
    0.32,
    0.52,
    1.9,
    0.19,
    0.04,
    0.56,
    0.37,
    0.09,
    0.31,
    0.15,
    0.18,
    0.14,
    0.84,
    0.62,
    0.36,
    4.2,
    0.42,
    3.4,
    6.0,
    1.9,
    0.14,
    4.2,
    0.44,
    29.4,
    6.1,
    0.15,
    0.25,
    0.74,
    0.19,
    1.4,
    6.2,
    1.44,
    0.04,
    0.04,
    1.8,
    0.18
  ],
  "y_pred": [
    0.42481232423973836,
    5.878781517310458,
    9.747876556119145,
    2.372895036181866,
    1.501567087757934,
    0.41208270756190046,
    4.339688506890049,
    -2.504944486893841,
    1.265534128641491,
    -0.7295587505233385,
    3.302920736718619,
    4.071682532131039,
    -2.789687590276536,
    -0.46019128123091946,
    1.8913138420447524,
    0.6185557385271778,
    0.37402351911678977,
    5.976927847335396,
    3.664968820451641,
    0.20532708373959707,
    -2.1745065235992413,
    -0.7750962457155026,
    0.6447399817321227,
    0.9023297515329318,
    7.170694742945997,
    6.551777800917009,
    6.630968204956602,
    7.125609851313115,
    10.36614514019174,
    -0.032172224416129325,
    7.15861102832082,
    0.9028250826925799,
    14.670840927821459,
    7.491516539440788,
    -0.07315102204650259,
    3.1576080257832473,
    1.8770111500890536,
    -1.084391339476376,
    4.745409801941442,
    3.405532950461094,
    1.249497500650257,
    -0.5178070915925446,
    -0.8903378416005197,
    2.0144555549852683,
    2.5816270187815036
  ],
  "selected_features": [
    "Fe2O3T_wt",
    "SiO2_wt",
    "Al2O3_wt"
  ],
  "selected_models": [],
  "stacking_used": false,
  "stacked_model": true,
  "number_of_models": 1,
  "final_estimator": "lr",
  "final_estimator_params": {},
  "model_params": {
    "lr": {}
  },
  "use_random_split": true,
  "use_feature_selection": true,
  "model_name": "LR-FS",
  "error_mean": -0.5923181031545149,
  "error_sdev": 3.3368805546535647,
  "uncertainty_median": 4.627636540930499,
  "uncertainty_mad": 6.013620685932929,
  "uncertainty_measure": 129.95015128659486,
  "feature_importance": {
    "K2O_wt": 0.0062645060079917205,
    "Fe2O3T_wt": 2.4668791293457777,
    "SiO2_wt": 0.3572252273395977
  }
}