{
  "y_test": [
    1.3,
    4.2,
    0.09,
    25.6,
    6.9,
    2.6,
    0.04,
    31.8,
    0.52,
    0.34,
    1.4,
    0.37,
    0.12,
    0.12,
    0.4,
    1.8,
    0.15,
    0.14,
    0.19,
    6.2,
    1.4,
    6.0,
    6.3,
    0.04,
    0.15,
    0.04,
    0.17,
    1.9,
    6.5,
    0.09,
    1.3,
    0.32,
    2.4,
    4.5,
    0.11,
    6.7,
    0.13,
    0.1,
    0.84,
    25.0,
    25.8,
    0.18,
    0.47,
    0.37,
    0.43
  ],
  "y_pred": [
    3.200559611094815,
    9.900731435284234,
    0.7030123702832818,
    7.319237801946962,
    5.824647531544573,
    2.65604941466741,
    0.4139802003466493,
    10.962864074820805,
    1.5854661228259979,
    0.5029124749680591,
    3.3390424951662245,
    0.056555056533748926,
    3.792365123270197,
    7.223090454369376,
    0.3711415929175417,
    1.318869770102434,
    1.9369686348746769,
    3.34112448380123,
    -2.1548000935284515,
    1.7213050927299556,
    3.121133251840509,
    4.14663928558604,
    11.202827563803186,
    2.1169291292838706,
    1.7072393775418349,
    -0.04281914140644427,
    0.8657276127715783,
    1.8942901622682442,
    13.315339464847664,
    4.324110776202541,
    1.8646881427695334,
    1.1038255301512756,
    2.5810616131579236,
    5.475701929130994,
    -1.6300247433837434,
    10.817884105802449,
    1.6098789750959093,
    0.974709420488096,
    -0.28026884502897853,
    15.713895493984143,
    22.749638689399056,
    -0.08993776364548789,
    -0.42625643812566305,
    0.31952862943219107,
    -0.7811553374939961
  ],
  "selected_features": [
    "K2O_wt",
    "Fe2O3T_wt",
    "SiO2_wt",
    "Al2O3_wt",
    "P2O5_tot_wt"
  ],
  "selected_models": [],
  "stacking_used": false,
  "stacked_model": true,
  "number_of_models": 1,
  "final_estimator": "ann",
  "final_estimator_params": {
    "ann_hidden": 24,
    "ann_alpha": 0.0067249887270150075
  },
  "model_params": {
    "ann": {
      "ann_hidden": 24,
      "ann_alpha": 0.0067249887270150075
    }
  },
  "use_random_split": true,
  "use_feature_selection": false,
  "model_name": "ANN",
  "error_mean": 0.1966730992779459,
  "error_sdev": 5.08706712927778,
  "uncertainty_median": 17.424976608276914,
  "uncertainty_mad": 7.610821526106332,
  "uncertainty_measure": 43.677657062054074,
  "feature_importance": {
    "K2O_wt": -0.024427539461337897,
    "Fe2O3T_wt": 0.09070722618449918,
    "SiO2_wt": 0.13459592193271205,
    "Al2O3_wt": 0.43788218847114846,
    "P2O5_tot_wt": 0.6257713383290839
  }
}