{
  "y_test": [
    0.27,
    0.43,
    0.1,
    0.27,
    0.04,
    0.44,
    0.56,
    1.3,
    0.74,
    0.41,
    0.37,
    1.18,
    0.42,
    25.6,
    0.29,
    0.04,
    25.0,
    0.14,
    25.8,
    0.09,
    5.4,
    8.9,
    0.09,
    0.14,
    0.15,
    1.2,
    0.16,
    0.14,
    0.14,
    2.6,
    0.44,
    1.4,
    4.2,
    0.21,
    4.5,
    6.1,
    1.3,
    0.34,
    0.07,
    1.3,
    0.15,
    6.7,
    1.0,
    0.19,
    7.4
  ],
  "y_pred": [
    3.220788197455374,
    2.087348638332622,
    2.8641981250003647,
    3.772410813422348,
    3.305474359517822,
    2.7268288124615516,
    2.91396467415869,
    4.099568659312325,
    3.3159441100743328,
    3.4226799738911993,
    3.0437808374590296,
    3.428601914322159,
    3.723413216049701,
    7.608866438986598,
    3.085734875156143,
    2.8176121068240887,
    9.805419579067282,
    2.039643284632408,
    23.77406404293848,
    4.38966609392773,
    4.9206995925199415,
    5.820774506669448,
    2.7505120067441187,
    3.7107162130484914,
    2.9131911549317393,
    3.2286825955495635,
    1.8800513621906827,
    1.3695319455021666,
    2.9301766058357592,
    4.393868087756293,
    2.4343312172529545,
    4.379285081166102,
    5.196980688610197,
    1.5689348235499168,
    6.643611684155644,
    5.2210051317484805,
    4.499407296857518,
    2.915675485878543,
    3.4758772813717744,
    3.414872029871257,
    3.030735734440196,
    7.614895386977529,
    4.063531994604901,
    2.010727498792221,
    8.577602193993792
  ],
  "selected_features": [
    "SiO2_wt",
    "P2O5_tot_wt"
  ],
  "selected_models": [],
  "stacking_used": false,
  "stacked_model": true,
  "number_of_models": 1,
  "final_estimator": "svr",
  "final_estimator_params": {
    "svr_C": 2.575732321229503,
    "svr_epsilon": 0.21986756377237715
  },
  "model_params": {
    "svr": {
      "svr_C": 2.575732321229503,
      "svr_epsilon": 0.21986756377237715
    }
  },
  "use_random_split": true,
  "use_feature_selection": true,
  "model_name": "SVR-FS",
  "error_mean": -1.2600374745113216,
  "error_sdev": 4.151384300410601,
  "uncertainty_median": 12.566126284667467,
  "uncertainty_mad": 4.489337645593116,
  "uncertainty_measure": 35.72570849515313,
  "feature_importance": {
    "K2O_wt": 0.17748348223545676,
    "Fe2O3T_wt": 0.5307025341529079
  }
}