{
  "y_test": [
    0.29,
    1.44,
    0.12,
    0.07,
    6.5,
    2.4,
    8.9,
    8.0,
    29.4,
    1.9,
    6.2,
    0.09,
    0.24,
    0.14,
    31.8,
    6.2,
    0.04,
    0.18,
    0.02,
    0.04,
    0.04,
    0.04,
    0.05,
    25.6,
    0.74,
    34.0,
    5.7,
    1.44,
    2.4,
    0.19,
    0.37,
    6.7,
    0.14,
    0.36,
    1.3,
    10.4,
    0.41,
    2.6,
    7.4,
    0.24,
    0.31,
    0.14,
    4.2,
    0.19,
    6.0
  ],
  "y_pred": [
    0.9520700419064307,
    0.26834052579968154,
    0.27735367710966957,
    0.8959535178477934,
    8.60101309918942,
    3.5830337826964023,
    6.615707100249639,
    5.725202966611484,
    19.7693271918535,
    5.652558855319849,
    4.73239499014851,
    2.8131331602589165,
    0.6786042943080457,
    2.573723620896152,
    22.927279672279646,
    6.842543309675508,
    0.2729329916421474,
    0.35324118687385864,
    2.824990332361793,
    0.4646389158837306,
    0.2750681106099373,
    0.34217332355447594,
    12.87591650310424,
    24.502098007098,
    1.0493516578389201,
    23.370613005612974,
    4.756429334278097,
    1.4597065442306627,
    1.4033582180766795,
    0.36642945928022264,
    0.6681456712391911,
    7.236187408319609,
    1.8807164248550348,
    0.2689930269516548,
    2.0361823904342784,
    12.48203042579276,
    0.7783918450385885,
    2.1194340156312976,
    7.825311488487804,
    0.4098306577939918,
    1.642790411692428,
    0.4035633212935855,
    7.627855391250972,
    0.4981311865892764,
    4.517483079809937
  ],
  "selected_features": [
    "K2O_wt",
    "Fe2O3T_wt",
    "SiO2_wt",
    "Al2O3_wt",
    "P2O5_tot_wt"
  ],
  "selected_models": [],
  "stacking_used": false,
  "stacked_model": true,
  "number_of_models": 1,
  "final_estimator": "et",
  "final_estimator_params": {
    "et_n_estimators": 111,
    "et_max_depth": 5,
    "et_min_samples_split": 2,
    "et_min_samples_leaf": 1,
    "et_bootstrap": false
  },
  "model_params": {
    "et": {
      "et_n_estimators": 111,
      "et_max_depth": 5,
      "et_min_samples_split": 2,
      "et_min_samples_leaf": 1,
      "et_bootstrap": false
    }
  },
  "use_random_split": true,
  "use_feature_selection": true,
  "model_name": "ET-FS",
  "error_mean": -0.059782980928373045,
  "error_sdev": 3.48359195397551,
  "uncertainty_median": 10.54967185240405,
  "uncertainty_mad": 4.365435333694054,
  "uncertainty_measure": 41.379821048170925,
  "feature_importance": {
    "K2O_wt": 0.02847635004348585,
    "Fe2O3T_wt": -0.000557466824260705,
    "SiO2_wt": 0.4399241177709683,
    "Al2O3_wt": 0.06498447471145648,
    "P2O5_tot_wt": 0.32190990122272933
  }
}