{
  "y_test": [
    0.52,
    2.7,
    0.47,
    7.0,
    1.3,
    1.53,
    0.25,
    4.2,
    6.7,
    1.9,
    0.21,
    0.25,
    0.22,
    0.19,
    1.0,
    0.27,
    0.17,
    6.9,
    8.7,
    1.4,
    0.36,
    1.44,
    0.14,
    24.5,
    0.19,
    0.19,
    6.0,
    4.2,
    1.47,
    0.03,
    6.2,
    1.18,
    0.57,
    0.29,
    6.2,
    3.4,
    1.9,
    0.04,
    1.3,
    0.23,
    5.1,
    0.84,
    1.2,
    6.5,
    0.09
  ],
  "y_pred": [
    0.5576119899758987,
    1.0963574972901755,
    0.5662514250041472,
    7.980414245482189,
    0.8547792319078942,
    0.5576119899758987,
    0.5576119899758987,
    7.636391120489776,
    7.980414245482189,
    1.0856722922990882,
    0.5576119899758987,
    0.5576119899758987,
    0.5662514250041472,
    0.5576119899758987,
    0.5861693662087925,
    0.8262218556749998,
    0.5576119899758987,
    7.980414245482189,
    11.919281994617583,
    0.8547792319078942,
    0.5576119899758987,
    0.6100389927510482,
    0.5576119899758987,
    26.28683805546307,
    0.5576119899758987,
    0.5662514250041472,
    7.636391120489776,
    7.980414245482189,
    0.5769366299952344,
    0.5576119899758987,
    7.636391120489776,
    0.5769366299952344,
    0.5576119899758987,
    0.5576119899758987,
    7.980414245482189,
    1.0963574972901755,
    0.8455464956943362,
    0.5576119899758987,
    0.5662514250041472,
    0.5576119899758987,
    7.636391120489776,
    0.5576119899758987,
    0.5662514250041472,
    11.919281994617583,
    0.5576119899758987
  ],
  "selected_features": [
    "K2O_wt",
    "Fe2O3T_wt",
    "SiO2_wt",
    "Al2O3_wt",
    "P2O5_tot_wt"
  ],
  "selected_models": [],
  "stacking_used": false,
  "stacked_model": true,
  "number_of_models": 1,
  "final_estimator": "rf",
  "final_estimator_params": {
    "rf_n_estimators": 150,
    "rf_max_depth": 2
  },
  "model_params": {
    "rf": {
      "rf_n_estimators": 150,
      "rf_max_depth": 2
    }
  },
  "use_random_split": true,
  "use_feature_selection": false,
  "model_name": "RF",
  "error_mean": -0.49896654288209275,
  "error_sdev": 1.4502294119806811,
  "uncertainty_median": 8.102721937789882,
  "uncertainty_mad": 4.003335626569502,
  "uncertainty_measure": 49.407293713221776,
  "feature_importance": {
    "K2O_wt": 0.08091466298129298,
    "Fe2O3T_wt": 0.012120052014886713,
    "SiO2_wt": 0.5714738568831175,
    "Al2O3_wt": 0.00772204730841605,
    "P2O5_tot_wt": 1.1476550003860986
  }
}