{
  "y_test": [
    1.53,
    0.04,
    0.52,
    0.15,
    0.19,
    2.4,
    0.23,
    25.0,
    0.37,
    1.3,
    6.2,
    0.15,
    0.13,
    0.17,
    0.4,
    0.19,
    0.1,
    0.14,
    0.29,
    0.84,
    4.2,
    1.3,
    0.24,
    29.4,
    0.31,
    0.68,
    6.9,
    0.04,
    0.07,
    0.24,
    0.41,
    0.21,
    2.7,
    0.14,
    0.37,
    0.36,
    6.7,
    0.27,
    22.1,
    0.87,
    0.46,
    5.7,
    0.12,
    0.25,
    0.15
  ],
  "y_pred": [
    0.8074999999999999,
    0.5800000000000001,
    1.9725000000000001,
    3.9625000000000004,
    0.135,
    2.4175,
    0.87,
    26.875,
    3.98,
    3.95,
    5.35,
    0.745,
    0.34750000000000003,
    0.51,
    0.2075,
    0.22,
    0.5449999999999999,
    0.1975,
    0.9199999999999999,
    0.28750000000000003,
    12.76,
    2.9,
    0.515,
    23.075000000000003,
    11.9125,
    0.745,
    5.375,
    0.20500000000000002,
    0.36749999999999994,
    1.9725000000000001,
    2.2525000000000004,
    0.495,
    0.7449999999999999,
    0.73,
    0.35500000000000004,
    0.10749999999999998,
    3.8,
    0.8725,
    29.3,
    0.905,
    0.9249999999999999,
    3.95,
    0.48,
    0.6225,
    0.22999999999999998
  ],
  "selected_features": [
    "K2O_wt",
    "Fe2O3T_wt",
    "SiO2_wt"
  ],
  "selected_models": [],
  "stacking_used": false,
  "stacked_model": true,
  "number_of_models": 1,
  "final_estimator": "knn",
  "final_estimator_params": {
    "knn_n": 4,
    "knn_weights": "uniform"
  },
  "model_params": {
    "knn": {
      "knn_n": 4,
      "knn_weights": "uniform"
    }
  },
  "use_random_split": true,
  "use_feature_selection": true,
  "model_name": "KNN-FS",
  "error_mean": -0.7988333333333334,
  "error_sdev": 2.791074786871375,
  "uncertainty_median": 5.4750000000000005,
  "uncertainty_mad": 9.0451735,
  "uncertainty_measure": 165.20864840182648,
  "feature_importance": {
    "K2O_wt": -0.014096997894212253,
    "Fe2O3T_wt": -0.021724189671083197,
    "SiO2_wt": 1.967335220371099
  }
}