{
  "y_test": [
    1.3,
    0.31,
    0.04,
    4.2,
    29.4,
    0.03,
    0.32,
    0.09,
    1.0,
    2.4,
    0.07,
    1.3,
    0.4,
    0.15,
    1.9,
    0.27,
    0.12,
    0.84,
    34.0,
    0.1,
    0.05,
    0.29,
    0.37,
    1.5,
    0.25,
    7.0,
    3.8,
    0.04,
    0.87,
    1.9,
    0.21,
    25.8,
    0.52,
    2.6,
    0.24,
    6.7,
    0.17,
    0.4,
    1.4,
    5.7,
    0.44,
    31.8,
    1.44,
    1.44,
    0.73
  ],
  "y_pred": [
    2.7928248710051995,
    1.7612802761709676,
    1.2220262105897013,
    4.367276839025954,
    28.62971010579477,
    -0.08566079270484883,
    0.8571090888783223,
    0.15099343790983022,
    2.6048146985101606,
    2.343763593154081,
    1.1840899929741844,
    3.1212369503508275,
    1.4418803645684668,
    0.0349682170439779,
    4.1584006896021295,
    2.154105678952783,
    5.832631655691245,
    0.44433194293073563,
    7.171283180708505,
    0.4396271533555888,
    60.42120404961799,
    3.651943822778143,
    0.7721139429232723,
    1.0976578279250382,
    0.7044899083398478,
    7.818844213278472,
    4.125074527335159,
    0.21068656844853828,
    1.4337473043532056,
    3.6770425673547726,
    2.439986045371947,
    51.874956373676135,
    0.6209636394498433,
    1.817827536081818,
    0.017667039326411227,
    11.077305714088899,
    0.2271808801309797,
    1.116340963883196,
    3.037093665831516,
    4.557393642392854,
    0.44286718873365893,
    12.33959946178647,
    0.05214671665261983,
    2.4332421350064286,
    1.3001986002072896
  ],
  "selected_features": [
    "K2O_wt",
    "Fe2O3T_wt",
    "SiO2_wt",
    "Al2O3_wt",
    "P2O5_tot_wt"
  ],
  "selected_models": [],
  "stacking_used": false,
  "stacked_model": true,
  "number_of_models": 1,
  "final_estimator": "ann",
  "final_estimator_params": {
    "ann_hidden": 60,
    "ann_alpha": 2.5580835055780785e-05
  },
  "model_params": {
    "ann": {
      "ann_hidden": 60,
      "ann_alpha": 2.5580835055780785e-05
    }
  },
  "use_random_split": true,
  "use_feature_selection": false,
  "model_name": "ANN",
  "error_mean": -1.6443170775441573,
  "error_sdev": 11.084912043465325,
  "uncertainty_median": 25.727660373173656,
  "uncertainty_mad": 14.634969241453277,
  "uncertainty_measure": 56.884182351509985,
  "feature_importance": {
    "K2O_wt": -0.027091818992737826,
    "Fe2O3T_wt": -0.42496995340325955,
    "SiO2_wt": 0.1472945969615353,
    "Al2O3_wt": -0.07453253954746777,
    "P2O5_tot_wt": 0.2942447999261749
  }
}