{
  "y_test": [
    0.09,
    4.2,
    1.3,
    7.4,
    0.15,
    6.9,
    1.9,
    0.1,
    38.0,
    11.7,
    0.03,
    6.6,
    5.7,
    0.44,
    0.17,
    6.7,
    0.84,
    6.3,
    0.22,
    1.3,
    0.14,
    0.25,
    0.12,
    0.05,
    0.14,
    0.04,
    0.4,
    0.04,
    0.12,
    5.4,
    0.11,
    2.4,
    8.9,
    6.1,
    0.09,
    1.4,
    1.53,
    0.68,
    0.18,
    3.4,
    1.8,
    0.15,
    6.2,
    2.6,
    0.12
  ],
  "y_pred": [
    1.1345348837209313,
    7.057558139534887,
    0.43180232558139425,
    8.148837209302341,
    0.3570930232558141,
    6.137209302325584,
    1.3383720930232597,
    0.37858527131782876,
    5.681627906976752,
    8.37558139534885,
    0.17511627906976723,
    6.878488372093029,
    6.7976744186046565,
    0.2502325581395348,
    0.26331395348837144,
    6.555232558139535,
    0.2202906976744182,
    6.863372093023262,
    0.32802325581395364,
    1.33244186046512,
    0.45476744186046464,
    0.17712209302325552,
    0.17563953488372083,
    0.28040697674418563,
    0.22296511627906965,
    0.3556976744186044,
    0.4227325581395344,
    0.2560049833887041,
    0.9472674418604669,
    5.832965116279078,
    0.45395348837209254,
    2.501627906976737,
    6.577325581395352,
    4.26976744186047,
    0.4135465116279072,
    1.33244186046512,
    0.48616279069767443,
    0.3465697674418612,
    0.31820736434108493,
    3.162790697674413,
    6.623837209302331,
    0.2887209302325586,
    5.639186046511636,
    1.1772674418604674,
    0.6469767441860476
  ],
  "selected_features": [
    "SiO2_wt",
    "P2O5_tot_wt"
  ],
  "selected_models": [],
  "stacking_used": false,
  "stacked_model": true,
  "number_of_models": 1,
  "final_estimator": "rf",
  "final_estimator_params": {
    "rf_n_estimators": 172,
    "rf_max_depth": 18
  },
  "model_params": {
    "rf": {
      "rf_n_estimators": 172,
      "rf_max_depth": 18
    }
  },
  "use_random_split": true,
  "use_feature_selection": true,
  "model_name": "RF-FS",
  "error_mean": 0.6740147040728417,
  "error_sdev": 4.968326240758656,
  "uncertainty_median": 6.615697674418608,
  "uncertainty_mad": 1.4675263325096917,
  "uncertainty_measure": 22.182487845299836,
  "feature_importance": {
    "K2O_wt": 0.016806027755043716,
    "Fe2O3T_wt": 0.5424016109237284
  }
}