{
  "y_test": [
    0.57,
    0.04,
    0.19,
    4.2,
    0.19,
    0.34,
    6.3,
    29.4,
    0.04,
    0.73,
    25.0,
    0.02,
    6.7,
    8.9,
    0.1,
    0.56,
    0.14,
    0.4,
    0.41,
    0.14,
    31.8,
    0.23,
    0.19,
    34.0,
    1.9,
    0.52,
    0.36,
    1.3,
    10.4,
    0.87,
    2.6,
    0.24,
    0.44,
    0.09,
    0.13,
    0.68,
    5.1,
    0.04,
    3.4,
    1.18,
    0.18,
    25.8,
    0.17,
    6.1,
    0.25
  ],
  "y_pred": [
    0.36531931168163845,
    0.3043229685108183,
    0.2481361531613547,
    2.793720910138246,
    0.2940974848404284,
    0.43872480778630013,
    5.8076915322580716,
    14.242526881720407,
    0.3186792609972925,
    0.6467068739166933,
    19.69906922043006,
    2.632718413978497,
    6.8425571236559275,
    5.880245295698935,
    0.32485650136247723,
    0.7186484604105569,
    0.11014255966927339,
    0.15365730030498168,
    0.46118778308500663,
    2.4989710804898646,
    23.924764784946206,
    0.3058753636177901,
    0.41187718102630205,
    24.327604166666642,
    2.1552118855606737,
    0.40558111391198737,
    0.3249654252193852,
    0.5769302186064744,
    12.903545026881702,
    1.7585339861751126,
    1.3229177227342537,
    0.46891056617641935,
    0.20948787324160317,
    2.871021505376345,
    0.338029147781655,
    0.46451263420719086,
    4.836028225806452,
    0.274091075948159,
    2.563505856374805,
    0.8932859986116037,
    0.14102202311577297,
    22.78825604838707,
    0.2264516500561864,
    5.028652553763443,
    0.33834742829146774
  ],
  "selected_features": [
    "SiO2_wt",
    "Al2O3_wt",
    "P2O5_tot_wt"
  ],
  "selected_models": [],
  "stacking_used": false,
  "stacked_model": true,
  "number_of_models": 1,
  "final_estimator": "et",
  "final_estimator_params": {
    "et_n_estimators": 248,
    "et_max_depth": 11,
    "et_min_samples_split": 5,
    "et_min_samples_leaf": 1,
    "et_bootstrap": false
  },
  "model_params": {
    "et": {
      "et_n_estimators": 248,
      "et_max_depth": 11,
      "et_min_samples_split": 5,
      "et_min_samples_leaf": 1,
      "et_bootstrap": false
    }
  },
  "feature_names": [
    "K2O_wt",
    "Fe2O3T_wt",
    "SiO2_wt",
    "Al2O3_wt",
    "P2O5_tot_wt"
  ],
  "use_random_split": true,
  "use_feature_selection": true,
  "model_name": "ET-FS",
  "error_mean": 0.8377469025204101,
  "error_sdev": 3.1419598949192373,
  "uncertainty_median": 9.390322580645162,
  "uncertainty_mad": 3.82630624867603,
  "uncertainty_measure": 40.74733552351664,
  "feature_importance": {
    "K2O_wt": 0.501342581467065,
    "Fe2O3T_wt": 0.18887445405180414,
    "SiO2_wt": 0.25515014305512
  },
  "run": 5
}