{
  "y_test": [
    0.27,
    22.1,
    0.41,
    6.2,
    1.47,
    1.0,
    0.04,
    0.14,
    6.1,
    2.4,
    0.09,
    0.02,
    1.9,
    5.4,
    0.19,
    1.3,
    0.17,
    6.9,
    2.4,
    0.05,
    0.4,
    0.15,
    0.17,
    0.4,
    0.73,
    0.21,
    0.15,
    0.04,
    10.4,
    0.87,
    0.07,
    0.9,
    3.8,
    0.18,
    0.34,
    1.8,
    0.56,
    25.0,
    25.6,
    0.14,
    0.14,
    0.04,
    1.3,
    0.14,
    0.21
  ],
  "y_pred": [
    -0.137410446988127,
    26.735228668557482,
    0.6938147630904425,
    7.92412168520851,
    1.1214422884492303,
    1.6980089346622766,
    0.2507765713699479,
    0.1448868097548801,
    4.577782584560685,
    0.5732598886048081,
    0.154929717617176,
    0.20282436300062123,
    8.771189013767449,
    2.480818937090323,
    0.1238441645581867,
    1.5359862247811167,
    0.09051787452026616,
    1.215139993561169,
    0.608149463720685,
    15.125375524514558,
    0.4213329474180818,
    1.5082564624512358,
    0.30022317875789106,
    0.17345308082854238,
    0.6556210606665549,
    0.5388235782170265,
    2.6900434760005507,
    0.22537857240300907,
    11.843065880657868,
    0.29473630727221645,
    3.48284214851455,
    1.6906790866693129,
    3.715564765488104,
    0.23948714681422612,
    -0.03166457677127488,
    0.7044082694585354,
    0.1301428052687994,
    25.89448539019698,
    25.381838231351825,
    17.44683197820372,
    0.13735146962250866,
    -0.25320194123148587,
    1.8668005678389301,
    -0.32439116922870914,
    1.4316776377776876
  ],
  "selected_features": [
    "K2O_wt",
    "Fe2O3T_wt",
    "SiO2_wt",
    "Al2O3_wt",
    "P2O5_tot_wt"
  ],
  "selected_models": [],
  "stacking_used": false,
  "stacked_model": true,
  "number_of_models": 1,
  "final_estimator": "gpr",
  "final_estimator_params": {
    "gpr_nu": 0.5,
    "gpr_const": 0.13661328814576656,
    "gpr_length_scale": 6.543922816049138,
    "gpr_alpha": 0.009826386036003072
  },
  "model_params": {
    "gpr": {
      "gpr_nu": 0.5,
      "gpr_const": 0.13661328814576656,
      "gpr_length_scale": 6.543922816049138,
      "gpr_alpha": 0.009826386036003072
    }
  },
  "use_random_split": true,
  "use_feature_selection": false,
  "model_name": "GPR",
  "error_mean": -0.928099408423297,
  "error_sdev": 3.8082066415750826,
  "uncertainty_median": 8.365442078433688,
  "uncertainty_mad": 8.414538746763107,
  "uncertainty_measure": 100.5868986703762,
  "feature_importance": {
    "K2O_wt": -0.03584697693922715,
    "Fe2O3T_wt": 0.09168145194612098,
    "SiO2_wt": 1.7898085661314698,
    "Al2O3_wt": -0.10571967693356513,
    "P2O5_tot_wt": 0.014190260947741246
  }
}