{
  "y_test": [
    8.7,
    0.46,
    2.4,
    1.3,
    3.8,
    0.27,
    0.19,
    4.5,
    0.37,
    6.7,
    0.15,
    1.8,
    0.36,
    25.6,
    1.18,
    0.04,
    1.2,
    6.2,
    0.07,
    0.25,
    31.8,
    11.7,
    1.5,
    0.34,
    0.19,
    7.4,
    1.47,
    0.52,
    0.12,
    0.4,
    4.2,
    0.19,
    34.0,
    0.03,
    0.4,
    0.14,
    0.17,
    0.14,
    0.41,
    0.35,
    0.4,
    0.15,
    0.12,
    2.4,
    1.44
  ],
  "y_pred": [
    14.037832205915036,
    0.44287454695301287,
    1.8980300910788164,
    2.6170742618949325,
    3.955629361498542,
    1.7505714461276365,
    0.5688495753697562,
    5.2660001004423656,
    2.8280943456344247,
    12.900754979178531,
    1.5567332210084146,
    1.1857009444255224,
    -0.22218289867561825,
    7.425367897040832,
    1.118861233856245,
    0.36431525562953665,
    0.7754689191076402,
    2.0917660639276288,
    -1.227132084237922,
    1.791978772846326,
    9.44738643172058,
    5.634179631191104,
    1.3420754102893147,
    1.3456215762229695,
    0.6846608171164897,
    12.507329388476421,
    1.250698104809484,
    -0.33280792758109357,
    3.4165803950954525,
    0.9026272921354215,
    9.870207951569014,
    1.9411047508279187,
    5.8025203239949406,
    0.03777182035349341,
    1.272717193643342,
    0.2780959304554203,
    -0.18148109370164267,
    3.085991879925707,
    2.9560979577203748,
    2.5168647318893798,
    -0.12568820665457503,
    1.0188879989797968,
    5.932752137926007,
    2.068804170671279,
    1.4949199933914639
  ],
  "selected_features": [
    "K2O_wt",
    "Fe2O3T_wt",
    "SiO2_wt",
    "Al2O3_wt",
    "P2O5_tot_wt"
  ],
  "selected_models": [],
  "stacking_used": false,
  "stacked_model": true,
  "number_of_models": 1,
  "final_estimator": "ann",
  "final_estimator_params": {
    "ann_hidden": 26,
    "ann_alpha": 0.0014590864403247635
  },
  "model_params": {
    "ann": {
      "ann_hidden": 26,
      "ann_alpha": 0.0014590864403247635
    }
  },
  "use_random_split": true,
  "use_feature_selection": false,
  "model_name": "ANN",
  "error_mean": 0.6716776244557838,
  "error_sdev": 6.525402459197089,
  "uncertainty_median": 7.738422893325075,
  "uncertainty_mad": 3.4930392564298445,
  "uncertainty_measure": 45.138903683369804,
  "feature_importance": {
    "K2O_wt": -0.010454789626303649,
    "Fe2O3T_wt": -0.09918452217576162,
    "SiO2_wt": 0.0773938412220669,
    "Al2O3_wt": 0.09703741049581606,
    "P2O5_tot_wt": 0.18492026455031932
  }
}