{
  "y_test": [
    0.27,
    0.9,
    0.13,
    0.37,
    10.4,
    6.0,
    0.36,
    0.51,
    11.7,
    38.0,
    0.42,
    0.52,
    0.04,
    0.07,
    0.07,
    0.24,
    10.1,
    0.1,
    8.0,
    1.9,
    2.6,
    4.2,
    0.05,
    0.19,
    0.17,
    5.7,
    0.37,
    0.04,
    0.25,
    4.2,
    0.29,
    6.9,
    0.15,
    0.31,
    0.19,
    0.73,
    0.12,
    2.7,
    8.9,
    1.3,
    1.47,
    0.44,
    0.68,
    25.6,
    25.0
  ],
  "y_pred": [
    0.3270980146051392,
    1.227969663952724,
    0.21731590403960996,
    0.32529235471655055,
    5.613602462025409,
    4.765643101200197,
    0.24440238144598547,
    0.1667704507583058,
    4.648084707441107,
    1.600386899026333,
    2.6523451138689182,
    0.9530303573714481,
    0.6652897445604732,
    0.27291496907150753,
    2.4256302030364223,
    0.6812641475953917,
    7.455699856428671,
    0.2003884708305537,
    3.4978633662833496,
    4.685353519577431,
    5.967599841059594,
    4.797478075475812,
    0.13987496620923437,
    0.18035387699350977,
    0.2666472866145706,
    2.7564991727384003,
    0.4751500683053754,
    0.08824247085233905,
    0.5456070889545178,
    4.169141125162062,
    0.5810627975406949,
    1.129565339809652,
    0.1705952578564965,
    0.3118882285262393,
    0.8011408057158748,
    0.5394423637215663,
    3.043228088556078,
    0.41936945142911,
    2.4899657276480696,
    1.1591366989048217,
    0.4870503278784815,
    0.2974194370288831,
    0.8561416916375479,
    25.70962865452692,
    26.96390101483428
  ],
  "selected_features": [
    "K2O_wt",
    "Fe2O3T_wt",
    "SiO2_wt",
    "Al2O3_wt",
    "P2O5_tot_wt"
  ],
  "selected_models": [],
  "stacking_used": false,
  "stacked_model": true,
  "number_of_models": 1,
  "final_estimator": "knn",
  "final_estimator_params": {
    "knn_n": 3,
    "knn_weights": "distance"
  },
  "model_params": {
    "knn": {
      "knn_n": 3,
      "knn_weights": "distance"
    }
  },
  "use_random_split": true,
  "use_feature_selection": false,
  "model_name": "KNN",
  "error_mean": 1.2372783212040968,
  "error_sdev": 5.820905852293098,
  "uncertainty_median": 3.489789559138295,
  "uncertainty_mad": 5.847386843433988,
  "uncertainty_measure": 167.55700435065302,
  "feature_importance": {
    "K2O_wt": -0.000907679716057227,
    "Fe2O3T_wt": -0.0017189706599392018,
    "SiO2_wt": 0.9540654969830362,
    "Al2O3_wt": 0.02393050560399181,
    "P2O5_tot_wt": 0.0035126288835583552
  }
}