{
  "y_test": [
    1.5,
    2.4,
    3.8,
    0.41,
    0.07,
    0.42,
    0.4,
    0.44,
    0.04,
    6.7,
    5.1,
    0.36,
    0.47,
    1.3,
    25.6,
    6.5,
    0.04,
    2.4,
    0.14,
    6.3,
    0.22,
    0.14,
    0.03,
    0.11,
    6.9,
    8.0,
    1.8,
    0.15,
    0.1,
    0.52,
    1.9,
    2.7,
    34.0,
    0.09,
    0.51,
    0.05,
    7.4,
    25.0,
    0.15,
    0.14,
    0.73,
    38.0,
    1.2,
    0.12,
    0.23
  ],
  "y_pred": [
    0.9534554069119298,
    2.376856187290966,
    5.229255295429204,
    0.5586521739130434,
    0.9529994425863996,
    0.54766276477146,
    0.2870997770345598,
    0.2666405080426819,
    0.26296492275840083,
    9.017575250836115,
    5.254612040133775,
    0.23682720178372335,
    0.30052679566810003,
    1.3953494983277612,
    25.502457079152755,
    8.43650557413601,
    1.0534559643255292,
    2.4355585284280887,
    1.4563983118330952,
    6.657624303232997,
    0.3885373467112599,
    2.0461120401337793,
    0.24406665074056383,
    0.7884230769230771,
    1.1006259754738021,
    6.36867001114827,
    5.651530657748052,
    0.5437497212931992,
    0.35221293199554066,
    0.4361527711419015,
    6.166235228539572,
    2.5493567447045655,
    26.474183389074728,
    0.42819899665551864,
    0.33499163879598703,
    14.218832775919747,
    7.664588071348938,
    22.824352842809386,
    0.39790523968784863,
    0.3323745819397996,
    0.545486064659978,
    5.25242140468227,
    0.6683049052396884,
    0.2200777591973246,
    0.27518231406274896
  ],
  "selected_features": [
    "K2O_wt",
    "Fe2O3T_wt",
    "SiO2_wt",
    "Al2O3_wt",
    "P2O5_tot_wt"
  ],
  "selected_models": [],
  "stacking_used": false,
  "stacked_model": true,
  "number_of_models": 1,
  "final_estimator": "et",
  "final_estimator_params": {
    "et_n_estimators": 299,
    "et_max_depth": 19,
    "et_min_samples_split": 6,
    "et_min_samples_leaf": 1,
    "et_bootstrap": false
  },
  "model_params": {
    "et": {
      "et_n_estimators": 299,
      "et_max_depth": 19,
      "et_min_samples_split": 6,
      "et_min_samples_leaf": 1,
      "et_bootstrap": false
    }
  },
  "use_random_split": true,
  "use_feature_selection": false,
  "model_name": "ET",
  "error_mean": 0.33610999628390803,
  "error_sdev": 5.679277026260823,
  "uncertainty_median": 9.664551282051281,
  "uncertainty_mad": 4.886947103216082,
  "uncertainty_measure": 50.56569064196468,
  "feature_importance": {
    "K2O_wt": 0.004708050844395402,
    "Fe2O3T_wt": -0.018022525270350594,
    "SiO2_wt": 0.48414529455406174,
    "Al2O3_wt": 0.031335967825753736,
    "P2O5_tot_wt": 0.22031415774622246
  }
}