{
  "y_test": [
    3.4,
    0.34,
    1.4,
    5.7,
    0.19,
    0.03,
    0.52,
    2.6,
    0.04,
    0.56,
    25.0,
    0.16,
    3.8,
    0.41,
    0.13,
    0.14,
    0.11,
    0.46,
    8.7,
    34.0,
    6.3,
    31.8,
    0.15,
    0.4,
    1.53,
    0.29,
    0.37,
    2.4,
    0.12,
    4.2,
    0.17,
    0.52,
    6.7,
    1.0,
    6.2,
    0.15,
    22.1,
    0.47,
    0.15,
    0.84,
    4.5,
    0.1,
    0.05,
    0.32,
    0.14
  ],
  "y_pred": [
    0.023381910376108934,
    0.3416796559436203,
    1.9731001066753366,
    7.728532511923922,
    1.1432486157694608,
    -0.21812594378939443,
    0.48668856520120685,
    1.3374505294548402,
    0.2007868420268945,
    1.4332394478916204,
    18.39093258191507,
    0.8548380072429388,
    7.728532511923922,
    0.9896962598346085,
    0.6191853441698965,
    0.559126811193183,
    0.8548380072429388,
    1.5784612763922092,
    17.509912067538455,
    16.820743923368557,
    8.608849162396586,
    16.820743923368557,
    0.7171522458872552,
    0.6968817324758566,
    1.3981988291444583,
    0.8548380072429388,
    0.5992194699399608,
    2.2148403560445247,
    3.00969729923004,
    7.728532511923922,
    0.7636397310691823,
    0.03305183683466123,
    8.958321385015454,
    0.06540686404529979,
    7.728532511923922,
    0.007697785374680036,
    18.39093258191507,
    0.36795778138413443,
    0.22567485301603177,
    1.202045929237937,
    8.958321385015454,
    0.6057036900210208,
    3.4194585662829544,
    0.639893529797685,
    -0.10135253135367085
  ],
  "selected_features": [
    "K2O_wt",
    "Fe2O3T_wt",
    "SiO2_wt",
    "Al2O3_wt",
    "P2O5_tot_wt"
  ],
  "selected_models": [],
  "stacking_used": false,
  "stacked_model": true,
  "number_of_models": 1,
  "final_estimator": "lgbm",
  "final_estimator_params": {
    "lgbm_num_leaves": 15,
    "lgbm_lr": 0.03756154796573391,
    "lgbm_n_estimators": 195
  },
  "model_params": {
    "lgbm": {
      "lgbm_num_leaves": 15,
      "lgbm_lr": 0.03756154796573391,
      "lgbm_n_estimators": 195
    }
  },
  "use_random_split": true,
  "use_feature_selection": false,
  "model_name": "LGBM",
  "error_mean": 0.09754470067712645,
  "error_sdev": 4.154618834850577,
  "uncertainty_median": 9.634558608902271,
  "uncertainty_mad": 3.8488108608974403,
  "uncertainty_measure": 39.94797288732214,
  "feature_importance": {
    "K2O_wt": 0.3193678714210758,
    "Fe2O3T_wt": -0.0058498351535777125,
    "SiO2_wt": 0.008583386075857546,
    "Al2O3_wt": 0.006122953094084684,
    "P2O5_tot_wt": 1.00366749805598
  }
}