{
  "y_test": [
    0.19,
    0.04,
    1.44,
    5.4,
    0.12,
    0.35,
    0.47,
    0.19,
    10.4,
    6.7,
    0.16,
    0.04,
    0.25,
    0.27,
    34.0,
    0.04,
    2.4,
    0.04,
    6.9,
    0.21,
    4.2,
    0.34,
    0.43,
    6.3,
    6.2,
    3.4,
    4.5,
    0.12,
    1.4,
    31.8,
    0.62,
    1.0,
    0.07,
    0.57,
    0.68,
    2.6,
    0.07,
    0.18,
    1.5,
    0.15,
    0.04,
    0.04,
    0.17,
    0.15,
    0.05
  ],
  "y_pred": [
    0.22308063507080078,
    2.3060567378997803,
    0.1264457404613495,
    4.51970911026001,
    0.1677093356847763,
    0.2925020754337311,
    0.26732149720191956,
    1.0957106351852417,
    16.057355880737305,
    5.764654159545898,
    0.1383490264415741,
    0.3379066586494446,
    0.12719254195690155,
    1.1960736513137817,
    25.296064376831055,
    0.15170663595199585,
    1.2552342414855957,
    0.48133376240730286,
    6.652066230773926,
    0.14680510759353638,
    5.767042636871338,
    1.672122597694397,
    0.10279206931591034,
    5.494778156280518,
    5.995794296264648,
    3.055272340774536,
    6.683356285095215,
    1.62578547000885,
    1.559787392616272,
    24.629959106445312,
    0.4522498548030853,
    1.1218994855880737,
    0.19646815955638885,
    0.26170238852500916,
    0.4174872040748596,
    1.63726007938385,
    1.223327398300171,
    0.11595232784748077,
    1.3233582973480225,
    0.282795250415802,
    0.18398171663284302,
    0.14111866056919098,
    2.282029628753662,
    0.10657873749732971,
    14.033652305603027
  ],
  "selected_features": [
    "K2O_wt",
    "Fe2O3T_wt",
    "SiO2_wt",
    "Al2O3_wt",
    "P2O5_tot_wt"
  ],
  "selected_models": [],
  "stacking_used": false,
  "stacked_model": true,
  "number_of_models": 1,
  "final_estimator": "xgb",
  "final_estimator_params": {
    "xgb_n_estimators": 84,
    "xgb_lr": 0.056128197051325386,
    "xgb_max_depth": 5,
    "xgb_subsample": 0.6430076424522556,
    "xgb_colsample": 0.6041942713323817
  },
  "model_params": {
    "xgb": {
      "xgb_n_estimators": 84,
      "xgb_lr": 0.056128197051325386,
      "xgb_max_depth": 5,
      "xgb_subsample": 0.6430076424522556,
      "xgb_colsample": 0.6041942713323817
    }
  },
  "use_random_split": true,
  "use_feature_selection": false,
  "model_name": "XGB",
  "error_mean": -0.23955177527003815,
  "error_sdev": 2.9514627680101606,
  "uncertainty_median": 11.693281173706055,
  "uncertainty_mad": 5.2318525314331055,
  "uncertainty_measure": 44.74238200307406,
  "feature_importance": {
    "K2O_wt": 0.07619073699990656,
    "Fe2O3T_wt": -0.0007254725612048196,
    "SiO2_wt": 0.4322367161159248,
    "Al2O3_wt": 0.03225082823743509,
    "P2O5_tot_wt": 0.685297653966044
  }
}