{
  "y_test": [
    0.57,
    0.04,
    0.19,
    4.2,
    0.19,
    0.34,
    6.3,
    29.4,
    0.04,
    0.73,
    25.0,
    0.02,
    6.7,
    8.9,
    0.1,
    0.56,
    0.14,
    0.4,
    0.41,
    0.14,
    31.8,
    0.23,
    0.19,
    34.0,
    1.9,
    0.52,
    0.36,
    1.3,
    10.4,
    0.87,
    2.6,
    0.24,
    0.44,
    0.09,
    0.13,
    0.68,
    5.1,
    0.04,
    3.4,
    1.18,
    0.18,
    25.8,
    0.17,
    6.1,
    0.25
  ],
  "y_pred": [
    0.8641868706877611,
    0.6067226854613388,
    0.6171055817938096,
    5.105752138025854,
    0.3726644765622602,
    3.915016543916291,
    -1.3650789629005988,
    3.0266385503809667,
    0.17020873334767783,
    0.7423310288749727,
    8.922400296845096,
    0.7840411175809119,
    5.687668528771276,
    -0.6017570905407883,
    0.5530228926172915,
    1.6519432046187397,
    0.16941965629297195,
    0.9114937732845667,
    0.5316045459676366,
    37.64442911917962,
    3.517340989509796,
    0.14277737940260593,
    1.4715310519163587,
    20.564050563218345,
    3.091326479349686,
    1.9734486208217052,
    1.5136909858209775,
    1.3554542701902428,
    3.111644610777113,
    0.867102222126543,
    4.17354984187626,
    1.2266804629718582,
    0.5446827335123281,
    4.048670587650347,
    0.21229665091378935,
    3.4018986220432064,
    3.7946144039826217,
    0.3579307190241434,
    3.846387039891119,
    2.892376271489977,
    1.1056810297902824,
    7.734040003090158,
    0.22206047542216645,
    3.999717330405117,
    0.18173562022348522
  ],
  "selected_features": [
    "SiO2_wt",
    "Al2O3_wt"
  ],
  "selected_models": [],
  "stacking_used": false,
  "stacked_model": true,
  "number_of_models": 1,
  "final_estimator": "gpr",
  "final_estimator_params": {
    "gpr_nu": 1.5,
    "gpr_const": 9.468794515966417,
    "gpr_length_scale": 7.426626878816053,
    "gpr_alpha": 7.223223910157702e-07
  },
  "model_params": {
    "gpr": {
      "gpr_nu": 1.5,
      "gpr_const": 9.468794515966417,
      "gpr_length_scale": 7.426626878816053,
      "gpr_alpha": 7.223223910157702e-07
    }
  },
  "feature_names": [
    "K2O_wt",
    "Fe2O3T_wt",
    "SiO2_wt",
    "Al2O3_wt",
    "P2O5_tot_wt"
  ],
  "use_random_split": true,
  "use_feature_selection": true,
  "model_name": "GPR-FS",
  "error_mean": 1.4817666076402696,
  "error_sdev": 9.331753816000935,
  "uncertainty_median": 3.0251383823117384,
  "uncertainty_mad": 0.9399052316804676,
  "uncertainty_measure": 31.069826001222943,
  "feature_importance": {
    "K2O_wt": 0.06961668606050572,
    "Fe2O3T_wt": 0.02361006122096841
  },
  "run": 5
}