{
  "y_test": [
    2.7,
    5.4,
    10.1,
    0.41,
    1.2,
    0.36,
    0.4,
    0.12,
    0.1,
    0.32,
    0.52,
    1.9,
    0.19,
    0.04,
    0.56,
    0.37,
    0.09,
    0.31,
    0.15,
    0.18,
    0.14,
    0.84,
    0.62,
    0.36,
    4.2,
    0.42,
    3.4,
    6.0,
    1.9,
    0.14,
    4.2,
    0.44,
    29.4,
    6.1,
    0.15,
    0.25,
    0.74,
    0.19,
    1.4,
    6.2,
    1.44,
    0.04,
    0.04,
    1.8,
    0.18
  ],
  "y_pred": [
    3.009726435603511,
    6.5598526222765505,
    8.678958828104633,
    0.530830504522729,
    0.6507195439413126,
    0.2575094669312936,
    0.4474635456587117,
    0.2779460898367638,
    0.3858835937977298,
    0.6007454328271918,
    0.25612230253251334,
    1.748094092857095,
    0.29916710430750815,
    0.30799498492301236,
    1.1329547142687206,
    0.3792866255759596,
    0.809439164143556,
    0.8194373382049109,
    0.6471761847302239,
    0.3018278942710439,
    0.2708871822014066,
    0.2864295487591575,
    0.45905646637690833,
    0.30950616938875836,
    3.4843890477854127,
    0.7187292232765432,
    3.0165551638222414,
    5.182331339901351,
    5.3169883283315125,
    0.39674255636900724,
    4.99186564566807,
    0.24225469216716156,
    16.60026335002086,
    5.1079658013504785,
    0.30420172683402447,
    0.2621487629558889,
    0.9808200128873342,
    0.1552459443687142,
    1.4042689301356563,
    7.121829681394378,
    1.674917471691714,
    0.31444100582961304,
    5.8690913596957035,
    7.994997167725907,
    0.2514189829873706
  ],
  "selected_features": [
    "K2O_wt",
    "Fe2O3T_wt",
    "SiO2_wt",
    "Al2O3_wt",
    "P2O5_tot_wt"
  ],
  "selected_models": [],
  "stacking_used": false,
  "stacked_model": true,
  "number_of_models": 1,
  "final_estimator": "et",
  "final_estimator_params": {
    "et_n_estimators": 282,
    "et_max_depth": 8,
    "et_min_samples_split": 2,
    "et_min_samples_leaf": 1,
    "et_bootstrap": false
  },
  "model_params": {
    "et": {
      "et_n_estimators": 282,
      "et_max_depth": 8,
      "et_min_samples_split": 2,
      "et_min_samples_leaf": 1,
      "et_bootstrap": false
    }
  },
  "use_random_split": true,
  "use_feature_selection": false,
  "model_name": "ET",
  "error_mean": -0.10685515624978098,
  "error_sdev": 2.418791546237108,
  "uncertainty_median": 8.721815285901068,
  "uncertainty_mad": 2.4325131904562878,
  "uncertainty_measure": 27.88998747071012,
  "feature_importance": {
    "K2O_wt": 0.1640022589082604,
    "Fe2O3T_wt": 0.0196184978970959,
    "SiO2_wt": 0.4109043190130566,
    "Al2O3_wt": 0.10664666734480317,
    "P2O5_tot_wt": 1.3220146542162905
  }
}