{
  "y_test": [
    1.47,
    0.29,
    0.02,
    0.27,
    1.44,
    0.07,
    24.5,
    0.15,
    1.3,
    10.4,
    0.05,
    0.84,
    0.73,
    0.04,
    0.09,
    4.2,
    6.7,
    25.0,
    0.21,
    0.18,
    25.8,
    6.5,
    0.43,
    0.17,
    0.14,
    0.12,
    1.44,
    0.36,
    0.16,
    0.74,
    4.2,
    0.1,
    0.12,
    0.68,
    0.51,
    0.04,
    6.9,
    0.37,
    1.3,
    0.62,
    0.42,
    0.44,
    8.7,
    0.24,
    6.9
  ],
  "y_pred": [
    0.8352881420226687,
    0.1454911308821694,
    1.3913593177677512,
    1.0215651311553224,
    0.14164720445267343,
    0.33624395458217227,
    3.9434275617757306,
    0.08638269088285092,
    0.9921239678153544,
    2.467775764795542,
    0.07801649806571265,
    0.26112790072701675,
    0.6338615604914132,
    1.194049207805667,
    0.3435260126226931,
    1.9834289431148835,
    10.997880181757314,
    7.451434239619042,
    0.6721211432872839,
    0.20003087267355243,
    29.9751261036591,
    9.467961188125416,
    0.24823944152223612,
    0.5541768084283221,
    0.51867701728533,
    0.7502231021147,
    0.8934456969241654,
    0.16606744294594192,
    0.14820449071475478,
    0.685914055769593,
    6.969348551132204,
    0.48720083407092285,
    0.4767996213793456,
    0.5698250592859813,
    0.0671630587353711,
    0.29644801037091995,
    5.998393774577065,
    0.5707295125635097,
    0.9943851010091755,
    0.5865574449202577,
    0.2638412605596021,
    0.4288171658500438,
    9.467961188125416,
    0.36342398472831927,
    0.989862834621533
  ],
  "selected_features": [
    "K2O_wt",
    "P2O5_tot_wt"
  ],
  "selected_models": [],
  "stacking_used": false,
  "stacked_model": true,
  "number_of_models": 1,
  "final_estimator": "svr",
  "final_estimator_params": {
    "svr_C": 5.390696140873166,
    "svr_epsilon": 0.0010129795557967823
  },
  "model_params": {
    "svr": {
      "svr_C": 5.390696140873166,
      "svr_epsilon": 0.0010129795557967823
    }
  },
  "use_random_split": true,
  "use_feature_selection": true,
  "model_name": "SVR-FS",
  "error_mean": 0.8496539072063101,
  "error_sdev": 4.4288627840906,
  "uncertainty_median": 15.001157882631041,
  "uncertainty_mad": 7.484020666379903,
  "uncertainty_measure": 49.889620020899926,
  "feature_importance": {
    "K2O_wt": -0.0009547946650499683,
    "Fe2O3T_wt": 1.1209416345205336
  }
}