{
  "y_test": [
    0.57,
    0.04,
    0.19,
    4.2,
    0.19,
    0.34,
    6.3,
    29.4,
    0.04,
    0.73,
    25.0,
    0.02,
    6.7,
    8.9,
    0.1,
    0.56,
    0.14,
    0.4,
    0.41,
    0.14,
    31.8,
    0.23,
    0.19,
    34.0,
    1.9,
    0.52,
    0.36,
    1.3,
    10.4,
    0.87,
    2.6,
    0.24,
    0.44,
    0.09,
    0.13,
    0.68,
    5.1,
    0.04,
    3.4,
    1.18,
    0.18,
    25.8,
    0.17,
    6.1,
    0.25
  ],
  "y_pred": [
    0.12503792621489768,
    0.707797289306122,
    -0.757605592802211,
    3.8281507119473503,
    2.9487464115786923,
    0.4016671988462605,
    10.238395322750836,
    15.1408691447127,
    1.1028896466000733,
    0.8535979048131409,
    12.042044831947683,
    3.4585444640626526,
    6.2019898650079925,
    5.239005346238519,
    0.6666276411250929,
    3.194048577551546,
    1.280181198075064,
    1.341775605068337,
    0.3144672359589016,
    0.879901171875191,
    10.977989314625578,
    0.6694042705397161,
    0.21858452198636896,
    10.131381505140212,
    2.2971492872931982,
    0.1629137948896046,
    0.3142915898120471,
    2.485666346832676,
    6.9226016353541935,
    2.1142062635792187,
    0.23856119805101483,
    1.2136623865877643,
    0.7719257995269377,
    3.3583003295336087,
    0.3211506465229174,
    0.9646641152478224,
    4.567373625214524,
    0.1385626795226595,
    3.8507694562417996,
    1.402761726276837,
    1.4394385037205721,
    18.998429599144387,
    0.9952378552747312,
    4.683858743258808,
    0.30066513922781185
  ],
  "selected_features": [
    "K2O_wt",
    "P2O5_tot_wt"
  ],
  "selected_models": [],
  "stacking_used": false,
  "stacked_model": true,
  "number_of_models": 1,
  "final_estimator": "ann",
  "final_estimator_params": {
    "ann_hidden": 56,
    "ann_alpha": 0.05478275853868676
  },
  "model_params": {
    "ann": {
      "ann_hidden": 56,
      "ann_alpha": 0.05478275853868676
    }
  },
  "feature_names": [
    "K2O_wt",
    "Fe2O3T_wt",
    "SiO2_wt",
    "Al2O3_wt",
    "P2O5_tot_wt"
  ],
  "use_random_split": true,
  "use_feature_selection": true,
  "model_name": "ANN-FS",
  "error_mean": 1.4131626170159146,
  "error_sdev": 5.701084937738597,
  "uncertainty_median": 11.928076381113996,
  "uncertainty_mad": 3.7766339066415675,
  "uncertainty_measure": 31.661718000240178,
  "feature_importance": {
    "K2O_wt": 0.11779863054885878,
    "Fe2O3T_wt": 0.7417917704666168
  },
  "run": 5
}