{
  "y_test": [
    8.7,
    6.6,
    0.04,
    0.14,
    1.53,
    0.25,
    0.04,
    0.11,
    0.23,
    6.0,
    0.19,
    4.2,
    1.3,
    7.4,
    0.74,
    0.25,
    4.2,
    1.3,
    0.21,
    2.4,
    0.37,
    0.36,
    1.18,
    38.0,
    1.9,
    0.51,
    6.5,
    0.17,
    5.4,
    0.14,
    0.15,
    0.56,
    22.1,
    0.04,
    0.73,
    0.15,
    0.87,
    2.4,
    0.24,
    0.18,
    0.4,
    1.8,
    0.19,
    2.4,
    0.12
  ],
  "y_pred": [
    25.205859552849414,
    9.619159602236532,
    18.037193843064717,
    0.8818735108212622,
    -0.46645706612494514,
    1.7805429018789725,
    0.12985007181725924,
    0.7165102946904204,
    0.5516834127404329,
    2.888879483537736,
    0.5606862109132059,
    0.6554174643647914,
    -2.983307859547672,
    11.369958357658609,
    -0.09141006198930218,
    2.357670629037358,
    5.735742926340645,
    0.16637349051891762,
    0.7165102946904204,
    0.8669169872542251,
    0.7587224593763051,
    0.14059467802290468,
    -3.41680102085597,
    18.8397448113067,
    2.2822551802653575,
    -0.3088659496090305,
    25.205859552849414,
    -0.663006260196973,
    3.751653936770453,
    1.8509599246565536,
    -0.40690152924001416,
    2.926851636416127,
    22.718349343596643,
    0.7165102946904204,
    -0.7559090380689969,
    1.0477089385323428,
    3.387262369760496,
    1.2295634559604098,
    0.8636106973942075,
    0.9497086806731071,
    0.5724963624798848,
    13.561427437853334,
    1.1709208312863977,
    1.5181919175975078,
    0.4255066574071647
  ],
  "selected_features": [
    "K2O_wt",
    "Fe2O3T_wt",
    "P2O5_tot_wt"
  ],
  "selected_models": [],
  "stacking_used": false,
  "stacked_model": true,
  "number_of_models": 1,
  "final_estimator": "lgbm",
  "final_estimator_params": {
    "lgbm_num_leaves": 61,
    "lgbm_lr": 0.2694241032360066,
    "lgbm_n_estimators": 236
  },
  "model_params": {
    "lgbm": {
      "lgbm_num_leaves": 61,
      "lgbm_lr": 0.2694241032360066,
      "lgbm_n_estimators": 236
    }
  },
  "feature_names": [
    "K2O_wt",
    "Fe2O3T_wt",
    "SiO2_wt",
    "Al2O3_wt",
    "P2O5_tot_wt"
  ],
  "use_random_split": true,
  "use_feature_selection": true,
  "model_name": "LGBM-FS",
  "error_mean": -0.9861348759039501,
  "error_sdev": 5.918162018981306,
  "uncertainty_median": 14.108867621254024,
  "uncertainty_mad": 7.673463354802652,
  "uncertainty_measure": 54.38752110228262,
  "feature_importance": {
    "K2O_wt": 0.34312650317455057,
    "Fe2O3T_wt": -0.0692545913084951,
    "SiO2_wt": 1.423322647097055
  },
  "run": 2
}