{
  "y_test": [
    8.7,
    6.6,
    0.04,
    0.14,
    1.53,
    0.25,
    0.04,
    0.11,
    0.23,
    6.0,
    0.19,
    4.2,
    1.3,
    7.4,
    0.74,
    0.25,
    4.2,
    1.3,
    0.21,
    2.4,
    0.37,
    0.36,
    1.18,
    38.0,
    1.9,
    0.51,
    6.5,
    0.17,
    5.4,
    0.14,
    0.15,
    0.56,
    22.1,
    0.04,
    0.73,
    0.15,
    0.87,
    2.4,
    0.24,
    0.18,
    0.4,
    1.8,
    0.19,
    2.4,
    0.12
  ],
  "y_pred": [
    8.701859885315374,
    6.816760782847168,
    0.5951519893944427,
    0.3734038438676547,
    0.31916524398444734,
    0.3601959275728804,
    0.2989157735696931,
    0.37673132832870765,
    0.2997330009794225,
    5.607625986869436,
    0.4142495244448668,
    4.601649011541784,
    1.5482897148600205,
    7.814194091249063,
    0.987445292013479,
    0.25578354559725086,
    5.21832617673194,
    0.5542423592892805,
    0.4788430527330733,
    3.092433220488452,
    0.2657460043535761,
    0.34907136634679786,
    0.7988136151456072,
    4.7867841351493245,
    5.604243745085628,
    0.30366127151328476,
    8.782139117427063,
    0.2453301072974413,
    4.881005080579697,
    0.9796186614252639,
    0.2435407044692834,
    0.5691381498314669,
    26.276439790575974,
    0.26243310785464147,
    0.7528044278302681,
    0.5130677885091002,
    1.4626993012580636,
    2.211979049993443,
    0.45286641745250555,
    0.2611287985663566,
    0.4355766284886688,
    5.540363604254967,
    0.24893025545621722,
    3.360517800393716,
    1.1379207611111946
  ],
  "selected_features": [
    "Fe2O3T_wt",
    "SiO2_wt",
    "Al2O3_wt",
    "P2O5_tot_wt"
  ],
  "selected_models": [],
  "stacking_used": false,
  "stacked_model": true,
  "number_of_models": 1,
  "final_estimator": "et",
  "final_estimator_params": {
    "et_n_estimators": 191,
    "et_max_depth": 9,
    "et_min_samples_split": 2,
    "et_min_samples_leaf": 1,
    "et_bootstrap": false
  },
  "model_params": {
    "et": {
      "et_n_estimators": 191,
      "et_max_depth": 9,
      "et_min_samples_split": 2,
      "et_min_samples_leaf": 1,
      "et_bootstrap": false
    }
  },
  "feature_names": [
    "K2O_wt",
    "Fe2O3T_wt",
    "SiO2_wt",
    "Al2O3_wt",
    "P2O5_tot_wt"
  ],
  "use_random_split": true,
  "use_feature_selection": true,
  "model_name": "ET-FS",
  "error_mean": 0.2944262346211559,
  "error_sdev": 5.130538641960152,
  "uncertainty_median": 12.86958551483421,
  "uncertainty_mad": 5.55914618406138,
  "uncertainty_measure": 43.196000194828294,
  "feature_importance": {
    "K2O_wt": 0.01322053582545387,
    "Fe2O3T_wt": 0.21994865374473396,
    "SiO2_wt": -0.006237656558273333,
    "Al2O3_wt": 0.3269076512022336
  },
  "run": 2
}