{
  "y_test": [
    8.9,
    0.19,
    0.34,
    0.37,
    6.9,
    0.12,
    0.19,
    34.0,
    0.51,
    0.52,
    1.3,
    0.32,
    0.1,
    1.44,
    0.21,
    0.15,
    6.7,
    3.8,
    6.9,
    0.1,
    1.47,
    0.14,
    0.04,
    0.17,
    0.04,
    6.3,
    0.11,
    0.07,
    0.68,
    0.19,
    0.4,
    0.17,
    0.37,
    2.7,
    0.02,
    0.04,
    0.07,
    0.73,
    0.24,
    0.35,
    1.2,
    0.43,
    0.15,
    0.4,
    25.8
  ],
  "y_pred": [
    4.078019278965021,
    -1.036454357596777,
    1.9098176265070415,
    1.9443226999731755,
    5.683820392468997,
    5.678432319494826,
    0.8384828036229469,
    4.044378172423388,
    0.015511404345429275,
    0.006373550144935167,
    3.3419022674516494,
    1.4794501801128934,
    0.35467434178179985,
    -0.36026977845363733,
    -0.6984623252252089,
    1.6179168935014367,
    9.401104637107345,
    3.989309319959638,
    1.1731985433632437,
    1.4181736481829486,
    1.9365518379558972,
    -1.021980536483375,
    0.755478843303916,
    1.3890935514053524,
    -0.34285914429773046,
    8.692304086564011,
    -1.905758053057735,
    2.7357061659966058,
    1.9141421292921468,
    0.7022446701165884,
    0.982447877269995,
    0.7025602472661079,
    0.5588702400680168,
    3.3031067891601937,
    2.2961609168223207,
    0.13489940653021554,
    -0.11613983846647428,
    0.871613961245082,
    3.9958223396999673,
    1.9883318227238158,
    1.1959977794854895,
    -1.0306896364038778,
    2.4514475148742028,
    1.1651619683547656,
    30.831312740316374
  ],
  "selected_features": [
    "K2O_wt",
    "Fe2O3T_wt",
    "SiO2_wt",
    "Al2O3_wt",
    "P2O5_tot_wt"
  ],
  "selected_models": [],
  "stacking_used": false,
  "stacked_model": true,
  "number_of_models": 1,
  "final_estimator": "ann",
  "final_estimator_params": {
    "ann_hidden": 13,
    "ann_alpha": 1.0493806155105393e-05
  },
  "model_params": {
    "ann": {
      "ann_hidden": 13,
      "ann_alpha": 1.0493806155105393e-05
    }
  },
  "use_random_split": true,
  "use_feature_selection": false,
  "model_name": "ANN",
  "error_mean": 0.1394326822694897,
  "error_sdev": 4.981579307626981,
  "uncertainty_median": 15.695738310798266,
  "uncertainty_mad": 5.959478874327826,
  "uncertainty_measure": 37.96877060716448,
  "feature_importance": {
    "K2O_wt": -0.009088322735662714,
    "Fe2O3T_wt": 0.032634662517314575,
    "SiO2_wt": 0.09032196591207643,
    "Al2O3_wt": 0.12589520619332734,
    "P2O5_tot_wt": 0.41357733518420564
  }
}