{
  "y_test": [
    1.5,
    2.4,
    3.8,
    0.41,
    0.07,
    0.42,
    0.4,
    0.44,
    0.04,
    6.7,
    5.1,
    0.36,
    0.47,
    1.3,
    25.6,
    6.5,
    0.04,
    2.4,
    0.14,
    6.3,
    0.22,
    0.14,
    0.03,
    0.11,
    6.9,
    8.0,
    1.8,
    0.15,
    0.1,
    0.52,
    1.9,
    2.7,
    34.0,
    0.09,
    0.51,
    0.05,
    7.4,
    25.0,
    0.15,
    0.14,
    0.73,
    38.0,
    1.2,
    0.12,
    0.23
  ],
  "y_pred": [
    1.0769765367516966,
    2.6076967871485968,
    5.245883534136544,
    0.8189094182677292,
    0.972511481824735,
    0.5748542971048092,
    0.36662858206715593,
    0.2594601054790828,
    0.2201822848470806,
    6.7624497991967845,
    5.368775100401605,
    0.20062817865564492,
    0.39201324107631114,
    1.3960623700262256,
    26.21566265060239,
    8.65863453815262,
    0.6876446734897723,
    2.5238554216867497,
    0.48299289534516543,
    6.836144578313254,
    0.4070100020583755,
    1.2952813660657667,
    0.24888026197232577,
    0.9032331732946818,
    1.0753674698795181,
    6.2890562248995945,
    7.822690763052203,
    0.521223404636941,
    0.3298502986748836,
    0.4434778768028179,
    4.1600722891566235,
    2.5111907630522112,
    28.022891566265045,
    0.5922684226600679,
    0.3538906834208092,
    17.784825970548862,
    7.2672690763052215,
    23.21325301204818,
    0.31487566818149687,
    0.2821374852470411,
    0.5112173639613399,
    7.8000000000000025,
    0.5946947075804304,
    0.19363404361497638,
    0.27474154123100436
  ],
  "selected_features": [
    "K2O_wt",
    "Fe2O3T_wt",
    "SiO2_wt",
    "Al2O3_wt",
    "P2O5_tot_wt"
  ],
  "selected_models": [],
  "stacking_used": false,
  "stacked_model": true,
  "number_of_models": 1,
  "final_estimator": "rf",
  "final_estimator_params": {
    "rf_n_estimators": 83,
    "rf_max_depth": 9
  },
  "model_params": {
    "rf": {
      "rf_n_estimators": 83,
      "rf_max_depth": 9
    }
  },
  "use_random_split": true,
  "use_feature_selection": false,
  "model_name": "RF",
  "error_mean": 0.21553333535145838,
  "error_sdev": 5.547416604942337,
  "uncertainty_median": 8.14819277108434,
  "uncertainty_mad": 5.550514050746588,
  "uncertainty_measure": 68.11957211473705,
  "feature_importance": {
    "K2O_wt": 0.011514346072711828,
    "Fe2O3T_wt": 0.007335350718387546,
    "SiO2_wt": 0.5374083359281218,
    "Al2O3_wt": 0.037478869494840604,
    "P2O5_tot_wt": 0.2792968719459437
  }
}