{
  "y_test": [
    8.7,
    1.3,
    0.52,
    0.57,
    1.4,
    0.1,
    0.23,
    0.51,
    0.19,
    0.44,
    0.27,
    0.41,
    0.09,
    0.34,
    0.35,
    0.46,
    0.14,
    0.4,
    0.14,
    0.07,
    0.21,
    0.43,
    1.53,
    0.42,
    2.7,
    0.68,
    8.0,
    10.4,
    0.04,
    2.4,
    2.4,
    0.15,
    0.19,
    0.47,
    0.24,
    5.1,
    0.04,
    0.37,
    0.18,
    2.4,
    5.4,
    7.4,
    0.14,
    4.5,
    0.13
  ],
  "y_pred": [
    6.4,
    3.245,
    0.5700000000000001,
    0.23,
    2.5500000000000003,
    0.245,
    0.245,
    0.355,
    0.16,
    0.175,
    0.235,
    0.31,
    0.08,
    2.29,
    0.21,
    1.02,
    0.09000000000000001,
    0.155,
    0.135,
    0.35,
    1.325,
    0.19,
    0.20500000000000002,
    0.49,
    1.275,
    1.54,
    5.95,
    0.245,
    0.235,
    0.31,
    0.835,
    0.385,
    0.21000000000000002,
    0.845,
    0.25,
    5.15,
    0.35000000000000003,
    0.35,
    0.35000000000000003,
    3.8,
    1.85,
    5.6,
    0.255,
    4.65,
    0.21000000000000002
  ],
  "selected_features": [
    "Al2O3_wt",
    "P2O5_tot_wt"
  ],
  "selected_models": [],
  "stacking_used": false,
  "stacked_model": true,
  "number_of_models": 1,
  "final_estimator": "knn",
  "final_estimator_params": {
    "knn_n": 2,
    "knn_weights": "uniform"
  },
  "model_params": {
    "knn": {
      "knn_n": 2,
      "knn_weights": "uniform"
    }
  },
  "use_random_split": true,
  "use_feature_selection": true,
  "model_name": "KNN-FS",
  "error_mean": 0.36988888888888893,
  "error_sdev": 1.8274642419362293,
  "uncertainty_median": 3.495,
  "uncertainty_mad": 3.4151452083333327,
  "uncertainty_measure": 97.71517048164041,
  "feature_importance": {
    "K2O_wt": 0.7039220358695576,
    "Fe2O3T_wt": 1.4171596153785322
  }
}