{
  "y_test": [
    0.4,
    7.4,
    6.6,
    6.2,
    0.57,
    0.47,
    0.14,
    0.29,
    0.36,
    8.9,
    1.4,
    6.7,
    2.4,
    5.7,
    0.05,
    1.8,
    0.9,
    6.3,
    1.53,
    34.0,
    0.02,
    4.2,
    4.2,
    1.3,
    6.9,
    0.87,
    29.4,
    0.04,
    6.5,
    1.9,
    0.09,
    0.52,
    1.47,
    0.17,
    0.04,
    0.18,
    4.5,
    0.07,
    31.8,
    0.25,
    0.19,
    0.23,
    0.15,
    25.6,
    1.44
  ],
  "y_pred": [
    0.3509641873278238,
    9.637190082644642,
    9.366115702479346,
    7.290909090909097,
    0.29804407713498643,
    0.30723140495867785,
    0.251159976387249,
    0.17578512396694235,
    0.27855371900826476,
    12.355371900826452,
    1.5723966942148782,
    7.1446280991735645,
    2.5412396694214867,
    6.59752066115703,
    1.967024793388431,
    11.560330578512408,
    1.1252892561983467,
    9.573553719008274,
    0.17157300275482082,
    24.99090909090907,
    2.6195867768595025,
    2.5859504132231406,
    9.887603305785136,
    1.5540495867768616,
    6.978512396694224,
    1.5174380165289267,
    17.737190082644624,
    0.1972534435261705,
    10.813223140495879,
    2.608595041322313,
    0.2153648170011806,
    0.20905972058244773,
    0.8255371900826449,
    0.23905529319165658,
    0.2673140495867767,
    0.19342837465564738,
    7.39752066115703,
    0.8591735537190086,
    24.93966942148758,
    0.20171487603305807,
    0.218163715072806,
    0.2706761117670211,
    0.41359779614325015,
    23.54132231404957,
    0.3306487603305784
  ],
  "selected_features": [
    "K2O_wt",
    "Fe2O3T_wt",
    "SiO2_wt",
    "Al2O3_wt",
    "P2O5_tot_wt"
  ],
  "selected_models": [],
  "stacking_used": false,
  "stacked_model": true,
  "number_of_models": 1,
  "final_estimator": "rf",
  "final_estimator_params": {
    "rf_n_estimators": 121,
    "rf_max_depth": 13
  },
  "model_params": {
    "rf": {
      "rf_n_estimators": 121,
      "rf_max_depth": 13
    }
  },
  "use_random_split": true,
  "use_feature_selection": false,
  "model_name": "RF",
  "error_mean": -0.2230542153133072,
  "error_sdev": 3.2926003834630073,
  "uncertainty_median": 12.510537190082644,
  "uncertainty_mad": 4.403974996608124,
  "uncertainty_measure": 35.202125453887334,
  "feature_importance": {
    "K2O_wt": 0.2680542453169555,
    "Fe2O3T_wt": 0.05552072232076995,
    "SiO2_wt": 0.1011669986971611,
    "Al2O3_wt": 0.03092931817985524,
    "P2O5_tot_wt": 1.022584428966328
  }
}