{
  "y_test": [
    0.04,
    2.4,
    0.29,
    0.29,
    0.42,
    1.4,
    0.1,
    6.6,
    0.36,
    0.07,
    0.04,
    0.31,
    4.5,
    38.0,
    2.6,
    0.52,
    3.8,
    0.27,
    6.2,
    11.7,
    0.16,
    0.14,
    1.44,
    0.4,
    0.04,
    2.4,
    5.1,
    0.21,
    0.05,
    0.07,
    1.47,
    0.09,
    0.56,
    25.6,
    0.44,
    0.57,
    0.37,
    6.0,
    0.19,
    10.1,
    0.17,
    6.2,
    1.5,
    5.4,
    6.7
  ],
  "y_pred": [
    -0.5674016333856002,
    -0.7344039720089981,
    -1.450767262360344,
    -2.3523229617653527,
    6.31330954302226,
    4.458679888612018,
    0.42413427633931633,
    7.460167090351046,
    -0.5056486720279736,
    1.2099307247808397,
    2.973262503363788,
    5.021198134161313,
    2.4478903240954537,
    5.862176080663801,
    3.1525661269906777,
    2.8577061467998135,
    5.434320883594339,
    3.8930604129228747,
    2.1327997517150763,
    9.31013026419518,
    1.8986817823443403,
    2.994854139154505,
    -1.8619451472223503,
    3.690433371498713,
    -0.575855559168609,
    -1.0648483130453315,
    5.6575333094231866,
    -3.325955429148067,
    10.310712068379775,
    0.5384773118746509,
    -0.13347445817924353,
    -0.14610332056690112,
    1.7501472059970666,
    26.145046807742144,
    -0.7370516912384275,
    -0.4848688433279804,
    0.08462755888947271,
    6.053016592080716,
    -1.922177296412471,
    9.67161889666503,
    1.6798221518981507,
    -0.4184661641343226,
    -1.4813005028870307,
    5.397349280272511,
    2.2468045460192734
  ],
  "selected_features": [
    "Fe2O3T_wt",
    "SiO2_wt",
    "Al2O3_wt"
  ],
  "selected_models": [],
  "stacking_used": false,
  "stacked_model": true,
  "number_of_models": 1,
  "final_estimator": "lr",
  "final_estimator_params": {},
  "model_params": {
    "lr": {}
  },
  "use_random_split": true,
  "use_feature_selection": true,
  "model_name": "LR-FS",
  "error_mean": 0.7104918678451482,
  "error_sdev": 5.653066397258547,
  "uncertainty_median": 5.703861788469485,
  "uncertainty_mad": 7.464403587855393,
  "uncertainty_measure": 130.86578645620222,
  "feature_importance": {
    "K2O_wt": 0.05646273222291152,
    "Fe2O3T_wt": 1.1341038994168864,
    "SiO2_wt": 0.2350120704712684
  }
}