{
  "y_test": [
    1.2,
    0.46,
    0.23,
    34.0,
    3.4,
    6.9,
    0.34,
    22.1,
    0.4,
    0.68,
    0.73,
    0.21,
    0.17,
    0.1,
    0.04,
    0.04,
    0.47,
    1.4,
    0.15,
    8.7,
    0.35,
    2.4,
    0.19,
    1.5,
    5.1,
    3.8,
    0.09,
    0.14,
    1.3,
    0.04,
    10.1,
    29.4,
    8.0,
    0.43,
    0.36,
    0.04,
    0.14,
    0.4,
    1.18,
    0.05,
    4.5,
    6.1,
    1.3,
    1.9,
    0.19
  ],
  "y_pred": [
    6.729767784299648,
    5.834354567173717,
    6.167265970657359,
    19.83078732998405,
    8.804752809615406,
    6.024110573487963,
    6.757945472046504,
    36.17780391819856,
    6.0693533901935215,
    5.948806979354416,
    5.930065440734211,
    4.611019611356426,
    6.745553000227927,
    5.864136086230923,
    7.669765987259121,
    6.422553074133317,
    6.3962632956842125,
    7.5301930866508595,
    6.569572832322908,
    13.892526214307985,
    7.87231563637873,
    6.033245416601405,
    4.58324446457128,
    5.55350525482417,
    8.772005618130486,
    8.82634048578336,
    10.78936353381044,
    4.743115781115524,
    7.8281617468995695,
    5.8903709194176805,
    14.718837770446555,
    21.348780162028426,
    9.920129666920445,
    6.401547082286223,
    6.065075614914171,
    7.589818353158018,
    7.824134474759738,
    6.0369901035167945,
    5.980387562757212,
    5.4241527758513275,
    9.379427494485862,
    9.41508884399691,
    6.661944185804629,
    7.875533165006955,
    5.127305055197972
  ],
  "selected_features": [
    "K2O_wt",
    "Fe2O3T_wt",
    "SiO2_wt",
    "Al2O3_wt",
    "P2O5_tot_wt"
  ],
  "selected_models": [],
  "stacking_used": false,
  "stacked_model": true,
  "number_of_models": 1,
  "final_estimator": "svr",
  "final_estimator_params": {
    "svr_C": 7.70474262226916,
    "svr_epsilon": 0.0058040931848612224
  },
  "model_params": {
    "svr": {
      "svr_C": 7.70474262226916,
      "svr_epsilon": 0.0058040931848612224
    }
  },
  "use_random_split": true,
  "use_feature_selection": false,
  "model_name": "SVR",
  "error_mean": -4.887053746501843,
  "error_sdev": 4.131052182595861,
  "uncertainty_median": 18.54057759245424,
  "uncertainty_mad": 5.833771005825498,
  "uncertainty_measure": 31.464882777976467,
  "feature_importance": {
    "K2O_wt": 0.004435627298098814,
    "Fe2O3T_wt": 0.011991211989927936,
    "SiO2_wt": 0.41819714462985047,
    "Al2O3_wt": 0.009967349878610712,
    "P2O5_tot_wt": 0.4561396848032174
  }
}