{
  "y_test": [
    0.09,
    1.18,
    0.25,
    0.34,
    10.4,
    0.37,
    1.5,
    0.09,
    22.1,
    1.3,
    0.1,
    1.2,
    0.4,
    0.19,
    5.1,
    0.44,
    25.8,
    5.7,
    0.05,
    1.3,
    6.1,
    0.18,
    1.3,
    2.7,
    0.18,
    6.5,
    0.25,
    0.29,
    0.14,
    0.15,
    1.3,
    3.8,
    2.4,
    2.4,
    0.27,
    0.1,
    2.6,
    1.4,
    0.09,
    0.11,
    0.13,
    0.27,
    0.16,
    4.2,
    0.37
  ],
  "y_pred": [
    7.7973765715923875,
    0.560780966466,
    0.07066948523519478,
    0.004850846356568184,
    9.101409573770093,
    0.658541753829037,
    0.5139436312192682,
    0.08017869093418195,
    22.791268617124093,
    2.0949181495109066,
    0.020608328702348633,
    1.0484719290769053,
    0.22919279966416317,
    0.3038045727559804,
    3.337523594125661,
    0.10973682283230968,
    16.732225454714595,
    4.932922104254385,
    0.36414426283782886,
    1.392967215150637,
    4.170322054682347,
    0.20721364810664022,
    2.5294720483697692,
    0.7740793964124006,
    0.21924502364178045,
    8.698490766782532,
    0.27152572202762615,
    4.987061822582656,
    0.2139646194932232,
    0.2178215428385064,
    2.254365355814784,
    3.350993624799572,
    2.0167794013400497,
    0.13616535348699976,
    0.11994345414639218,
    0.2679124906552044,
    4.855454033957338,
    2.4049551938868428,
    0.34450744942550804,
    0.5496932470864593,
    0.009130852256415078,
    0.4149000142185204,
    0.5671325679549191,
    4.967004467572213,
    0.2958097954447485
  ],
  "selected_features": [
    "K2O_wt",
    "Fe2O3T_wt",
    "SiO2_wt",
    "Al2O3_wt",
    "P2O5_tot_wt"
  ],
  "selected_models": [],
  "stacking_used": false,
  "stacked_model": true,
  "number_of_models": 1,
  "final_estimator": "gpr",
  "final_estimator_params": {
    "gpr_nu": 0.5,
    "gpr_const": 2.234323049020605,
    "gpr_length_scale": 5.007519543768287,
    "gpr_alpha": 0.009979336723562781
  },
  "model_params": {
    "gpr": {
      "gpr_nu": 0.5,
      "gpr_const": 2.234323049020605,
      "gpr_length_scale": 5.007519543768287,
      "gpr_alpha": 0.009979336723562781
    }
  },
  "use_random_split": true,
  "use_feature_selection": false,
  "model_name": "GPR",
  "error_mean": -0.03776620704746646,
  "error_sdev": 2.1286166973399574,
  "uncertainty_median": 7.549885107478476,
  "uncertainty_mad": 7.1999243425308155,
  "uncertainty_measure": 95.36468754205266,
  "feature_importance": {
    "K2O_wt": 0.0029707216202346986,
    "Fe2O3T_wt": -0.0423282271328704,
    "SiO2_wt": 1.6030233960018336,
    "Al2O3_wt": 0.08763452226736254,
    "P2O5_tot_wt": 0.0392489499607816
  }
}