{
  "y_test": [
    1.47,
    0.29,
    0.02,
    0.27,
    1.44,
    0.07,
    24.5,
    0.15,
    1.3,
    10.4,
    0.05,
    0.84,
    0.73,
    0.04,
    0.09,
    4.2,
    6.7,
    25.0,
    0.21,
    0.18,
    25.8,
    6.5,
    0.43,
    0.17,
    0.14,
    0.12,
    1.44,
    0.36,
    0.16,
    0.74,
    4.2,
    0.1,
    0.12,
    0.68,
    0.51,
    0.04,
    6.9,
    0.37,
    1.3,
    0.62,
    0.42,
    0.44,
    8.7,
    0.24,
    6.9
  ],
  "y_pred": [
    0.333660435542086,
    -0.6096938334956405,
    0.06071897646187807,
    3.300117759049648,
    -1.0777879190773874,
    1.6411517479110316,
    20.60830188214706,
    0.298868468479661,
    4.458204622385878,
    9.858073258606414,
    -0.478350812321672,
    -0.3856187152402697,
    0.12050078227578354,
    0.13144868458607561,
    0.061552798133512,
    6.457084381194424,
    4.762339565986959,
    19.49679960043531,
    0.3232746124067276,
    0.6728591891742788,
    23.06575292514366,
    10.051553261444514,
    1.116214540230139,
    0.2319281936847517,
    5.107394787356736,
    4.302452715444314,
    0.8030023763416807,
    0.45299885282590324,
    0.8276450007250382,
    1.4499167711760137,
    6.471363055466785,
    0.6144928313954878,
    1.4916713102865486,
    0.3652286426140492,
    2.033761036467517,
    0.24934716672522939,
    3.928637264282841,
    0.6533872825223561,
    4.581689501989793,
    0.3225149694098235,
    5.955120775273219,
    0.6450667216184769,
    9.757137913447536,
    3.2030852422610288,
    -0.05814518092098808
  ],
  "selected_features": [
    "K2O_wt",
    "Fe2O3T_wt",
    "SiO2_wt",
    "Al2O3_wt",
    "P2O5_tot_wt"
  ],
  "selected_models": [],
  "stacking_used": false,
  "stacked_model": true,
  "number_of_models": 1,
  "final_estimator": "lr",
  "final_estimator_params": {},
  "model_params": {
    "lr": {}
  },
  "use_random_split": true,
  "use_feature_selection": false,
  "model_name": "LR",
  "error_mean": -0.27348274315231574,
  "error_sdev": 2.460321194537878,
  "uncertainty_median": 7.726143605501987,
  "uncertainty_mad": 7.251102280225114,
  "uncertainty_measure": 93.8515079510225,
  "feature_importance": {
    "K2O_wt": 0.011519691524826388,
    "Fe2O3T_wt": 0.09511335440265839,
    "SiO2_wt": 1.6915974435689387,
    "Al2O3_wt": 0.1543877858639399,
    "P2O5_tot_wt": 0.07688680700296852
  }
}