{
  "y_test": [
    6.5,
    1.47,
    2.4,
    1.9,
    0.14,
    10.1,
    0.05,
    1.4,
    38.0,
    6.9,
    0.37,
    0.56,
    0.27,
    1.3,
    0.07,
    4.2,
    0.19,
    0.15,
    22.1,
    0.22,
    0.47,
    0.31,
    0.36,
    1.3,
    0.12,
    0.37,
    0.18,
    0.04,
    0.57,
    0.19,
    1.53,
    0.05,
    34.0,
    8.0,
    2.4,
    8.7,
    0.16,
    6.3,
    0.14,
    0.04,
    1.2,
    0.15,
    0.44,
    0.14,
    0.21
  ],
  "y_pred": [
    8.113923804768364,
    0.3905217418276025,
    -0.6940596994553792,
    3.3006788238512543,
    1.9406063497473562,
    8.296561798368195,
    12.562538547785083,
    5.202159939048361,
    4.701227484276143,
    5.3821536914259545,
    5.934237418505142,
    1.794940143141047,
    2.8160370359076543,
    5.104950955399638,
    2.6726550663626254,
    6.999727231524908,
    -1.068973047271558,
    2.5889804667886596,
    27.478147137633428,
    1.447814109254522,
    -0.16715391266440444,
    3.926209592856325,
    -0.3948372203606168,
    1.5836173048675457,
    -1.1639955495614513,
    -0.07465136688840263,
    0.6576646097190837,
    3.2462715834568536,
    -1.1075145143342935,
    -0.9929285092444706,
    3.541732229065029,
    1.3017299299138836,
    28.137090086270963,
    3.820381023913865,
    -0.7330331613993151,
    8.018994948526862,
    2.163529084126808,
    4.578440890998995,
    3.2069942054986766,
    -1.0585470217113082,
    0.7984301091236423,
    0.32330016779085907,
    -1.03392040365818,
    0.6293465510344456,
    -1.2294537234685334
  ],
  "selected_features": [
    "K2O_wt",
    "SiO2_wt",
    "Al2O3_wt"
  ],
  "selected_models": [],
  "stacking_used": false,
  "stacked_model": true,
  "number_of_models": 1,
  "final_estimator": "ann",
  "final_estimator_params": {
    "ann_hidden": 77,
    "ann_alpha": 0.002452971110089268
  },
  "model_params": {
    "ann": {
      "ann_hidden": 77,
      "ann_alpha": 0.002452971110089268
    }
  },
  "use_random_split": true,
  "use_feature_selection": true,
  "model_name": "ANN-FS",
  "error_mean": 0.060388312605292045,
  "error_sdev": 5.8977952907751945,
  "uncertainty_median": 8.942702305045998,
  "uncertainty_mad": 8.066841661235646,
  "uncertainty_measure": 90.20586156249281,
  "feature_importance": {
    "K2O_wt": 0.014544911122570035,
    "Fe2O3T_wt": 0.7942892643755316,
    "SiO2_wt": 0.3015614678844561
  }
}