{
  "y_test": [
    0.52,
    2.7,
    0.47,
    7.0,
    1.3,
    1.53,
    0.25,
    4.2,
    6.7,
    1.9,
    0.21,
    0.25,
    0.22,
    0.19,
    1.0,
    0.27,
    0.17,
    6.9,
    8.7,
    1.4,
    0.36,
    1.44,
    0.14,
    24.5,
    0.19,
    0.19,
    6.0,
    4.2,
    1.47,
    0.03,
    6.2,
    1.18,
    0.57,
    0.29,
    6.2,
    3.4,
    1.9,
    0.04,
    1.3,
    0.23,
    5.1,
    0.84,
    1.2,
    6.5,
    0.09
  ],
  "y_pred": [
    0.27610874585823364,
    1.3338398087316348,
    0.39808441166439223,
    6.956939037520699,
    2.16998785484851,
    0.5507031298812564,
    0.4444077422658541,
    3.088167840915362,
    6.695514023911146,
    2.9325948247463405,
    -1.4958028955141565,
    0.30617833242979575,
    0.3172956571123202,
    -0.9773356150890891,
    1.713400165232415,
    1.1570507167031927,
    0.05964059614981787,
    6.689198622488616,
    8.351855108502663,
    2.224899775797637,
    0.32363545184544584,
    1.351670670158105,
    -1.0465567322117284,
    5.1971357557457845,
    -0.7980276353578395,
    0.09849579394833796,
    3.335474996653762,
    5.871578665526495,
    1.0481794893840082,
    -0.22713257500473638,
    2.452993666744496,
    0.9115951864908398,
    0.003194488064778511,
    -1.270599112176571,
    8.912654652927973,
    2.6241278308130758,
    1.7969067800095644,
    -0.8548894874656998,
    0.6950978222013942,
    0.08999731346318107,
    2.94737001147922,
    -0.39897314094688685,
    0.5291298093384977,
    8.416003954011574,
    -0.7243304774969408
  ],
  "selected_features": [
    "K2O_wt",
    "Fe2O3T_wt",
    "SiO2_wt",
    "Al2O3_wt",
    "P2O5_tot_wt"
  ],
  "selected_models": [],
  "stacking_used": false,
  "stacked_model": true,
  "number_of_models": 1,
  "final_estimator": "svr",
  "final_estimator_params": {
    "svr_C": 1.23702921891157,
    "svr_epsilon": 0.23599324270130204
  },
  "model_params": {
    "svr": {
      "svr_C": 1.23702921891157,
      "svr_epsilon": 0.23599324270130204
    }
  },
  "use_random_split": true,
  "use_feature_selection": false,
  "model_name": "SVR",
  "error_mean": 0.7769453097266051,
  "error_sdev": 3.042814605798165,
  "uncertainty_median": 4.680299928537652,
  "uncertainty_mad": 2.0834070851884703,
  "uncertainty_measure": 44.514392603027595,
  "feature_importance": {
    "K2O_wt": -0.005350497329620954,
    "Fe2O3T_wt": -0.00460036872521826,
    "SiO2_wt": 0.19051570492072006,
    "Al2O3_wt": -0.023916634760106942,
    "P2O5_tot_wt": 0.5492776431773488
  }
}