{
  "y_test": [
    1.44,
    0.73,
    3.4,
    25.0,
    8.0,
    4.2,
    0.24,
    38.0,
    0.12,
    0.17,
    0.37,
    0.74,
    0.9,
    0.19,
    0.16,
    29.4,
    0.11,
    0.07,
    6.1,
    1.4,
    0.57,
    0.1,
    10.4,
    0.05,
    0.25,
    0.09,
    1.8,
    0.47,
    6.2,
    0.14,
    0.15,
    0.44,
    0.43,
    0.09,
    0.36,
    6.0,
    1.3,
    7.4,
    0.17,
    6.7,
    0.14,
    0.37,
    0.87,
    0.03,
    1.2
  ],
  "y_pred": [
    2.1078012809402487,
    0.961439330613452,
    2.6468337624791287,
    20.862904552979884,
    8.351042103297653,
    4.666088457314614,
    -1.1010738975299175,
    2.8975298386751356,
    2.9416534418945925,
    0.48081331487515905,
    0.655974568988457,
    0.8768523343019521,
    -0.34690106612469446,
    0.09466578231224344,
    0.24898869718434485,
    11.295179381562342,
    2.260563973248394,
    1.3276856826079357,
    4.666088457314614,
    3.236376562093881,
    -0.3466559588575457,
    0.4039372015860351,
    10.848053772262691,
    2.343629756309047,
    0.8951263862044591,
    0.656985008825476,
    10.025628852030282,
    0.45897644185970243,
    8.351042103297653,
    2.260563973248394,
    -2.4422425640188203,
    -0.02950235319489286,
    2.260563973248394,
    2.3398323102163614,
    0.45897644185970243,
    4.666088457314614,
    3.236376562093881,
    10.848053772262691,
    -0.15422928736792024,
    10.957044832866174,
    -1.037869342608357,
    0.6930532675474195,
    1.6728670244358235,
    -0.0886197090675552,
    0.29595847182577667
  ],
  "selected_features": [
    "K2O_wt",
    "Fe2O3T_wt",
    "SiO2_wt",
    "Al2O3_wt",
    "P2O5_tot_wt"
  ],
  "selected_models": [],
  "stacking_used": false,
  "stacked_model": true,
  "number_of_models": 1,
  "final_estimator": "lgbm",
  "final_estimator_params": {
    "lgbm_num_leaves": 17,
    "lgbm_lr": 0.12970920117025453,
    "lgbm_n_estimators": 56
  },
  "model_params": {
    "lgbm": {
      "lgbm_num_leaves": 17,
      "lgbm_lr": 0.12970920117025453,
      "lgbm_n_estimators": 56
    }
  },
  "use_random_split": true,
  "use_feature_selection": false,
  "model_name": "LGBM",
  "error_mean": 0.6167967565953578,
  "error_sdev": 6.256683180209361,
  "uncertainty_median": 10.957044832866174,
  "uncertainty_mad": 2.7357892097954486,
  "uncertainty_measure": 24.968312638361393,
  "feature_importance": {
    "K2O_wt": 0.023064470689495638,
    "Fe2O3T_wt": 0.00029663255824512126,
    "SiO2_wt": 0.050561428052947235,
    "Al2O3_wt": 0.038473767460198795,
    "P2O5_tot_wt": 0.5426019188571919
  }
}