{
  "y_test": [
    8.7,
    1.3,
    0.52,
    0.57,
    1.4,
    0.1,
    0.23,
    0.51,
    0.19,
    0.44,
    0.27,
    0.41,
    0.09,
    0.34,
    0.35,
    0.46,
    0.14,
    0.4,
    0.14,
    0.07,
    0.21,
    0.43,
    1.53,
    0.42,
    2.7,
    0.68,
    8.0,
    10.4,
    0.04,
    2.4,
    2.4,
    0.15,
    0.19,
    0.47,
    0.24,
    5.1,
    0.04,
    0.37,
    0.18,
    2.4,
    5.4,
    7.4,
    0.14,
    4.5,
    0.13
  ],
  "y_pred": [
    10.202968077965856,
    3.5388617924392207,
    1.5039250521184542,
    1.8343805919861609,
    3.9036829074857913,
    2.1711102953378347,
    1.8653750140306933,
    2.0737027143695883,
    0.18342726843358292,
    1.8135700307821505,
    2.6668432893334337,
    2.3405866819189995,
    0.6733718741312522,
    2.7768972746913416,
    3.0180492579404667,
    1.8295673202989207,
    1.0618851927684076,
    1.3068813086130397,
    -0.22749208795388398,
    2.200128779245164,
    2.2686272449998217,
    1.2481918256990188,
    2.6947191078782673,
    3.2213985408033645,
    2.6652243385794314,
    2.2164437426313555,
    7.13358165902293,
    5.748915082255559,
    2.7623218974195964,
    1.9764946326925248,
    2.4463810520807527,
    3.0402065792393067,
    0.380434636203713,
    2.3088622374662133,
    0.7944054030117034,
    4.971569669578091,
    0.9759681340569983,
    3.7128423437708156,
    1.141212602202959,
    2.3027411372274837,
    4.644136559368727,
    9.198924737705491,
    1.2883674870798334,
    6.622726210745151,
    2.5563068175779744
  ],
  "selected_features": [
    "Fe2O3T_wt",
    "SiO2_wt",
    "Al2O3_wt",
    "P2O5_tot_wt"
  ],
  "selected_models": [],
  "stacking_used": false,
  "stacked_model": true,
  "number_of_models": 1,
  "final_estimator": "svr",
  "final_estimator_params": {
    "svr_C": 3.4121014278247808,
    "svr_epsilon": 0.3181779246834361
  },
  "model_params": {
    "svr": {
      "svr_C": 3.4121014278247808,
      "svr_epsilon": 0.3181779246834361
    }
  },
  "use_random_split": true,
  "use_feature_selection": true,
  "model_name": "SVR-FS",
  "error_mean": -1.1668605847829678,
  "error_sdev": 1.3839123273787564,
  "uncertainty_median": 5.044498196264522,
  "uncertainty_mad": 2.231796486460903,
  "uncertainty_measure": 44.24219019670896,
  "feature_importance": {
    "K2O_wt": 0.014149138699971038,
    "Fe2O3T_wt": 0.5519810838397272,
    "SiO2_wt": 0.0007359761347246618,
    "Al2O3_wt": 0.6798580269942092
  }
}