{
  "y_test": [
    7.0,
    0.03,
    6.5,
    0.56,
    0.14,
    1.3,
    0.04,
    2.6,
    0.07,
    0.24,
    0.17,
    0.52,
    1.18,
    0.04,
    0.36,
    0.05,
    6.9,
    0.17,
    2.7,
    0.9,
    1.4,
    0.1,
    5.4,
    4.2,
    0.27,
    34.0,
    1.9,
    6.7,
    1.3,
    2.4,
    6.0,
    0.37,
    0.16,
    0.15,
    0.02,
    0.23,
    22.1,
    0.34,
    1.2,
    0.68,
    0.17,
    6.7,
    31.8,
    0.46,
    6.1
  ],
  "y_pred": [
    7.619962542555605,
    0.44502569289005184,
    9.168747302056076,
    1.1922093009301433,
    0.3602007672512717,
    0.9449582988007511,
    0.5493792992808272,
    1.8211028030611423,
    0.7826687929588104,
    0.7397799675364394,
    0.3631638399523031,
    0.5202239896536142,
    0.9042763375759804,
    0.5466823355150414,
    0.5198450361343462,
    0.3958115414934184,
    7.2174757199670605,
    0.7486439767297579,
    3.438412645067674,
    1.2693189172377286,
    2.024461377616781,
    0.5400629204276073,
    6.064137196977025,
    8.663026353032047,
    0.7510487802172912,
    22.556552325117643,
    5.591698261904148,
    7.593394201262425,
    1.9914621710112208,
    3.0515708693798547,
    5.984340084625389,
    1.9687843982014235,
    0.3519115267782555,
    0.6690289138836113,
    2.5445583439892703,
    0.45691371591912505,
    25.12372888250778,
    0.47628881623972996,
    0.7553580085809799,
    0.6591055522133844,
    0.5390314134410181,
    8.974671431131476,
    22.699666706548616,
    0.4810148971102471,
    5.67183005994878
  ],
  "selected_features": [
    "K2O_wt",
    "SiO2_wt",
    "P2O5_tot_wt"
  ],
  "selected_models": [],
  "stacking_used": false,
  "stacked_model": true,
  "number_of_models": 1,
  "final_estimator": "et",
  "final_estimator_params": {
    "et_n_estimators": 199,
    "et_max_depth": 5,
    "et_min_samples_split": 5,
    "et_min_samples_leaf": 1,
    "et_bootstrap": true
  },
  "model_params": {
    "et": {
      "et_n_estimators": 199,
      "et_max_depth": 5,
      "et_min_samples_split": 5,
      "et_min_samples_leaf": 1,
      "et_bootstrap": true
    }
  },
  "feature_names": [
    "K2O_wt",
    "Fe2O3T_wt",
    "SiO2_wt",
    "Al2O3_wt",
    "P2O5_tot_wt"
  ],
  "use_random_split": true,
  "use_feature_selection": true,
  "model_name": "ET-FS",
  "error_mean": -0.22470080699362596,
  "error_sdev": 2.5390190516835793,
  "uncertainty_median": 14.267866439055819,
  "uncertainty_mad": 4.817156983717544,
  "uncertainty_measure": 33.76227976546941,
  "feature_importance": {
    "K2O_wt": 0.05757290053734383,
    "Fe2O3T_wt": 0.6496454131081159,
    "SiO2_wt": 0.36916451641703607
  },
  "run": 6
}