{
  "y_test": [
    1.3,
    4.2,
    0.09,
    25.6,
    6.9,
    2.6,
    0.04,
    31.8,
    0.52,
    0.34,
    1.4,
    0.37,
    0.12,
    0.12,
    0.4,
    1.8,
    0.15,
    0.14,
    0.19,
    6.2,
    1.4,
    6.0,
    6.3,
    0.04,
    0.15,
    0.04,
    0.17,
    1.9,
    6.5,
    0.09,
    1.3,
    0.32,
    2.4,
    4.5,
    0.11,
    6.7,
    0.13,
    0.1,
    0.84,
    25.0,
    25.8,
    0.18,
    0.47,
    0.37,
    0.43
  ],
  "y_pred": [
    1.3,
    7.0,
    0.570160997674583,
    18.071962906850874,
    7.47069401071108,
    0.4005184439320087,
    0.5525325727854157,
    28.547728105667748,
    0.25939684712393696,
    0.122466959585339,
    1.3,
    0.1420773431131789,
    0.2772410344529872,
    0.10450583186898542,
    0.5082745554260835,
    3.1335810010956635,
    0.24304016235199574,
    0.4324177894141205,
    0.7661216565240688,
    2.7184702192721533,
    1.3,
    1.4329583465159996,
    7.310664795973647,
    0.18197770015048195,
    0.2921139705770147,
    0.22470186473037618,
    0.2923761753395476,
    0.42176848045002213,
    8.7,
    1.2418007371080066,
    0.18739683836816334,
    1.1035109907995468,
    1.9,
    7.782700241363037,
    0.26578573044095016,
    6.621259785635274,
    0.30285714285714205,
    0.4487443962535389,
    0.2919529962078216,
    22.792591417122463,
    22.487832222817026,
    0.1924212220938275,
    0.24707889953915949,
    0.6831972266980356,
    0.18100813061875579
  ],
  "selected_features": [
    "K2O_wt",
    "P2O5_tot_wt"
  ],
  "selected_models": [],
  "stacking_used": false,
  "stacked_model": true,
  "number_of_models": 1,
  "final_estimator": "knn",
  "final_estimator_params": {
    "knn_n": 3,
    "knn_weights": "distance"
  },
  "model_params": {
    "knn": {
      "knn_n": 3,
      "knn_weights": "distance"
    }
  },
  "use_random_split": true,
  "use_feature_selection": true,
  "model_name": "KNN-FS",
  "error_mean": 0.326935783344221,
  "error_sdev": 1.8477174772714886,
  "uncertainty_median": 16.27001265401471,
  "uncertainty_mad": 6.94775934117941,
  "uncertainty_measure": 42.702851490807014,
  "feature_importance": {
    "K2O_wt": 0.5861193676386217,
    "Fe2O3T_wt": 1.565648801882169
  }
}