{
  "y_test": [
    1.44,
    0.73,
    3.4,
    25.0,
    8.0,
    4.2,
    0.24,
    38.0,
    0.12,
    0.17,
    0.37,
    0.74,
    0.9,
    0.19,
    0.16,
    29.4,
    0.11,
    0.07,
    6.1,
    1.4,
    0.57,
    0.1,
    10.4,
    0.05,
    0.25,
    0.09,
    1.8,
    0.47,
    6.2,
    0.14,
    0.15,
    0.44,
    0.43,
    0.09,
    0.36,
    6.0,
    1.3,
    7.4,
    0.17,
    6.7,
    0.14,
    0.37,
    0.87,
    0.03,
    1.2
  ],
  "y_pred": [
    0.7192036509513855,
    0.5454460978507996,
    3.2800650596618652,
    18.977724075317383,
    5.997860431671143,
    4.050171852111816,
    0.48639601469039917,
    2.5439112186431885,
    2.245948314666748,
    0.680406391620636,
    0.504392683506012,
    0.802705705165863,
    1.3034268617630005,
    0.5201518535614014,
    0.07793575525283813,
    15.14998722076416,
    0.6475896239280701,
    0.9049213528633118,
    5.247077941894531,
    1.867799997329712,
    0.2477366179227829,
    0.3908741772174835,
    4.9289703369140625,
    0.17018909752368927,
    0.3498474657535553,
    0.40407422184944153,
    4.750820636749268,
    0.4170014262199402,
    5.720691204071045,
    3.3486480712890625,
    0.291394978761673,
    0.22178542613983154,
    0.013435506261885166,
    1.058361291885376,
    0.34589552879333496,
    4.825808048248291,
    1.8343735933303833,
    8.058101654052734,
    0.35860681533813477,
    7.518761157989502,
    0.3698106110095978,
    0.5474594831466675,
    1.5343446731567383,
    0.34422871470451355,
    0.5857965350151062
  ],
  "selected_features": [
    "Fe2O3T_wt",
    "SiO2_wt",
    "Al2O3_wt",
    "P2O5_tot_wt"
  ],
  "selected_models": [],
  "stacking_used": false,
  "stacked_model": true,
  "number_of_models": 1,
  "final_estimator": "xgb",
  "final_estimator_params": {
    "xgb_n_estimators": 182,
    "xgb_lr": 0.09920356834002722,
    "xgb_max_depth": 5,
    "xgb_subsample": 0.6894657830010281,
    "xgb_colsample": 0.6485892512996904
  },
  "model_params": {
    "xgb": {
      "xgb_n_estimators": 182,
      "xgb_lr": 0.09920356834002722,
      "xgb_max_depth": 5,
      "xgb_subsample": 0.6894657830010281,
      "xgb_colsample": 0.6485892512996904
    }
  },
  "feature_names": [
    "K2O_wt",
    "Fe2O3T_wt",
    "SiO2_wt",
    "Al2O3_wt",
    "P2O5_tot_wt"
  ],
  "use_random_split": true,
  "use_feature_selection": true,
  "model_name": "XGB-FS",
  "error_mean": 1.1393302360764808,
  "error_sdev": 5.84688611110063,
  "uncertainty_median": 6.362812042236328,
  "uncertainty_mad": 1.7123624086380005,
  "uncertainty_measure": 26.912038219443602,
  "feature_importance": {
    "K2O_wt": -0.012086837133619133,
    "Fe2O3T_wt": 0.3247401017325906,
    "SiO2_wt": -0.014351104722045593,
    "Al2O3_wt": 0.19520352100116212
  },
  "run": 7
}