{
  "y_test": [
    6.5,
    1.47,
    2.4,
    1.9,
    0.14,
    10.1,
    0.05,
    1.4,
    38.0,
    6.9,
    0.37,
    0.56,
    0.27,
    1.3,
    0.07,
    4.2,
    0.19,
    0.15,
    22.1,
    0.22,
    0.47,
    0.31,
    0.36,
    1.3,
    0.12,
    0.37,
    0.18,
    0.04,
    0.57,
    0.19,
    1.53,
    0.05,
    34.0,
    8.0,
    2.4,
    8.7,
    0.16,
    6.3,
    0.14,
    0.04,
    1.2,
    0.15,
    0.44,
    0.14,
    0.21
  ],
  "y_pred": [
    4.83,
    0.69,
    0.4266666666666667,
    2.6333333333333333,
    0.13999999999999999,
    4.83,
    17.166666666666668,
    2.8333333333333335,
    1.4866666666666666,
    4.6,
    4.673333333333333,
    0.10333333333333333,
    1.07,
    2.1666666666666665,
    3.56,
    5.433333333333334,
    0.20333333333333337,
    1.07,
    27.733333333333334,
    0.39666666666666667,
    0.21,
    0.2966666666666667,
    0.20333333333333337,
    1.07,
    0.20666666666666667,
    0.5833333333333334,
    0.08333333333333333,
    0.34,
    0.7033333333333333,
    0.20666666666666667,
    0.34,
    0.15666666666666665,
    27.733333333333334,
    4.4,
    2.6966666666666668,
    4.83,
    0.25333333333333335,
    1.5566666666666666,
    0.24666666666666667,
    0.32,
    1.1966666666666668,
    0.08666666666666667,
    0.4266666666666667,
    0.6133333333333334,
    0.6133333333333334
  ],
  "selected_features": [
    "K2O_wt",
    "SiO2_wt",
    "Al2O3_wt",
    "P2O5_tot_wt"
  ],
  "selected_models": [],
  "stacking_used": false,
  "stacked_model": true,
  "number_of_models": 1,
  "final_estimator": "knn",
  "final_estimator_params": {
    "knn_n": 3,
    "knn_weights": "uniform"
  },
  "model_params": {
    "knn": {
      "knn_n": 3,
      "knn_weights": "uniform"
    }
  },
  "use_random_split": true,
  "use_feature_selection": true,
  "model_name": "KNN-FS",
  "error_mean": 0.672,
  "error_sdev": 6.4089577226651375,
  "uncertainty_median": 5.13,
  "uncertainty_mad": 8.576763166666666,
  "uncertainty_measure": 167.1883658219623,
  "feature_importance": {
    "K2O_wt": 0.0019446610539040365,
    "Fe2O3T_wt": 0.9148706545546351,
    "SiO2_wt": 0.01730148252189034,
    "Al2O3_wt": -0.0037018862060441303
  }
}