{
  "y_test": [
    0.13,
    0.29,
    1.5,
    0.04,
    0.12,
    0.34,
    0.27,
    0.17,
    25.8,
    25.0,
    0.37,
    7.0,
    0.21,
    38.0,
    0.51,
    1.3,
    0.16,
    0.37,
    0.15,
    0.34,
    0.19,
    0.14,
    6.7,
    0.14,
    0.44,
    1.18,
    4.2,
    0.29,
    1.3,
    0.23,
    0.09,
    6.6,
    0.15,
    0.03,
    0.36,
    6.5,
    31.8,
    0.17,
    1.47,
    6.1,
    1.44,
    2.6,
    0.15,
    0.19,
    0.24
  ],
  "y_pred": [
    0.2968233818051434,
    0.17864783779176457,
    1.6970516094099548,
    0.209365192359779,
    0.44375111363520436,
    0.8231183993429244,
    1.5042178139438676,
    0.39776107171071945,
    24.160941295546518,
    21.865282726045876,
    0.5216130351892329,
    6.642473497038275,
    1.1925696819714802,
    4.501167752897037,
    0.34015715686874803,
    1.5894581478158225,
    0.2541314687743433,
    0.3373617452670926,
    0.6733449587237387,
    0.3441750483605379,
    0.44667351663004257,
    0.581939426925706,
    6.620170507630031,
    0.27615483661265344,
    0.28079618259758354,
    1.2316552121071118,
    3.262677954972752,
    1.1721795662983276,
    0.8469590132445555,
    0.3383996576592104,
    3.104368443387573,
    6.655967900745228,
    0.37149467767414107,
    0.22696627089501703,
    0.21599296970161724,
    8.44826130909126,
    26.537056680161914,
    0.3004234162676916,
    1.8041212272708747,
    4.676310033064041,
    0.17674897181293905,
    1.5170975461777743,
    0.6809525965743554,
    0.19579085691527842,
    0.6775647390663168
  ],
  "selected_features": [
    "K2O_wt",
    "Fe2O3T_wt",
    "SiO2_wt",
    "Al2O3_wt",
    "P2O5_tot_wt"
  ],
  "selected_models": [],
  "stacking_used": false,
  "stacked_model": true,
  "number_of_models": 1,
  "final_estimator": "et",
  "final_estimator_params": {
    "et_n_estimators": 247,
    "et_max_depth": 8,
    "et_min_samples_split": 6,
    "et_min_samples_leaf": 1,
    "et_bootstrap": false
  },
  "model_params": {
    "et": {
      "et_n_estimators": 247,
      "et_max_depth": 8,
      "et_min_samples_split": 6,
      "et_min_samples_leaf": 1,
      "et_bootstrap": false
    }
  },
  "use_random_split": true,
  "use_feature_selection": false,
  "model_name": "ET",
  "error_mean": 0.8033303011559543,
  "error_sdev": 5.1289199881767376,
  "uncertainty_median": 13.068629538590077,
  "uncertainty_mad": 4.923283137854288,
  "uncertainty_measure": 37.672528120231966,
  "feature_importance": {
    "K2O_wt": 0.00585040198664065,
    "Fe2O3T_wt": 0.0003334388748249384,
    "SiO2_wt": 0.44225731241987754,
    "Al2O3_wt": 0.0352136845009494,
    "P2O5_tot_wt": 0.20519863295606375
  }
}