{
  "y_test": [
    0.29,
    1.44,
    0.12,
    0.07,
    6.5,
    2.4,
    8.9,
    8.0,
    29.4,
    1.9,
    6.2,
    0.09,
    0.24,
    0.14,
    31.8,
    6.2,
    0.04,
    0.18,
    0.02,
    0.04,
    0.04,
    0.04,
    0.05,
    25.6,
    0.74,
    34.0,
    5.7,
    1.44,
    2.4,
    0.19,
    0.37,
    6.7,
    0.14,
    0.36,
    1.3,
    10.4,
    0.41,
    2.6,
    7.4,
    0.24,
    0.31,
    0.14,
    4.2,
    0.19,
    6.0
  ],
  "y_pred": [
    1.6444175687400349,
    0.3707490245739146,
    1.0845607805168012,
    1.314753654726949,
    14.20793975332013,
    0.3757953789183811,
    8.935822625933572,
    7.09352307311992,
    14.20793975332013,
    0.2629846112596758,
    8.935822625933572,
    8.341298858297826,
    0.8933785635211664,
    0.03307446385509239,
    19.85932174624014,
    7.09352307311992,
    0.3707490245739146,
    0.009358671511869799,
    0.4403314483026089,
    -0.09751728157887495,
    0.3707490245739146,
    0.06680585329955913,
    6.980785652149193,
    20.85820086961046,
    0.18513491958137915,
    19.85932174624014,
    7.09352307311992,
    2.0259642198835137,
    2.288161669099164,
    0.6271663734257367,
    0.22676521124529028,
    8.052898255806205,
    1.7087967839044098,
    0.3430268339814104,
    0.39316369062064566,
    8.602798256122568,
    0.3862037631621321,
    0.6306504399871496,
    8.602798256122568,
    -1.180396237137531,
    1.8092636175896608,
    -0.6500508725569928,
    9.43430696044923,
    0.5968184657727752,
    7.09352307311992
  ],
  "selected_features": [
    "K2O_wt",
    "Fe2O3T_wt",
    "SiO2_wt",
    "Al2O3_wt",
    "P2O5_tot_wt"
  ],
  "selected_models": [],
  "stacking_used": false,
  "stacked_model": true,
  "number_of_models": 1,
  "final_estimator": "lgbm",
  "final_estimator_params": {
    "lgbm_num_leaves": 59,
    "lgbm_lr": 0.09808251581505431,
    "lgbm_n_estimators": 138
  },
  "model_params": {
    "lgbm": {
      "lgbm_num_leaves": 59,
      "lgbm_lr": 0.09808251581505431,
      "lgbm_n_estimators": 138
    }
  },
  "use_random_split": true,
  "use_feature_selection": false,
  "model_name": "LGBM",
  "error_mean": 0.2921287262804629,
  "error_sdev": 4.368983715997741,
  "uncertainty_median": 10.17869951817204,
  "uncertainty_mad": 3.761437215947342,
  "uncertainty_measure": 36.95400585538501,
  "feature_importance": {
    "K2O_wt": 0.3120080862258798,
    "Fe2O3T_wt": 0.005312740877782263,
    "SiO2_wt": 0.07014577225501042,
    "Al2O3_wt": 0.03989161065379568,
    "P2O5_tot_wt": 0.7434806861740002
  }
}