{
  "y_test": [
    8.9,
    0.19,
    0.34,
    0.37,
    6.9,
    0.12,
    0.19,
    34.0,
    0.51,
    0.52,
    1.3,
    0.32,
    0.1,
    1.44,
    0.21,
    0.15,
    6.7,
    3.8,
    6.9,
    0.1,
    1.47,
    0.14,
    0.04,
    0.17,
    0.04,
    6.3,
    0.11,
    0.07,
    0.68,
    0.19,
    0.4,
    0.17,
    0.37,
    2.7,
    0.02,
    0.04,
    0.07,
    0.73,
    0.24,
    0.35,
    1.2,
    0.43,
    0.15,
    0.4,
    25.8
  ],
  "y_pred": [
    11.410202026367188,
    0.36864376068115234,
    0.449797123670578,
    5.569053649902344,
    6.511603355407715,
    1.498380422592163,
    0.3399139940738678,
    29.1234130859375,
    0.23083916306495667,
    0.2546367347240448,
    1.2983100414276123,
    0.528849184513092,
    0.4082688093185425,
    0.20884424448013306,
    0.21510453522205353,
    3.2235941886901855,
    5.871856689453125,
    5.059945106506348,
    1.0036115646362305,
    0.43466341495513916,
    0.814064085483551,
    0.19544009864330292,
    0.16932356357574463,
    0.7368630170822144,
    0.12188562750816345,
    5.544372081756592,
    0.24830102920532227,
    1.3062864542007446,
    0.3226272761821747,
    0.5460234880447388,
    0.5003355145454407,
    0.6453860402107239,
    0.4238396883010864,
    2.073892593383789,
    1.361109733581543,
    0.9451995491981506,
    0.19559314846992493,
    0.37085315585136414,
    0.8221868872642517,
    0.7325148582458496,
    0.5839765667915344,
    0.10826442390680313,
    0.4203503131866455,
    0.7325342893600464,
    29.189777374267578
  ],
  "selected_features": [
    "K2O_wt",
    "Fe2O3T_wt",
    "SiO2_wt",
    "P2O5_tot_wt"
  ],
  "selected_models": [],
  "stacking_used": false,
  "stacked_model": true,
  "number_of_models": 1,
  "final_estimator": "xgb",
  "final_estimator_params": {
    "xgb_n_estimators": 102,
    "xgb_lr": 0.132513940309211,
    "xgb_max_depth": 5,
    "xgb_subsample": 0.9345629084159495,
    "xgb_colsample": 0.9593687669522656
  },
  "model_params": {
    "xgb": {
      "xgb_n_estimators": 102,
      "xgb_lr": 0.132513940309211,
      "xgb_max_depth": 5,
      "xgb_subsample": 0.9345629084159495,
      "xgb_colsample": 0.9593687669522656
    }
  },
  "use_random_split": true,
  "use_feature_selection": true,
  "model_name": "XGB-FS",
  "error_mean": -0.17290071008602773,
  "error_sdev": 1.6886926081402056,
  "uncertainty_median": 10.849383354187012,
  "uncertainty_mad": 5.7415666580200195,
  "uncertainty_measure": 52.920672729332814,
  "feature_importance": {
    "K2O_wt": 0.1773366687952521,
    "Fe2O3T_wt": 0.02266481831340783,
    "SiO2_wt": 0.30249466206213443,
    "Al2O3_wt": 0.8456801734809547
  }
}