{
  "y_test": [
    0.03,
    1.3,
    0.23,
    0.04,
    1.9,
    0.36,
    2.4,
    1.18,
    0.37,
    0.41,
    38.0,
    0.02,
    11.7,
    2.4,
    0.35,
    25.8,
    0.07,
    0.1,
    0.52,
    6.9,
    24.5,
    0.14,
    0.27,
    0.4,
    0.29,
    8.0,
    2.7,
    0.68,
    0.25,
    0.12,
    0.14,
    3.4,
    1.44,
    1.8,
    1.5,
    1.4,
    0.37,
    0.34,
    0.57,
    1.3,
    8.7,
    6.7,
    29.4,
    0.14,
    0.43
  ],
  "y_pred": [
    -0.2049943339412384,
    3.0255666928895075,
    0.07069457491064352,
    0.09380604760022643,
    2.868630326208938,
    0.4869196485559805,
    0.9073264594442287,
    1.232812330628147,
    0.1183821712361523,
    0.8314639699865531,
    2.713646089787462,
    0.6911348300852587,
    6.437279626790931,
    0.4330375522671663,
    1.0646685042675208,
    33.71343206512729,
    0.5224212143601323,
    0.24956256422863138,
    -0.2047619394851437,
    6.253106026985868,
    32.15292056802433,
    1.4184948749537378,
    0.7442043906830089,
    0.9468829627764959,
    0.20529778359201684,
    5.895846688804691,
    1.373607963913789,
    1.1919416527279094,
    0.5397876966599187,
    0.13666889055633374,
    -0.4534989422555555,
    3.6822423067746586,
    0.21281395871205971,
    2.8384051795251266,
    0.19028428388305269,
    2.8549769878592883,
    0.8269246546585789,
    0.5230908773279193,
    0.029455607375957704,
    2.998022328223395,
    9.599227079166,
    9.47556931282904,
    11.857713515882503,
    4.028670328250777,
    0.9695103309025217
  ],
  "selected_features": [
    "K2O_wt",
    "Fe2O3T_wt",
    "SiO2_wt",
    "Al2O3_wt",
    "P2O5_tot_wt"
  ],
  "selected_models": [],
  "stacking_used": false,
  "stacked_model": true,
  "number_of_models": 1,
  "final_estimator": "ann",
  "final_estimator_params": {
    "ann_hidden": 86,
    "ann_alpha": 0.08434062467655766
  },
  "model_params": {
    "ann": {
      "ann_hidden": 86,
      "ann_alpha": 0.08434062467655766
    }
  },
  "use_random_split": true,
  "use_feature_selection": false,
  "model_name": "ANN",
  "error_mean": 0.7448178732501819,
  "error_sdev": 6.274332496242929,
  "uncertainty_median": 11.893607244860853,
  "uncertainty_mad": 15.87437269014695,
  "uncertainty_measure": 133.4697906474603,
  "feature_importance": {
    "K2O_wt": 0.09605759648424295,
    "Fe2O3T_wt": 0.051949519066074167,
    "SiO2_wt": 0.9422347209008721,
    "Al2O3_wt": 1.4777738181782016,
    "P2O5_tot_wt": 0.34023842302655666
  }
}