{
  "y_test": [
    7.0,
    0.51,
    0.14,
    0.18,
    24.5,
    1.3,
    0.56,
    0.29,
    0.87,
    0.36,
    0.27,
    1.3,
    8.0,
    0.13,
    0.05,
    0.34,
    0.07,
    0.17,
    29.4,
    0.25,
    0.24,
    6.3,
    25.6,
    2.4,
    1.8,
    4.2,
    0.1,
    6.6,
    0.17,
    0.04,
    5.4,
    0.14,
    0.43,
    0.14,
    2.4,
    0.37,
    0.04,
    1.9,
    1.0,
    1.3,
    25.8,
    4.2,
    0.4,
    0.35,
    1.44
  ],
  "y_pred": [
    8.918441558441556,
    0.34045454545454523,
    0.26675324675324663,
    0.34136363636363676,
    25.261038961038945,
    1.3611688311688317,
    0.8880519480519478,
    0.44129870129870147,
    2.8722077922077935,
    0.27818181818181814,
    3.3364935064935084,
    1.386623376623377,
    6.470129870129863,
    0.27376623376623377,
    0.2202597402597402,
    0.24155844155844144,
    0.7202597402597409,
    0.22662337662337667,
    17.06688311688312,
    0.5938961038961034,
    0.3233766233766234,
    10.436363636363636,
    27.474675324675314,
    2.28753246753247,
    7.626103896103892,
    12.567142857142855,
    0.4201298701298701,
    10.835974025974025,
    0.40311688311688304,
    0.25610389610389606,
    6.192337662337663,
    2.334935064935066,
    0.18818181818181798,
    0.3257142857142858,
    2.22935064935065,
    0.4575324675324675,
    0.3106493506493505,
    2.6490909090909107,
    1.1185714285714288,
    0.8419480519480523,
    22.03506493506492,
    5.353246753246757,
    0.577142857142857,
    0.9583116883116894,
    2.153246753246754
  ],
  "selected_features": [
    "K2O_wt",
    "SiO2_wt",
    "P2O5_tot_wt"
  ],
  "selected_models": [],
  "stacking_used": false,
  "stacked_model": true,
  "number_of_models": 1,
  "final_estimator": "et",
  "final_estimator_params": {
    "et_n_estimators": 77,
    "et_max_depth": 18,
    "et_min_samples_split": 2,
    "et_min_samples_leaf": 1,
    "et_bootstrap": true
  },
  "model_params": {
    "et": {
      "et_n_estimators": 77,
      "et_max_depth": 18,
      "et_min_samples_split": 2,
      "et_min_samples_leaf": 1,
      "et_bootstrap": true
    }
  },
  "use_random_split": true,
  "use_feature_selection": true,
  "model_name": "ET-FS",
  "error_mean": -0.5202510822510813,
  "error_sdev": 2.723436916178152,
  "uncertainty_median": 10.310389610389612,
  "uncertainty_mad": 4.418433992115028,
  "uncertainty_measure": 42.85419037572202,
  "feature_importance": {
    "K2O_wt": 0.06896374965002587,
    "Fe2O3T_wt": 0.5447068423828596,
    "SiO2_wt": 0.45163762292793097
  }
}