{
  "y_test": [
    0.19,
    0.04,
    1.44,
    5.4,
    0.12,
    0.35,
    0.47,
    0.19,
    10.4,
    6.7,
    0.16,
    0.04,
    0.25,
    0.27,
    34.0,
    0.04,
    2.4,
    0.04,
    6.9,
    0.21,
    4.2,
    0.34,
    0.43,
    6.3,
    6.2,
    3.4,
    4.5,
    0.12,
    1.4,
    31.8,
    0.62,
    1.0,
    0.07,
    0.57,
    0.68,
    2.6,
    0.07,
    0.18,
    1.5,
    0.15,
    0.04,
    0.04,
    0.17,
    0.15,
    0.05
  ],
  "y_pred": [
    0.8115541787120275,
    0.7653164318318278,
    -0.1625899664793129,
    2.6362151650455266,
    0.20707785600235196,
    1.0577754493091025,
    0.5510403735263013,
    0.6857478946599042,
    3.6760200160051637,
    7.903933999016879,
    -0.5799895764112225,
    0.37478504838716226,
    1.0240394080801425,
    1.644834155138525,
    2.578103664249488,
    0.015354920869120048,
    1.3898627196219775,
    0.9137341244392881,
    5.205925646158444,
    -0.23881968103562945,
    2.6056024926897274,
    1.1485892645736127,
    -0.3155615083556301,
    5.867896643386405,
    2.2987871658436387,
    2.337262343855776,
    4.501391758337437,
    2.3131770230538544,
    2.227663355508173,
    3.9378370489225865,
    0.8270683101297305,
    1.8642241196661145,
    0.07772387021936478,
    0.37956800228211046,
    1.6209127793827185,
    2.3582448409911327,
    1.4787306913836873,
    0.024778007353213893,
    1.0923675035666256,
    0.7191736492783198,
    0.06243644957911204,
    0.5630714077631319,
    0.6157625279438682,
    0.6903298782372502,
    7.649856248563983
  ],
  "selected_features": [
    "K2O_wt",
    "Fe2O3T_wt",
    "SiO2_wt",
    "Al2O3_wt",
    "P2O5_tot_wt"
  ],
  "selected_models": [],
  "stacking_used": false,
  "stacked_model": true,
  "number_of_models": 1,
  "final_estimator": "svr",
  "final_estimator_params": {
    "svr_C": 0.13823156122471245,
    "svr_epsilon": 0.46299874722114004
  },
  "model_params": {
    "svr": {
      "svr_C": 0.13823156122471245,
      "svr_epsilon": 0.46299874722114004
    }
  },
  "use_random_split": true,
  "use_feature_selection": false,
  "model_name": "SVR",
  "error_mean": 1.3062929844159334,
  "error_sdev": 6.470154133795187,
  "uncertainty_median": 6.573311844813398,
  "uncertainty_mad": 2.1644147430579337,
  "uncertainty_measure": 32.92730961434216,
  "feature_importance": {
    "K2O_wt": -0.0011285668970005913,
    "Fe2O3T_wt": -0.04165107633377789,
    "SiO2_wt": 0.05514095203877543,
    "Al2O3_wt": -0.009798718449513138,
    "P2O5_tot_wt": 0.16008076893132078
  }
}