{
  "y_test": [
    0.19,
    0.84,
    1.0,
    8.9,
    10.1,
    6.2,
    3.4,
    1.5,
    0.37,
    31.8,
    0.04,
    0.17,
    0.31,
    0.25,
    10.4,
    1.4,
    0.4,
    2.4,
    6.0,
    0.16,
    0.12,
    25.0,
    1.53,
    0.05,
    0.15,
    0.43,
    5.4,
    1.8,
    2.4,
    0.1,
    0.07,
    0.73,
    0.14,
    0.17,
    0.87,
    0.37,
    0.22,
    0.62,
    0.46,
    2.7,
    1.47,
    6.5,
    0.18,
    5.1,
    0.09
  ],
  "y_pred": [
    0.6754242423415933,
    0.2745880112832328,
    1.989280400977908,
    4.148687696777834,
    10.52754801861234,
    1.81413176665314,
    3.6616676566733135,
    0.3856676374125378,
    1.015896669001289,
    26.752681721539066,
    2.021405899057553,
    0.3673167167683193,
    2.791909695435366,
    1.2271110542614758,
    4.95970186418532,
    2.6660636334019134,
    0.8254408462142548,
    0.4965022118267443,
    4.170725394387108,
    1.9269226916020987,
    -0.5094105956075212,
    24.712870200575235,
    2.0341868170681954,
    13.752493891614925,
    0.04242664743314267,
    1.469343372909645,
    3.4126865597049436,
    2.433520714356119,
    0.5899950025825842,
    1.0635956035882173,
    0.2639804811699992,
    0.7437804922217002,
    1.6305129746650617,
    0.26259694307519393,
    1.244458772742408,
    3.2469970379996127,
    -0.17445220962280478,
    0.7967238130737802,
    0.6514714068539658,
    1.1870309920387225,
    0.9321618872164816,
    9.767851130218936,
    1.3656206970490288,
    3.6750683156706874,
    5.441548324322697
  ],
  "selected_features": [
    "K2O_wt",
    "Fe2O3T_wt",
    "SiO2_wt",
    "Al2O3_wt",
    "P2O5_tot_wt"
  ],
  "selected_models": [],
  "stacking_used": false,
  "stacked_model": true,
  "number_of_models": 1,
  "final_estimator": "ann",
  "final_estimator_params": {
    "ann_hidden": 97,
    "ann_alpha": 0.000153411868655961
  },
  "model_params": {
    "ann": {
      "ann_hidden": 97,
      "ann_alpha": 0.000153411868655961
    }
  },
  "feature_names": [
    "K2O_wt",
    "Fe2O3T_wt",
    "SiO2_wt",
    "Al2O3_wt",
    "P2O5_tot_wt"
  ],
  "use_random_split": true,
  "use_feature_selection": false,
  "model_name": "ANN",
  "error_mean": -0.22746073558518584,
  "error_sdev": 2.920669376912215,
  "uncertainty_median": 12.45654428451125,
  "uncertainty_mad": 12.905332698285811,
  "uncertainty_measure": 103.60283240298511,
  "feature_importance": {
    "K2O_wt": 0.17463628121502103,
    "Fe2O3T_wt": 0.3259715346025797,
    "SiO2_wt": 0.36321158653856633,
    "Al2O3_wt": 0.9873922929877608,
    "P2O5_tot_wt": 0.19463168018171814
  },
  "run": 0
}