{
  "y_test": [
    1.53,
    4.2,
    8.7,
    0.24,
    0.04,
    0.35,
    3.4,
    1.3,
    0.56,
    1.8,
    8.0,
    0.22,
    6.7,
    0.18,
    0.4,
    2.4,
    0.51,
    1.47,
    0.52,
    1.2,
    7.4,
    0.43,
    10.1,
    0.25,
    5.4,
    0.11,
    6.5,
    2.7,
    25.0,
    11.7,
    2.6,
    2.4,
    0.31,
    0.15,
    25.8,
    1.3,
    1.44,
    0.47,
    0.05,
    0.17,
    0.14,
    6.1,
    0.15,
    0.57,
    1.44
  ],
  "y_pred": [
    1.6143102499252857,
    5.111224112224481,
    2.8236610015699064,
    0.7223231157208261,
    0.42848392030215177,
    4.965642637545178,
    3.9801063595556396,
    1.9690531146632109,
    0.16544751624514964,
    2.528079112852195,
    5.243319930168743,
    1.2911320777660578,
    4.524633736714284,
    0.17023194110672035,
    3.778722133031986,
    2.276683893041623,
    0.05514803852812289,
    0.5952071323002133,
    1.047337016446316,
    0.9497652850368716,
    2.6487937197679217,
    0.1444754295852717,
    2.9234952176830107,
    -0.09732415133034822,
    1.6324728220274254,
    0.24385132830324396,
    2.9556040681249094,
    0.9500638164514026,
    25.712485036242853,
    6.619368187774989,
    5.100054378131604,
    2.286885713873256,
    16.03420040731862,
    4.182583917910988,
    16.78977707030316,
    1.8271575918963718,
    3.1062062485244226,
    0.2916518076713994,
    0.16644729968428473,
    0.4218735289126627,
    -0.6832638493451988,
    4.244047808051694,
    0.5119189037269463,
    0.580294883816729,
    0.22652551511205798
  ],
  "selected_features": [
    "K2O_wt",
    "Fe2O3T_wt",
    "SiO2_wt",
    "Al2O3_wt",
    "P2O5_tot_wt"
  ],
  "selected_models": [],
  "stacking_used": false,
  "stacked_model": true,
  "number_of_models": 1,
  "final_estimator": "gpr",
  "final_estimator_params": {
    "gpr_nu": 0.5,
    "gpr_const": 4.2688909707282505,
    "gpr_length_scale": 9.886060780027767,
    "gpr_alpha": 0.009722993981415072
  },
  "model_params": {
    "gpr": {
      "gpr_nu": 0.5,
      "gpr_const": 4.2688909707282505,
      "gpr_length_scale": 9.886060780027767,
      "gpr_alpha": 0.009722993981415072
    }
  },
  "use_random_split": true,
  "use_feature_selection": false,
  "model_name": "GPR",
  "error_mean": 0.2964409105563413,
  "error_sdev": 3.6026473096900244,
  "uncertainty_median": 5.052524790379955,
  "uncertainty_mad": 6.9942713247208035,
  "uncertainty_measure": 138.43121241162333,
  "feature_importance": {
    "K2O_wt": -0.013391213225628005,
    "Fe2O3T_wt": -0.1316136858441022,
    "SiO2_wt": 1.3321828213984293,
    "Al2O3_wt": -0.049763201589436805,
    "P2O5_tot_wt": 0.07302364624853248
  }
}