{
  "y_test": [
    7.0,
    0.51,
    0.14,
    0.18,
    24.5,
    1.3,
    0.56,
    0.29,
    0.87,
    0.36,
    0.27,
    1.3,
    8.0,
    0.13,
    0.05,
    0.34,
    0.07,
    0.17,
    29.4,
    0.25,
    0.24,
    6.3,
    25.6,
    2.4,
    1.8,
    4.2,
    0.1,
    6.6,
    0.17,
    0.04,
    5.4,
    0.14,
    0.43,
    0.14,
    2.4,
    0.37,
    0.04,
    1.9,
    1.0,
    1.3,
    25.8,
    4.2,
    0.4,
    0.35,
    1.44
  ],
  "y_pred": [
    5.187651767900427,
    0.13091715183561092,
    1.2918447848987462,
    0.35596034622791706,
    16.652692098457873,
    3.297611944214694,
    -0.1629937095847147,
    -3.3341791845885353,
    1.0384613088342007,
    -0.7786799380310185,
    2.2688805684936604,
    4.522771710022067,
    3.184995191805225,
    1.5910100799430396,
    -3.1934629799291727,
    1.201846538184487,
    0.9278107677929768,
    -2.365602708858937,
    13.601000466699265,
    0.5505311741009749,
    1.2243682019236743,
    3.6757462064411186,
    20.20595520143084,
    -0.8376812099064352,
    0.14450290909291041,
    4.029738698652,
    -0.32995262683067494,
    5.1460204508743566,
    0.256568106942229,
    -2.416761062916539,
    4.6610038419644155,
    3.8285526728279997,
    -2.2171496846012957,
    -1.222514059740913,
    -0.9269477120901399,
    -0.40872877429347554,
    2.542745405178284,
    3.0446242280450377,
    3.786367291949084,
    1.5343185735923441,
    20.35579930974143,
    5.5447177766352596,
    -0.35931937493693056,
    3.0050028944121046,
    0.922353393993447
  ],
  "selected_features": [
    "SiO2_wt",
    "Al2O3_wt"
  ],
  "selected_models": [],
  "stacking_used": false,
  "stacked_model": true,
  "number_of_models": 1,
  "final_estimator": "svr",
  "final_estimator_params": {
    "svr_C": 9.440885558818183,
    "svr_epsilon": 0.001164692166902161
  },
  "model_params": {
    "svr": {
      "svr_C": 9.440885558818183,
      "svr_epsilon": 0.001164692166902161
    }
  },
  "use_random_split": true,
  "use_feature_selection": true,
  "model_name": "SVR-FS",
  "error_mean": 1.0509244880711353,
  "error_sdev": 3.342006570982798,
  "uncertainty_median": 6.829901938252782,
  "uncertainty_mad": 5.844625851393942,
  "uncertainty_measure": 85.57408150561393,
  "feature_importance": {
    "K2O_wt": 1.1546984989797182,
    "Fe2O3T_wt": 0.11103396302624546
  }
}