{
  "y_test": [
    1.47,
    0.29,
    0.02,
    0.27,
    1.44,
    0.07,
    24.5,
    0.15,
    1.3,
    10.4,
    0.05,
    0.84,
    0.73,
    0.04,
    0.09,
    4.2,
    6.7,
    25.0,
    0.21,
    0.18,
    25.8,
    6.5,
    0.43,
    0.17,
    0.14,
    0.12,
    1.44,
    0.36,
    0.16,
    0.74,
    4.2,
    0.1,
    0.12,
    0.68,
    0.51,
    0.04,
    6.9,
    0.37,
    1.3,
    0.62,
    0.42,
    0.44,
    8.7,
    0.24,
    6.9
  ],
  "y_pred": [
    0.9551604951761203,
    0.18032934894422448,
    2.5796527777777793,
    1.652761318542569,
    0.18032934894422448,
    0.20638053474376847,
    26.672916666666655,
    0.7243757290163542,
    1.4348058862433863,
    6.434895833333332,
    0.19490209837356545,
    0.20574046179704886,
    0.9461005204286455,
    1.6199421411921413,
    0.18264976780411699,
    5.447326388888889,
    6.439999473905722,
    18.739930555555564,
    0.9525042451761202,
    0.1790996411520167,
    23.818749999999998,
    18.386319444444446,
    0.17682682369169922,
    0.3293207084714534,
    0.23631885821358378,
    0.33731172864093223,
    0.9699263681919931,
    0.20725282026376102,
    0.711586069374332,
    0.9638236896205647,
    7.67041614057239,
    0.3102817910716489,
    0.32113777019243067,
    0.9101535507316759,
    0.2205443853884518,
    0.17682682369169922,
    6.621909196127945,
    0.23865369441233128,
    1.4240419973544973,
    0.7439946967240086,
    0.20252119332042742,
    0.20291468441046456,
    18.374861111111112,
    0.20348487304392718,
    1.6357086640211644
  ],
  "selected_features": [
    "K2O_wt",
    "Al2O3_wt",
    "P2O5_tot_wt"
  ],
  "selected_models": [],
  "stacking_used": false,
  "stacked_model": true,
  "number_of_models": 1,
  "final_estimator": "rf",
  "final_estimator_params": {
    "rf_n_estimators": 48,
    "rf_max_depth": 6
  },
  "model_params": {
    "rf": {
      "rf_n_estimators": 48,
      "rf_max_depth": 6
    }
  },
  "use_random_split": true,
  "use_feature_selection": true,
  "model_name": "RF-FS",
  "error_mean": -0.35499311814998175,
  "error_sdev": 2.81872587999845,
  "uncertainty_median": 10.806075862794607,
  "uncertainty_mad": 6.07423833793151,
  "uncertainty_measure": 56.21132421293796,
  "feature_importance": {
    "K2O_wt": 0.3379917199677562,
    "Fe2O3T_wt": 0.16170712298001902,
    "SiO2_wt": 1.0724035673710726
  }
}