{
  "y_test": [
    1.5,
    2.4,
    3.8,
    0.41,
    0.07,
    0.42,
    0.4,
    0.44,
    0.04,
    6.7,
    5.1,
    0.36,
    0.47,
    1.3,
    25.6,
    6.5,
    0.04,
    2.4,
    0.14,
    6.3,
    0.22,
    0.14,
    0.03,
    0.11,
    6.9,
    8.0,
    1.8,
    0.15,
    0.1,
    0.52,
    1.9,
    2.7,
    34.0,
    0.09,
    0.51,
    0.05,
    7.4,
    25.0,
    0.15,
    0.14,
    0.73,
    38.0,
    1.2,
    0.12,
    0.23
  ],
  "y_pred": [
    1.8595409418257436,
    1.8893558319571788,
    7.212381649591205,
    1.4105566212102953,
    0.8544113814571664,
    0.43458939850284617,
    0.5668354853048336,
    0.3972306521417891,
    0.454125350998024,
    3.213508598028962,
    7.212381649591205,
    0.09335263610379259,
    0.6415849552700704,
    -1.1550654374608265,
    24.520440405169378,
    19.431403795101343,
    10.272516480733099,
    0.5871929812398345,
    1.1909119948111444,
    6.541762927714182,
    0.5467545377494575,
    0.5353976918352634,
    0.38657911047232496,
    0.5353976918352634,
    0.7374899751397037,
    5.379193237664795,
    5.838366013080445,
    0.9168546482692598,
    0.297730723241314,
    0.038598468703027064,
    2.578926680110527,
    2.298823146238176,
    24.520440405169378,
    0.691611425622112,
    0.5658542017898627,
    8.7565766627006,
    9.86828681895711,
    24.520440405169378,
    0.11610273541077983,
    0.21655092499706638,
    0.2985571004595328,
    14.008636333699682,
    0.9596694037114796,
    0.46865991341360846,
    0.30225218118733305
  ],
  "selected_features": [
    "K2O_wt",
    "SiO2_wt",
    "P2O5_tot_wt"
  ],
  "selected_models": [],
  "stacking_used": false,
  "stacked_model": true,
  "number_of_models": 1,
  "final_estimator": "lgbm",
  "final_estimator_params": {
    "lgbm_num_leaves": 83,
    "lgbm_lr": 0.12205271406416963,
    "lgbm_n_estimators": 299
  },
  "model_params": {
    "lgbm": {
      "lgbm_num_leaves": 83,
      "lgbm_lr": 0.12205271406416963,
      "lgbm_n_estimators": 299
    }
  },
  "use_random_split": true,
  "use_feature_selection": true,
  "model_name": "LGBM-FS",
  "error_mean": 0.03482736142402787,
  "error_sdev": 5.05786118791735,
  "uncertainty_median": 7.212381649591205,
  "uncertainty_mad": 5.300575266928701,
  "uncertainty_measure": 73.49271744693564,
  "feature_importance": {
    "K2O_wt": 0.429155313314085,
    "Fe2O3T_wt": 0.03922615328228,
    "SiO2_wt": 0.7217352741071528
  }
}