{
  "y_test": [
    0.16,
    0.4,
    0.29,
    5.7,
    0.15,
    0.17,
    0.73,
    0.04,
    0.47,
    0.04,
    0.21,
    0.07,
    0.27,
    0.12,
    0.21,
    0.32,
    1.4,
    0.03,
    6.2,
    0.87,
    0.02,
    0.16,
    1.44,
    25.8,
    25.0,
    0.74,
    0.24,
    0.31,
    4.2,
    2.7,
    0.51,
    4.5,
    1.4,
    7.4,
    0.52,
    1.8,
    1.3,
    0.14,
    31.8,
    1.3,
    1.2,
    0.36,
    0.19,
    25.6,
    1.47
  ],
  "y_pred": [
    0.31907982456140344,
    0.3210765058390406,
    0.1301716840177366,
    6.2494736842105265,
    0.21619715980947937,
    0.22046769417056597,
    0.38028295449548905,
    0.28419288411649885,
    0.28546847961979543,
    4.5946315789473635,
    0.3889733130904183,
    0.2546279457212894,
    0.17810723891166358,
    0.6659946487841226,
    1.0635016106054627,
    0.5964899047869686,
    1.7757894736842117,
    0.2257411163050684,
    6.543157894736843,
    1.5784561403508783,
    3.5202105263157892,
    0.24733008904580112,
    0.9778698060941837,
    23.731578947368416,
    23.67368421052631,
    0.5936832677786972,
    0.6336392830971782,
    0.27637461247693934,
    8.132982456140345,
    2.4068421052631614,
    0.2771196801134882,
    8.038947368421052,
    1.5063157894736838,
    7.074671679197997,
    0.20249553701706713,
    19.04315789473685,
    0.5426338080048607,
    0.4058308997337594,
    29.86947368421051,
    1.0545858395989973,
    0.3528397850687325,
    0.26604074695514324,
    0.3298648440290131,
    27.46210526315788,
    0.7381797058435565
  ],
  "selected_features": [
    "K2O_wt",
    "Fe2O3T_wt",
    "SiO2_wt",
    "Al2O3_wt",
    "P2O5_tot_wt"
  ],
  "selected_models": [],
  "stacking_used": false,
  "stacked_model": true,
  "number_of_models": 1,
  "final_estimator": "rf",
  "final_estimator_params": {
    "rf_n_estimators": 95,
    "rf_max_depth": 10
  },
  "model_params": {
    "rf": {
      "rf_n_estimators": 95,
      "rf_max_depth": 10
    }
  },
  "use_random_split": true,
  "use_feature_selection": false,
  "model_name": "RF",
  "error_mean": -0.6595631014763164,
  "error_sdev": 2.8495317125703705,
  "uncertainty_median": 14.33263157894737,
  "uncertainty_mad": 5.516922182929134,
  "uncertainty_measure": 38.492039319790514,
  "feature_importance": {
    "K2O_wt": 0.07557201582369277,
    "Fe2O3T_wt": 0.12798634706042022,
    "SiO2_wt": 0.49463538689220166,
    "Al2O3_wt": 0.016802236539862538,
    "P2O5_tot_wt": 0.9931701953115503
  }
}