{
  "y_test": [
    3.4,
    0.34,
    1.4,
    5.7,
    0.19,
    0.03,
    0.52,
    2.6,
    0.04,
    0.56,
    25.0,
    0.16,
    3.8,
    0.41,
    0.13,
    0.14,
    0.11,
    0.46,
    8.7,
    34.0,
    6.3,
    31.8,
    0.15,
    0.4,
    1.53,
    0.29,
    0.37,
    2.4,
    0.12,
    4.2,
    0.17,
    0.52,
    6.7,
    1.0,
    6.2,
    0.15,
    22.1,
    0.47,
    0.15,
    0.84,
    4.5,
    0.1,
    0.05,
    0.32,
    0.14
  ],
  "y_pred": [
    5.492127529394111,
    2.216770768575241,
    3.9416296599837217,
    3.63762840863577,
    -1.1675916792361924,
    -0.08785816920346079,
    -0.7785643422298456,
    2.8866631721788174,
    -0.5339594892006865,
    2.019114075009181,
    19.112885308837477,
    0.19549711865298747,
    5.47142798984731,
    2.1425780900432834,
    2.9038435144070185,
    1.9920582670861613,
    -1.1460845589743194,
    0.3369928247902436,
    10.960918437738432,
    23.214678230394476,
    7.740513961984057,
    21.88844715682647,
    0.42723527146003804,
    0.4916959435886632,
    4.415763576222776,
    -0.6408947723655061,
    0.5478425993847225,
    0.14527103273240627,
    5.076626596242921,
    6.099138770816388,
    1.9131504066123206,
    2.688479180803121,
    6.659690138695058,
    3.3334536232198495,
    5.818048595544223,
    0.6931700726954411,
    35.39610722137526,
    0.6658501781354964,
    2.755483102625739,
    -0.36404992092703026,
    4.535871329268787,
    0.807794260853651,
    8.427159128762419,
    -0.24472078017158694,
    4.76785419006621
  ],
  "selected_features": [
    "K2O_wt",
    "Fe2O3T_wt",
    "SiO2_wt",
    "Al2O3_wt",
    "P2O5_tot_wt"
  ],
  "selected_models": [],
  "stacking_used": false,
  "stacked_model": true,
  "number_of_models": 1,
  "final_estimator": "lr",
  "final_estimator_params": {},
  "model_params": {
    "lr": {}
  },
  "use_random_split": true,
  "use_feature_selection": false,
  "model_name": "LR",
  "error_mean": -0.6265719115818138,
  "error_sdev": 3.7405242791290894,
  "uncertainty_median": 11.909804518876049,
  "uncertainty_mad": 6.898131226065835,
  "uncertainty_measure": 57.91976866734353,
  "feature_importance": {
    "K2O_wt": 0.009493034924445719,
    "Fe2O3T_wt": 0.048587195726290514,
    "SiO2_wt": 0.9050116763693523,
    "Al2O3_wt": 0.11673915437681699,
    "P2O5_tot_wt": 0.05849282296394495
  }
}