{
  "y_test": [
    1.53,
    0.04,
    0.52,
    0.15,
    0.19,
    2.4,
    0.23,
    25.0,
    0.37,
    1.3,
    6.2,
    0.15,
    0.13,
    0.17,
    0.4,
    0.19,
    0.1,
    0.14,
    0.29,
    0.84,
    4.2,
    1.3,
    0.24,
    29.4,
    0.31,
    0.68,
    6.9,
    0.04,
    0.07,
    0.24,
    0.41,
    0.21,
    2.7,
    0.14,
    0.37,
    0.36,
    6.7,
    0.27,
    22.1,
    0.87,
    0.46,
    5.7,
    0.12,
    0.25,
    0.15
  ],
  "y_pred": [
    0.17408438393515047,
    0.2782056533935123,
    0.5278472280264,
    0.2446656630406143,
    0.6413545670078794,
    1.7842755556276897,
    0.09287510285244213,
    25.50679726317258,
    0.2782056533935123,
    2.3229120696372894,
    7.172233366510049,
    0.6413545670078794,
    0.09607735975800269,
    0.3297131502964922,
    -0.2011687586603831,
    0.14670044974835547,
    0.7675859523945016,
    1.0630541005857226,
    0.2782056533935123,
    0.3194294614290268,
    8.492039984579476,
    2.3229120696372894,
    1.0704573003082067,
    13.33940705418022,
    0.19567279195197437,
    0.19567279195197437,
    7.172233366510049,
    -0.2011687586603831,
    0.6413545670078794,
    0.2782056533935123,
    0.7675859523945016,
    0.36809217764914276,
    1.7707944801610016,
    0.14670044974835547,
    0.19567279195197437,
    0.293634179190429,
    7.172233366510049,
    2.5125045862462474,
    24.878996383025026,
    2.1476122503477217,
    0.293634179190429,
    7.172233366510049,
    0.2782056533935123,
    0.09607735975800269,
    1.36071623008101
  ],
  "selected_features": [
    "K2O_wt",
    "P2O5_tot_wt"
  ],
  "selected_models": [],
  "stacking_used": false,
  "stacked_model": true,
  "number_of_models": 1,
  "final_estimator": "lgbm",
  "final_estimator_params": {
    "lgbm_num_leaves": 34,
    "lgbm_lr": 0.13908128035108525,
    "lgbm_n_estimators": 133
  },
  "model_params": {
    "lgbm": {
      "lgbm_num_leaves": 34,
      "lgbm_lr": 0.13908128035108525,
      "lgbm_n_estimators": 133
    }
  },
  "use_random_split": true,
  "use_feature_selection": true,
  "model_name": "LGBM-FS",
  "error_mean": -0.019908637101508465,
  "error_sdev": 2.63335678131172,
  "uncertainty_median": 7.699374729795316,
  "uncertainty_mad": 4.918428061481305,
  "uncertainty_measure": 63.88087648790226,
  "feature_importance": {
    "K2O_wt": 0.4677867279331013,
    "Fe2O3T_wt": 1.3298301355134177
  }
}