{
  "y_test": [
    0.09,
    1.18,
    0.25,
    0.34,
    10.4,
    0.37,
    1.5,
    0.09,
    22.1,
    1.3,
    0.1,
    1.2,
    0.4,
    0.19,
    5.1,
    0.44,
    25.8,
    5.7,
    0.05,
    1.3,
    6.1,
    0.18,
    1.3,
    2.7,
    0.18,
    6.5,
    0.25,
    0.29,
    0.14,
    0.15,
    1.3,
    3.8,
    2.4,
    2.4,
    0.27,
    0.1,
    2.6,
    1.4,
    0.09,
    0.11,
    0.13,
    0.27,
    0.16,
    4.2,
    0.37
  ],
  "y_pred": [
    10.705426390680032,
    -0.9946198436172047,
    2.8767064468327774,
    1.7542142564757874,
    10.77479595231112,
    -0.3528904866281266,
    -0.9116883338399724,
    0.5435737983206934,
    50.638630794230366,
    1.7546214747020272,
    0.5051367283050574,
    0.4506827799365709,
    0.6561871265790593,
    -0.987175362636247,
    4.574055836049926,
    0.6185431475436687,
    45.19585497576047,
    2.286475631319856,
    0.18287598140904748,
    0.9526103783616691,
    5.149795898481219,
    2.088312203519454,
    2.6584648195845944,
    0.6121284348024894,
    0.8789981890234024,
    14.907326493065657,
    1.1157666837007483,
    -4.637266242405428,
    1.2530558276544994,
    1.0836356710085866,
    2.590889628144698,
    4.213932658969657,
    -0.7018440131441501,
    -0.39686942438352446,
    3.53602685381723,
    0.495727182177518,
    0.016854884303519668,
    2.4237193506359134,
    1.6145632142572452,
    -0.563294779473253,
    2.938147846385313,
    2.95262652552001,
    1.1447599418343408,
    4.51620537734588,
    0.2308222258243937
  ],
  "selected_features": [
    "SiO2_wt",
    "Al2O3_wt",
    "P2O5_tot_wt"
  ],
  "selected_models": [],
  "stacking_used": false,
  "stacked_model": true,
  "number_of_models": 1,
  "final_estimator": "svr",
  "final_estimator_params": {
    "svr_C": 9.881703218882377,
    "svr_epsilon": 0.1149400705798016
  },
  "model_params": {
    "svr": {
      "svr_C": 9.881703218882377,
      "svr_epsilon": 0.1149400705798016
    }
  },
  "use_random_split": true,
  "use_feature_selection": true,
  "model_name": "SVR-FS",
  "error_mean": -1.4679222916165908,
  "error_sdev": 5.65485318028788,
  "uncertainty_median": 18.998393025471238,
  "uncertainty_mad": 8.87770252308841,
  "uncertainty_measure": 46.72870232332824,
  "feature_importance": {
    "K2O_wt": 0.34010194299762725,
    "Fe2O3T_wt": -0.01188594392681505,
    "SiO2_wt": 0.0032685781593689758
  }
}