{
  "y_test": [
    0.29,
    1.44,
    0.12,
    0.07,
    6.5,
    2.4,
    8.9,
    8.0,
    29.4,
    1.9,
    6.2,
    0.09,
    0.24,
    0.14,
    31.8,
    6.2,
    0.04,
    0.18,
    0.02,
    0.04,
    0.04,
    0.04,
    0.05,
    25.6,
    0.74,
    34.0,
    5.7,
    1.44,
    2.4,
    0.19,
    0.37,
    6.7,
    0.14,
    0.36,
    1.3,
    10.4,
    0.41,
    2.6,
    7.4,
    0.24,
    0.31,
    0.14,
    4.2,
    0.19,
    6.0
  ],
  "y_pred": [
    -0.7825910156802038,
    -0.6802425358209874,
    -1.659489367714169,
    -0.2282098997692792,
    9.268779435901688,
    1.902465883528464,
    1.3478323905362757,
    3.053488578115669,
    16.152444061081457,
    8.275211379355724,
    -0.21578511436037218,
    10.358269829430697,
    -1.2420927518984293,
    2.1957606585930662,
    22.437558405137395,
    3.0339981436308534,
    0.34903892399540126,
    2.181320582269038,
    0.0021631702876980796,
    3.158771871286497,
    0.03142704050901912,
    -0.6279353037973188,
    9.15937148402664,
    19.741552142094132,
    1.0142893896000018,
    24.29264853964705,
    2.657002958058918,
    0.6342090653915022,
    -0.159276080631102,
    -0.22666271539177174,
    0.3818877129216567,
    3.427136967161193,
    5.043687905446383,
    0.01979682087032586,
    4.165054821672825,
    10.033482039617478,
    2.127267865113666,
    2.4469346777511163,
    8.785034016367195,
    3.049396690969278,
    4.733382830560451,
    2.8893971806870304,
    6.073719501504428,
    -0.126976728181738,
    5.533898480075585
  ],
  "selected_features": [
    "K2O_wt",
    "Fe2O3T_wt",
    "SiO2_wt",
    "Al2O3_wt",
    "P2O5_tot_wt"
  ],
  "selected_models": [],
  "stacking_used": false,
  "stacked_model": true,
  "number_of_models": 1,
  "final_estimator": "lr",
  "final_estimator_params": {},
  "model_params": {
    "lr": {}
  },
  "use_random_split": true,
  "use_feature_selection": false,
  "model_name": "LR",
  "error_mean": 0.46492400155665714,
  "error_sdev": 4.484580665997756,
  "uncertainty_median": 6.326623991495879,
  "uncertainty_mad": 6.100757017641355,
  "uncertainty_measure": 96.42989730133907,
  "feature_importance": {
    "K2O_wt": 0.004172482625839844,
    "Fe2O3T_wt": 0.029148616748264775,
    "SiO2_wt": 0.9656672430336252,
    "Al2O3_wt": 0.1261949170429894,
    "P2O5_tot_wt": 0.03048762902066606
  }
}