{
  "y_test": [
    1.3,
    4.2,
    0.09,
    25.6,
    6.9,
    2.6,
    0.04,
    31.8,
    0.52,
    0.34,
    1.4,
    0.37,
    0.12,
    0.12,
    0.4,
    1.8,
    0.15,
    0.14,
    0.19,
    6.2,
    1.4,
    6.0,
    6.3,
    0.04,
    0.15,
    0.04,
    0.17,
    1.9,
    6.5,
    0.09,
    1.3,
    0.32,
    2.4,
    4.5,
    0.11,
    6.7,
    0.13,
    0.1,
    0.84,
    25.0,
    25.8,
    0.18,
    0.47,
    0.37,
    0.43
  ],
  "y_pred": [
    1.5001211583953244,
    18.068388286558545,
    0.12789930740657285,
    24.95576780300611,
    6.076832090182201,
    4.6581838309286,
    0.3752985712711987,
    29.69745224917484,
    0.22632071517791985,
    1.276023799829892,
    1.2936446416798701,
    0.9590651352178132,
    0.8321390531161814,
    6.287133002082271,
    1.016599922897738,
    2.2327709010708796,
    1.4414161275721973,
    20.629472513307007,
    0.07962599257977576,
    2.62244805577259,
    1.3465084414834583,
    4.675400278678556,
    11.96622269036591,
    -0.32898415920110313,
    0.14616685236764804,
    0.11317058504753152,
    0.2437534243770969,
    5.369546395664096,
    8.769797352318065,
    6.6404211345027875,
    1.681237624732082,
    0.8056554063811343,
    2.6689712120855025,
    4.684728828086754,
    0.48983447581598183,
    4.656945369668363,
    0.16344546694199602,
    0.15938895262181418,
    0.34854358851509915,
    25.859689744272018,
    17.24803482736757,
    0.2256885334914558,
    0.35916332845001797,
    0.4381279486535328,
    0.15864537374494958
  ],
  "selected_features": [
    "K2O_wt",
    "Fe2O3T_wt",
    "SiO2_wt",
    "Al2O3_wt",
    "P2O5_tot_wt"
  ],
  "selected_models": [],
  "stacking_used": false,
  "stacked_model": true,
  "number_of_models": 1,
  "final_estimator": "gpr",
  "final_estimator_params": {
    "gpr_nu": 0.5,
    "gpr_const": 5.286175318102403,
    "gpr_length_scale": 0.12802077639824994,
    "gpr_alpha": 0.009954267891374333
  },
  "model_params": {
    "gpr": {
      "gpr_nu": 0.5,
      "gpr_const": 5.286175318102403,
      "gpr_length_scale": 0.12802077639824994,
      "gpr_alpha": 0.009954267891374333
    }
  },
  "use_random_split": true,
  "use_feature_selection": false,
  "model_name": "GPR",
  "error_mean": -1.0605934851924412,
  "error_sdev": 4.262605160399484,
  "uncertainty_median": 6.892805111340911,
  "uncertainty_mad": 7.072346212872042,
  "uncertainty_measure": 102.60476103169852,
  "feature_importance": {
    "K2O_wt": -0.05118776290230054,
    "Fe2O3T_wt": -0.012366651009228577,
    "SiO2_wt": 1.4269256937463515,
    "Al2O3_wt": -0.09112096737139272,
    "P2O5_tot_wt": 0.009904411796993128
  }
}