{
  "y_test": [
    0.31,
    0.22,
    0.04,
    0.4,
    0.37,
    3.8,
    22.1,
    0.18,
    25.6,
    0.57,
    0.21,
    0.14,
    1.3,
    0.07,
    0.32,
    0.27,
    6.9,
    25.8,
    0.27,
    0.87,
    0.51,
    0.17,
    0.1,
    0.23,
    0.44,
    0.29,
    0.11,
    0.19,
    6.0,
    1.3,
    0.43,
    0.15,
    24.5,
    0.12,
    4.2,
    0.34,
    0.17,
    0.14,
    7.0,
    0.9,
    0.18,
    0.74,
    1.5,
    0.16,
    0.09
  ],
  "y_pred": [
    14.184633489725234,
    0.6091982979305657,
    0.27378013902272524,
    0.6194430173694516,
    0.5816633235672861,
    3.747022825821776,
    25.086313857367628,
    0.1773848434522045,
    26.023486551435433,
    0.3512700026955158,
    1.6341310980703279,
    17.86122499208333,
    1.871379776476159,
    0.30376009181831876,
    0.3804982178554961,
    1.3729203280472468,
    1.4194220303981337,
    18.613570763311728,
    -0.0013987879078349863,
    0.20228265145546098,
    0.21566319787636257,
    0.10802839632776662,
    0.16489610193101623,
    0.27650945326613474,
    0.15268469500841642,
    0.6281944987582757,
    0.5377545452543013,
    0.09047184743386172,
    4.65531313826484,
    1.7850833156476713,
    0.35745108073926257,
    1.444125498354865,
    25.505258514158324,
    1.4338108237583027,
    4.44917580731933,
    -0.07864163399033153,
    0.42262827065779796,
    0.2099925607591273,
    3.295415194342668,
    1.7652307488449073,
    0.2505772949765621,
    1.0580023690863465,
    0.44829620190700803,
    0.5315569169464252,
    7.776793108507148
  ],
  "selected_features": [
    "K2O_wt",
    "Fe2O3T_wt",
    "SiO2_wt",
    "Al2O3_wt",
    "P2O5_tot_wt"
  ],
  "selected_models": [],
  "stacking_used": false,
  "stacked_model": true,
  "number_of_models": 1,
  "final_estimator": "gpr",
  "final_estimator_params": {
    "gpr_nu": 0.5,
    "gpr_const": 8.020106387414744,
    "gpr_length_scale": 5.939320985970536,
    "gpr_alpha": 0.009892543136848923
  },
  "model_params": {
    "gpr": {
      "gpr_nu": 0.5,
      "gpr_const": 8.020106387414744,
      "gpr_length_scale": 5.939320985970536,
      "gpr_alpha": 0.009892543136848923
    }
  },
  "use_random_split": true,
  "use_feature_selection": false,
  "model_name": "GPR",
  "error_mean": -0.7354724323585016,
  "error_sdev": 3.871944204353762,
  "uncertainty_median": 7.582106416282143,
  "uncertainty_mad": 8.352420337916685,
  "uncertainty_measure": 110.15962951905207,
  "feature_importance": {
    "K2O_wt": -0.027488027186654787,
    "Fe2O3T_wt": 0.06437880200308305,
    "SiO2_wt": 1.7747837875096357,
    "Al2O3_wt": -0.10488155851781089,
    "P2O5_tot_wt": 0.023324271268134827
  }
}