{
  "y_test": [
    4.2,
    5.1,
    0.25,
    6.6,
    1.3,
    5.4,
    1.4,
    6.9,
    0.14,
    0.14,
    0.16,
    0.14,
    0.04,
    6.7,
    0.02,
    1.3,
    0.29,
    0.18,
    3.4,
    1.9,
    0.73,
    0.74,
    1.18,
    0.17,
    7.0,
    1.47,
    2.7,
    22.1,
    0.09,
    2.4,
    0.37,
    1.3,
    0.05,
    6.2,
    0.04,
    0.07,
    0.15,
    0.1,
    0.36,
    1.3,
    1.0,
    0.57,
    6.3,
    0.24,
    2.4
  ],
  "y_pred": [
    9.89665933536234,
    5.262277642298439,
    1.3122657571201763,
    11.591880374194377,
    2.657076929438432,
    4.934903334304822,
    3.572928237630249,
    9.19152666168535,
    -0.6713227126070347,
    -1.382681706789258,
    1.6176075082387769,
    0.4030653233544541,
    1.2986202050833437,
    14.264769102471927,
    1.5889390123670033,
    3.541969948673943,
    -0.45351300630587055,
    0.33885304558216056,
    4.937279679791285,
    6.377631066373327,
    1.143369691767898,
    1.863965607674153,
    1.5356182339014932,
    0.9513819215437831,
    11.591921320576164,
    1.6240975937317774,
    2.215644891576394,
    49.20240433298285,
    5.764424902572381,
    2.142045913789625,
    1.3652805531265049,
    2.168830903682238,
    -0.4254397940671808,
    12.474966642721446,
    2.4300405439356663,
    1.2810032209563378,
    1.455666666355647,
    1.2999486063518741,
    1.0527351744454947,
    3.8606959440158537,
    2.960945006774798,
    0.7965358104981508,
    11.307074098404538,
    1.882231253706152,
    1.5421281908623925
  ],
  "selected_features": [
    "K2O_wt",
    "Fe2O3T_wt",
    "SiO2_wt",
    "Al2O3_wt",
    "P2O5_tot_wt"
  ],
  "selected_models": [],
  "stacking_used": false,
  "stacked_model": true,
  "number_of_models": 1,
  "final_estimator": "svr",
  "final_estimator_params": {
    "svr_C": 4.233122043614565,
    "svr_epsilon": 0.0010028981626771173
  },
  "model_params": {
    "svr": {
      "svr_C": 4.233122043614565,
      "svr_epsilon": 0.0010028981626771173
    }
  },
  "use_random_split": true,
  "use_feature_selection": false,
  "model_name": "SVR",
  "error_mean": -2.2039611771145484,
  "error_sdev": 4.337623134674205,
  "uncertainty_median": 22.525341749872908,
  "uncertainty_mad": 9.915121282772033,
  "uncertainty_measure": 44.01762864631333,
  "feature_importance": {
    "K2O_wt": -0.001930138943392412,
    "Fe2O3T_wt": 0.10938111202714008,
    "SiO2_wt": -0.2699255653723279,
    "Al2O3_wt": -0.01776513064462003,
    "P2O5_tot_wt": 1.698163675094817
  }
}