{
  "y_test": [
    0.57,
    0.04,
    0.19,
    4.2,
    0.19,
    0.34,
    6.3,
    29.4,
    0.04,
    0.73,
    25.0,
    0.02,
    6.7,
    8.9,
    0.1,
    0.56,
    0.14,
    0.4,
    0.41,
    0.14,
    31.8,
    0.23,
    0.19,
    34.0,
    1.9,
    0.52,
    0.36,
    1.3,
    10.4,
    0.87,
    2.6,
    0.24,
    0.44,
    0.09,
    0.13,
    0.68,
    5.1,
    0.04,
    3.4,
    1.18,
    0.18,
    25.8,
    0.17,
    6.1,
    0.25
  ],
  "y_pred": [
    0.6129203690086484,
    4.400084458595831,
    -0.47111832693659395,
    6.160974234899786,
    -1.8175135663615087,
    1.4466086093144455,
    4.873984753258746,
    12.612715228004983,
    3.749052728038208,
    0.44775815788982243,
    17.55928315977068,
    0.5227489838615362,
    3.2247404592319917,
    2.0543937142638704,
    1.3788449635907298,
    1.982582718922334,
    -1.5491851541277448,
    0.5358176693298162,
    2.1362747352346574,
    5.081508383510069,
    23.545026110243057,
    1.1316094497463247,
    -0.030249947834288804,
    26.54964057598801,
    3.553362049091831,
    -0.5990074627794364,
    1.0250078334911699,
    1.9457705185121625,
    9.19119395591498,
    2.0678314400781055,
    3.4176505382308484,
    -2.0233408128477244,
    0.36567417450377704,
    10.820109525841904,
    3.488997002141627,
    0.11899923516138955,
    5.480268489359386,
    0.3671421557471035,
    5.753606569567719,
    0.11597288711823595,
    0.5792337049826273,
    16.639744980176914,
    2.1744250920299137,
    6.513027740947468,
    2.9643783201478264
  ],
  "selected_features": [
    "Fe2O3T_wt",
    "SiO2_wt",
    "Al2O3_wt"
  ],
  "selected_models": [],
  "stacking_used": false,
  "stacked_model": true,
  "number_of_models": 1,
  "final_estimator": "lr",
  "final_estimator_params": {},
  "model_params": {
    "lr": {}
  },
  "feature_names": [
    "K2O_wt",
    "Fe2O3T_wt",
    "SiO2_wt",
    "Al2O3_wt",
    "P2O5_tot_wt"
  ],
  "use_random_split": true,
  "use_feature_selection": true,
  "model_name": "LR-FS",
  "error_mean": 0.4942544354475281,
  "error_sdev": 4.345999987449566,
  "uncertainty_median": 5.358181674372801,
  "uncertainty_mad": 6.97304745690723,
  "uncertainty_measure": 130.13831707607144,
  "feature_importance": {
    "K2O_wt": -0.016442477446508678,
    "Fe2O3T_wt": 1.2993932019804806,
    "SiO2_wt": 0.13194745810372935
  },
  "run": 5
}