{
  "y_test": [
    25.0,
    0.87,
    11.7,
    1.3,
    1.47,
    6.0,
    0.14,
    1.2,
    0.15,
    0.41,
    0.04,
    0.74,
    0.09,
    0.15,
    0.04,
    0.62,
    34.0,
    0.4,
    0.19,
    0.05,
    1.18,
    6.2,
    5.1,
    0.23,
    0.47,
    6.5,
    1.5,
    0.37,
    0.25,
    0.73,
    0.15,
    0.17,
    0.44,
    2.4,
    2.4,
    1.3,
    22.1,
    6.7,
    0.09,
    0.36,
    0.32,
    0.34,
    0.44,
    4.2,
    0.31
  ],
  "y_pred": [
    21.295890327515803,
    0.6381252091048667,
    9.039255478325218,
    1.6906402458866865,
    1.2754133599957815,
    8.265524707809393,
    0.9640557407371979,
    1.6906402458866865,
    0.827005265889755,
    0.1473926257023239,
    0.7637270564943079,
    0.7846227564018655,
    0.5263194241112773,
    -0.19385671827745943,
    0.9417229072282944,
    0.41704212044938005,
    21.295890327515803,
    0.8008444864564802,
    0.7472216670890021,
    4.3593220770065315,
    1.4303007930589895,
    7.1888233549350256,
    8.265524707809393,
    0.15285404978095904,
    0.31931999334369693,
    19.358387927246888,
    2.058026228420925,
    0.853202398298263,
    -0.2350692767907354,
    0.5767090257985252,
    0.17899287168731706,
    0.18478868659611722,
    -0.25851790482279774,
    0.9763743918478703,
    0.9940989600483291,
    2.600676013521972,
    21.295890327515803,
    8.265524707809393,
    0.9410207307228917,
    0.35238093390404196,
    1.0687950978136211,
    0.179050649764553,
    0.11324909244973935,
    8.008473067904424,
    0.05279273051958028
  ],
  "selected_features": [
    "K2O_wt",
    "Fe2O3T_wt",
    "SiO2_wt",
    "Al2O3_wt",
    "P2O5_tot_wt"
  ],
  "selected_models": [],
  "stacking_used": false,
  "stacked_model": true,
  "number_of_models": 1,
  "final_estimator": "lgbm",
  "final_estimator_params": {
    "lgbm_num_leaves": 31,
    "lgbm_lr": 0.13953125035210354,
    "lgbm_n_estimators": 65
  },
  "model_params": {
    "lgbm": {
      "lgbm_num_leaves": 31,
      "lgbm_lr": 0.13953125035210354,
      "lgbm_n_estimators": 65
    }
  },
  "use_random_split": true,
  "use_feature_selection": false,
  "model_name": "LGBM",
  "error_mean": -0.27529930823364396,
  "error_sdev": 3.048244943520185,
  "uncertainty_median": 9.039255478325218,
  "uncertainty_mad": 4.458694715535426,
  "uncertainty_measure": 49.32590661063523,
  "feature_importance": {
    "K2O_wt": 0.3646193493472363,
    "Fe2O3T_wt": -8.880272536507472e-05,
    "SiO2_wt": 0.03296381834685632,
    "Al2O3_wt": 0.0223780853226012,
    "P2O5_tot_wt": 0.9245093783375641
  }
}