{
  "y_test": [
    1.53,
    0.04,
    0.52,
    0.15,
    0.19,
    2.4,
    0.23,
    25.0,
    0.37,
    1.3,
    6.2,
    0.15,
    0.13,
    0.17,
    0.4,
    0.19,
    0.1,
    0.14,
    0.29,
    0.84,
    4.2,
    1.3,
    0.24,
    29.4,
    0.31,
    0.68,
    6.9,
    0.04,
    0.07,
    0.24,
    0.41,
    0.21,
    2.7,
    0.14,
    0.37,
    0.36,
    6.7,
    0.27,
    22.1,
    0.87,
    0.46,
    5.7,
    0.12,
    0.25,
    0.15
  ],
  "y_pred": [
    0.7046283575756097,
    0.7046283575756097,
    0.7046283575756097,
    0.7369921131289188,
    0.7046283575756097,
    1.1898947885165174,
    0.7046283575756097,
    18.360131489428248,
    0.7147819851979872,
    0.9694087186587433,
    7.673551632550426,
    0.7369921131289188,
    0.7046283575756097,
    0.7291591225900459,
    0.7046283575756097,
    0.7291591225900459,
    0.7046283575756097,
    0.7046283575756097,
    0.7369921131289188,
    0.7046283575756097,
    7.673551632550426,
    0.9694087186587433,
    0.7046283575756097,
    15.354706613252064,
    0.7046283575756097,
    0.7369921131289188,
    7.673551632550426,
    0.7046283575756097,
    0.7046283575756097,
    0.7046283575756097,
    0.7369921131289188,
    0.7046283575756097,
    1.1898947885165174,
    0.7046283575756097,
    0.7046283575756097,
    0.7046283575756097,
    7.673551632550426,
    0.9268913354830568,
    26.27278490659727,
    0.9268913354830568,
    0.7369921131289188,
    7.574654242062127,
    0.7046283575756097,
    0.7046283575756097,
    0.7046283575756097
  ],
  "selected_features": [
    "K2O_wt",
    "Fe2O3T_wt",
    "SiO2_wt",
    "Al2O3_wt",
    "P2O5_tot_wt"
  ],
  "selected_models": [],
  "stacking_used": false,
  "stacked_model": true,
  "number_of_models": 1,
  "final_estimator": "rf",
  "final_estimator_params": {
    "rf_n_estimators": 143,
    "rf_max_depth": 2
  },
  "model_params": {
    "rf": {
      "rf_n_estimators": 143,
      "rf_max_depth": 2
    }
  },
  "use_random_split": true,
  "use_feature_selection": false,
  "model_name": "RF",
  "error_mean": -0.04435000539273458,
  "error_sdev": 2.5674113999530115,
  "uncertainty_median": 9.328633223105038,
  "uncertainty_mad": 3.604207073908621,
  "uncertainty_measure": 38.63596078557111,
  "feature_importance": {
    "K2O_wt": 0.02111289133936142,
    "Fe2O3T_wt": -0.00921836838918257,
    "SiO2_wt": 0.43105033784345537,
    "Al2O3_wt": 0.06439954801613905,
    "P2O5_tot_wt": 0.43888713156568115
  }
}