{
  "y_test": [
    0.36,
    0.14,
    6.9,
    0.18,
    8.7,
    38.0,
    6.5,
    0.04,
    0.1,
    0.09,
    7.4,
    1.44,
    0.14,
    0.19,
    0.15,
    0.03,
    25.8,
    0.07,
    1.47,
    0.09,
    25.0,
    0.09,
    0.14,
    34.0,
    1.4,
    1.3,
    0.14,
    0.37,
    0.56,
    1.2,
    6.6,
    0.34,
    0.44,
    3.4,
    0.04,
    6.7,
    1.9,
    0.36,
    0.87,
    0.31,
    0.51,
    0.19,
    4.2,
    0.07,
    0.14
  ],
  "y_pred": [
    0.6014336000771662,
    1.0948145258529434,
    0.921538123493487,
    0.07475225103036509,
    13.141831854242648,
    3.3974750568124534,
    12.243938852483367,
    0.7129671740380776,
    0.6082583290896851,
    0.537353763802844,
    10.260945901066988,
    1.215076909811709,
    -1.0729676312677783,
    0.289631571652334,
    0.8930645422898503,
    0.2285464240496352,
    27.045800956935373,
    0.867834881904797,
    0.9489006035181373,
    -0.014304017532933533,
    24.901677924145773,
    3.8855824695538095,
    0.3000141764498906,
    14.597738248258226,
    2.853791636945547,
    1.169393594526304,
    5.813238608867868,
    2.514031716387774,
    1.045129319896064,
    0.9446627280711211,
    8.49645562127484,
    0.8805084548243509,
    0.25053700048642363,
    3.276296361798881,
    -0.12066605293100519,
    5.717967704608168,
    4.468930650565805,
    0.08871793201959571,
    1.3804434167624948,
    2.1006002493325244,
    0.6463851354867454,
    -0.45379550948032477,
    3.884101334876944,
    0.7370229597254101,
    1.9865383128499123
  ],
  "selected_features": [
    "K2O_wt",
    "Fe2O3T_wt",
    "SiO2_wt",
    "Al2O3_wt",
    "P2O5_tot_wt"
  ],
  "selected_models": [],
  "stacking_used": false,
  "stacked_model": true,
  "number_of_models": 1,
  "final_estimator": "ann",
  "final_estimator_params": {
    "ann_hidden": 57,
    "ann_alpha": 0.0031871143453610154
  },
  "model_params": {
    "ann": {
      "ann_hidden": 57,
      "ann_alpha": 0.0031871143453610154
    }
  },
  "use_random_split": true,
  "use_feature_selection": false,
  "model_name": "ANN",
  "error_mean": 0.5043956073632381,
  "error_sdev": 6.285956570033251,
  "uncertainty_median": 17.422400325168507,
  "uncertainty_mad": 14.427778104510834,
  "uncertainty_measure": 82.81165531289265,
  "feature_importance": {
    "K2O_wt": -0.0024426726414640567,
    "Fe2O3T_wt": 0.0928064128329789,
    "SiO2_wt": 0.8485848232273354,
    "Al2O3_wt": 0.7082887538166027,
    "P2O5_tot_wt": 0.36084376314539496
  }
}