{
  "y_test": [
    11.7,
    0.31,
    0.36,
    0.25,
    25.6,
    2.4,
    0.19,
    0.41,
    0.11,
    0.14,
    0.29,
    0.37,
    0.05,
    1.3,
    0.16,
    0.12,
    0.15,
    0.35,
    0.19,
    0.34,
    0.13,
    1.44,
    1.44,
    0.4,
    34.0,
    0.52,
    4.5,
    1.3,
    6.9,
    0.02,
    1.2,
    1.9,
    4.2,
    6.1,
    0.12,
    8.0,
    0.74,
    6.3,
    0.17,
    0.4,
    0.27,
    0.04,
    1.4,
    24.5,
    0.27
  ],
  "y_pred": [
    9.293252205542654,
    3.11486731241104,
    0.448282429763044,
    0.6649809084862037,
    25.12582230392157,
    2.508098922829365,
    0.3436893368903765,
    1.1667030256358988,
    0.27126415915042823,
    2.941332505084118,
    1.3826259179670253,
    0.604259534404324,
    0.2836885622030921,
    2.30929412168575,
    0.39329441576574153,
    0.8367722409533572,
    0.5101104027567379,
    1.4726824506236116,
    0.27824216780801353,
    1.1084041316194873,
    0.6221828329701993,
    1.5725419465951884,
    0.2609002702615392,
    1.1209413388010658,
    29.70245833333334,
    0.4682444336179056,
    6.970583443469943,
    1.858820990799553,
    1.5386907441167326,
    2.1734322329763804,
    0.8691447224976617,
    2.58769412064335,
    7.626596569523121,
    4.90019859280917,
    2.719728031085303,
    6.280381475299226,
    0.9540760197782951,
    7.761626259808328,
    0.49290070703000766,
    0.2940403547226487,
    0.9071543873448997,
    1.1556649131154972,
    2.3272768559653594,
    26.03717708333333,
    2.3380417194033476
  ],
  "selected_features": [
    "K2O_wt",
    "Fe2O3T_wt",
    "SiO2_wt",
    "Al2O3_wt",
    "P2O5_tot_wt"
  ],
  "selected_models": [],
  "stacking_used": false,
  "stacked_model": true,
  "number_of_models": 1,
  "final_estimator": "et",
  "final_estimator_params": {
    "et_n_estimators": 80,
    "et_max_depth": 5,
    "et_min_samples_split": 3,
    "et_min_samples_leaf": 1,
    "et_bootstrap": false
  },
  "model_params": {
    "et": {
      "et_n_estimators": 80,
      "et_max_depth": 5,
      "et_min_samples_split": 3,
      "et_min_samples_leaf": 1,
      "et_bootstrap": false
    }
  },
  "use_random_split": true,
  "use_feature_selection": false,
  "model_name": "ET",
  "error_mean": -0.38995923188451626,
  "error_sdev": 1.6233158010885356,
  "uncertainty_median": 8.33483431236448,
  "uncertainty_mad": 4.862094684664492,
  "uncertainty_measure": 58.33462912936036,
  "feature_importance": {
    "K2O_wt": 0.011441500208011969,
    "Fe2O3T_wt": 0.012703729548871272,
    "SiO2_wt": 0.5497972220867012,
    "Al2O3_wt": 0.08914834635901521,
    "P2O5_tot_wt": 0.27327456396093397
  }
}