{
  "y_test": [
    7.0,
    0.03,
    6.5,
    0.56,
    0.14,
    1.3,
    0.04,
    2.6,
    0.07,
    0.24,
    0.17,
    0.52,
    1.18,
    0.04,
    0.36,
    0.05,
    6.9,
    0.17,
    2.7,
    0.9,
    1.4,
    0.1,
    5.4,
    4.2,
    0.27,
    34.0,
    1.9,
    6.7,
    1.3,
    2.4,
    6.0,
    0.37,
    0.16,
    0.15,
    0.02,
    0.23,
    22.1,
    0.34,
    1.2,
    0.68,
    0.17,
    6.7,
    31.8,
    0.46,
    6.1
  ],
  "y_pred": [
    9.95893168491296,
    -0.0231618048293461,
    12.889252243282991,
    0.6702253614261238,
    -1.0895916228667162,
    1.942147653959496,
    1.737466267779656,
    4.236070621654699,
    2.0586760636744317,
    0.38987615324620045,
    -0.6382871130805217,
    1.1908742783872739,
    1.869452315569194,
    -0.05932025022171877,
    0.6841701132081652,
    -1.5384637718341116,
    9.550641457090961,
    0.892580878208914,
    2.435068742541972,
    3.310415818625702,
    4.241636434077578,
    0.7814573129225508,
    4.793920097617207,
    8.46675237522081,
    1.5469455016723128,
    18.644836031334044,
    5.877813164144383,
    9.838815326100985,
    4.184673061583488,
    2.0297054103986905,
    5.853257004424573,
    2.8612726789924383,
    -1.3864796188329003,
    0.7513522209598171,
    1.4061485810041192,
    0.716274925279105,
    25.947146243381344,
    1.0055424884180517,
    1.5232722107447711,
    1.7752459856746572,
    0.7510821595643253,
    14.371545056831364,
    19.06878522238241,
    0.8986884247435796,
    5.5059622537933555
  ],
  "selected_features": [
    "SiO2_wt",
    "P2O5_tot_wt"
  ],
  "selected_models": [],
  "stacking_used": false,
  "stacked_model": true,
  "number_of_models": 1,
  "final_estimator": "ann",
  "final_estimator_params": {
    "ann_hidden": 81,
    "ann_alpha": 0.0005788328082958959
  },
  "model_params": {
    "ann": {
      "ann_hidden": 81,
      "ann_alpha": 0.0005788328082958959
    }
  },
  "feature_names": [
    "K2O_wt",
    "Fe2O3T_wt",
    "SiO2_wt",
    "Al2O3_wt",
    "P2O5_tot_wt"
  ],
  "use_random_split": true,
  "use_feature_selection": true,
  "model_name": "ANN-FS",
  "error_mean": -0.5845039031815419,
  "error_sdev": 3.7279252242048706,
  "uncertainty_median": 22.538484057580714,
  "uncertainty_mad": 7.9679352915086685,
  "uncertainty_measure": 35.352578599130275,
  "feature_importance": {
    "K2O_wt": 0.772287650301892,
    "Fe2O3T_wt": 0.6079172233113829
  },
  "run": 6
}