{
  "y_test": [
    0.52,
    2.7,
    0.47,
    7.0,
    1.3,
    1.53,
    0.25,
    4.2,
    6.7,
    1.9,
    0.21,
    0.25,
    0.22,
    0.19,
    1.0,
    0.27,
    0.17,
    6.9,
    8.7,
    1.4,
    0.36,
    1.44,
    0.14,
    24.5,
    0.19,
    0.19,
    6.0,
    4.2,
    1.47,
    0.03,
    6.2,
    1.18,
    0.57,
    0.29,
    6.2,
    3.4,
    1.9,
    0.04,
    1.3,
    0.23,
    5.1,
    0.84,
    1.2,
    6.5,
    0.09
  ],
  "y_pred": [
    0.247763470994777,
    0.6807908314768184,
    0.49160077356897297,
    6.579371431454777,
    2.662944264470436,
    0.7679783674751655,
    0.3858015132057964,
    4.182493813745947,
    4.161903523364887,
    6.708845584458147,
    0.3589983288876675,
    0.24285233672742895,
    0.9793871840580768,
    0.20154161088244474,
    2.8727155499755903,
    0.8524071440077267,
    0.21320694014292832,
    4.243752738585339,
    6.59227838971925,
    2.495248280483812,
    0.470225013953207,
    1.8555456249221274,
    0.1618377382242086,
    25.6363209752374,
    0.2649045078000028,
    0.6204414954851973,
    4.363863726333168,
    7.172231491535312,
    0.9287681824250386,
    0.19510717841405084,
    1.687654427613104,
    0.9703906295294621,
    0.37056709691604905,
    0.3271995277394304,
    4.353296388574212,
    3.3960071519446653,
    3.4992808046230977,
    0.1614106605858729,
    1.292458071763174,
    0.38932816523487696,
    3.3552871480375663,
    0.32445613786100136,
    0.7243486451679712,
    6.781815409599364,
    0.24179277180383402
  ],
  "selected_features": [
    "K2O_wt",
    "Fe2O3T_wt",
    "SiO2_wt",
    "Al2O3_wt",
    "P2O5_tot_wt"
  ],
  "selected_models": [],
  "stacking_used": false,
  "stacked_model": true,
  "number_of_models": 1,
  "final_estimator": "knn",
  "final_estimator_params": {
    "knn_n": 10,
    "knn_weights": "distance"
  },
  "model_params": {
    "knn": {
      "knn_n": 10,
      "knn_weights": "distance"
    }
  },
  "use_random_split": true,
  "use_feature_selection": false,
  "model_name": "KNN",
  "error_mean": 0.08830175446645812,
  "error_sdev": 1.4827684395280885,
  "uncertainty_median": 3.849545446812691,
  "uncertainty_mad": 4.532683732702459,
  "uncertainty_measure": 117.7459467702969,
  "feature_importance": {
    "K2O_wt": 0.0040951401062931155,
    "Fe2O3T_wt": 0.016995156528226644,
    "SiO2_wt": 1.7345150653267098,
    "Al2O3_wt": 0.0725038569927343,
    "P2O5_tot_wt": 0.013689937794713081
  }
}