{
  "y_test": [
    1.4,
    25.0,
    1.18,
    0.04,
    2.4,
    0.04,
    25.6,
    38.0,
    0.73,
    0.16,
    2.4,
    0.12,
    3.4,
    0.15,
    0.44,
    0.21,
    0.14,
    0.14,
    0.37,
    0.37,
    0.87,
    6.9,
    0.24,
    0.17,
    22.1,
    0.22,
    0.15,
    0.03,
    0.07,
    0.52,
    0.84,
    0.56,
    0.1,
    0.19,
    6.5,
    0.23,
    8.7,
    4.2,
    0.04,
    0.15,
    6.6,
    1.5,
    0.17,
    6.7,
    0.14
  ],
  "y_pred": [
    1.3427777777777772,
    9.111111111111107,
    0.5825925925925927,
    0.1853664745748079,
    3.1241666666666683,
    0.1741859190192523,
    26.424999999999994,
    6.300000000000002,
    0.6178124999999999,
    0.20421486229819558,
    2.1532407407407406,
    0.34837606837606827,
    2.200277777777778,
    0.29749847837347837,
    0.13763502238502237,
    0.15768379460046122,
    0.13206661702495037,
    0.4957324989824989,
    0.2485271686159846,
    0.21205667943167936,
    0.990324074074074,
    6.177777777777777,
    0.21976851851851853,
    0.15040276929860263,
    27.908333333333317,
    0.44204415954415954,
    0.2828660968660968,
    0.11982946682946682,
    0.24287215562215567,
    0.19143215426548754,
    0.3255742521367522,
    0.2792094017094016,
    0.3118072612085768,
    0.5091969373219373,
    6.758333333333333,
    0.41089061016144346,
    6.758333333333333,
    1.8419444444444433,
    0.43819444444444433,
    0.9236458333333335,
    7.73888888888889,
    2.1554166666666665,
    0.29757784345284344,
    6.177777777777777,
    0.11056867283950618
  ],
  "selected_features": [
    "Al2O3_wt",
    "P2O5_tot_wt"
  ],
  "selected_models": [],
  "stacking_used": false,
  "stacked_model": true,
  "number_of_models": 1,
  "final_estimator": "rf",
  "final_estimator_params": {
    "rf_n_estimators": 36,
    "rf_max_depth": 11
  },
  "model_params": {
    "rf": {
      "rf_n_estimators": 36,
      "rf_max_depth": 11
    }
  },
  "use_random_split": true,
  "use_feature_selection": true,
  "model_name": "RF-FS",
  "error_mean": 0.9770370453881912,
  "error_sdev": 5.361952384614718,
  "uncertainty_median": 17.966666666666658,
  "uncertainty_mad": 5.34824373338925,
  "uncertainty_measure": 29.767590352815873,
  "feature_importance": {
    "K2O_wt": 0.46803625123601195,
    "Fe2O3T_wt": 0.4545580168495267
  }
}