{
  "y_test": [
    1.8,
    1.44,
    0.14,
    0.42,
    0.09,
    0.27,
    0.09,
    0.9,
    1.5,
    25.6,
    0.14,
    0.4,
    10.1,
    0.57,
    1.0,
    38.0,
    0.1,
    3.4,
    0.24,
    0.15,
    6.6,
    24.5,
    0.13,
    0.11,
    6.1,
    0.25,
    22.1,
    0.43,
    0.27,
    0.24,
    0.1,
    0.04,
    11.7,
    0.17,
    1.53,
    0.16,
    1.9,
    6.0,
    0.21,
    0.19,
    0.15,
    7.0,
    0.34,
    0.21,
    0.62
  ],
  "y_pred": [
    6.268569739952713,
    1.7829256805271394,
    0.29614054753005764,
    0.48520854540262964,
    0.39980261830704583,
    0.24673215908421742,
    2.2484101878243132,
    1.1133321088986234,
    1.681711643629745,
    29.69588652482272,
    0.39825399029532427,
    0.48382402552529635,
    8.00248058088484,
    0.34864149466078903,
    1.2081882232334604,
    5.63476395951267,
    0.35282344062111115,
    3.7346378219888847,
    0.2627075827088776,
    0.2619999502602328,
    6.626688618709895,
    27.31099290780145,
    0.2778120808469614,
    0.5288290027743674,
    4.738569739952719,
    0.2806706308863625,
    28.085106382978744,
    0.282654324254391,
    1.4064626334953965,
    0.5301921834659042,
    0.3278048341974272,
    0.36486541331080047,
    7.856973995271867,
    0.35232878701381787,
    0.3473402667046908,
    0.2354729762179217,
    4.381856298547785,
    4.656709649688375,
    0.3724571497373162,
    0.18862497018219487,
    0.5378421862161016,
    6.52543566362715,
    0.3270349630615378,
    0.9389394159482349,
    0.5864116733934545
  ],
  "selected_features": [
    "K2O_wt",
    "SiO2_wt",
    "Al2O3_wt",
    "P2O5_tot_wt"
  ],
  "selected_models": [],
  "stacking_used": false,
  "stacked_model": true,
  "number_of_models": 1,
  "final_estimator": "et",
  "final_estimator_params": {
    "et_n_estimators": 141,
    "et_max_depth": 9,
    "et_min_samples_split": 3,
    "et_min_samples_leaf": 1,
    "et_bootstrap": false
  },
  "model_params": {
    "et": {
      "et_n_estimators": 141,
      "et_max_depth": 9,
      "et_min_samples_split": 3,
      "et_min_samples_leaf": 1,
      "et_bootstrap": false
    }
  },
  "use_random_split": true,
  "use_feature_selection": true,
  "model_name": "ET-FS",
  "error_mean": 0.3205529428009878,
  "error_sdev": 5.1385337391072845,
  "uncertainty_median": 15.0414184397163,
  "uncertainty_mad": 5.4355454396296885,
  "uncertainty_measure": 36.13718653871988,
  "feature_importance": {
    "K2O_wt": -0.00041915788633456463,
    "Fe2O3T_wt": 0.34837684581668454,
    "SiO2_wt": 0.007024473549853261,
    "Al2O3_wt": 0.2544203377083083
  }
}