{
  "y_test": [
    8.7,
    6.6,
    0.04,
    0.14,
    1.53,
    0.25,
    0.04,
    0.11,
    0.23,
    6.0,
    0.19,
    4.2,
    1.3,
    7.4,
    0.74,
    0.25,
    4.2,
    1.3,
    0.21,
    2.4,
    0.37,
    0.36,
    1.18,
    38.0,
    1.9,
    0.51,
    6.5,
    0.17,
    5.4,
    0.14,
    0.15,
    0.56,
    22.1,
    0.04,
    0.73,
    0.15,
    0.87,
    2.4,
    0.24,
    0.18,
    0.4,
    1.8,
    0.19,
    2.4,
    0.12
  ],
  "y_pred": [
    6.881695747375488,
    5.463408470153809,
    3.6334457397460938,
    0.6537324786186218,
    0.6758559346199036,
    0.635107159614563,
    0.2689044773578644,
    0.2764444053173065,
    0.340749591588974,
    5.160545349121094,
    0.28300246596336365,
    2.2256076335906982,
    1.394590139389038,
    5.855846405029297,
    0.07604077458381653,
    0.51165372133255,
    5.522943496704102,
    0.617067277431488,
    0.7510613203048706,
    3.2630715370178223,
    0.3249228000640869,
    0.3242565393447876,
    0.4531993865966797,
    4.612224578857422,
    4.108518123626709,
    0.297955185174942,
    6.718168258666992,
    0.14021362364292145,
    4.2640485763549805,
    0.40986260771751404,
    0.09731397777795792,
    0.5613173246383667,
    22.5727481842041,
    0.8364053964614868,
    0.04469010606408119,
    1.719419240951538,
    2.41312313079834,
    2.7387282848358154,
    0.4120374023914337,
    0.2513808608055115,
    0.40341368317604065,
    14.368013381958008,
    0.3549867868423462,
    3.218999147415161,
    0.804409384727478
  ],
  "selected_features": [
    "Fe2O3T_wt",
    "SiO2_wt",
    "P2O5_tot_wt"
  ],
  "selected_models": [],
  "stacking_used": false,
  "stacked_model": true,
  "number_of_models": 1,
  "final_estimator": "xgb",
  "final_estimator_params": {
    "xgb_n_estimators": 51,
    "xgb_lr": 0.2814755274128532,
    "xgb_max_depth": 6,
    "xgb_subsample": 0.9976131743620159,
    "xgb_colsample": 0.8464923474297219
  },
  "model_params": {
    "xgb": {
      "xgb_n_estimators": 51,
      "xgb_lr": 0.2814755274128532,
      "xgb_max_depth": 6,
      "xgb_subsample": 0.9976131743620159,
      "xgb_colsample": 0.8464923474297219
    }
  },
  "feature_names": [
    "K2O_wt",
    "Fe2O3T_wt",
    "SiO2_wt",
    "Al2O3_wt",
    "P2O5_tot_wt"
  ],
  "use_random_split": true,
  "use_feature_selection": true,
  "model_name": "XGB-FS",
  "error_mean": 0.34997488671210086,
  "error_sdev": 5.458638689137691,
  "uncertainty_median": 12.549695014953613,
  "uncertainty_mad": 6.657303333282471,
  "uncertainty_measure": 53.04753083919528,
  "feature_importance": {
    "K2O_wt": 0.01492468903525499,
    "Fe2O3T_wt": 0.23767335315478882,
    "SiO2_wt": 0.45080098762322834
  },
  "run": 2
}