{
  "y_test": [
    11.7,
    6.6,
    3.8,
    0.04,
    0.15,
    0.04,
    2.4,
    8.7,
    6.7,
    24.5,
    1.9,
    1.4,
    2.7,
    0.24,
    0.14,
    3.4,
    34.0,
    0.04,
    0.04,
    4.2,
    0.15,
    1.47,
    0.18,
    0.37,
    7.4,
    0.19,
    0.04,
    25.6,
    0.34,
    1.5,
    0.15,
    1.53,
    0.09,
    0.35,
    0.05,
    0.14,
    0.37,
    4.2,
    1.44,
    25.6,
    0.23,
    0.57,
    0.43,
    0.17,
    0.17
  ],
  "y_pred": [
    10.64509105682373,
    5.3269758224487305,
    5.15089225769043,
    0.4061438739299774,
    0.45454511046409607,
    0.1973138004541397,
    1.967937707901001,
    6.836532115936279,
    3.935739040374756,
    24.141040802001953,
    2.087181568145752,
    1.418959379196167,
    1.5458309650421143,
    0.42384445667266846,
    0.2384970486164093,
    3.0543723106384277,
    26.844741821289062,
    0.20749065279960632,
    2.4156718254089355,
    3.4160687923431396,
    0.16597405076026917,
    0.339746356010437,
    0.41188275814056396,
    0.5225631594657898,
    4.305007457733154,
    0.729370653629303,
    0.2601156532764435,
    24.40765380859375,
    0.4221849739551544,
    1.221888780593872,
    2.2635691165924072,
    0.6729171276092529,
    0.6838554739952087,
    0.28541842103004456,
    14.539972305297852,
    0.29326769709587097,
    0.19206710159778595,
    5.8638715744018555,
    0.22754186391830444,
    23.317262649536133,
    0.2344389706850052,
    0.281183660030365,
    0.14537154138088226,
    1.2704129219055176,
    0.21838347613811493
  ],
  "selected_features": [
    "K2O_wt",
    "Fe2O3T_wt",
    "SiO2_wt",
    "P2O5_tot_wt"
  ],
  "selected_models": [],
  "stacking_used": false,
  "stacked_model": true,
  "number_of_models": 1,
  "final_estimator": "xgb",
  "final_estimator_params": {
    "xgb_n_estimators": 69,
    "xgb_lr": 0.052281486496831925,
    "xgb_max_depth": 9,
    "xgb_subsample": 0.6806097862890067,
    "xgb_colsample": 0.939264623596797
  },
  "model_params": {
    "xgb": {
      "xgb_n_estimators": 69,
      "xgb_lr": 0.052281486496831925,
      "xgb_max_depth": 9,
      "xgb_subsample": 0.6806097862890067,
      "xgb_colsample": 0.939264623596797
    }
  },
  "feature_names": [
    "K2O_wt",
    "Fe2O3T_wt",
    "SiO2_wt",
    "Al2O3_wt",
    "P2O5_tot_wt"
  ],
  "use_random_split": true,
  "use_feature_selection": true,
  "model_name": "XGB-FS",
  "error_mean": 0.03176017863220638,
  "error_sdev": 2.673044532872773,
  "uncertainty_median": 10.905614852905273,
  "uncertainty_mad": 5.915536403656006,
  "uncertainty_measure": 54.24303428504169,
  "feature_importance": {
    "K2O_wt": 0.12119812933761671,
    "Fe2O3T_wt": 0.0158955404300904,
    "SiO2_wt": 0.4277073164944731,
    "Al2O3_wt": 0.5907561168428108
  },
  "run": 3
}