{
  "y_test": [
    1.53,
    0.04,
    0.52,
    0.15,
    0.19,
    2.4,
    0.23,
    25.0,
    0.37,
    1.3,
    6.2,
    0.15,
    0.13,
    0.17,
    0.4,
    0.19,
    0.1,
    0.14,
    0.29,
    0.84,
    4.2,
    1.3,
    0.24,
    29.4,
    0.31,
    0.68,
    6.9,
    0.04,
    0.07,
    0.24,
    0.41,
    0.21,
    2.7,
    0.14,
    0.37,
    0.36,
    6.7,
    0.27,
    22.1,
    0.87,
    0.46,
    5.7,
    0.12,
    0.25,
    0.15
  ],
  "y_pred": [
    0.1956200080670258,
    0.20447041864289506,
    0.19410705055337507,
    0.4833785010185312,
    0.1753998452683088,
    2.7688003072196548,
    0.2866182582535207,
    17.36541218637992,
    0.20802543708805218,
    1.4109602534562238,
    7.58356246799796,
    1.0820128845169183,
    0.19564941012403256,
    0.38242852758305895,
    0.15133371015787045,
    0.4815509534476576,
    0.2991683361236702,
    0.17515715398625809,
    1.4096903263515448,
    0.26413553519215344,
    7.906252215526405,
    1.4704199308755788,
    0.2973776977386998,
    16.007526881720416,
    0.22246318601524556,
    0.82334143887773,
    6.670860215053771,
    0.18233559098615282,
    0.255232217547621,
    0.19757715443590881,
    0.6361757817302172,
    0.6181214215952044,
    2.3402895545314846,
    0.22315318713261656,
    0.2821631148085043,
    0.21809352807892696,
    7.97340501792115,
    1.3478828082013583,
    25.656989247311852,
    1.3605069121440108,
    1.027989477039366,
    6.1989925755248345,
    0.17674726459361229,
    0.186022344857466,
    0.22632734524360246
  ],
  "selected_features": [
    "Fe2O3T_wt",
    "SiO2_wt",
    "Al2O3_wt",
    "P2O5_tot_wt"
  ],
  "selected_models": [],
  "stacking_used": false,
  "stacked_model": true,
  "number_of_models": 1,
  "final_estimator": "rf",
  "final_estimator_params": {
    "rf_n_estimators": 186,
    "rf_max_depth": 8
  },
  "model_params": {
    "rf": {
      "rf_n_estimators": 186,
      "rf_max_depth": 8
    }
  },
  "use_random_split": true,
  "use_feature_selection": true,
  "model_name": "RF-FS",
  "error_mean": 0.1490282737573252,
  "error_sdev": 2.4954626838031824,
  "uncertainty_median": 12.811792114695331,
  "uncertainty_mad": 5.0164587373532115,
  "uncertainty_measure": 39.155011979934116,
  "feature_importance": {
    "K2O_wt": 0.11911053644931824,
    "Fe2O3T_wt": 0.36688107132235276,
    "SiO2_wt": 0.11138526534905367,
    "Al2O3_wt": 1.0858640537062771
  }
}