{
  "y_test": [
    0.29,
    1.44,
    0.12,
    0.07,
    6.5,
    2.4,
    8.9,
    8.0,
    29.4,
    1.9,
    6.2,
    0.09,
    0.24,
    0.14,
    31.8,
    6.2,
    0.04,
    0.18,
    0.02,
    0.04,
    0.04,
    0.04,
    0.05,
    25.6,
    0.74,
    34.0,
    5.7,
    1.44,
    2.4,
    0.19,
    0.37,
    6.7,
    0.14,
    0.36,
    1.3,
    10.4,
    0.41,
    2.6,
    7.4,
    0.24,
    0.31,
    0.14,
    4.2,
    0.19,
    6.0
  ],
  "y_pred": [
    1.1908721923828125,
    0.09638705849647522,
    0.21961922943592072,
    0.7109772562980652,
    8.999859809875488,
    1.9564876556396484,
    6.498755931854248,
    4.427181243896484,
    17.434297561645508,
    6.096481800079346,
    2.5343520641326904,
    3.0130043029785156,
    0.3332267701625824,
    0.6636237502098083,
    24.887418746948242,
    4.294438362121582,
    0.22611679136753082,
    0.2510581910610199,
    1.9344139099121094,
    0.35685160756111145,
    0.3010302186012268,
    0.3011581003665924,
    8.795182228088379,
    22.079998016357422,
    0.6979076862335205,
    24.887418746948242,
    2.4979407787323,
    1.208349347114563,
    1.094849705696106,
    0.36731985211372375,
    0.3881489932537079,
    4.447408676147461,
    1.7285363674163818,
    0.23319107294082642,
    1.4438294172286987,
    11.029938697814941,
    0.4722808599472046,
    1.6056103706359863,
    6.322739601135254,
    0.2669726014137268,
    0.486009418964386,
    0.2659453749656677,
    7.883195400238037,
    0.38060855865478516,
    4.731006622314453
  ],
  "selected_features": [
    "K2O_wt",
    "Fe2O3T_wt",
    "SiO2_wt",
    "Al2O3_wt",
    "P2O5_tot_wt"
  ],
  "selected_models": [],
  "stacking_used": false,
  "stacked_model": true,
  "number_of_models": 1,
  "final_estimator": "xgb",
  "final_estimator_params": {
    "xgb_n_estimators": 230,
    "xgb_lr": 0.011524548864992518,
    "xgb_max_depth": 5,
    "xgb_subsample": 0.6079132575701057,
    "xgb_colsample": 0.9849312993828802
  },
  "model_params": {
    "xgb": {
      "xgb_n_estimators": 230,
      "xgb_lr": 0.011524548864992518,
      "xgb_max_depth": 5,
      "xgb_subsample": 0.6079132575701057,
      "xgb_colsample": 0.9849312993828802
    }
  },
  "use_random_split": true,
  "use_feature_selection": false,
  "model_name": "XGB",
  "error_mean": 0.5530666455692715,
  "error_sdev": 3.240562180572246,
  "uncertainty_median": 10.551740646362305,
  "uncertainty_mad": 4.168643474578857,
  "uncertainty_measure": 39.50669007407787,
  "feature_importance": {
    "K2O_wt": 0.1603475779734618,
    "Fe2O3T_wt": 0.020831669995598493,
    "SiO2_wt": 0.23499074632626976,
    "Al2O3_wt": 0.02505789607532021,
    "P2O5_tot_wt": 0.6132389938251562
  }
}