{
  "y_test": [
    0.31,
    0.22,
    0.04,
    0.4,
    0.37,
    3.8,
    22.1,
    0.18,
    25.6,
    0.57,
    0.21,
    0.14,
    1.3,
    0.07,
    0.32,
    0.27,
    6.9,
    25.8,
    0.27,
    0.87,
    0.51,
    0.17,
    0.1,
    0.23,
    0.44,
    0.29,
    0.11,
    0.19,
    6.0,
    1.3,
    0.43,
    0.15,
    24.5,
    0.12,
    4.2,
    0.34,
    0.17,
    0.14,
    7.0,
    0.9,
    0.18,
    0.74,
    1.5,
    0.16,
    0.09
  ],
  "y_pred": [
    1.210247220953955,
    0.45762886993918184,
    0.31153054871783153,
    0.5091782723361686,
    0.5111738988588141,
    5.037432052277348,
    28.23917197452231,
    0.2621646015813598,
    26.497462845010645,
    0.3116350234647343,
    1.1258650725061043,
    2.1691295582231236,
    1.5254831250129464,
    0.21952987632905124,
    0.4697854842656405,
    2.1353677012709906,
    1.349158288261667,
    26.486783439490463,
    0.2400042943495248,
    1.5921174034122634,
    0.3565853094995315,
    0.25100074194751154,
    0.28767246390146733,
    0.28341157966712993,
    0.23332833854350926,
    0.40001171921930456,
    0.6297216919048735,
    0.21798749475816812,
    5.30858461521335,
    1.4952920422103986,
    0.3461372122363024,
    0.588051794191353,
    26.423747346072208,
    3.12652591975099,
    3.395254992918566,
    0.2997955427981152,
    0.35849962948835523,
    0.27977394659858446,
    6.63657788071801,
    1.3106577868603484,
    0.19389241528007292,
    0.8597270388306504,
    1.282636792076415,
    0.49186934004955385,
    4.74942869637988
  ],
  "selected_features": [
    "K2O_wt",
    "Fe2O3T_wt",
    "SiO2_wt",
    "Al2O3_wt",
    "P2O5_tot_wt"
  ],
  "selected_models": [],
  "stacking_used": false,
  "stacked_model": true,
  "number_of_models": 1,
  "final_estimator": "et",
  "final_estimator_params": {
    "et_n_estimators": 157,
    "et_max_depth": 9,
    "et_min_samples_split": 4,
    "et_min_samples_leaf": 1,
    "et_bootstrap": false
  },
  "model_params": {
    "et": {
      "et_n_estimators": 157,
      "et_max_depth": 9,
      "et_min_samples_split": 4,
      "et_min_samples_leaf": 1,
      "et_bootstrap": false
    }
  },
  "use_random_split": true,
  "use_feature_selection": false,
  "model_name": "ET",
  "error_mean": -0.461489375153306,
  "error_sdev": 1.5707686672174028,
  "uncertainty_median": 14.720222929936313,
  "uncertainty_mad": 5.33934990636013,
  "uncertainty_measure": 36.27220818443971,
  "feature_importance": {
    "K2O_wt": 0.011856566215475553,
    "Fe2O3T_wt": 0.02291834250227369,
    "SiO2_wt": 0.6434563251356019,
    "Al2O3_wt": 0.026351538683017917,
    "P2O5_tot_wt": 0.3180837483284921
  }
}