{
  "y_test": [
    1.53,
    0.04,
    0.52,
    0.15,
    0.19,
    2.4,
    0.23,
    25.0,
    0.37,
    1.3,
    6.2,
    0.15,
    0.13,
    0.17,
    0.4,
    0.19,
    0.1,
    0.14,
    0.29,
    0.84,
    4.2,
    1.3,
    0.24,
    29.4,
    0.31,
    0.68,
    6.9,
    0.04,
    0.07,
    0.24,
    0.41,
    0.21,
    2.7,
    0.14,
    0.37,
    0.36,
    6.7,
    0.27,
    22.1,
    0.87,
    0.46,
    5.7,
    0.12,
    0.25,
    0.15
  ],
  "y_pred": [
    4.358799070988418,
    4.536851296589191,
    3.261232420861468,
    3.1573088034396015,
    -0.356239946497908,
    -1.9216883524020858,
    0.930606901460564,
    20.664108387339635,
    7.543066358566058,
    3.418436149038456,
    4.594775615939291,
    -0.06835681982548181,
    3.5748276907777026,
    0.9834477895183014,
    0.5936177117724526,
    -0.42277759808940374,
    0.9713157386293076,
    0.21386987254582124,
    -1.552690002723736,
    -0.6541470355637813,
    7.0177531201163745,
    4.405391696531268,
    -2.6368259724733676,
    18.124416358490922,
    5.712465875858239,
    -0.650972630073646,
    3.2965369397482363,
    -0.02588824991168792,
    2.5562539818213637,
    3.35886902440134,
    1.7159463001660384,
    -2.49442206714275,
    0.023269804416642614,
    3.7345733937778434,
    0.6933923152324226,
    0.9101283754723895,
    4.676034419064813,
    3.1558045026748545,
    36.606312652205624,
    1.9558019786399257,
    -0.6248522786529662,
    3.3248797026557,
    -1.9133226414996756,
    2.9440278366481856,
    1.850309104352867
  ],
  "selected_features": [
    "Fe2O3T_wt",
    "SiO2_wt",
    "Al2O3_wt",
    "P2O5_tot_wt"
  ],
  "selected_models": [],
  "stacking_used": false,
  "stacked_model": true,
  "number_of_models": 1,
  "final_estimator": "lr",
  "final_estimator_params": {},
  "model_params": {
    "lr": {}
  },
  "use_random_split": true,
  "use_feature_selection": true,
  "model_name": "LR-FS",
  "error_mean": -0.6002721687752184,
  "error_sdev": 3.7906500841723165,
  "uncertainty_median": 11.639583514473326,
  "uncertainty_mad": 8.305293993596301,
  "uncertainty_measure": 71.35387604950832,
  "feature_importance": {
    "K2O_wt": 0.0017698263903725099,
    "Fe2O3T_wt": 1.4488223366489132,
    "SiO2_wt": 0.12186804259056037,
    "Al2O3_wt": 0.09427579060291152
  }
}