{
  "y_test": [
    0.57,
    0.04,
    0.19,
    4.2,
    0.19,
    0.34,
    6.3,
    29.4,
    0.04,
    0.73,
    25.0,
    0.02,
    6.7,
    8.9,
    0.1,
    0.56,
    0.14,
    0.4,
    0.41,
    0.14,
    31.8,
    0.23,
    0.19,
    34.0,
    1.9,
    0.52,
    0.36,
    1.3,
    10.4,
    0.87,
    2.6,
    0.24,
    0.44,
    0.09,
    0.13,
    0.68,
    5.1,
    0.04,
    3.4,
    1.18,
    0.18,
    25.8,
    0.17,
    6.1,
    0.25
  ],
  "y_pred": [
    0.5165371595608295,
    0.7028225646965258,
    -0.4216489759830151,
    2.4680732896902695,
    0.14361578002265718,
    0.9780108871157982,
    5.2721876377167245,
    12.77801470585235,
    0.9010759367621846,
    0.9241236129249941,
    5.586138796731743,
    0.9031578158757667,
    5.715489870368716,
    3.6370182963895905,
    0.6537926411752144,
    0.4317194806534559,
    -0.3214131548049628,
    0.10342694493358051,
    0.7707854959885507,
    0.9728364730406762,
    4.595602308053898,
    0.5630381161298739,
    0.6468730180022564,
    4.059743179847863,
    2.014209694835512,
    0.5260256036555515,
    0.663418723928622,
    1.3271948723868,
    2.5308563657996004,
    0.9924717853330347,
    2.046564953875168,
    0.13937748793964388,
    0.32878132074803856,
    1.2063685850609913,
    0.6305414219652303,
    1.3527348759763576,
    2.5286986207095303,
    0.12016590125680349,
    2.3689551680643994,
    1.3875650886832958,
    -0.04400955960970787,
    17.77401564408785,
    0.5431386731134431,
    2.673784716181905,
    0.5287953316120135
  ],
  "selected_features": [
    "K2O_wt",
    "Fe2O3T_wt",
    "SiO2_wt",
    "Al2O3_wt",
    "P2O5_tot_wt"
  ],
  "selected_models": [],
  "stacking_used": false,
  "stacked_model": true,
  "number_of_models": 1,
  "final_estimator": "svr",
  "final_estimator_params": {
    "svr_C": 1.4098360758568202,
    "svr_epsilon": 0.05533898649955539
  },
  "model_params": {
    "svr": {
      "svr_C": 1.4098360758568202,
      "svr_epsilon": 0.05533898649955539
    }
  },
  "feature_names": [
    "K2O_wt",
    "Fe2O3T_wt",
    "SiO2_wt",
    "Al2O3_wt",
    "P2O5_tot_wt"
  ],
  "use_random_split": true,
  "use_feature_selection": false,
  "model_name": "SVR",
  "error_mean": 2.6248738409700083,
  "error_sdev": 7.015216770207961,
  "uncertainty_median": 9.444876875658519,
  "uncertainty_mad": 4.458097449204571,
  "uncertainty_measure": 47.20122356167551,
  "feature_importance": {
    "K2O_wt": 0.009929089047404636,
    "Fe2O3T_wt": -0.007354401779933957,
    "SiO2_wt": 0.11079545292615281,
    "Al2O3_wt": -0.03833456141331725,
    "P2O5_tot_wt": 0.4722133238695595
  },
  "run": 5
}