{
  "y_test": [
    0.31,
    0.22,
    0.04,
    0.4,
    0.37,
    3.8,
    22.1,
    0.18,
    25.6,
    0.57,
    0.21,
    0.14,
    1.3,
    0.07,
    0.32,
    0.27,
    6.9,
    25.8,
    0.27,
    0.87,
    0.51,
    0.17,
    0.1,
    0.23,
    0.44,
    0.29,
    0.11,
    0.19,
    6.0,
    1.3,
    0.43,
    0.15,
    24.5,
    0.12,
    4.2,
    0.34,
    0.17,
    0.14,
    7.0,
    0.9,
    0.18,
    0.74,
    1.5,
    0.16,
    0.09
  ],
  "y_pred": [
    0.3085714285714286,
    0.49714285714285705,
    0.2814285714285714,
    0.4928571428571428,
    0.4864285714285714,
    5.2857142857142865,
    29.35714285714286,
    0.3378571428571429,
    26.657142857142862,
    0.23357142857142857,
    1.169285714285714,
    0.43142857142857144,
    1.35,
    0.17357142857142854,
    0.5557142857142856,
    1.217142857142857,
    1.3185714285714287,
    29.014285714285712,
    0.10428571428571429,
    1.0164285714285712,
    0.37214285714285716,
    0.16357142857142856,
    0.145,
    0.2535714285714286,
    0.19428571428571426,
    0.3957142857142858,
    0.595,
    0.29785714285714276,
    5.65,
    1.3499999999999999,
    0.35928571428571426,
    0.982857142857143,
    26.657142857142862,
    0.7642857142857141,
    2.678571428571428,
    0.2085714285714286,
    0.41285714285714287,
    0.21571428571428575,
    6.278571428571429,
    1.1514285714285715,
    0.17500000000000002,
    0.9221428571428572,
    0.7835714285714284,
    0.4799999999999999,
    0.8828571428571428
  ],
  "selected_features": [
    "K2O_wt",
    "Fe2O3T_wt",
    "SiO2_wt",
    "Al2O3_wt",
    "P2O5_tot_wt"
  ],
  "selected_models": [],
  "stacking_used": false,
  "stacked_model": true,
  "number_of_models": 1,
  "final_estimator": "rf",
  "final_estimator_params": {
    "rf_n_estimators": 14,
    "rf_max_depth": 20
  },
  "model_params": {
    "rf": {
      "rf_n_estimators": 14,
      "rf_max_depth": 20
    }
  },
  "use_random_split": true,
  "use_feature_selection": false,
  "model_name": "RF",
  "error_mean": -0.2879682539682541,
  "error_sdev": 1.5561359931011634,
  "uncertainty_median": 15.235714285714286,
  "uncertainty_mad": 7.093220416666666,
  "uncertainty_measure": 46.55653344272542,
  "feature_importance": {
    "K2O_wt": 0.037879030052051094,
    "Fe2O3T_wt": 0.01745256882148224,
    "SiO2_wt": 1.2208894968986677,
    "Al2O3_wt": 0.0062660707946363015,
    "P2O5_tot_wt": 0.2958277981991884
  }
}