{
  "y_test": [
    0.4,
    7.4,
    6.6,
    6.2,
    0.57,
    0.47,
    0.14,
    0.29,
    0.36,
    8.9,
    1.4,
    6.7,
    2.4,
    5.7,
    0.05,
    1.8,
    0.9,
    6.3,
    1.53,
    34.0,
    0.02,
    4.2,
    4.2,
    1.3,
    6.9,
    0.87,
    29.4,
    0.04,
    6.5,
    1.9,
    0.09,
    0.52,
    1.47,
    0.17,
    0.04,
    0.18,
    4.5,
    0.07,
    31.8,
    0.25,
    0.19,
    0.23,
    0.15,
    25.6,
    1.44
  ],
  "y_pred": [
    0.35473841428756714,
    6.9978227615356445,
    7.618041515350342,
    6.5777587890625,
    0.3008060157299042,
    0.26980462670326233,
    0.24536630511283875,
    0.18536652624607086,
    0.2020634561777115,
    12.74593734741211,
    1.3913350105285645,
    6.648509502410889,
    2.6116302013397217,
    7.175967216491699,
    6.328975677490234,
    11.824346542358398,
    1.5304428339004517,
    7.076972484588623,
    0.2568376064300537,
    29.820619583129883,
    1.7550230026245117,
    2.6610028743743896,
    17.5023250579834,
    1.439117670059204,
    6.265004634857178,
    2.194211959838867,
    20.320781707763672,
    0.24593541026115417,
    8.943913459777832,
    4.640143871307373,
    0.2757978141307831,
    0.22205297648906708,
    0.6930922865867615,
    0.24819190800189972,
    0.21744942665100098,
    0.19960938394069672,
    6.169885635375977,
    0.6494232416152954,
    29.820619583129883,
    0.18089182674884796,
    0.24850045144557953,
    0.3469899296760559,
    0.5824267864227295,
    24.46007537841797,
    0.1694795787334442
  ],
  "selected_features": [
    "K2O_wt",
    "Fe2O3T_wt",
    "SiO2_wt",
    "Al2O3_wt",
    "P2O5_tot_wt"
  ],
  "selected_models": [],
  "stacking_used": false,
  "stacked_model": true,
  "number_of_models": 1,
  "final_estimator": "xgb",
  "final_estimator_params": {
    "xgb_n_estimators": 298,
    "xgb_lr": 0.015495080743813365,
    "xgb_max_depth": 5,
    "xgb_subsample": 0.9953994321145886,
    "xgb_colsample": 0.8598264862179505
  },
  "model_params": {
    "xgb": {
      "xgb_n_estimators": 298,
      "xgb_lr": 0.015495080743813365,
      "xgb_max_depth": 5,
      "xgb_subsample": 0.9953994321145886,
      "xgb_colsample": 0.8598264862179505
    }
  },
  "use_random_split": true,
  "use_feature_selection": false,
  "model_name": "XGB",
  "error_mean": -0.5883397393888896,
  "error_sdev": 3.2133869743402217,
  "uncertainty_median": 11.101789474487305,
  "uncertainty_mad": 4.033481597900391,
  "uncertainty_measure": 36.33181485894338,
  "feature_importance": {
    "K2O_wt": 0.27698228181884055,
    "Fe2O3T_wt": 0.0678247222547045,
    "SiO2_wt": 0.10699546681859012,
    "Al2O3_wt": 0.035451419399966634,
    "P2O5_tot_wt": 1.1838115278182029
  }
}