{
  "y_test": [
    0.16,
    0.4,
    0.29,
    5.7,
    0.15,
    0.17,
    0.73,
    0.04,
    0.47,
    0.04,
    0.21,
    0.07,
    0.27,
    0.12,
    0.21,
    0.32,
    1.4,
    0.03,
    6.2,
    0.87,
    0.02,
    0.16,
    1.44,
    25.8,
    25.0,
    0.74,
    0.24,
    0.31,
    4.2,
    2.7,
    0.51,
    4.5,
    1.4,
    7.4,
    0.52,
    1.8,
    1.3,
    0.14,
    31.8,
    1.3,
    1.2,
    0.36,
    0.19,
    25.6,
    1.47
  ],
  "y_pred": [
    0.3957237114847036,
    0.4194771353215172,
    0.3957237114847036,
    6.369094415875677,
    2.496254369972566,
    0.3957237114847036,
    1.3468797197958449,
    0.3957237114847036,
    -0.7579640252582621,
    14.891933194413689,
    0.3957237114847036,
    0.34733646865702794,
    0.127277097525128,
    0.9785132571465511,
    0.13396381110252314,
    0.03172068110835215,
    3.0121749635850743,
    0.5986803160816319,
    6.62167278676493,
    1.852782884392128,
    5.368132076563277,
    0.1405328930192993,
    1.5960228862673298,
    14.200376079400682,
    23.11024907802149,
    1.1970006537580984,
    2.301708006652492,
    0.2750563427612063,
    5.872572768748986,
    3.9352362964167944,
    0.14611953049781648,
    6.9031734342928,
    3.0121749635850743,
    9.785717298693433,
    -1.669481401374182,
    15.343321660557521,
    -0.9990098277090946,
    2.398877469017268,
    33.035293245668086,
    1.779051734654873,
    -1.1430342645510048,
    -0.1914427539259582,
    0.2674460281314294,
    23.11024907802149,
    -0.7298950509476244
  ],
  "selected_features": [
    "K2O_wt",
    "Fe2O3T_wt",
    "P2O5_tot_wt"
  ],
  "selected_models": [],
  "stacking_used": false,
  "stacked_model": true,
  "number_of_models": 1,
  "final_estimator": "lgbm",
  "final_estimator_params": {
    "lgbm_num_leaves": 25,
    "lgbm_lr": 0.2657760125044948,
    "lgbm_n_estimators": 287
  },
  "model_params": {
    "lgbm": {
      "lgbm_num_leaves": 25,
      "lgbm_lr": 0.2657760125044948,
      "lgbm_n_estimators": 287
    }
  },
  "use_random_split": true,
  "use_feature_selection": true,
  "model_name": "LGBM-FS",
  "error_mean": -0.7009747524473215,
  "error_sdev": 3.7492641577388746,
  "uncertainty_median": 10.707032424313335,
  "uncertainty_mad": 7.740613666472204,
  "uncertainty_measure": 72.29466914562582,
  "feature_importance": {
    "K2O_wt": 0.5219706088298554,
    "Fe2O3T_wt": 0.07324445085539233,
    "SiO2_wt": 1.8964691741628101
  }
}