{
  "y_test": [
    0.09,
    1.18,
    0.25,
    0.34,
    10.4,
    0.37,
    1.5,
    0.09,
    22.1,
    1.3,
    0.1,
    1.2,
    0.4,
    0.19,
    5.1,
    0.44,
    25.8,
    5.7,
    0.05,
    1.3,
    6.1,
    0.18,
    1.3,
    2.7,
    0.18,
    6.5,
    0.25,
    0.29,
    0.14,
    0.15,
    1.3,
    3.8,
    2.4,
    2.4,
    0.27,
    0.1,
    2.6,
    1.4,
    0.09,
    0.11,
    0.13,
    0.27,
    0.16,
    4.2,
    0.37
  ],
  "y_pred": [
    5.964313157473429,
    -1.1123260761977356,
    0.3611363758709203,
    0.10392076263168093,
    6.7227147932817495,
    -0.657722318915372,
    -1.606769429503867,
    -0.9359411324939977,
    47.77751667015859,
    1.8943704707990463,
    -0.7218485890517492,
    -0.6455486790781784,
    -1.625051487841489,
    -3.4881045087765337,
    3.8910909471297472,
    -0.9362082418831896,
    37.551092055802314,
    3.4924839376325227,
    -1.9811905598639434,
    -0.2753883008197384,
    4.574420345648164,
    -0.013342349089928263,
    2.547540328449184,
    -0.23789371093702272,
    -1.7509414957859057,
    12.370205614723922,
    -0.24864689101026016,
    -2.0545329256603218,
    -1.4764596545296733,
    -1.651304288528511,
    2.408407070302541,
    3.8533389292475277,
    -0.9114167047620434,
    -1.2663282565248437,
    1.0121608799400832,
    -0.586925122679073,
    1.4280018804335697,
    2.414075495190172,
    -2.2260556063505064,
    -3.42418415826981,
    0.7069305745035628,
    1.1757074097969813,
    -1.7152218531114585,
    3.9374450674241217,
    -1.0068384729262512
  ],
  "selected_features": [
    "K2O_wt",
    "Fe2O3T_wt",
    "SiO2_wt",
    "Al2O3_wt",
    "P2O5_tot_wt"
  ],
  "selected_models": [],
  "stacking_used": false,
  "stacked_model": true,
  "number_of_models": 1,
  "final_estimator": "svr",
  "final_estimator_params": {
    "svr_C": 5.610487697342508,
    "svr_epsilon": 0.08814124018289025
  },
  "model_params": {
    "svr": {
      "svr_C": 5.610487697342508,
      "svr_epsilon": 0.08814124018289025
    }
  },
  "use_random_split": true,
  "use_feature_selection": false,
  "model_name": "SVR",
  "error_mean": 0.08131817884781266,
  "error_sdev": 4.803017074458002,
  "uncertainty_median": 17.95324945232323,
  "uncertainty_mad": 9.366878338081893,
  "uncertainty_measure": 52.17372132524888,
  "feature_importance": {
    "K2O_wt": 0.0034535352081850423,
    "Fe2O3T_wt": 0.21571624468801975,
    "SiO2_wt": 0.14815867747889308,
    "Al2O3_wt": -0.05719983224222091,
    "P2O5_tot_wt": 0.8981901139906472
  }
}