{
  "y_test": [
    0.27,
    0.43,
    0.1,
    0.27,
    0.04,
    0.44,
    0.56,
    1.3,
    0.74,
    0.41,
    0.37,
    1.18,
    0.42,
    25.6,
    0.29,
    0.04,
    25.0,
    0.14,
    25.8,
    0.09,
    5.4,
    8.9,
    0.09,
    0.14,
    0.15,
    1.2,
    0.16,
    0.14,
    0.14,
    2.6,
    0.44,
    1.4,
    4.2,
    0.21,
    4.5,
    6.1,
    1.3,
    0.34,
    0.07,
    1.3,
    0.15,
    6.7,
    1.0,
    0.19,
    7.4
  ],
  "y_pred": [
    0.43791595101356506,
    0.2146131843328476,
    0.37006208300590515,
    1.542243480682373,
    0.5653144121170044,
    0.17973217368125916,
    0.5778383612632751,
    0.845618486404419,
    0.5935887694358826,
    0.404714971780777,
    0.37678879499435425,
    0.6401819586753845,
    0.5566315054893494,
    27.296674728393555,
    0.5471386313438416,
    0.5386540293693542,
    25.224979400634766,
    0.19931212067604065,
    27.88518524169922,
    0.7389816045761108,
    4.79435396194458,
    5.398730278015137,
    0.573865532875061,
    7.255344390869141,
    0.44274210929870605,
    0.5121588706970215,
    0.35897111892700195,
    1.1028424501419067,
    0.2976948916912079,
    1.280206561088562,
    0.28722184896469116,
    1.3152213096618652,
    4.764131546020508,
    0.6306638121604919,
    7.067746162414551,
    4.838203430175781,
    1.3597723245620728,
    0.31067293882369995,
    0.3754556179046631,
    0.3738376796245575,
    0.48759251832962036,
    7.305302619934082,
    0.8114136457443237,
    0.23695389926433563,
    7.0897979736328125
  ],
  "selected_features": [
    "K2O_wt",
    "SiO2_wt",
    "P2O5_tot_wt"
  ],
  "selected_models": [],
  "stacking_used": false,
  "stacked_model": true,
  "number_of_models": 1,
  "final_estimator": "xgb",
  "final_estimator_params": {
    "xgb_n_estimators": 210,
    "xgb_lr": 0.0538402607418021,
    "xgb_max_depth": 5,
    "xgb_subsample": 0.8322617816186636,
    "xgb_colsample": 0.8145062008800159
  },
  "model_params": {
    "xgb": {
      "xgb_n_estimators": 210,
      "xgb_lr": 0.0538402607418021,
      "xgb_max_depth": 5,
      "xgb_subsample": 0.8322617816186636,
      "xgb_colsample": 0.8145062008800159
    }
  },
  "use_random_split": true,
  "use_feature_selection": true,
  "model_name": "XGB-FS",
  "error_mean": -0.2510459418296814,
  "error_sdev": 1.388999695247606,
  "uncertainty_median": 9.118371963500977,
  "uncertainty_mad": 6.1129655838012695,
  "uncertainty_measure": 67.04009891535738,
  "feature_importance": {
    "K2O_wt": 0.10139972675692885,
    "Fe2O3T_wt": 0.6395792102706224,
    "SiO2_wt": 0.618702674090895
  }
}