{
  "y_test": [
    1.3,
    0.31,
    0.04,
    4.2,
    29.4,
    0.03,
    0.32,
    0.09,
    1.0,
    2.4,
    0.07,
    1.3,
    0.4,
    0.15,
    1.9,
    0.27,
    0.12,
    0.84,
    34.0,
    0.1,
    0.05,
    0.29,
    0.37,
    1.5,
    0.25,
    7.0,
    3.8,
    0.04,
    0.87,
    1.9,
    0.21,
    25.8,
    0.52,
    2.6,
    0.24,
    6.7,
    0.17,
    0.4,
    1.4,
    5.7,
    0.44,
    31.8,
    1.44,
    1.44,
    0.73
  ],
  "y_pred": [
    0.5536020365897536,
    0.5109682062900491,
    0.5109682062900491,
    7.022267826025483,
    12.904563184615093,
    0.5109682062900491,
    0.5293555827772443,
    0.5471755061488918,
    0.7166764880093194,
    1.8354920068657823,
    0.7065873084611624,
    1.2625971421868658,
    0.5109682062900491,
    0.5109682062900491,
    2.1893153038862754,
    1.0786721160546562,
    0.5689587617359524,
    0.5109682062900491,
    25.549048738617696,
    0.5109682062900491,
    1.9660361430355868,
    0.6948932324222589,
    0.5109682062900491,
    1.0568888604675957,
    0.5109682062900491,
    7.091630675464962,
    7.022267826025483,
    0.5109682062900491,
    1.0685829365064992,
    1.2625971421868658,
    0.7350638644965144,
    16.506638664500198,
    0.5109682062900491,
    0.7166764880093194,
    0.5689587617359524,
    7.091630675464962,
    0.5109682062900491,
    0.5109682062900491,
    1.2625971421868658,
    7.022267826025483,
    0.5109682062900491,
    25.510734562372487,
    0.7954369475291856,
    0.806305134435437,
    0.5318187810026929
  ],
  "selected_features": [
    "K2O_wt",
    "Fe2O3T_wt",
    "SiO2_wt",
    "Al2O3_wt",
    "P2O5_tot_wt"
  ],
  "selected_models": [],
  "stacking_used": false,
  "stacked_model": true,
  "number_of_models": 1,
  "final_estimator": "rf",
  "final_estimator_params": {
    "rf_n_estimators": 87,
    "rf_max_depth": 2
  },
  "model_params": {
    "rf": {
      "rf_n_estimators": 87,
      "rf_max_depth": 2
    }
  },
  "use_random_split": true,
  "use_feature_selection": false,
  "model_name": "RF",
  "error_mean": 0.6571357210243731,
  "error_sdev": 3.3147751222501234,
  "uncertainty_median": 10.468077164290047,
  "uncertainty_mad": 4.018144537803562,
  "uncertainty_measure": 38.3847432029899,
  "feature_importance": {
    "K2O_wt": 0.10573638524722324,
    "Fe2O3T_wt": 0.0022508869931817245,
    "SiO2_wt": 0.22799507559098234,
    "Al2O3_wt": 0.07645202828048764,
    "P2O5_tot_wt": 0.45092482757086877
  }
}