{
  "y_test": [
    0.15,
    4.5,
    0.36,
    0.16,
    0.44,
    0.27,
    0.18,
    5.4,
    0.51,
    0.1,
    38.0,
    7.4,
    6.7,
    0.17,
    0.4,
    4.2,
    2.7,
    25.0,
    3.8,
    1.3,
    2.4,
    0.73,
    0.37,
    3.4,
    0.14,
    5.7,
    1.0,
    0.32,
    0.31,
    0.34,
    2.4,
    0.04,
    25.8,
    0.23,
    0.19,
    0.19,
    0.24,
    0.16,
    0.25,
    0.11,
    1.47,
    0.17,
    0.05,
    6.7,
    0.35
  ],
  "y_pred": [
    0.7033333333333335,
    3.6,
    0.25,
    0.25333333333333335,
    0.09000000000000001,
    0.7033333333333335,
    0.16333333333333333,
    1.2,
    0.35000000000000003,
    0.2833333333333333,
    3.546666666666667,
    8.433333333333332,
    5.166666666666667,
    0.3499999999999999,
    0.4033333333333333,
    5.433333333333334,
    0.5199999999999999,
    26.5,
    3.533333333333333,
    3.4333333333333336,
    0.3666666666666667,
    0.4033333333333333,
    0.22999999999999998,
    3.5333333333333337,
    0.59,
    5.166666666666667,
    3.4333333333333336,
    0.54,
    2.28,
    0.10333333333333335,
    0.22666666666666668,
    0.32,
    26.5,
    0.16,
    0.15,
    0.16,
    0.7033333333333335,
    0.10666666666666667,
    0.18000000000000002,
    0.5966666666666667,
    0.69,
    0.09000000000000001,
    0.25333333333333335,
    1.7666666666666668,
    0.6566666666666667
  ],
  "selected_features": [
    "Fe2O3T_wt",
    "SiO2_wt",
    "Al2O3_wt"
  ],
  "selected_models": [],
  "stacking_used": false,
  "stacked_model": true,
  "number_of_models": 1,
  "final_estimator": "knn",
  "final_estimator_params": {
    "knn_n": 3,
    "knn_weights": "uniform"
  },
  "model_params": {
    "knn": {
      "knn_n": 3,
      "knn_weights": "uniform"
    }
  },
  "feature_names": [
    "K2O_wt",
    "Fe2O3T_wt",
    "SiO2_wt",
    "Al2O3_wt",
    "P2O5_tot_wt"
  ],
  "use_random_split": true,
  "use_feature_selection": true,
  "model_name": "KNN-FS",
  "error_mean": 0.903925925925926,
  "error_sdev": 5.290483704036064,
  "uncertainty_median": 5.1066666666666665,
  "uncertainty_mad": 7.831848638888889,
  "uncertainty_measure": 153.36518222367278,
  "feature_importance": {
    "K2O_wt": 0.03075014867317428,
    "Fe2O3T_wt": 1.0283472738673372,
    "SiO2_wt": 0.040706906296797324
  },
  "run": 1
}