{
  "y_test": [
    0.4,
    7.4,
    6.6,
    6.2,
    0.57,
    0.47,
    0.14,
    0.29,
    0.36,
    8.9,
    1.4,
    6.7,
    2.4,
    5.7,
    0.05,
    1.8,
    0.9,
    6.3,
    1.53,
    34.0,
    0.02,
    4.2,
    4.2,
    1.3,
    6.9,
    0.87,
    29.4,
    0.04,
    6.5,
    1.9,
    0.09,
    0.52,
    1.47,
    0.17,
    0.04,
    0.18,
    4.5,
    0.07,
    31.8,
    0.25,
    0.19,
    0.23,
    0.15,
    25.6,
    1.44
  ],
  "y_pred": [
    2.3906855462497796,
    7.976187635135175,
    13.232840234970302,
    6.597974993829973,
    -0.748460835044366,
    0.15580502520253836,
    -0.29182023193628515,
    0.04439483244306793,
    1.1924732922797754,
    9.522387028795375,
    1.7700483828940057,
    7.67398386147009,
    2.263335362447332,
    7.71086882095893,
    8.735530255844145,
    9.941194420097347,
    1.8245576331467428,
    9.061124969025954,
    -2.168897059806514,
    19.195270558092695,
    2.616043696826566,
    -0.6832663112232137,
    12.780886551147951,
    0.6896915019051515,
    7.67398386147009,
    1.1010538125992753,
    12.019484171909378,
    0.04439483244306793,
    12.019484171909378,
    -1.049669107424032,
    1.725884262441883,
    -1.700437120478252,
    1.0916005961261965,
    -2.9144606830529547,
    0.04439483244306793,
    -1.0314183674396062,
    7.67398386147009,
    -0.50587207381846,
    19.195270558092695,
    1.7285018395945106,
    -2.065371272592939,
    -0.009677535883192374,
    -1.505483736222963,
    23.708494966183807,
    0.04439483244306793
  ],
  "selected_features": [
    "K2O_wt",
    "Fe2O3T_wt",
    "SiO2_wt",
    "Al2O3_wt",
    "P2O5_tot_wt"
  ],
  "selected_models": [],
  "stacking_used": false,
  "stacked_model": true,
  "number_of_models": 1,
  "final_estimator": "lgbm",
  "final_estimator_params": {
    "lgbm_num_leaves": 50,
    "lgbm_lr": 0.25778004489622786,
    "lgbm_n_estimators": 230
  },
  "model_params": {
    "lgbm": {
      "lgbm_num_leaves": 50,
      "lgbm_lr": 0.25778004489622786,
      "lgbm_n_estimators": 230
    }
  },
  "use_random_split": true,
  "use_feature_selection": false,
  "model_name": "LGBM",
  "error_mean": 0.3415249585118529,
  "error_sdev": 4.965039701023999,
  "uncertainty_median": 11.729759475179982,
  "uncertainty_mad": 4.519662315876255,
  "uncertainty_measure": 38.5315856257735,
  "feature_importance": {
    "K2O_wt": 0.3540487069437479,
    "Fe2O3T_wt": -0.004581312351155992,
    "SiO2_wt": 0.03973001973447126,
    "Al2O3_wt": 0.15138016128211673,
    "P2O5_tot_wt": 0.9252129633300004
  }
}