{
  "y_test": [
    2.7,
    5.4,
    10.1,
    0.41,
    1.2,
    0.36,
    0.4,
    0.12,
    0.1,
    0.32,
    0.52,
    1.9,
    0.19,
    0.04,
    0.56,
    0.37,
    0.09,
    0.31,
    0.15,
    0.18,
    0.14,
    0.84,
    0.62,
    0.36,
    4.2,
    0.42,
    3.4,
    6.0,
    1.9,
    0.14,
    4.2,
    0.44,
    29.4,
    6.1,
    0.15,
    0.25,
    0.74,
    0.19,
    1.4,
    6.2,
    1.44,
    0.04,
    0.04,
    1.8,
    0.18
  ],
  "y_pred": [
    1.9660319089889526,
    6.5351881980896,
    20.78007698059082,
    0.5061482191085815,
    0.8508186340332031,
    0.19050759077072144,
    0.34466424584388733,
    0.16227583587169647,
    0.41350582242012024,
    0.4230160415172577,
    0.1068914607167244,
    1.3595967292785645,
    0.21112856268882751,
    0.49936291575431824,
    0.3630721867084503,
    0.29311224818229675,
    0.2065144181251526,
    -0.2337251603603363,
    0.17207247018814087,
    0.47058552503585815,
    0.0830988958477974,
    0.39338240027427673,
    0.48585987091064453,
    0.38874346017837524,
    2.330077886581421,
    0.27169564366340637,
    1.7354247570037842,
    4.869601726531982,
    3.091181993484497,
    0.3131469488143921,
    4.073530197143555,
    0.12581965327262878,
    14.108396530151367,
    4.963351726531982,
    2.747735023498535,
    0.20408807694911957,
    0.7007611989974976,
    -0.13153262436389923,
    1.2946935892105103,
    7.472707748413086,
    0.8525912165641785,
    0.4754672944545746,
    1.1301718950271606,
    18.271224975585938,
    0.14427149295806885
  ],
  "selected_features": [
    "K2O_wt",
    "Fe2O3T_wt",
    "SiO2_wt",
    "Al2O3_wt",
    "P2O5_tot_wt"
  ],
  "selected_models": [],
  "stacking_used": false,
  "stacked_model": true,
  "number_of_models": 1,
  "final_estimator": "xgb",
  "final_estimator_params": {
    "xgb_n_estimators": 201,
    "xgb_lr": 0.2833342626993563,
    "xgb_max_depth": 4,
    "xgb_subsample": 0.8953515700615522,
    "xgb_colsample": 0.7289052756419044
  },
  "model_params": {
    "xgb": {
      "xgb_n_estimators": 201,
      "xgb_lr": 0.2833342626993563,
      "xgb_max_depth": 4,
      "xgb_subsample": 0.8953515700615522,
      "xgb_colsample": 0.7289052756419044
    }
  },
  "use_random_split": true,
  "use_feature_selection": false,
  "model_name": "XGB",
  "error_mean": -0.22236303136083815,
  "error_sdev": 3.816954582856103,
  "uncertainty_median": 14.194574356079102,
  "uncertainty_mad": 6.2710652351379395,
  "uncertainty_measure": 44.17931160050765,
  "feature_importance": {
    "K2O_wt": 0.16807989331402395,
    "Fe2O3T_wt": 0.22958155889173038,
    "SiO2_wt": 0.30855773855166263,
    "Al2O3_wt": -0.014313855730761387,
    "P2O5_tot_wt": 1.9945854370941682
  }
}