{
  "y_test": [
    1.47,
    0.29,
    0.02,
    0.27,
    1.44,
    0.07,
    24.5,
    0.15,
    1.3,
    10.4,
    0.05,
    0.84,
    0.73,
    0.04,
    0.09,
    4.2,
    6.7,
    25.0,
    0.21,
    0.18,
    25.8,
    6.5,
    0.43,
    0.17,
    0.14,
    0.12,
    1.44,
    0.36,
    0.16,
    0.74,
    4.2,
    0.1,
    0.12,
    0.68,
    0.51,
    0.04,
    6.9,
    0.37,
    1.3,
    0.62,
    0.42,
    0.44,
    8.7,
    0.24,
    6.9
  ],
  "y_pred": [
    1.2158561463667383,
    0.13686941313889892,
    0.4990551326710444,
    1.442354308828226,
    0.15568665230981232,
    0.34847748279966956,
    26.642546895146943,
    1.6074115049601154,
    2.50260874039371,
    5.542919008271245,
    0.1683830662474572,
    0.24126281956149145,
    0.2465292834744595,
    0.2813357975991698,
    0.4005659320555897,
    5.009287865066686,
    6.703862824187563,
    27.772991992837763,
    1.3476079933123424,
    0.1910262352821355,
    26.47806609939454,
    6.863620311845011,
    0.0953426610410901,
    0.22229667097260067,
    16.505624773616226,
    2.9215234225890083,
    1.4958503317333993,
    0.21231825949358635,
    0.14659314670889634,
    0.22244987467137953,
    14.39445361544413,
    0.23424446745124686,
    1.9965090031815433,
    1.550795356643058,
    0.2778521661264078,
    0.09630539607398325,
    5.056240940991979,
    0.31798284784434044,
    2.623157122361326,
    0.258243778988973,
    3.2196913346902485,
    0.2817604185247633,
    6.624649174689872,
    0.5272498789391749,
    0.40349162581992604
  ],
  "selected_features": [
    "Fe2O3T_wt",
    "SiO2_wt",
    "P2O5_tot_wt"
  ],
  "selected_models": [],
  "stacking_used": false,
  "stacked_model": true,
  "number_of_models": 1,
  "final_estimator": "knn",
  "final_estimator_params": {
    "knn_n": 5,
    "knn_weights": "distance"
  },
  "model_params": {
    "knn": {
      "knn_n": 5,
      "knn_weights": "distance"
    }
  },
  "use_random_split": true,
  "use_feature_selection": true,
  "model_name": "KNN-FS",
  "error_mean": -0.6696211505410617,
  "error_sdev": 3.268644918913805,
  "uncertainty_median": 5.055625361368609,
  "uncertainty_mad": 8.303762953451178,
  "uncertainty_measure": 164.24798832806047,
  "feature_importance": {
    "K2O_wt": 0.022745670141610476,
    "Fe2O3T_wt": 1.99786079805614,
    "SiO2_wt": 0.027318911749342974
  }
}