{
  "y_test": [
    0.23,
    0.22,
    0.4,
    6.9,
    8.9,
    0.4,
    0.62,
    0.15,
    7.4,
    0.02,
    0.04,
    0.12,
    0.14,
    10.4,
    0.04,
    1.3,
    0.42,
    6.5,
    1.53,
    0.14,
    1.3,
    0.14,
    25.6,
    0.1,
    0.51,
    0.32,
    4.2,
    0.16,
    0.4,
    6.2,
    0.73,
    11.7,
    0.11,
    6.3,
    2.4,
    0.21,
    0.14,
    2.7,
    1.5,
    6.1,
    0.04,
    10.1,
    24.5,
    0.09,
    0.87
  ],
  "y_pred": [
    0.21257542073726654,
    -0.007550332695245743,
    0.12958502769470215,
    6.5166168212890625,
    11.02504825592041,
    0.2747776508331299,
    0.34810808300971985,
    0.7607306838035583,
    5.539586544036865,
    5.482536315917969,
    0.3308584690093994,
    4.0898332595825195,
    1.29688560962677,
    5.78816556930542,
    2.488847255706787,
    2.0855653285980225,
    -0.5612649321556091,
    11.608586311340332,
    0.5228396058082581,
    0.03740954026579857,
    1.6258463859558105,
    0.10513196885585785,
    25.19300651550293,
    0.408222496509552,
    0.31645020842552185,
    0.3402048647403717,
    4.874300956726074,
    0.6156003475189209,
    0.1794893890619278,
    7.681869029998779,
    0.4871542751789093,
    9.729554176330566,
    0.47303658723831177,
    4.328619480133057,
    2.3361470699310303,
    0.5924094915390015,
    0.799135148525238,
    2.1118602752685547,
    3.572632074356079,
    4.820600509643555,
    0.4063854217529297,
    17.164321899414062,
    26.011327743530273,
    2.302032232284546,
    2.2035672664642334
  ],
  "selected_features": [
    "K2O_wt",
    "Fe2O3T_wt",
    "SiO2_wt",
    "Al2O3_wt",
    "P2O5_tot_wt"
  ],
  "selected_models": [],
  "stacking_used": false,
  "stacked_model": true,
  "number_of_models": 1,
  "final_estimator": "xgb",
  "final_estimator_params": {
    "xgb_n_estimators": 117,
    "xgb_lr": 0.05662503437963366,
    "xgb_max_depth": 8,
    "xgb_subsample": 0.6013951323265238,
    "xgb_colsample": 0.972341764333245
  },
  "model_params": {
    "xgb": {
      "xgb_n_estimators": 117,
      "xgb_lr": 0.05662503437963366,
      "xgb_max_depth": 8,
      "xgb_subsample": 0.6013951323265238,
      "xgb_colsample": 0.972341764333245
    }
  },
  "feature_names": [
    "K2O_wt",
    "Fe2O3T_wt",
    "SiO2_wt",
    "Al2O3_wt",
    "P2O5_tot_wt"
  ],
  "use_random_split": true,
  "use_feature_selection": false,
  "model_name": "XGB",
  "error_mean": -0.5413032511671384,
  "error_sdev": 1.9979929488613857,
  "uncertainty_median": 9.455669403076172,
  "uncertainty_mad": 6.387723445892334,
  "uncertainty_measure": 67.55442870934388,
  "feature_importance": {
    "K2O_wt": 0.20245015806182282,
    "Fe2O3T_wt": 0.20933202198462159,
    "SiO2_wt": 0.4759001732343724,
    "Al2O3_wt": 0.029274482121832222,
    "P2O5_tot_wt": 1.1791663601606224
  },
  "run": 4
}