{
  "y_test": [
    0.36,
    0.14,
    6.9,
    0.18,
    8.7,
    38.0,
    6.5,
    0.04,
    0.1,
    0.09,
    7.4,
    1.44,
    0.14,
    0.19,
    0.15,
    0.03,
    25.8,
    0.07,
    1.47,
    0.09,
    25.0,
    0.09,
    0.14,
    34.0,
    1.4,
    1.3,
    0.14,
    0.37,
    0.56,
    1.2,
    6.6,
    0.34,
    0.44,
    3.4,
    0.04,
    6.7,
    1.9,
    0.36,
    0.87,
    0.31,
    0.51,
    0.19,
    4.2,
    0.07,
    0.14
  ],
  "y_pred": [
    0.4077803696622462,
    -0.036766143293159685,
    0.6953946697179364,
    0.5494935155271836,
    24.754141697309787,
    3.523024835212945,
    24.754141697309787,
    2.3669085495027042,
    0.8319962946196198,
    0.01449993528990458,
    15.384511244439828,
    2.4805126366460106,
    0.5494935155271836,
    0.9308164056250934,
    -0.006577482613536715,
    -0.8206256628783003,
    27.715718120526798,
    2.823213326228305,
    1.107448281384276,
    -0.06791273426735293,
    24.154996439784288,
    16.59425421367526,
    -0.3394026662995884,
    27.220302723560742,
    2.5909639251325522,
    1.2523337201608047,
    3.6136179201489926,
    1.0748798780193425,
    2.538333851782442,
    0.47691886734779104,
    9.409499675999795,
    -0.360428331063977,
    -1.0140621694591496,
    5.28009337312144,
    0.5494935155271836,
    7.308281268910335,
    6.074087893433244,
    -0.22937326345680553,
    1.2744817256308658,
    2.116246462028306,
    -0.3258143737263099,
    0.25305825462858683,
    6.670334287752586,
    -0.9744567376462504,
    -0.7380185815174283
  ],
  "selected_features": [
    "K2O_wt",
    "Fe2O3T_wt",
    "SiO2_wt",
    "Al2O3_wt",
    "P2O5_tot_wt"
  ],
  "selected_models": [],
  "stacking_used": false,
  "stacked_model": true,
  "number_of_models": 1,
  "final_estimator": "lgbm",
  "final_estimator_params": {
    "lgbm_num_leaves": 42,
    "lgbm_lr": 0.29431935381379554,
    "lgbm_n_estimators": 253
  },
  "model_params": {
    "lgbm": {
      "lgbm_num_leaves": 42,
      "lgbm_lr": 0.29431935381379554,
      "lgbm_n_estimators": 253
    }
  },
  "use_random_split": true,
  "use_feature_selection": false,
  "model_name": "LGBM",
  "error_mean": -0.7637296654433847,
  "error_sdev": 7.163571583775029,
  "uncertainty_median": 9.903412786773153,
  "uncertainty_mad": 4.492764029310984,
  "uncertainty_measure": 45.365816068087675,
  "feature_importance": {
    "K2O_wt": -0.06447161643137378,
    "Fe2O3T_wt": -0.01113795110250566,
    "SiO2_wt": 0.2304937920743551,
    "Al2O3_wt": 0.11110192758722158,
    "P2O5_tot_wt": 0.18925095716069457
  }
}