{
  "y_test": [
    8.7,
    1.3,
    0.52,
    0.57,
    1.4,
    0.1,
    0.23,
    0.51,
    0.19,
    0.44,
    0.27,
    0.41,
    0.09,
    0.34,
    0.35,
    0.46,
    0.14,
    0.4,
    0.14,
    0.07,
    0.21,
    0.43,
    1.53,
    0.42,
    2.7,
    0.68,
    8.0,
    10.4,
    0.04,
    2.4,
    2.4,
    0.15,
    0.19,
    0.47,
    0.24,
    5.1,
    0.04,
    0.37,
    0.18,
    2.4,
    5.4,
    7.4,
    0.14,
    4.5,
    0.13
  ],
  "y_pred": [
    15.19961977312142,
    -0.22808907178872204,
    -0.6775549321956588,
    -0.6775549321956588,
    0.6302392951426279,
    0.24620536787698988,
    0.19627595307982193,
    -0.2833148651464122,
    -2.7049737758586745,
    -0.4102154505737466,
    4.934070684155961,
    0.36207182604229765,
    -2.8057331963923753,
    1.1710582716528943,
    3.435426470785693,
    1.5140249044225342,
    1.5122860640813782,
    0.34517528055910973,
    0.34517528055910973,
    -0.5632993608930675,
    -0.015683770660834172,
    0.34517528055910973,
    0.17998011375926098,
    -0.8252436310438187,
    -1.0866369609098212,
    0.12950126921399924,
    4.583228122582573,
    8.47329312914444,
    4.776493571169075,
    2.2435706970753584,
    -1.804521750018483,
    0.9468293098629987,
    -2.6695342445856407,
    -0.6394711014622678,
    0.14239752004252487,
    6.429007634364324,
    0.34517528055910973,
    3.4143576322463622,
    0.34517528055910973,
    -0.9728436961971644,
    2.8284337674098823,
    7.544117351200091,
    -0.49152817161557416,
    8.47329312914444,
    1.3564303196419214
  ],
  "selected_features": [
    "K2O_wt",
    "Fe2O3T_wt",
    "SiO2_wt",
    "Al2O3_wt",
    "P2O5_tot_wt"
  ],
  "selected_models": [],
  "stacking_used": false,
  "stacked_model": true,
  "number_of_models": 1,
  "final_estimator": "lgbm",
  "final_estimator_params": {
    "lgbm_num_leaves": 62,
    "lgbm_lr": 0.2601365823968864,
    "lgbm_n_estimators": 64
  },
  "model_params": {
    "lgbm": {
      "lgbm_num_leaves": 62,
      "lgbm_lr": 0.2601365823968864,
      "lgbm_n_estimators": 64
    }
  },
  "use_random_split": true,
  "use_feature_selection": false,
  "model_name": "LGBM",
  "error_mean": 0.1546246740338556,
  "error_sdev": 2.2919727185413263,
  "uncertainty_median": 7.975195085079338,
  "uncertainty_mad": 4.935250688315418,
  "uncertainty_measure": 61.88250739531999,
  "feature_importance": {
    "K2O_wt": 0.46419825531307496,
    "Fe2O3T_wt": 0.16891117952697524,
    "SiO2_wt": 0.5162886117796256,
    "Al2O3_wt": 0.1087139691292378,
    "P2O5_tot_wt": 3.6556719120776804
  }
}