{
  "y_test": [
    1.53,
    0.04,
    0.52,
    0.15,
    0.19,
    2.4,
    0.23,
    25.0,
    0.37,
    1.3,
    6.2,
    0.15,
    0.13,
    0.17,
    0.4,
    0.19,
    0.1,
    0.14,
    0.29,
    0.84,
    4.2,
    1.3,
    0.24,
    29.4,
    0.31,
    0.68,
    6.9,
    0.04,
    0.07,
    0.24,
    0.41,
    0.21,
    2.7,
    0.14,
    0.37,
    0.36,
    6.7,
    0.27,
    22.1,
    0.87,
    0.46,
    5.7,
    0.12,
    0.25,
    0.15
  ],
  "y_pred": [
    4.518127406890169,
    4.566800572775719,
    3.228215674455164,
    3.1113944543276304,
    -1.083210371488434,
    -1.7509188520068975,
    1.0013624929245069,
    20.71687252082902,
    7.583424674177927,
    3.4381902272920435,
    4.780502195828763,
    -0.17140002201001892,
    3.5033359591393385,
    0.4147234283853507,
    0.705848416612092,
    -0.3407366321226064,
    0.6707551803926819,
    0.12093540786193557,
    -0.7156331306691683,
    -0.48049150709479704,
    7.027040239697346,
    4.36511321313872,
    -2.942184409803751,
    18.24657020859856,
    5.72254927827187,
    -0.2780170727768976,
    3.7032550186739037,
    0.10513951017080103,
    2.1635258645714543,
    3.379327484248769,
    1.5040795330525256,
    -2.3727482781214135,
    0.1728429808177978,
    3.657907533155395,
    0.7018202785946883,
    0.8421417337311468,
    5.023526098573427,
    3.2118383657102108,
    36.760905774866686,
    1.765876170045182,
    -0.3233788148721004,
    3.233323263810078,
    -2.056072345990401,
    2.847438427609852,
    1.8491735144955044
  ],
  "selected_features": [
    "K2O_wt",
    "Fe2O3T_wt",
    "SiO2_wt",
    "Al2O3_wt",
    "P2O5_tot_wt"
  ],
  "selected_models": [],
  "stacking_used": false,
  "stacked_model": true,
  "number_of_models": 1,
  "final_estimator": "lr",
  "final_estimator_params": {},
  "model_params": {
    "lr": {}
  },
  "use_random_split": true,
  "use_feature_selection": false,
  "model_name": "LR",
  "error_mean": -0.6133131481504396,
  "error_sdev": 3.7593695071160793,
  "uncertainty_median": 11.797986161547794,
  "uncertainty_mad": 8.304749563931747,
  "uncertainty_measure": 70.39124686379726,
  "feature_importance": {
    "K2O_wt": -0.0031264120530038308,
    "Fe2O3T_wt": 0.009720718360951092,
    "SiO2_wt": 1.4431627265800302,
    "Al2O3_wt": 0.08416115159683982,
    "P2O5_tot_wt": 0.10096174924933175
  }
}