{
  "y_test": [
    2.7,
    5.4,
    10.1,
    0.41,
    1.2,
    0.36,
    0.4,
    0.12,
    0.1,
    0.32,
    0.52,
    1.9,
    0.19,
    0.04,
    0.56,
    0.37,
    0.09,
    0.31,
    0.15,
    0.18,
    0.14,
    0.84,
    0.62,
    0.36,
    4.2,
    0.42,
    3.4,
    6.0,
    1.9,
    0.14,
    4.2,
    0.44,
    29.4,
    6.1,
    0.15,
    0.25,
    0.74,
    0.19,
    1.4,
    6.2,
    1.44,
    0.04,
    0.04,
    1.8,
    0.18
  ],
  "y_pred": [
    0.22224443289492868,
    1.4057298521843147,
    1.13570152319619,
    1.41128383148676,
    0.9712061430477217,
    0.38862705653490837,
    0.6885538521090959,
    0.45745267113162225,
    0.10414130343295369,
    0.9283158306421804,
    0.3751302574599884,
    5.471988857802879,
    0.26297371292442406,
    0.1940453799741273,
    0.7808963902163542,
    0.45308731887862885,
    0.2935857105614823,
    17.40967419292303,
    6.746498541732552,
    0.232724880695641,
    0.23992999729928588,
    0.3320323448837854,
    0.37148667508708666,
    0.0888885596002682,
    6.473321848249535,
    6.0381536709113055,
    2.662599536992782,
    7.037764973512789,
    9.262131300054183,
    0.45571955984287005,
    4.852654960659737,
    0.384174130923157,
    18.823268889130592,
    5.614747174808262,
    0.41543135537411,
    0.4773376382107828,
    0.19237717555120293,
    0.12337236162369258,
    1.21466332309034,
    7.062909965662067,
    0.44299052103425796,
    0.2072294813117539,
    0.28784470505187487,
    0.15215284437188226,
    0.22329481441830845
  ],
  "selected_features": [
    "Fe2O3T_wt",
    "SiO2_wt"
  ],
  "selected_models": [],
  "stacking_used": false,
  "stacked_model": true,
  "number_of_models": 1,
  "final_estimator": "gpr",
  "final_estimator_params": {
    "gpr_nu": 0.5,
    "gpr_const": 0.6442530191745,
    "gpr_length_scale": 7.574417787129093,
    "gpr_alpha": 0.007937626913388639
  },
  "model_params": {
    "gpr": {
      "gpr_nu": 0.5,
      "gpr_const": 0.6442530191745,
      "gpr_length_scale": 7.574417787129093,
      "gpr_alpha": 0.007937626913388639
    }
  },
  "use_random_split": true,
  "use_feature_selection": true,
  "model_name": "GPR-FS",
  "error_mean": -0.38578532327745985,
  "error_sdev": 3.8635641053408127,
  "uncertainty_median": 2.8417251637646483,
  "uncertainty_mad": 5.243910215630549,
  "uncertainty_measure": 184.53263118110775,
  "feature_importance": {
    "K2O_wt": -0.12636776867077068,
    "Fe2O3T_wt": 1.2338611498466838
  }
}