{
  "y_test": [
    3.4,
    0.34,
    1.4,
    5.7,
    0.19,
    0.03,
    0.52,
    2.6,
    0.04,
    0.56,
    25.0,
    0.16,
    3.8,
    0.41,
    0.13,
    0.14,
    0.11,
    0.46,
    8.7,
    34.0,
    6.3,
    31.8,
    0.15,
    0.4,
    1.53,
    0.29,
    0.37,
    2.4,
    0.12,
    4.2,
    0.17,
    0.52,
    6.7,
    1.0,
    6.2,
    0.15,
    22.1,
    0.47,
    0.15,
    0.84,
    4.5,
    0.1,
    0.05,
    0.32,
    0.14
  ],
  "y_pred": [
    1.4595688620579075,
    0.5538729998383102,
    1.156500226688225,
    7.5817118527663245,
    0.5538729998383102,
    0.5538729998383102,
    0.5538729998383102,
    0.7431816959491575,
    0.5538729998383102,
    0.6694996877244667,
    24.168624048836467,
    0.5538729998383102,
    7.52470477937994,
    0.5538729998383102,
    0.5538729998383102,
    0.8798839046423185,
    0.5538729998383102,
    0.7265862285006954,
    13.87418945256097,
    25.54820546565222,
    7.5817118527663245,
    25.495331902433833,
    0.5538729998383102,
    0.5538729998383102,
    0.5538729998383102,
    0.5538729998383102,
    0.5538729998383102,
    0.9671915305773776,
    0.9349051142755969,
    7.52470477937994,
    0.5538729998383102,
    0.5538729998383102,
    7.5817118527663245,
    0.7431816959491575,
    7.5817118527663245,
    0.7431816959491575,
    25.249437371058058,
    0.5538729998383102,
    0.5538729998383102,
    0.5538729998383102,
    7.5817118527663245,
    0.5538729998383102,
    10.465997539055595,
    0.5538729998383102,
    0.5538729998383102
  ],
  "selected_features": [
    "K2O_wt",
    "Fe2O3T_wt",
    "SiO2_wt",
    "Al2O3_wt",
    "P2O5_tot_wt"
  ],
  "selected_models": [],
  "stacking_used": false,
  "stacked_model": true,
  "number_of_models": 1,
  "final_estimator": "rf",
  "final_estimator_params": {
    "rf_n_estimators": 87,
    "rf_max_depth": 2
  },
  "model_params": {
    "rf": {
      "rf_n_estimators": 87,
      "rf_max_depth": 2
    }
  },
  "use_random_split": true,
  "use_feature_selection": false,
  "model_name": "RF",
  "error_mean": -0.45130313868767835,
  "error_sdev": 2.6309756723289697,
  "uncertainty_median": 16.282953956969493,
  "uncertainty_mad": 4.9679667982458655,
  "uncertainty_measure": 30.510230584539958,
  "feature_importance": {
    "K2O_wt": 0.18961112889699255,
    "Fe2O3T_wt": 0.006562093702460501,
    "SiO2_wt": 0.3066707783443628,
    "Al2O3_wt": 0.00306366269365955,
    "P2O5_tot_wt": 0.6687009622825881
  }
}