{
  "y_test": [
    8.9,
    0.19,
    0.34,
    0.37,
    6.9,
    0.12,
    0.19,
    34.0,
    0.51,
    0.52,
    1.3,
    0.32,
    0.1,
    1.44,
    0.21,
    0.15,
    6.7,
    3.8,
    6.9,
    0.1,
    1.47,
    0.14,
    0.04,
    0.17,
    0.04,
    6.3,
    0.11,
    0.07,
    0.68,
    0.19,
    0.4,
    0.17,
    0.37,
    2.7,
    0.02,
    0.04,
    0.07,
    0.73,
    0.24,
    0.35,
    1.2,
    0.43,
    0.15,
    0.4,
    25.8
  ],
  "y_pred": [
    9.489355087280273,
    0.3075719177722931,
    0.6423909664154053,
    0.9436268210411072,
    6.114335536956787,
    0.6254070401191711,
    0.4283919632434845,
    27.373323440551758,
    0.3126194179058075,
    0.5003665685653687,
    1.33280611038208,
    0.7446287870407104,
    0.38336285948753357,
    0.2691872715950012,
    0.18600629270076752,
    0.7290618419647217,
    5.955461025238037,
    5.03264045715332,
    1.2752909660339355,
    0.31136319041252136,
    0.781221866607666,
    0.27304571866989136,
    0.3484720289707184,
    0.43886521458625793,
    0.14245827496051788,
    4.491421699523926,
    0.27304571866989136,
    1.2148842811584473,
    0.8227429986000061,
    0.4554198682308197,
    0.40664243698120117,
    0.29197946190834045,
    0.5197861790657043,
    2.0376598834991455,
    1.695620059967041,
    0.499605268239975,
    0.20754800736904144,
    0.6781716346740723,
    0.30946823954582214,
    0.3083679676055908,
    0.7254629731178284,
    0.14753463864326477,
    0.6168224811553955,
    0.35668864846229553,
    23.378732681274414
  ],
  "selected_features": [
    "K2O_wt",
    "Fe2O3T_wt",
    "SiO2_wt",
    "Al2O3_wt",
    "P2O5_tot_wt"
  ],
  "selected_models": [],
  "stacking_used": false,
  "stacked_model": true,
  "number_of_models": 1,
  "final_estimator": "xgb",
  "final_estimator_params": {
    "xgb_n_estimators": 136,
    "xgb_lr": 0.0257482009330074,
    "xgb_max_depth": 8,
    "xgb_subsample": 0.9780097651630951,
    "xgb_colsample": 0.9999468641617087
  },
  "model_params": {
    "xgb": {
      "xgb_n_estimators": 136,
      "xgb_lr": 0.0257482009330074,
      "xgb_max_depth": 8,
      "xgb_subsample": 0.9780097651630951,
      "xgb_colsample": 0.9999468641617087
    }
  },
  "use_random_split": true,
  "use_feature_selection": false,
  "model_name": "XGB",
  "error_mean": 0.2435807601478365,
  "error_sdev": 1.4616089695825671,
  "uncertainty_median": 9.599403381347656,
  "uncertainty_mad": 6.478121757507324,
  "uncertainty_measure": 67.48462899366005,
  "feature_importance": {
    "K2O_wt": 0.11394686004501269,
    "Fe2O3T_wt": 0.021089479587285524,
    "SiO2_wt": 0.5775264318081462,
    "Al2O3_wt": -0.0017940159215466146,
    "P2O5_tot_wt": 0.6907474596133943
  }
}