{
  "y_test": [
    0.05,
    0.23,
    0.04,
    2.4,
    1.47,
    31.8,
    0.14,
    0.74,
    0.29,
    0.19,
    0.17,
    2.6,
    1.4,
    2.4,
    0.56,
    0.02,
    1.3,
    0.62,
    1.4,
    4.2,
    0.52,
    0.1,
    5.1,
    6.5,
    22.1,
    0.84,
    0.27,
    25.6,
    0.68,
    10.4,
    0.44,
    0.25,
    8.0,
    2.4,
    0.29,
    0.15,
    0.18,
    0.17,
    0.09,
    29.4,
    1.8,
    0.27,
    0.9,
    6.9,
    0.04
  ],
  "y_pred": [
    1.135535720244348,
    0.3224687251253415,
    -0.04454240266615034,
    0.8102537046604765,
    1.8824383346630567,
    23.241848720986262,
    0.8086114260371964,
    1.1383097437183034,
    1.0045542254420134,
    -1.2697799269039338,
    -1.3696096913232303,
    0.8630908836431898,
    1.0170542056068965,
    0.7993728840262616,
    2.1018565925125974,
    1.8726661199771535,
    1.0170542056068965,
    0.7829403359930798,
    1.6854370171393696,
    7.52644126732277,
    -0.38985948629672695,
    0.348035928879267,
    7.029777538707068,
    13.786263079728142,
    23.12796130695216,
    -0.43017437290824545,
    1.7484520705519913,
    23.12796130695216,
    0.6963821247900273,
    7.1709405801389625,
    -0.4015818154922802,
    0.4203898114790685,
    6.458541280682436,
    1.4338388162478564,
    0.8024277817767496,
    0.9515321989474098,
    -0.47409421776623384,
    0.12418259109798081,
    0.8602577274049212,
    13.786263079728142,
    9.06594307818701,
    -0.452454415263865,
    0.19470807211072008,
    1.588498531104933,
    0.8024277817767496
  ],
  "selected_features": [
    "K2O_wt",
    "Fe2O3T_wt",
    "SiO2_wt",
    "Al2O3_wt",
    "P2O5_tot_wt"
  ],
  "selected_models": [],
  "stacking_used": false,
  "stacked_model": true,
  "number_of_models": 1,
  "final_estimator": "lgbm",
  "final_estimator_params": {
    "lgbm_num_leaves": 93,
    "lgbm_lr": 0.05538535671417993,
    "lgbm_n_estimators": 264
  },
  "model_params": {
    "lgbm": {
      "lgbm_num_leaves": 93,
      "lgbm_lr": 0.05538535671417993,
      "lgbm_n_estimators": 264
    }
  },
  "use_random_split": true,
  "use_feature_selection": false,
  "model_name": "LGBM",
  "error_mean": 0.41571950063714896,
  "error_sdev": 3.401971609909505,
  "uncertainty_median": 10.916479182551807,
  "uncertainty_mad": 4.665785606880494,
  "uncertainty_measure": 42.7407548611276,
  "feature_importance": {
    "K2O_wt": 0.2654934973269899,
    "Fe2O3T_wt": -0.005224737181601431,
    "SiO2_wt": 0.04679773486533749,
    "Al2O3_wt": 0.04908201331860487,
    "P2O5_tot_wt": 0.9497705855226941
  }
}