{
  "y_test": [
    1.9,
    1.44,
    0.09,
    2.4,
    0.68,
    0.42,
    34.0,
    25.6,
    2.6,
    0.27,
    25.0,
    0.18,
    0.24,
    6.3,
    0.32,
    1.47,
    0.74,
    1.4,
    0.41,
    1.3,
    6.7,
    0.87,
    0.15,
    1.53,
    0.46,
    6.5,
    1.2,
    2.4,
    0.37,
    0.04,
    0.35,
    1.8,
    0.25,
    0.19,
    0.34,
    11.7,
    0.14,
    0.1,
    0.04,
    0.18,
    0.1,
    5.1,
    0.37,
    4.2,
    0.27
  ],
  "y_pred": [
    2.445982481017169,
    -0.14552520567369354,
    1.4213349069910741,
    2.594745814121099,
    1.6526118439306567,
    1.4626389622953557,
    3.1876242634334293,
    4.712459082860378,
    2.416251110452669,
    0.9025358118005105,
    7.249288964634261,
    0.06688670048044298,
    1.7004028640175304,
    6.62560697021442,
    1.0845211509449735,
    1.6119547080021444,
    1.1218381590525124,
    2.3398667732063023,
    1.677550491686145,
    2.2105755183193248,
    5.7743419229019555,
    1.5520181904011991,
    0.7338439109991621,
    1.4666710365491444,
    1.0969881682026759,
    7.6807152267842955,
    1.2764599429669552,
    1.4661487095414656,
    0.8804208039452075,
    0.10341861766018812,
    1.1634174690770887,
    2.0454143584625024,
    1.0875055442702704,
    -0.5013005827377337,
    0.592196400846629,
    4.001047536877809,
    0.8563206682844229,
    0.8722505825459634,
    0.006254670181242483,
    0.616444972813502,
    0.633432776623698,
    2.994351768042927,
    1.1914587308899327,
    2.828225421827539,
    1.7596024923166467
  ],
  "selected_features": [
    "K2O_wt",
    "Fe2O3T_wt",
    "SiO2_wt",
    "Al2O3_wt",
    "P2O5_tot_wt"
  ],
  "selected_models": [],
  "stacking_used": false,
  "stacked_model": true,
  "number_of_models": 1,
  "final_estimator": "svr",
  "final_estimator_params": {
    "svr_C": 0.33420980176581433,
    "svr_epsilon": 0.6516305484116437
  },
  "model_params": {
    "svr": {
      "svr_C": 0.33420980176581433,
      "svr_epsilon": 0.6516305484116437
    }
  },
  "use_random_split": true,
  "use_feature_selection": false,
  "model_name": "SVR",
  "error_mean": 1.413182206398636,
  "error_sdev": 6.217577886449763,
  "uncertainty_median": 4.3681636520598985,
  "uncertainty_mad": 1.6251487928670052,
  "uncertainty_measure": 37.204393477809205,
  "feature_importance": {
    "K2O_wt": -0.0024353571984289412,
    "Fe2O3T_wt": 0.01756039880773002,
    "SiO2_wt": 0.07194118015336293,
    "Al2O3_wt": -0.0060147271498661396,
    "P2O5_tot_wt": 0.19595570040783272
  }
}