{
  "y_test": [
    0.09,
    0.14,
    25.6,
    6.6,
    0.04,
    0.24,
    0.22,
    0.07,
    0.4,
    22.1,
    0.31,
    1.3,
    6.7,
    0.32,
    0.09,
    0.02,
    0.17,
    10.4,
    0.04,
    0.16,
    1.18,
    6.0,
    6.1,
    6.5,
    0.14,
    0.17,
    5.4,
    0.15,
    0.36,
    25.8,
    0.07,
    0.37,
    0.16,
    0.12,
    10.1,
    7.4,
    0.25,
    2.4,
    1.2,
    6.2,
    0.1,
    1.53,
    0.52,
    11.7,
    1.9
  ],
  "y_pred": [
    -0.11217134843241183,
    -1.0506793320892953,
    24.9717717139247,
    11.950060594833502,
    0.8942413376050169,
    3.4319837463265443,
    -1.1527963893260846,
    -1.1613020925480413,
    3.789264384794059,
    50.81284246421598,
    5.727585449399058,
    3.7980003473066155,
    5.609373931829353,
    -0.9083823462459364,
    12.233424848778686,
    0.11062972758668366,
    -0.15506991030536454,
    10.383255783683271,
    -0.5292943795519491,
    2.485119381145779,
    -0.3610226480204517,
    6.129168728391132,
    6.903376758558604,
    14.4940705794601,
    -1.5606413811853983,
    2.3920510727425466,
    5.437896395353974,
    0.18421228848449545,
    0.9145537483620032,
    35.98400916655342,
    1.9141531110833654,
    7.591592274314468,
    1.7845212468536786,
    0.9006232524784394,
    15.581456088330203,
    13.022221927912149,
    2.745143164964823,
    -1.6574963553769777,
    1.6703340808883596,
    -0.14442544095205534,
    0.35422572376592854,
    4.7680346972292185,
    3.2614317396275325,
    12.307259602300647,
    9.633600842823004
  ],
  "selected_features": [
    "K2O_wt",
    "Fe2O3T_wt",
    "SiO2_wt",
    "Al2O3_wt",
    "P2O5_tot_wt"
  ],
  "selected_models": [],
  "stacking_used": false,
  "stacked_model": true,
  "number_of_models": 1,
  "final_estimator": "lr",
  "final_estimator_params": {},
  "model_params": {
    "lr": {}
  },
  "use_random_split": true,
  "use_feature_selection": false,
  "model_name": "LR",
  "error_mean": -2.3232935239527417,
  "error_sdev": 5.372629049435583,
  "uncertainty_median": 15.08201145560744,
  "uncertainty_mad": 10.143685993391099,
  "uncertainty_measure": 67.25685113851118,
  "feature_importance": {
    "K2O_wt": -0.03611085923137575,
    "Fe2O3T_wt": 0.3178625845673519,
    "SiO2_wt": 1.147637668316122,
    "Al2O3_wt": -0.06067386845524432,
    "P2O5_tot_wt": 0.1765524540994711
  }
}