{
  "y_test": [
    1.3,
    24.5,
    0.51,
    0.25,
    0.04,
    6.2,
    1.53,
    0.17,
    0.07,
    0.1,
    0.19,
    1.4,
    0.04,
    10.4,
    0.18,
    0.36,
    0.09,
    0.14,
    0.27,
    0.14,
    0.07,
    0.22,
    6.9,
    0.14,
    0.05,
    0.15,
    2.4,
    31.8,
    0.29,
    1.44,
    38.0,
    1.5,
    0.12,
    1.18,
    0.14,
    0.29,
    6.2,
    1.2,
    2.4,
    1.3,
    1.9,
    2.7,
    1.8,
    6.5,
    8.7
  ],
  "y_pred": [
    0.22770515079352888,
    25.11659920462692,
    -0.4331590030903669,
    0.2976374306939217,
    1.8617533835426854,
    1.1739502823828158,
    -5.824846694725579,
    -0.7049835089641187,
    0.6468966061544482,
    0.7260441969596884,
    -2.0204677350844182,
    3.308967559751054,
    0.5901168751246956,
    11.617379443523578,
    0.707199294332022,
    0.12200538934782518,
    0.297565558819386,
    0.5598723441576885,
    1.8388109167427331,
    0.8447367688233484,
    0.3918021749187027,
    0.5083371146061126,
    3.5176729742907273,
    -2.0474582093724973,
    1.4069980075357222,
    -0.6456417588279083,
    0.07169167508316363,
    25.11659920462692,
    1.704501334889991,
    2.978463716024739,
    2.97497207484527,
    1.9760212419540246,
    3.6012537582633684,
    0.8503529921346987,
    0.5901168751246956,
    0.5901168751246956,
    6.938818446573264,
    -1.2700830948746142,
    0.9241783720834638,
    0.6424667431432436,
    4.869939636034066,
    1.3226493002270898,
    9.08496006578351,
    24.304829669510614,
    18.299640868238264
  ],
  "selected_features": [
    "K2O_wt",
    "SiO2_wt",
    "Al2O3_wt",
    "P2O5_tot_wt"
  ],
  "selected_models": [],
  "stacking_used": false,
  "stacked_model": true,
  "number_of_models": 1,
  "final_estimator": "lgbm",
  "final_estimator_params": {
    "lgbm_num_leaves": 94,
    "lgbm_lr": 0.29950976048104144,
    "lgbm_n_estimators": 277
  },
  "model_params": {
    "lgbm": {
      "lgbm_num_leaves": 94,
      "lgbm_lr": 0.29950976048104144,
      "lgbm_n_estimators": 277
    }
  },
  "use_random_split": true,
  "use_feature_selection": true,
  "model_name": "LGBM-FS",
  "error_mean": 0.3469559217365963,
  "error_sdev": 6.554056709887873,
  "uncertainty_median": 10.181621627090516,
  "uncertainty_mad": 4.478732900730718,
  "uncertainty_measure": 43.988404448403706,
  "feature_importance": {
    "K2O_wt": 0.05480281440187959,
    "Fe2O3T_wt": 0.0008676500870470006,
    "SiO2_wt": 0.006622230819534471,
    "Al2O3_wt": 0.3953371800847595
  }
}