{
  "y_test": [
    0.29,
    1.44,
    0.12,
    0.07,
    6.5,
    2.4,
    8.9,
    8.0,
    29.4,
    1.9,
    6.2,
    0.09,
    0.24,
    0.14,
    31.8,
    6.2,
    0.04,
    0.18,
    0.02,
    0.04,
    0.04,
    0.04,
    0.05,
    25.6,
    0.74,
    34.0,
    5.7,
    1.44,
    2.4,
    0.19,
    0.37,
    6.7,
    0.14,
    0.36,
    1.3,
    10.4,
    0.41,
    2.6,
    7.4,
    0.24,
    0.31,
    0.14,
    4.2,
    0.19,
    6.0
  ],
  "y_pred": [
    2.1874484652906903,
    0.25788545791906436,
    0.3611019183489339,
    1.5440315036507024,
    6.796690586286013,
    2.2938958742142685,
    3.776014517433087,
    4.9616302590145995,
    13.267937279218545,
    3.1994538718826937,
    2.6865529145127205,
    2.163237852881898,
    1.2419630735889529,
    1.636342556958441,
    5.387306010973794,
    6.966049638857607,
    0.5129384837791582,
    1.155878348967573,
    1.4785015555016754,
    1.457186508573801,
    0.5802389093872957,
    0.6177038040681859,
    4.581724918156549,
    4.71725003379237,
    1.6344089370794368,
    4.655472207010987,
    3.6170398997907705,
    2.1079703292478507,
    1.652881421384842,
    1.1744036549247192,
    1.399739824253262,
    8.067462990447678,
    1.9293860427757494,
    0.44278172025883444,
    2.7648701979503993,
    3.8744760213407896,
    1.735314192984464,
    2.757369978542828,
    6.027618306522377,
    1.2876266754576506,
    1.7225851805602286,
    1.121925662957087,
    5.086491674246774,
    1.2927281510530864,
    3.5256019621115477
  ],
  "selected_features": [
    "K2O_wt",
    "Fe2O3T_wt",
    "SiO2_wt",
    "Al2O3_wt",
    "P2O5_tot_wt"
  ],
  "selected_models": [],
  "stacking_used": false,
  "stacked_model": true,
  "number_of_models": 1,
  "final_estimator": "svr",
  "final_estimator_params": {
    "svr_C": 1.9366791457513837,
    "svr_epsilon": 0.9957643907752318
  },
  "model_params": {
    "svr": {
      "svr_C": 1.9366791457513837,
      "svr_epsilon": 0.9957643907752318
    }
  },
  "use_random_split": true,
  "use_feature_selection": false,
  "model_name": "SVR",
  "error_mean": 1.8493973472408896,
  "error_sdev": 7.177027113765906,
  "uncertainty_median": 7.429551959708938,
  "uncertainty_mad": 2.6154751247347425,
  "uncertainty_measure": 35.20367229300873,
  "feature_importance": {
    "K2O_wt": 0.016261040724153533,
    "Fe2O3T_wt": -0.003758013148459717,
    "SiO2_wt": 0.11576225847718019,
    "Al2O3_wt": -0.031155350974085377,
    "P2O5_tot_wt": 0.23731957228337094
  }
}