{
  "y_test": [
    8.7,
    1.3,
    0.52,
    0.57,
    1.4,
    0.1,
    0.23,
    0.51,
    0.19,
    0.44,
    0.27,
    0.41,
    0.09,
    0.34,
    0.35,
    0.46,
    0.14,
    0.4,
    0.14,
    0.07,
    0.21,
    0.43,
    1.53,
    0.42,
    2.7,
    0.68,
    8.0,
    10.4,
    0.04,
    2.4,
    2.4,
    0.15,
    0.19,
    0.47,
    0.24,
    5.1,
    0.04,
    0.37,
    0.18,
    2.4,
    5.4,
    7.4,
    0.14,
    4.5,
    0.13
  ],
  "y_pred": [
    6.511676811053215,
    4.063937832966369,
    1.0713449925485583,
    0.6685044419199433,
    0.9023776886496511,
    0.2670535496949613,
    0.061161342345544156,
    0.15135786350033698,
    0.18322409347372126,
    0.16268826836295514,
    0.6781446648128084,
    -0.9548393482889335,
    0.24363251357605797,
    1.750158381279709,
    2.4169233431633996,
    1.919752605135133,
    -2.057483418756984,
    0.18690005141279808,
    0.6091483240224869,
    0.34115843257603906,
    1.51639654634416,
    0.14457578908230406,
    1.8142427539783967,
    6.414877618502935,
    0.6318784488070244,
    1.1578216379286634,
    5.261787465266083,
    7.7035536733768435,
    0.981128588784637,
    0.42016411281135424,
    -0.8978952784653256,
    1.796252721595145,
    0.32688854392738254,
    0.3035897888087069,
    0.36974532382950764,
    3.289403943736004,
    0.0366307558419674,
    13.949127211589147,
    0.16678812771130058,
    2.5181420335164715,
    2.4640056243160755,
    6.288823607533179,
    0.15046040928705295,
    5.063502772672793,
    0.2525779358135063
  ],
  "selected_features": [
    "K2O_wt",
    "Fe2O3T_wt",
    "SiO2_wt",
    "Al2O3_wt",
    "P2O5_tot_wt"
  ],
  "selected_models": [],
  "stacking_used": false,
  "stacked_model": true,
  "number_of_models": 1,
  "final_estimator": "gpr",
  "final_estimator_params": {
    "gpr_nu": 0.5,
    "gpr_const": 3.5016236366551396,
    "gpr_length_scale": 0.46439922648876075,
    "gpr_alpha": 0.009976222213340604
  },
  "model_params": {
    "gpr": {
      "gpr_nu": 0.5,
      "gpr_const": 3.5016236366551396,
      "gpr_length_scale": 0.46439922648876075,
      "gpr_alpha": 0.009976222213340604
    }
  },
  "use_random_split": true,
  "use_feature_selection": false,
  "model_name": "GPR",
  "error_mean": -0.19447316866762418,
  "error_sdev": 2.6136493154428497,
  "uncertainty_median": 1.724677275799915,
  "uncertainty_mad": 2.168431327292661,
  "uncertainty_measure": 125.72968622706126,
  "feature_importance": {
    "K2O_wt": -0.06542902558214679,
    "Fe2O3T_wt": 0.07835979601764292,
    "SiO2_wt": 1.4220507320281117,
    "Al2O3_wt": -0.20161291522658112,
    "P2O5_tot_wt": 0.12264629532238656
  }
}