{
  "y_test": [
    0.52,
    2.7,
    0.47,
    7.0,
    1.3,
    1.53,
    0.25,
    4.2,
    6.7,
    1.9,
    0.21,
    0.25,
    0.22,
    0.19,
    1.0,
    0.27,
    0.17,
    6.9,
    8.7,
    1.4,
    0.36,
    1.44,
    0.14,
    24.5,
    0.19,
    0.19,
    6.0,
    4.2,
    1.47,
    0.03,
    6.2,
    1.18,
    0.57,
    0.29,
    6.2,
    3.4,
    1.9,
    0.04,
    1.3,
    0.23,
    5.1,
    0.84,
    1.2,
    6.5,
    0.09
  ],
  "y_pred": [
    0.23274386837066485,
    0.9448362392729797,
    0.872114450457694,
    5.119427496379198,
    2.942918493960483,
    0.6267098941529002,
    0.46809997585986857,
    4.56764001810197,
    4.25918419708778,
    5.916801689611362,
    0.3309036273821801,
    0.25531014243687583,
    1.0809711270661357,
    0.19729489075548526,
    2.9732045592949805,
    2.067355988975924,
    0.3021569687414917,
    4.284299718890771,
    7.126454375844619,
    2.7196095014523727,
    0.5510415671865129,
    2.092283894678463,
    0.2217286139868578,
    23.473705694315274,
    0.24307679483920264,
    0.5805813568539194,
    4.54266335196382,
    7.194487756135455,
    1.2340175720220234,
    0.24488509578799733,
    1.8875362028642717,
    1.1685042508297452,
    0.41973971688765455,
    0.29043864493252075,
    4.3426110123837605,
    3.8696707127435257,
    4.346810348499957,
    0.15787803548309368,
    0.981877136896781,
    0.39337170236759034,
    3.929514519564377,
    0.31869530465689977,
    1.0384118650877547,
    6.414766540266056,
    0.2312901578416589
  ],
  "selected_features": [
    "K2O_wt",
    "SiO2_wt",
    "Al2O3_wt",
    "P2O5_tot_wt"
  ],
  "selected_models": [],
  "stacking_used": false,
  "stacked_model": true,
  "number_of_models": 1,
  "final_estimator": "knn",
  "final_estimator_params": {
    "knn_n": 16,
    "knn_weights": "distance"
  },
  "model_params": {
    "knn": {
      "knn_n": 16,
      "knn_weights": "distance"
    }
  },
  "use_random_split": true,
  "use_feature_selection": true,
  "model_name": "KNN-FS",
  "error_mean": 0.044052776151757546,
  "error_sdev": 1.4655530350669599,
  "uncertainty_median": 3.8939760212515724,
  "uncertainty_mad": 3.7909940280503167,
  "uncertainty_measure": 97.35535112082802,
  "feature_importance": {
    "K2O_wt": 0.006662173644939709,
    "Fe2O3T_wt": 1.4803936081674716,
    "SiO2_wt": 0.0789216420057671,
    "Al2O3_wt": 0.03119553567350419
  }
}