{
  "y_test": [
    0.04,
    2.4,
    0.29,
    0.29,
    0.42,
    1.4,
    0.1,
    6.6,
    0.36,
    0.07,
    0.04,
    0.31,
    4.5,
    38.0,
    2.6,
    0.52,
    3.8,
    0.27,
    6.2,
    11.7,
    0.16,
    0.14,
    1.44,
    0.4,
    0.04,
    2.4,
    5.1,
    0.21,
    0.05,
    0.07,
    1.47,
    0.09,
    0.56,
    25.6,
    0.44,
    0.57,
    0.37,
    6.0,
    0.19,
    10.1,
    0.17,
    6.2,
    1.5,
    5.4,
    6.7
  ],
  "y_pred": [
    0.22781649292115214,
    -0.24236726854354984,
    0.05286921965643243,
    4.995324814748293,
    0.7399628201029143,
    1.2763375448436713,
    0.48559558964832306,
    5.760843956663248,
    0.23370578488420035,
    0.07881457695319538,
    0.4541149540160623,
    -0.35181906454512335,
    4.592421150077415,
    0.9662361927522145,
    2.722851929452612,
    0.2965687916917843,
    3.563833745798072,
    0.26024745486842127,
    12.821191961954746,
    3.2515551750655485,
    0.10467377286116664,
    0.07750769693797421,
    0.06753415168621224,
    -0.659395510040722,
    0.2035202966688323,
    2.422837703374186,
    3.9998119169011477,
    0.11608577759209648,
    21.67524922804699,
    2.0548610698627936,
    0.8233239934904768,
    0.2210479593017869,
    0.15435679957194104,
    29.23877694859478,
    0.4153055168328361,
    0.48058273064103396,
    0.8515186369600696,
    4.01212030695221,
    0.023795866183389247,
    6.595705161580862,
    0.3384868888786077,
    5.518380247171266,
    0.6912323956108937,
    2.9792958899681072,
    10.360096118995216
  ],
  "selected_features": [
    "K2O_wt",
    "Fe2O3T_wt",
    "SiO2_wt",
    "Al2O3_wt",
    "P2O5_tot_wt"
  ],
  "selected_models": [],
  "stacking_used": false,
  "stacked_model": true,
  "number_of_models": 1,
  "final_estimator": "gpr",
  "final_estimator_params": {
    "gpr_nu": 1.5,
    "gpr_const": 7.347315008896512,
    "gpr_length_scale": 8.43524494005347,
    "gpr_alpha": 0.004386184043747611
  },
  "model_params": {
    "gpr": {
      "gpr_nu": 1.5,
      "gpr_const": 7.347315008896512,
      "gpr_length_scale": 8.43524494005347,
      "gpr_alpha": 0.004386184043747611
    }
  },
  "use_random_split": true,
  "use_feature_selection": false,
  "model_name": "GPR",
  "error_mean": 0.45171516916369353,
  "error_sdev": 6.800847740182267,
  "uncertainty_median": 7.200051077949238,
  "uncertainty_mad": 8.574369585225304,
  "uncertainty_measure": 119.08762163486634,
  "feature_importance": {
    "K2O_wt": -0.0020731550089350004,
    "Fe2O3T_wt": -0.10904194841514321,
    "SiO2_wt": 0.37172923746797876,
    "Al2O3_wt": -0.0036280549302600174,
    "P2O5_tot_wt": 0.11576235420221076
  }
}