{
  "y_test": [
    11.7,
    6.6,
    3.8,
    0.04,
    0.15,
    0.04,
    2.4,
    8.7,
    6.7,
    24.5,
    1.9,
    1.4,
    2.7,
    0.24,
    0.14,
    3.4,
    34.0,
    0.04,
    0.04,
    4.2,
    0.15,
    1.47,
    0.18,
    0.37,
    7.4,
    0.19,
    0.04,
    25.6,
    0.34,
    1.5,
    0.15,
    1.53,
    0.09,
    0.35,
    0.05,
    0.14,
    0.37,
    4.2,
    1.44,
    25.6,
    0.23,
    0.57,
    0.43,
    0.17,
    0.17
  ],
  "y_pred": [
    8.440245765846406,
    8.049446945403803,
    8.081988758431223,
    1.2516615939248374,
    0.5423380860744302,
    1.0408351590385996,
    0.3499556569293474,
    18.15451451003349,
    8.081988758431223,
    18.350886776511395,
    2.2633340470493004,
    2.273733497313694,
    0.308321282093059,
    0.6024436630324037,
    1.0408351590385996,
    0.560641632023561,
    18.350886776511395,
    0.35525268639964236,
    8.727333876912008,
    0.560641632023561,
    1.056131498924516,
    0.8875924715842034,
    -0.04940867013906979,
    0.8638455387658482,
    8.440245765846406,
    1.2933917454683366,
    0.9587250885567873,
    18.350886776511395,
    0.8749070999483604,
    2.448793797523848,
    0.7483936832370588,
    1.1674188748042904,
    1.056131498924516,
    -0.06832096862394423,
    2.306536540540819,
    0.32637077718507845,
    0.3392786212010912,
    8.081988758431223,
    1.0408351590385996,
    18.350886776511395,
    0.4036825578389736,
    0.34835266368895734,
    1.0408351590385996,
    1.27809540558242,
    1.0408351590385996
  ],
  "selected_features": [
    "K2O_wt",
    "Fe2O3T_wt",
    "SiO2_wt",
    "Al2O3_wt",
    "P2O5_tot_wt"
  ],
  "selected_models": [],
  "stacking_used": false,
  "stacked_model": true,
  "number_of_models": 1,
  "final_estimator": "lgbm",
  "final_estimator_params": {
    "lgbm_num_leaves": 58,
    "lgbm_lr": 0.09458527204153536,
    "lgbm_n_estimators": 81
  },
  "model_params": {
    "lgbm": {
      "lgbm_num_leaves": 58,
      "lgbm_lr": 0.09458527204153536,
      "lgbm_n_estimators": 81
    }
  },
  "feature_names": [
    "K2O_wt",
    "Fe2O3T_wt",
    "SiO2_wt",
    "Al2O3_wt",
    "P2O5_tot_wt"
  ],
  "use_random_split": true,
  "use_feature_selection": false,
  "model_name": "LGBM",
  "error_mean": 0.12102848794554913,
  "error_sdev": 3.8463310146385816,
  "uncertainty_median": 8.081988758431223,
  "uncertainty_mad": 4.14417203007823,
  "uncertainty_measure": 51.276636901467874,
  "feature_importance": {
    "K2O_wt": 0.3552521616012519,
    "Fe2O3T_wt": 0.00014242211636213308,
    "SiO2_wt": 0.012988620995350707,
    "Al2O3_wt": 0.00701812686407842,
    "P2O5_tot_wt": 1.0645110423135133
  },
  "run": 3
}