{
  "y_test": [
    0.09,
    0.14,
    25.6,
    6.6,
    0.04,
    0.24,
    0.22,
    0.07,
    0.4,
    22.1,
    0.31,
    1.3,
    6.7,
    0.32,
    0.09,
    0.02,
    0.17,
    10.4,
    0.04,
    0.16,
    1.18,
    6.0,
    6.1,
    6.5,
    0.14,
    0.17,
    5.4,
    0.15,
    0.36,
    25.8,
    0.07,
    0.37,
    0.16,
    0.12,
    10.1,
    7.4,
    0.25,
    2.4,
    1.2,
    6.2,
    0.1,
    1.53,
    0.52,
    11.7,
    1.9
  ],
  "y_pred": [
    -0.8483844221174328,
    0.04222762342470464,
    25.465694585001604,
    4.694972181505384,
    20.73681612990532,
    0.3806796488583093,
    0.1955648648970316,
    1.1223866777614706,
    -0.1950506491440998,
    25.465694585001604,
    1.5441777419219362,
    2.137707097388828,
    6.200679172145813,
    0.9758635896709581,
    6.151592564001327,
    -1.0253358504610084,
    -0.13375861485682194,
    7.6080773708458445,
    0.3511342812954008,
    -0.1344544266385731,
    0.36084531991116287,
    5.711791422320327,
    6.721944063759462,
    20.080504327292495,
    0.2524344298561842,
    1.0825946888585642,
    5.200929547342314,
    0.6798750127158079,
    -0.9091169413362371,
    17.002846948164457,
    -0.27843921632802615,
    4.150565047592967,
    0.2524344298561842,
    0.7924207047366736,
    25.08070085651278,
    7.9293279199454005,
    -0.5013831018073543,
    2.4393769464767066,
    1.0463002746724537,
    7.438776744756421,
    0.009627938843000741,
    0.10146530128990902,
    1.3228891012038806,
    9.655481580289296,
    1.7963388741647375
  ],
  "selected_features": [
    "K2O_wt",
    "Fe2O3T_wt",
    "SiO2_wt",
    "Al2O3_wt",
    "P2O5_tot_wt"
  ],
  "selected_models": [],
  "stacking_used": false,
  "stacked_model": true,
  "number_of_models": 1,
  "final_estimator": "lgbm",
  "final_estimator_params": {
    "lgbm_num_leaves": 62,
    "lgbm_lr": 0.18960385228468885,
    "lgbm_n_estimators": 217
  },
  "model_params": {
    "lgbm": {
      "lgbm_num_leaves": 62,
      "lgbm_lr": 0.18960385228468885,
      "lgbm_n_estimators": 217
    }
  },
  "use_random_split": true,
  "use_feature_selection": false,
  "model_name": "LGBM",
  "error_mean": -1.051707030477715,
  "error_sdev": 4.668717247512658,
  "uncertainty_median": 7.08703214300037,
  "uncertainty_mad": 7.635695203117337,
  "uncertainty_measure": 107.7417887917845,
  "feature_importance": {
    "K2O_wt": 1.0741719673384695,
    "Fe2O3T_wt": 0.0922919108794069,
    "SiO2_wt": 0.041031333578834366,
    "Al2O3_wt": 0.04365952932352022,
    "P2O5_tot_wt": 2.231309081573834
  }
}