{
  "y_test": [
    1.44,
    0.73,
    3.4,
    25.0,
    8.0,
    4.2,
    0.24,
    38.0,
    0.12,
    0.17,
    0.37,
    0.74,
    0.9,
    0.19,
    0.16,
    29.4,
    0.11,
    0.07,
    6.1,
    1.4,
    0.57,
    0.1,
    10.4,
    0.05,
    0.25,
    0.09,
    1.8,
    0.47,
    6.2,
    0.14,
    0.15,
    0.44,
    0.43,
    0.09,
    0.36,
    6.0,
    1.3,
    7.4,
    0.17,
    6.7,
    0.14,
    0.37,
    0.87,
    0.03,
    1.2
  ],
  "y_pred": [
    1.990730189513175,
    0.7303015925712222,
    4.057062182767808,
    22.53109427986441,
    6.807407500683631,
    3.72765971350668,
    0.3941434371248351,
    0.958777807188762,
    0.3440469956982275,
    0.6248632154910543,
    0.3772594636876172,
    0.9137332740695432,
    3.003269889031754,
    0.015792157180520405,
    1.306344058538151,
    16.52165994541611,
    0.35580655497952973,
    3.96642998060101,
    4.0252669538567005,
    2.2689881385084236,
    1.248427179510493,
    1.0141290392972522,
    10.20163511229592,
    0.12040150696976903,
    2.359896521695684,
    0.21180758172697,
    2.877277985733167,
    0.8230074487387062,
    8.292475504034808,
    0.3635837246255451,
    0.7215704606578863,
    0.6102688786180135,
    0.06762612843296267,
    0.6848681239544594,
    1.1210131936705388,
    4.134593978568081,
    2.508560586932302,
    6.842162351380686,
    0.10866741542893532,
    6.1332028514210215,
    0.6787795644467751,
    0.9844061792901444,
    1.0285087502805998,
    0.23072678020298998,
    0.0597066502896646
  ],
  "selected_features": [
    "K2O_wt",
    "SiO2_wt",
    "P2O5_tot_wt"
  ],
  "selected_models": [],
  "stacking_used": false,
  "stacked_model": true,
  "number_of_models": 1,
  "final_estimator": "gpr",
  "final_estimator_params": {
    "gpr_nu": 0.5,
    "gpr_const": 0.961215152731062,
    "gpr_length_scale": 5.139744391842402,
    "gpr_alpha": 2.2059220489165733e-09
  },
  "model_params": {
    "gpr": {
      "gpr_nu": 0.5,
      "gpr_const": 0.961215152731062,
      "gpr_length_scale": 5.139744391842402,
      "gpr_alpha": 2.2059220489165733e-09
    }
  },
  "feature_names": [
    "K2O_wt",
    "Fe2O3T_wt",
    "SiO2_wt",
    "Al2O3_wt",
    "P2O5_tot_wt"
  ],
  "use_random_split": true,
  "use_feature_selection": true,
  "model_name": "GPR-FS",
  "error_mean": 0.8469346482559436,
  "error_sdev": 5.956343312662965,
  "uncertainty_median": 5.033393651246263,
  "uncertainty_mad": 3.5528289236141757,
  "uncertainty_measure": 70.58515923415803,
  "feature_importance": {
    "K2O_wt": -0.022418684239962447,
    "Fe2O3T_wt": 0.5086333563269502,
    "SiO2_wt": 0.05569122092934033
  },
  "run": 7
}