{
  "y_test": [
    1.3,
    4.2,
    0.09,
    25.6,
    6.9,
    2.6,
    0.04,
    31.8,
    0.52,
    0.34,
    1.4,
    0.37,
    0.12,
    0.12,
    0.4,
    1.8,
    0.15,
    0.14,
    0.19,
    6.2,
    1.4,
    6.0,
    6.3,
    0.04,
    0.15,
    0.04,
    0.17,
    1.9,
    6.5,
    0.09,
    1.3,
    0.32,
    2.4,
    4.5,
    0.11,
    6.7,
    0.13,
    0.1,
    0.84,
    25.0,
    25.8,
    0.18,
    0.47,
    0.37,
    0.43
  ],
  "y_pred": [
    1.41791832447052,
    13.788989067077637,
    0.6582117080688477,
    25.559139251708984,
    6.807226181030273,
    1.4703614711761475,
    0.8155078291893005,
    33.79417037963867,
    0.2280707061290741,
    0.7327522039413452,
    2.9151382446289062,
    0.2874414622783661,
    0.314988374710083,
    3.17345929145813,
    0.23743019998073578,
    13.262941360473633,
    1.3785172700881958,
    1.135843276977539,
    -0.04323696717619896,
    5.106308937072754,
    1.405941367149353,
    4.157331943511963,
    6.883885383605957,
    0.056216850876808167,
    0.2496650069952011,
    0.1856922060251236,
    4.513942241668701,
    2.5965049266815186,
    10.585882186889648,
    1.0776666402816772,
    0.8984760642051697,
    0.4512735605239868,
    3.824235200881958,
    7.198392868041992,
    0.1458834409713745,
    5.946441173553467,
    0.27144306898117065,
    0.14454150199890137,
    4.700004577636719,
    21.76441192626953,
    28.973411560058594,
    0.08723155409097672,
    0.27888670563697815,
    0.3567458689212799,
    0.09447159618139267
  ],
  "selected_features": [
    "K2O_wt",
    "Fe2O3T_wt",
    "SiO2_wt",
    "Al2O3_wt",
    "P2O5_tot_wt"
  ],
  "selected_models": [],
  "stacking_used": false,
  "stacked_model": true,
  "number_of_models": 1,
  "final_estimator": "xgb",
  "final_estimator_params": {
    "xgb_n_estimators": 120,
    "xgb_lr": 0.2984008722542007,
    "xgb_max_depth": 8,
    "xgb_subsample": 0.8125786250624814,
    "xgb_colsample": 0.7620275769583282
  },
  "model_params": {
    "xgb": {
      "xgb_n_estimators": 120,
      "xgb_lr": 0.2984008722542007,
      "xgb_max_depth": 8,
      "xgb_subsample": 0.8125786250624814,
      "xgb_colsample": 0.7620275769583282
    }
  },
  "use_random_split": true,
  "use_feature_selection": false,
  "model_name": "XGB",
  "error_mean": -0.9859946221013867,
  "error_sdev": 2.5581922326292084,
  "uncertainty_median": 13.605587005615234,
  "uncertainty_mad": 5.504936695098877,
  "uncertainty_measure": 40.46085400671728,
  "feature_importance": {
    "K2O_wt": 0.04792317489271161,
    "Fe2O3T_wt": 0.11091564131894482,
    "SiO2_wt": 0.2202507134871799,
    "Al2O3_wt": 0.0658097551579094,
    "P2O5_tot_wt": 1.3027155407845135
  }
}