{
  "y_test": [
    1.47,
    0.29,
    0.02,
    0.27,
    1.44,
    0.07,
    24.5,
    0.15,
    1.3,
    10.4,
    0.05,
    0.84,
    0.73,
    0.04,
    0.09,
    4.2,
    6.7,
    25.0,
    0.21,
    0.18,
    25.8,
    6.5,
    0.43,
    0.17,
    0.14,
    0.12,
    1.44,
    0.36,
    0.16,
    0.74,
    4.2,
    0.1,
    0.12,
    0.68,
    0.51,
    0.04,
    6.9,
    0.37,
    1.3,
    0.62,
    0.42,
    0.44,
    8.7,
    0.24,
    6.9
  ],
  "y_pred": [
    1.109929669187022,
    0.17646610280670666,
    2.1734051398337106,
    1.799429954304954,
    0.17646610280670666,
    0.2189732235654196,
    25.961111111111116,
    1.1917444840018367,
    1.5539603683353682,
    7.858954031905158,
    0.17646610280670666,
    0.2113538428251087,
    0.41869160345697776,
    1.648697991822992,
    0.4786282083979839,
    5.7149895572263985,
    7.179838783466602,
    24.300710108604854,
    1.2419561242134771,
    0.17646610280670666,
    24.087301587301596,
    13.541543441938177,
    0.17646610280670666,
    0.28615875600986374,
    0.71953556489108,
    0.49262522605164594,
    1.189360886118239,
    0.17646610280670666,
    0.17646610280670666,
    0.4217800388311274,
    6.502489557226399,
    0.28615875600986374,
    0.65004759600973,
    1.190686282943636,
    0.25581751683828435,
    0.17646610280670666,
    6.484437780960336,
    0.23404975417766452,
    1.5539603683353682,
    0.3680290252943995,
    0.7233826826855662,
    0.23404975417766452,
    13.541543441938177,
    0.26014442537947857,
    1.3243870986991286
  ],
  "selected_features": [
    "K2O_wt",
    "Fe2O3T_wt",
    "SiO2_wt",
    "Al2O3_wt",
    "P2O5_tot_wt"
  ],
  "selected_models": [],
  "stacking_used": false,
  "stacked_model": true,
  "number_of_models": 1,
  "final_estimator": "rf",
  "final_estimator_params": {
    "rf_n_estimators": 21,
    "rf_max_depth": 5
  },
  "model_params": {
    "rf": {
      "rf_n_estimators": 21,
      "rf_max_depth": 5
    }
  },
  "use_random_split": true,
  "use_feature_selection": false,
  "model_name": "RF",
  "error_mean": -0.2993687237006678,
  "error_sdev": 1.757987117706955,
  "uncertainty_median": 14.505255102040818,
  "uncertainty_mad": 6.096514663139634,
  "uncertainty_measure": 42.02969627388273,
  "feature_importance": {
    "K2O_wt": 0.04123729663578529,
    "Fe2O3T_wt": 0.25086932458426253,
    "SiO2_wt": 0.4896709398095514,
    "Al2O3_wt": 0.023246255298614762,
    "P2O5_tot_wt": 1.3339155773076552
  }
}