{
  "y_test": [
    1.3,
    24.5,
    0.51,
    0.25,
    0.04,
    6.2,
    1.53,
    0.17,
    0.07,
    0.1,
    0.19,
    1.4,
    0.04,
    10.4,
    0.18,
    0.36,
    0.09,
    0.14,
    0.27,
    0.14,
    0.07,
    0.22,
    6.9,
    0.14,
    0.05,
    0.15,
    2.4,
    31.8,
    0.29,
    1.44,
    38.0,
    1.5,
    0.12,
    1.18,
    0.14,
    0.29,
    6.2,
    1.2,
    2.4,
    1.3,
    1.9,
    2.7,
    1.8,
    6.5,
    8.7
  ],
  "y_pred": [
    0.38529591039174976,
    25.388144329896903,
    0.34795553429163967,
    0.3035359684281996,
    0.32829503716537,
    7.646134020618576,
    0.5457800719235973,
    0.33564821548960205,
    0.4385140498603115,
    0.2965560686121656,
    0.23047739246969626,
    1.3118213058419281,
    0.18659426867494852,
    6.357731958762895,
    0.33513787250437194,
    0.29622151926784074,
    0.34559754533030657,
    0.2752728061863139,
    1.5859104661586754,
    0.3815083807358498,
    0.3342688655609362,
    0.3568099001451739,
    1.018820771775167,
    0.4867781907165915,
    0.19295213965532035,
    0.23645524586034383,
    3.007010309278345,
    30.462371134020632,
    0.3691422968045945,
    1.0835503105282216,
    7.745618556701053,
    0.754719310185806,
    0.22044102118198633,
    0.49412585490176775,
    0.32274838448312404,
    0.2536077797470877,
    7.912199312714771,
    0.3719390131995622,
    3.0986082474226726,
    0.9134530688026182,
    4.580670103092785,
    3.028144329896901,
    7.797680412371157,
    8.559793814432986,
    8.132731958762893
  ],
  "selected_features": [
    "Fe2O3T_wt",
    "SiO2_wt",
    "P2O5_tot_wt"
  ],
  "selected_models": [],
  "stacking_used": false,
  "stacked_model": true,
  "number_of_models": 1,
  "final_estimator": "rf",
  "final_estimator_params": {
    "rf_n_estimators": 194,
    "rf_max_depth": 9
  },
  "model_params": {
    "rf": {
      "rf_n_estimators": 194,
      "rf_max_depth": 9
    }
  },
  "use_random_split": true,
  "use_feature_selection": true,
  "model_name": "RF-FS",
  "error_mean": 0.5825161543365901,
  "error_sdev": 4.799625864470835,
  "uncertainty_median": 7.958247422680425,
  "uncertainty_mad": 5.122039850574777,
  "uncertainty_measure": 64.36140494925222,
  "feature_importance": {
    "K2O_wt": 0.02640942151799681,
    "Fe2O3T_wt": 0.7344787013460577,
    "SiO2_wt": 0.30378633108586184
  }
}