{
  "y_test": [
    11.7,
    6.6,
    3.8,
    0.04,
    0.15,
    0.04,
    2.4,
    8.7,
    6.7,
    24.5,
    1.9,
    1.4,
    2.7,
    0.24,
    0.14,
    3.4,
    34.0,
    0.04,
    0.04,
    4.2,
    0.15,
    1.47,
    0.18,
    0.37,
    7.4,
    0.19,
    0.04,
    25.6,
    0.34,
    1.5,
    0.15,
    1.53,
    0.09,
    0.35,
    0.05,
    0.14,
    0.37,
    4.2,
    1.44,
    25.6,
    0.23,
    0.57,
    0.43,
    0.17,
    0.17
  ],
  "y_pred": [
    7.41458801641899,
    7.41458801641899,
    6.922528492609467,
    0.5645766451729034,
    0.5645766451729034,
    0.5645766451729034,
    1.0809228570277545,
    10.609517275087516,
    6.922528492609467,
    28.02373872238874,
    0.9962756099809594,
    1.0283349234701333,
    1.0809228570277545,
    0.5645766451729034,
    0.5645766451729034,
    1.094622618332024,
    27.84152260517262,
    0.5829361973578077,
    0.9962756099809594,
    1.094622618332024,
    0.5645766451729034,
    0.5739008209970794,
    0.5645766451729034,
    0.5645766451729034,
    7.41458801641899,
    0.5645766451729034,
    0.5645766451729034,
    27.84152260517262,
    0.5829361973578077,
    0.9962756099809594,
    0.5645766451729034,
    0.5645766451729034,
    0.5645766451729034,
    0.5645766451729034,
    16.094459336044185,
    0.5645766451729034,
    0.5645766451729034,
    6.922528492609467,
    0.5645766451729034,
    28.02373872238874,
    0.5645766451729034,
    0.5645766451729034,
    0.5645766451729034,
    0.5645766451729034,
    0.5645766451729034
  ],
  "selected_features": [
    "K2O_wt",
    "SiO2_wt",
    "P2O5_tot_wt"
  ],
  "selected_models": [],
  "stacking_used": false,
  "stacked_model": true,
  "number_of_models": 1,
  "final_estimator": "rf",
  "final_estimator_params": {
    "rf_n_estimators": 130,
    "rf_max_depth": 2
  },
  "model_params": {
    "rf": {
      "rf_n_estimators": 130,
      "rf_max_depth": 2
    }
  },
  "feature_names": [
    "K2O_wt",
    "Fe2O3T_wt",
    "SiO2_wt",
    "Al2O3_wt",
    "P2O5_tot_wt"
  ],
  "use_random_split": true,
  "use_feature_selection": true,
  "model_name": "RF-FS",
  "error_mean": -0.41232357571086503,
  "error_sdev": 2.9313540540069534,
  "uncertainty_median": 10.29231516347364,
  "uncertainty_mad": 6.045445120718952,
  "uncertainty_measure": 58.737466009334916,
  "feature_importance": {
    "K2O_wt": 0.0676950238108479,
    "Fe2O3T_wt": 0.6544787214499691,
    "SiO2_wt": 0.43700428140658976
  },
  "run": 3
}