{
  "y_test": [
    1.47,
    0.29,
    0.02,
    0.27,
    1.44,
    0.07,
    24.5,
    0.15,
    1.3,
    10.4,
    0.05,
    0.84,
    0.73,
    0.04,
    0.09,
    4.2,
    6.7,
    25.0,
    0.21,
    0.18,
    25.8,
    6.5,
    0.43,
    0.17,
    0.14,
    0.12,
    1.44,
    0.36,
    0.16,
    0.74,
    4.2,
    0.1,
    0.12,
    0.68,
    0.51,
    0.04,
    6.9,
    0.37,
    1.3,
    0.62,
    0.42,
    0.44,
    8.7,
    0.24,
    6.9
  ],
  "y_pred": [
    0.8346415758132935,
    0.10009467601776123,
    1.3537076711654663,
    1.028179407119751,
    0.10009467601776123,
    0.11526282876729965,
    25.276208877563477,
    0.8252385258674622,
    1.7296582460403442,
    9.412999153137207,
    0.09329519420862198,
    0.3353007733821869,
    0.3034854531288147,
    1.3765755891799927,
    0.6826974153518677,
    5.098919868469238,
    5.477808475494385,
    22.36370277404785,
    0.9208886623382568,
    0.12690027058124542,
    22.875194549560547,
    11.230973243713379,
    0.10009467601776123,
    0.21649456024169922,
    5.078567028045654,
    2.7934322357177734,
    0.5785295963287354,
    0.10439104586839676,
    0.10009467601776123,
    0.3242100477218628,
    10.858614921569824,
    0.10751732438802719,
    0.6386160850524902,
    0.8356735110282898,
    0.1278926581144333,
    0.10009467601776123,
    5.878251075744629,
    0.12575997412204742,
    1.7602044343948364,
    0.2834545969963074,
    1.3822524547576904,
    0.12243971228599548,
    11.483695983886719,
    0.23389731347560883,
    0.9117921590805054
  ],
  "selected_features": [
    "K2O_wt",
    "Fe2O3T_wt",
    "SiO2_wt",
    "Al2O3_wt",
    "P2O5_tot_wt"
  ],
  "selected_models": [],
  "stacking_used": false,
  "stacked_model": true,
  "number_of_models": 1,
  "final_estimator": "xgb",
  "final_estimator_params": {
    "xgb_n_estimators": 208,
    "xgb_lr": 0.015940247709457477,
    "xgb_max_depth": 3,
    "xgb_subsample": 0.7265469246450161,
    "xgb_colsample": 0.6631649226699747
  },
  "model_params": {
    "xgb": {
      "xgb_n_estimators": 208,
      "xgb_lr": 0.015940247709457477,
      "xgb_max_depth": 3,
      "xgb_subsample": 0.7265469246450161,
      "xgb_colsample": 0.6631649226699747
    }
  },
  "use_random_split": true,
  "use_feature_selection": false,
  "model_name": "XGB",
  "error_mean": -0.23239552564091154,
  "error_sdev": 1.9721080166198401,
  "uncertainty_median": 11.69554328918457,
  "uncertainty_mad": 4.777670860290527,
  "uncertainty_measure": 40.85035420892904,
  "feature_importance": {
    "K2O_wt": 0.08804794941550918,
    "Fe2O3T_wt": 0.03965723981756629,
    "SiO2_wt": 0.36988912555086606,
    "Al2O3_wt": 0.01502281899805002,
    "P2O5_tot_wt": 0.5846991897646846
  }
}