{
  "y_test": [
    0.03,
    1.3,
    0.23,
    0.04,
    1.9,
    0.36,
    2.4,
    1.18,
    0.37,
    0.41,
    38.0,
    0.02,
    11.7,
    2.4,
    0.35,
    25.8,
    0.07,
    0.1,
    0.52,
    6.9,
    24.5,
    0.14,
    0.27,
    0.4,
    0.29,
    8.0,
    2.7,
    0.68,
    0.25,
    0.12,
    0.14,
    3.4,
    1.44,
    1.8,
    1.5,
    1.4,
    0.37,
    0.34,
    0.57,
    1.3,
    8.7,
    6.7,
    29.4,
    0.14,
    0.43
  ],
  "y_pred": [
    0.19451895729978214,
    2.3270973140847406,
    0.26290795936010714,
    0.1266640690310654,
    3.316652424437138,
    0.36179855095240143,
    0.6744250135041269,
    0.7343595692927958,
    0.25441360322852463,
    0.6036914369468424,
    3.016958780862274,
    0.2695745176830269,
    4.888060143293629,
    0.4154271612766476,
    1.6865921975320701,
    26.868054867791123,
    0.2462524628449125,
    0.27782277297811026,
    0.39063387068326455,
    4.778454381374351,
    26.2167972989102,
    3.131101904883979,
    0.3005402220451392,
    0.483976088968664,
    0.1188170941187246,
    3.8209780744028463,
    0.6402906696726524,
    0.7806229964676695,
    0.34477435492453634,
    0.4832063754806342,
    0.1268576190347626,
    4.062679537254383,
    0.12331365248324162,
    1.7099116064115216,
    0.24895128554877552,
    2.012659241284428,
    0.4852018094298135,
    0.2741628416728053,
    0.287604992166553,
    2.4343128458137757,
    7.16139023158166,
    3.3050907214178498,
    21.05505788480889,
    1.5147479760326525,
    0.11615964906828423
  ],
  "selected_features": [
    "K2O_wt",
    "Fe2O3T_wt",
    "SiO2_wt",
    "Al2O3_wt"
  ],
  "selected_models": [],
  "stacking_used": false,
  "stacked_model": true,
  "number_of_models": 1,
  "final_estimator": "knn",
  "final_estimator_params": {
    "knn_n": 6,
    "knn_weights": "distance"
  },
  "model_params": {
    "knn": {
      "knn_n": 6,
      "knn_weights": "distance"
    }
  },
  "use_random_split": true,
  "use_feature_selection": true,
  "model_name": "KNN-FS",
  "error_mean": 1.247254066036858,
  "error_sdev": 5.524446899518529,
  "uncertainty_median": 4.385275061220489,
  "uncertainty_mad": 6.7580247292321465,
  "uncertainty_measure": 154.10720273841352,
  "feature_importance": {
    "K2O_wt": 0.002926146931388428,
    "Fe2O3T_wt": -0.0019469629067239203,
    "SiO2_wt": 1.035949951811027,
    "Al2O3_wt": 0.05444748028167421
  }
}