{
  "y_test": [
    7.0,
    0.25,
    8.0,
    0.05,
    1.53,
    0.44,
    4.2,
    38.0,
    1.2,
    0.36,
    0.4,
    0.04,
    5.1,
    6.7,
    0.12,
    1.4,
    0.68,
    0.09,
    0.37,
    0.04,
    2.6,
    6.7,
    0.19,
    25.6,
    6.2,
    0.14,
    0.36,
    0.02,
    0.21,
    29.4,
    1.8,
    0.14,
    0.32,
    0.05,
    0.12,
    0.15,
    1.3,
    6.9,
    0.12,
    0.15,
    0.17,
    5.4,
    0.19,
    2.4,
    5.7
  ],
  "y_pred": [
    5.922011754094619,
    1.383635542166342,
    1.398609832322034,
    11.504968409901501,
    3.3445800028865094,
    -1.1978459910394825,
    4.520803417796451,
    4.1501703723327985,
    0.17644247862359919,
    -1.7480897056687184,
    -1.5099951857008023,
    -2.3842631757337394,
    3.872363167056431,
    1.6837269579520395,
    4.723727266574215,
    2.60725620043306,
    -1.1298057591542836,
    8.990115848125946,
    -1.3951250340464973,
    -1.875656458226711,
    1.1733432500924863,
    1.5292543260875355,
    -1.9460104892286232,
    23.15807550251857,
    1.2266733211496579,
    1.098800097534518,
    -2.095648157863817,
    -1.6031530832490581,
    -4.102438275856425,
    15.906215032302294,
    -1.4051021884212496,
    -1.013100743484717,
    -2.167751019760999,
    -2.902602007357565,
    -3.475743918978747,
    -0.12972686894477192,
    0.5535641565823362,
    -2.239921007834635,
    0.881198205169401,
    -0.8203285979772339,
    -1.7504908659580103,
    3.684837652608497,
    -2.0681923707219347,
    -1.8158557968584077,
    1.1184630342561448
  ],
  "selected_features": [
    "K2O_wt",
    "SiO2_wt",
    "Al2O3_wt",
    "P2O5_tot_wt"
  ],
  "selected_models": [],
  "stacking_used": false,
  "stacked_model": true,
  "number_of_models": 1,
  "final_estimator": "svr",
  "final_estimator_params": {
    "svr_C": 9.713428300828149,
    "svr_epsilon": 0.36163547084921793
  },
  "model_params": {
    "svr": {
      "svr_C": 9.713428300828149,
      "svr_epsilon": 0.36163547084921793
    }
  },
  "use_random_split": true,
  "use_feature_selection": true,
  "model_name": "SVR-FS",
  "error_mean": 2.410400241633321,
  "error_sdev": 6.162962293545711,
  "uncertainty_median": 5.8184288891142515,
  "uncertainty_mad": 6.510194633154317,
  "uncertainty_measure": 111.88921884624725,
  "feature_importance": {
    "K2O_wt": -0.003001795547165763,
    "Fe2O3T_wt": 0.798499442767428,
    "SiO2_wt": 0.13262510700308755,
    "Al2O3_wt": 0.026246655336405942
  }
}