{
  "y_test": [
    1.4,
    25.0,
    1.18,
    0.04,
    2.4,
    0.04,
    25.6,
    38.0,
    0.73,
    0.16,
    2.4,
    0.12,
    3.4,
    0.15,
    0.44,
    0.21,
    0.14,
    0.14,
    0.37,
    0.37,
    0.87,
    6.9,
    0.24,
    0.17,
    22.1,
    0.22,
    0.15,
    0.03,
    0.07,
    0.52,
    0.84,
    0.56,
    0.1,
    0.19,
    6.5,
    0.23,
    8.7,
    4.2,
    0.04,
    0.15,
    6.6,
    1.5,
    0.17,
    6.7,
    0.14
  ],
  "y_pred": [
    3.2411152596510178,
    20.25467316470415,
    -0.5468926537273937,
    -0.5520073229266735,
    -0.9170716653636681,
    -0.5783291557200307,
    20.435679214814293,
    5.976358955482077,
    -0.33928577214352273,
    2.0280230089781064,
    -0.9093864225379242,
    3.1835051171719932,
    5.3121736971118985,
    -0.4511151335925696,
    -0.20761277684207968,
    -2.935989978229099,
    -2.1957784637922693,
    -0.38127317417036366,
    0.32443003519091107,
    6.5684585386038705,
    1.370145916085935,
    4.399855608699344,
    -3.0274364946081285,
    1.5872683591186707,
    40.6606210882713,
    -0.4796395556709463,
    1.236467440923466,
    -0.34554634086851976,
    1.4958136183908017,
    2.506587440275549,
    -1.0233945069773718,
    1.6513447297054071,
    0.7263703647581359,
    -0.7737067386364167,
    11.555891150706298,
    0.44644897205950684,
    11.225744831800522,
    5.637750346498699,
    -0.3836293535925712,
    -0.5426787018685495,
    9.400054797579049,
    -1.2992163701638724,
    -0.7101881258649847,
    4.747503529053102,
    -0.6863792124154777
  ],
  "selected_features": [
    "K2O_wt",
    "Fe2O3T_wt",
    "SiO2_wt",
    "Al2O3_wt",
    "P2O5_tot_wt"
  ],
  "selected_models": [],
  "stacking_used": false,
  "stacked_model": true,
  "number_of_models": 1,
  "final_estimator": "lr",
  "final_estimator_params": {},
  "model_params": {
    "lr": {}
  },
  "use_random_split": true,
  "use_feature_selection": false,
  "model_name": "LR",
  "error_mean": 0.522094949646185,
  "error_sdev": 6.024789289849531,
  "uncertainty_median": 14.073608214244787,
  "uncertainty_mad": 8.194809848381283,
  "uncertainty_measure": 58.22820788834237,
  "feature_importance": {
    "K2O_wt": 0.0020512811560806244,
    "Fe2O3T_wt": 0.05899836333856113,
    "SiO2_wt": 0.8325320869720136,
    "Al2O3_wt": 0.04939937089360788,
    "P2O5_tot_wt": -0.007503496057949157
  }
}