{
  "y_test": [
    0.19,
    0.84,
    1.0,
    8.9,
    10.1,
    6.2,
    3.4,
    1.5,
    0.37,
    31.8,
    0.04,
    0.17,
    0.31,
    0.25,
    10.4,
    1.4,
    0.4,
    2.4,
    6.0,
    0.16,
    0.12,
    25.0,
    1.53,
    0.05,
    0.15,
    0.43,
    5.4,
    1.8,
    2.4,
    0.1,
    0.07,
    0.73,
    0.14,
    0.17,
    0.87,
    0.37,
    0.22,
    0.62,
    0.46,
    2.7,
    1.47,
    6.5,
    0.18,
    5.1,
    0.09
  ],
  "y_pred": [
    0.16749999999999998,
    0.2575,
    2.325,
    0.6525,
    7.425000000000001,
    0.6875,
    3.85,
    0.4125,
    2.505,
    27.425,
    0.29000000000000004,
    0.2375,
    9.755,
    0.1575,
    5.975,
    1.9500000000000002,
    2.505,
    0.28,
    4.575,
    0.13,
    0.16749999999999998,
    28.375,
    0.29000000000000004,
    17.15,
    0.17500000000000002,
    0.065,
    1.2249999999999999,
    2.01,
    2.5625000000000004,
    0.265,
    0.9099999999999999,
    2.5324999999999998,
    0.2325,
    0.24500000000000002,
    0.7775,
    13.004999999999999,
    0.8325,
    2.5324999999999998,
    2.5325,
    0.575,
    0.5549999999999999,
    5.880000000000001,
    0.1775,
    3.85,
    7.425000000000001
  ],
  "selected_features": [
    "K2O_wt",
    "SiO2_wt",
    "Al2O3_wt",
    "P2O5_tot_wt"
  ],
  "selected_models": [],
  "stacking_used": false,
  "stacked_model": true,
  "number_of_models": 1,
  "final_estimator": "knn",
  "final_estimator_params": {
    "knn_n": 4,
    "knn_weights": "uniform"
  },
  "model_params": {
    "knn": {
      "knn_n": 4,
      "knn_weights": "uniform"
    }
  },
  "feature_names": [
    "K2O_wt",
    "Fe2O3T_wt",
    "SiO2_wt",
    "Al2O3_wt",
    "P2O5_tot_wt"
  ],
  "use_random_split": true,
  "use_feature_selection": true,
  "model_name": "KNN-FS",
  "error_mean": -0.5202222222222223,
  "error_sdev": 4.255324466257692,
  "uncertainty_median": 5.199999999999999,
  "uncertainty_mad": 7.317359020833335,
  "uncertainty_measure": 140.71844270833338,
  "feature_importance": {
    "K2O_wt": -0.059576998869717034,
    "Fe2O3T_wt": 1.419336132018379,
    "SiO2_wt": -0.10198715435655598,
    "Al2O3_wt": 0.010940431202517602
  },
  "run": 0
}