{
  "y_test": [
    1.53,
    4.2,
    8.7,
    0.24,
    0.04,
    0.35,
    3.4,
    1.3,
    0.56,
    1.8,
    8.0,
    0.22,
    6.7,
    0.18,
    0.4,
    2.4,
    0.51,
    1.47,
    0.52,
    1.2,
    7.4,
    0.43,
    10.1,
    0.25,
    5.4,
    0.11,
    6.5,
    2.7,
    25.0,
    11.7,
    2.6,
    2.4,
    0.31,
    0.15,
    25.8,
    1.3,
    1.44,
    0.47,
    0.05,
    0.17,
    0.14,
    6.1,
    0.15,
    0.57,
    1.44
  ],
  "y_pred": [
    0.48804964539007123,
    3.166755319148932,
    8.348918439716313,
    0.4015602836879439,
    4.9379432624113475,
    0.8583936170212765,
    2.724343971631198,
    0.41709219858156005,
    0.3226553529213111,
    8.041985815602848,
    6.089893617021279,
    0.4649935525467439,
    7.947340425531912,
    0.26824380583955043,
    0.5240425531914897,
    3.2097517730496365,
    0.31219739952718745,
    1.6893262411347503,
    0.35200354609929074,
    0.3551241134751771,
    6.645833333333336,
    0.0880496453900705,
    9.764007092198577,
    0.15805590479260703,
    5.431631205673767,
    0.1775177304964534,
    8.424804964539009,
    2.9429078014184293,
    22.229326241134775,
    9.658794326241154,
    1.8948404255319173,
    3.375780141843962,
    1.1025070921985807,
    0.8993085106382975,
    23.465354609929133,
    1.391666666666668,
    1.6979787234042538,
    0.31376595744680846,
    0.19982269503546055,
    0.5210751128304326,
    0.6747340425531907,
    5.074113475177309,
    0.5592198581560286,
    0.23821631205673757,
    0.22326241134751734
  ],
  "selected_features": [
    "K2O_wt",
    "Fe2O3T_wt",
    "SiO2_wt",
    "Al2O3_wt",
    "P2O5_tot_wt"
  ],
  "selected_models": [],
  "stacking_used": false,
  "stacked_model": true,
  "number_of_models": 1,
  "final_estimator": "et",
  "final_estimator_params": {
    "et_n_estimators": 282,
    "et_max_depth": 18,
    "et_min_samples_split": 3,
    "et_min_samples_leaf": 1,
    "et_bootstrap": false
  },
  "model_params": {
    "et": {
      "et_n_estimators": 282,
      "et_max_depth": 18,
      "et_min_samples_split": 3,
      "et_min_samples_leaf": 1,
      "et_bootstrap": false
    }
  },
  "use_random_split": true,
  "use_feature_selection": false,
  "model_name": "ET",
  "error_mean": -0.03718198252365088,
  "error_sdev": 1.5178226659638374,
  "uncertainty_median": 14.278076241134762,
  "uncertainty_mad": 4.637764842625334,
  "uncertainty_measure": 32.481720676515614,
  "feature_importance": {
    "K2O_wt": 0.0993048591004441,
    "Fe2O3T_wt": 0.010296465367366702,
    "SiO2_wt": 0.5649223170900252,
    "Al2O3_wt": 0.04437241510746434,
    "P2O5_tot_wt": 0.8256918769154403
  }
}