{
  "y_test": [
    0.19,
    0.84,
    1.0,
    8.9,
    10.1,
    6.2,
    3.4,
    1.5,
    0.37,
    31.8,
    0.04,
    0.17,
    0.31,
    0.25,
    10.4,
    1.4,
    0.4,
    2.4,
    6.0,
    0.16,
    0.12,
    25.0,
    1.53,
    0.05,
    0.15,
    0.43,
    5.4,
    1.8,
    2.4,
    0.1,
    0.07,
    0.73,
    0.14,
    0.17,
    0.87,
    0.37,
    0.22,
    0.62,
    0.46,
    2.7,
    1.47,
    6.5,
    0.18,
    5.1,
    0.09
  ],
  "y_pred": [
    -3.641702546534063,
    1.8492642912493729,
    4.11010237465667,
    2.8940002568225083,
    11.12318186635065,
    1.6023543337022055,
    6.248141675540779,
    1.191374944744645,
    1.6045362457252281,
    17.803778605116285,
    4.688079964341682,
    -0.7499437424907747,
    4.856104234919773,
    3.3848454691828955,
    10.164311040494326,
    4.998851908566266,
    1.206810287541014,
    1.9328834717316319,
    6.57620429284562,
    1.4456945235095624,
    -0.30735756004834514,
    17.103068735567202,
    5.880157435746355,
    12.914893412793743,
    1.8215769468297225,
    2.0195965800464464,
    5.871964898707873,
    0.3242754803572403,
    2.5521940845004245,
    1.6627033486247136,
    -0.9320091765290179,
    1.3264941476775753,
    3.039926790942502,
    1.7085368652442305,
    2.42828035517692,
    6.498850386218367,
    -2.4909851393114906,
    1.082885065362234,
    3.122915979765228,
    3.6503778299207994,
    2.3803811398152135,
    10.77965919051972,
    2.924453403424593,
    6.1695619099688805,
    8.863419953656999
  ],
  "selected_features": [
    "K2O_wt",
    "SiO2_wt",
    "P2O5_tot_wt"
  ],
  "selected_models": [],
  "stacking_used": false,
  "stacked_model": true,
  "number_of_models": 1,
  "final_estimator": "svr",
  "final_estimator_params": {
    "svr_C": 9.452726678231409,
    "svr_epsilon": 0.003679634440904293
  },
  "model_params": {
    "svr": {
      "svr_C": 9.452726678231409,
      "svr_epsilon": 0.003679634440904293
    }
  },
  "feature_names": [
    "K2O_wt",
    "Fe2O3T_wt",
    "SiO2_wt",
    "Al2O3_wt",
    "P2O5_tot_wt"
  ],
  "use_random_split": true,
  "use_feature_selection": true,
  "model_name": "SVR-FS",
  "error_mean": -0.9152154569554313,
  "error_sdev": 4.128638429052717,
  "uncertainty_median": 6.628102010980316,
  "uncertainty_mad": 4.128054547381139,
  "uncertainty_measure": 62.28109556163254,
  "feature_importance": {
    "K2O_wt": 0.08538869860964526,
    "Fe2O3T_wt": 0.6522211732320636,
    "SiO2_wt": 0.08070618571444943
  },
  "run": 0
}