{
  "y_test": [
    8.7,
    6.6,
    0.04,
    0.14,
    1.53,
    0.25,
    0.04,
    0.11,
    0.23,
    6.0,
    0.19,
    4.2,
    1.3,
    7.4,
    0.74,
    0.25,
    4.2,
    1.3,
    0.21,
    2.4,
    0.37,
    0.36,
    1.18,
    38.0,
    1.9,
    0.51,
    6.5,
    0.17,
    5.4,
    0.14,
    0.15,
    0.56,
    22.1,
    0.04,
    0.73,
    0.15,
    0.87,
    2.4,
    0.24,
    0.18,
    0.4,
    1.8,
    0.19,
    2.4,
    0.12
  ],
  "y_pred": [
    9.306067895865723,
    5.087870905800735,
    0.5362749772697168,
    1.0392553270799256,
    0.8194824046720242,
    0.6279166165887391,
    0.38206151250732034,
    0.7378523883111017,
    0.21900999390669096,
    6.214905506086835,
    0.7731337905835831,
    6.231493295387442,
    1.9589894749655432,
    8.820181653941631,
    1.9915268564964033,
    0.17256524243347826,
    5.282207483691221,
    1.129547640141535,
    0.7539612807752185,
    2.4390645971250695,
    0.4300609569284477,
    0.35925875797248397,
    0.5989602242845211,
    1.4261512429570207,
    9.364847548373632,
    0.10596851699315968,
    9.608744520394044,
    0.24753106359106303,
    2.948418133256401,
    0.6699736391576754,
    0.1469206891706465,
    0.17764469551243023,
    31.68784931663777,
    0.049835549700184334,
    1.1064880289528953,
    1.4416280776797268,
    0.7956627063589581,
    0.8276261476116993,
    0.5489171426675568,
    0.14817478058759193,
    0.6340062934457449,
    3.0629844697036788,
    0.10553164748363164,
    2.6824779449280913,
    2.2445970552670627
  ],
  "selected_features": [
    "K2O_wt",
    "Fe2O3T_wt",
    "SiO2_wt",
    "Al2O3_wt",
    "P2O5_tot_wt"
  ],
  "selected_models": [],
  "stacking_used": false,
  "stacked_model": true,
  "number_of_models": 1,
  "final_estimator": "gpr",
  "final_estimator_params": {
    "gpr_nu": 0.5,
    "gpr_const": 9.103408256653957,
    "gpr_length_scale": 2.952672754430322,
    "gpr_alpha": 4.771789555400771e-10
  },
  "model_params": {
    "gpr": {
      "gpr_nu": 0.5,
      "gpr_const": 9.103408256653957,
      "gpr_length_scale": 2.952672754430322,
      "gpr_alpha": 4.771789555400771e-10
    }
  },
  "feature_names": [
    "K2O_wt",
    "Fe2O3T_wt",
    "SiO2_wt",
    "Al2O3_wt",
    "P2O5_tot_wt"
  ],
  "use_random_split": true,
  "use_feature_selection": false,
  "model_name": "GPR",
  "error_mean": 0.14991937792786544,
  "error_sdev": 5.889966854481599,
  "uncertainty_median": 9.964130305454638,
  "uncertainty_mad": 9.45784548045879,
  "uncertainty_measure": 94.91892609314137,
  "feature_importance": {
    "K2O_wt": -0.0019099873880992458,
    "Fe2O3T_wt": 0.002330864917389054,
    "SiO2_wt": 0.5603289493579444,
    "Al2O3_wt": -0.019717745774014913,
    "P2O5_tot_wt": 0.020924465430591347
  },
  "run": 2
}