{
  "y_test": [
    0.27,
    0.9,
    0.13,
    0.37,
    10.4,
    6.0,
    0.36,
    0.51,
    11.7,
    38.0,
    0.42,
    0.52,
    0.04,
    0.07,
    0.07,
    0.24,
    10.1,
    0.1,
    8.0,
    1.9,
    2.6,
    4.2,
    0.05,
    0.19,
    0.17,
    5.7,
    0.37,
    0.04,
    0.25,
    4.2,
    0.29,
    6.9,
    0.15,
    0.31,
    0.19,
    0.73,
    0.12,
    2.7,
    8.9,
    1.3,
    1.47,
    0.44,
    0.68,
    25.6,
    25.0
  ],
  "y_pred": [
    2.1401495523312355,
    2.2346007890162185,
    1.9355814557324602,
    2.03869623166724,
    2.1013673599421305,
    2.3461757777541274,
    1.8456712576225045,
    2.0928534099306533,
    2.5042133494587318,
    2.078980886924611,
    2.117223906270296,
    2.113862505005346,
    2.0073662782282993,
    1.6588406616228162,
    1.711160268184634,
    1.8709355273807629,
    1.9476180642561545,
    1.9678960132301961,
    2.4018139391807267,
    2.2167184371733755,
    2.3079221916958526,
    2.33708526889035,
    11.430042297026455,
    2.5146726391127707,
    1.622905785672832,
    2.2527818067437715,
    2.0725501361120013,
    1.9911975516366547,
    1.8354059962788667,
    1.9478172494939647,
    1.946865244797145,
    2.123324466163021,
    1.975745841031658,
    2.0062223856976575,
    2.1730395249222942,
    2.096643413514376,
    2.0743419759494306,
    2.31885502120425,
    2.0763785924205838,
    2.3183069193933767,
    2.2823760694091106,
    1.8460427099164027,
    2.5579298322209043,
    11.0548738072668,
    4.207440914482499
  ],
  "selected_features": [
    "K2O_wt",
    "Al2O3_wt"
  ],
  "selected_models": [],
  "stacking_used": false,
  "stacked_model": true,
  "number_of_models": 1,
  "final_estimator": "ann",
  "final_estimator_params": {
    "ann_hidden": 69,
    "ann_alpha": 0.0009988700145207256
  },
  "model_params": {
    "ann": {
      "ann_hidden": 69,
      "ann_alpha": 0.0009988700145207256
    }
  },
  "use_random_split": true,
  "use_feature_selection": true,
  "model_name": "ANN-FS",
  "error_mean": 1.5099445930674316,
  "error_sdev": 7.37785435431787,
  "uncertainty_median": 2.498735951969686,
  "uncertainty_mad": 4.182403482941381,
  "uncertainty_measure": 167.38077025083442,
  "feature_importance": {
    "K2O_wt": -0.010960865252931797,
    "Fe2O3T_wt": 0.6641547351230002
  }
}