{
  "y_test": [
    0.16,
    0.4,
    0.29,
    5.7,
    0.15,
    0.17,
    0.73,
    0.04,
    0.47,
    0.04,
    0.21,
    0.07,
    0.27,
    0.12,
    0.21,
    0.32,
    1.4,
    0.03,
    6.2,
    0.87,
    0.02,
    0.16,
    1.44,
    25.8,
    25.0,
    0.74,
    0.24,
    0.31,
    4.2,
    2.7,
    0.51,
    4.5,
    1.4,
    7.4,
    0.52,
    1.8,
    1.3,
    0.14,
    31.8,
    1.3,
    1.2,
    0.36,
    0.19,
    25.6,
    1.47
  ],
  "y_pred": [
    0.3952413138809244,
    0.4536870374106632,
    0.4771214229493451,
    7.409184704184703,
    0.2386794289758746,
    0.26137448756172377,
    0.6630952978911638,
    0.2267695964211181,
    0.33615380621184765,
    6.86979437229437,
    0.4279489842769065,
    0.2515000198802076,
    0.21624564185680287,
    2.8496345083487955,
    0.9950954076273818,
    0.6157461676537905,
    1.4035736961451235,
    0.22374841253796252,
    10.942857142857134,
    2.427447766519197,
    5.118441558441556,
    0.21108079632993382,
    2.11670913015556,
    23.9,
    21.48233766233766,
    1.0427090013568845,
    0.7322678079496263,
    0.24135563875966556,
    8.087359307359305,
    2.808673469387758,
    0.3229748712265825,
    7.375324675324672,
    1.348162440733868,
    7.36926406926407,
    0.21734309058200182,
    10.434545454545447,
    0.5644956064286835,
    0.34800101261687794,
    28.781818181818167,
    1.515753117913832,
    0.5254309337276474,
    0.28731976209733445,
    0.3653765346536666,
    26.784415584415587,
    2.3518297519580007
  ],
  "selected_features": [
    "K2O_wt",
    "Fe2O3T_wt",
    "SiO2_wt",
    "Al2O3_wt",
    "P2O5_tot_wt"
  ],
  "selected_models": [],
  "stacking_used": false,
  "stacked_model": true,
  "number_of_models": 1,
  "final_estimator": "et",
  "final_estimator_params": {
    "et_n_estimators": 77,
    "et_max_depth": 10,
    "et_min_samples_split": 2,
    "et_min_samples_leaf": 1,
    "et_bootstrap": false
  },
  "model_params": {
    "et": {
      "et_n_estimators": 77,
      "et_max_depth": 10,
      "et_min_samples_split": 2,
      "et_min_samples_leaf": 1,
      "et_bootstrap": false
    }
  },
  "use_random_split": true,
  "use_feature_selection": false,
  "model_name": "ET",
  "error_mean": -0.7570641927748759,
  "error_sdev": 2.1867575931238226,
  "uncertainty_median": 14.88993506493507,
  "uncertainty_mad": 4.749081933178332,
  "uncertainty_measure": 31.89457786395687,
  "feature_importance": {
    "K2O_wt": 0.05171263280467407,
    "Fe2O3T_wt": 0.020020967973502075,
    "SiO2_wt": 0.6325968443881008,
    "Al2O3_wt": 0.07308127767621525,
    "P2O5_tot_wt": 0.35686958093012777
  }
}