{
  "y_test": [
    3.4,
    0.34,
    1.4,
    5.7,
    0.19,
    0.03,
    0.52,
    2.6,
    0.04,
    0.56,
    25.0,
    0.16,
    3.8,
    0.41,
    0.13,
    0.14,
    0.11,
    0.46,
    8.7,
    34.0,
    6.3,
    31.8,
    0.15,
    0.4,
    1.53,
    0.29,
    0.37,
    2.4,
    0.12,
    4.2,
    0.17,
    0.52,
    6.7,
    1.0,
    6.2,
    0.15,
    22.1,
    0.47,
    0.15,
    0.84,
    4.5,
    0.1,
    0.05,
    0.32,
    0.14
  ],
  "y_pred": [
    4.557224304071918,
    0.06257429242488932,
    1.4390268233889143,
    5.048253731786636,
    0.13749997585261386,
    0.13270282094903685,
    0.8672535943397319,
    5.272159318175398,
    0.2597553451222394,
    0.11559208659361708,
    25.96623600474712,
    0.45737070741610175,
    4.272832142384161,
    0.7996648138436231,
    0.12443156387956789,
    0.4730427184487902,
    0.5027713695205223,
    1.926292186587672,
    7.298327161691463,
    20.188884467848947,
    4.268957490463227,
    22.722216692294214,
    0.14778996353081197,
    0.662619272084962,
    0.6616747134143948,
    0.5722237573610767,
    0.5094463655173014,
    0.4911431727886453,
    1.302530670949527,
    5.570449079365641,
    0.26131725338875356,
    0.21192902675437697,
    5.260285373705472,
    1.5188633088328523,
    7.513846092266174,
    1.5233478143309458,
    20.688231456853643,
    0.3052662547681688,
    2.483922524451569,
    0.47325186582716183,
    5.278068237720099,
    0.3524011353869114,
    14.572054202635874,
    0.7025841228483589,
    17.647842766985455
  ],
  "selected_features": [
    "K2O_wt",
    "Fe2O3T_wt",
    "SiO2_wt",
    "Al2O3_wt",
    "P2O5_tot_wt"
  ],
  "selected_models": [],
  "stacking_used": false,
  "stacked_model": true,
  "number_of_models": 1,
  "final_estimator": "gpr",
  "final_estimator_params": {
    "gpr_nu": 0.5,
    "gpr_const": 9.452484330104152,
    "gpr_length_scale": 7.888592629096336,
    "gpr_alpha": 0.009948791177091229
  },
  "model_params": {
    "gpr": {
      "gpr_nu": 0.5,
      "gpr_const": 9.452484330104152,
      "gpr_length_scale": 7.888592629096336,
      "gpr_alpha": 0.009948791177091229
    }
  },
  "use_random_split": true,
  "use_feature_selection": false,
  "model_name": "GPR",
  "error_mean": -0.3765368454133018,
  "error_sdev": 4.332146853450762,
  "uncertainty_median": 7.430802258692682,
  "uncertainty_mad": 7.470957631655184,
  "uncertainty_measure": 100.54039081601893,
  "feature_importance": {
    "K2O_wt": -0.011595232364726855,
    "Fe2O3T_wt": 0.02905700642593726,
    "SiO2_wt": 1.2850088295038398,
    "Al2O3_wt": -0.028245318437326875,
    "P2O5_tot_wt": 0.010833845139034378
  }
}